idade,qtd_ocorrencias_totais,dias_desde_ultima_ocorrencia,frequencia_aumentou,teve_viol_fisica,teve_viol_sexual,teve_ameaca,teve_viol_psicologica,teve_viol_moral,teve_viol_patrimonial,qtd_panico_acionado,qtd_panico_todos,nivel_risco,origem
40,1,47,0,0,0,0,1,0,0,0,0,0,aleatorio
24,2,38,0,0,0,0,1,0,0,0,0,0,aleatorio
27,5,0,1,1,0,1,0,1,1,0,0,2,aleatorio
43,1,44,0,0,0,0,1,0,0,0,0,0,aleatorio
50,1,1,0,0,0,0,1,0,0,0,0,0,aleatorio
66,2,60,0,0,0,0,1,1,0,0,0,0,aleatorio
59,1,31,0,1,0,0,0,0,0,4,4,2,aleatorio
23,2,235,0,0,0,0,1,1,0,2,3,1,aleatorio
63,2,15,1,0,0,1,0,0,1,2,2,2,aleatorio
30,5,1,1,1,1,0,1,1,1,2,2,2,aleatorio
30,1,48,0,1,0,0,0,0,0,1,1,2,aleatorio
63,1,26,0,0,0,0,0,1,0,0,0,0,aleatorio
32,3,5,1,0,1,0,0,1,0,0,0,2,aleatorio
53,6,7,1,1,1,0,0,1,1,0,0,2,aleatorio
35,4,7,1,1,1,0,0,1,1,2,3,2,aleatorio
43,1,393,0,0,0,0,1,0,0,0,0,0,aleatorio
65,0,999,0,0,0,0,0,0,0,1,1,1,aleatorio
34,1,51,0,0,0,1,0,0,0,0,0,1,aleatorio
22,4,9,1,0,0,0,1,1,0,0,0,1,aleatorio
44,4,19,1,0,1,1,1,0,0,1,1,2,aleatorio
19,2,207,0,0,0,0,1,1,0,0,0,0,aleatorio
66,1,350,0,0,0,0,0,1,0,0,0,0,aleatorio
57,1,259,0,0,0,0,1,0,0,1,2,1,aleatorio
65,2,8,1,0,0,0,1,1,0,0,1,1,aleatorio
23,1,19,0,0,0,0,0,0,1,0,0,0,aleatorio
49,3,3,1,0,1,0,0,0,1,0,0,2,aleatorio
28,3,33,0,0,0,0,1,1,0,0,0,0,aleatorio
36,2,40,0,0,0,1,0,0,0,0,0,1,aleatorio
34,1,46,0,0,0,1,0,0,0,1,1,1,aleatorio
46,1,397,0,0,0,0,0,1,0,1,2,1,aleatorio
47,4,38,0,0,0,0,1,1,1,0,0,0,aleatorio
33,4,58,0,0,0,0,1,1,1,2,2,1,aleatorio
51,3,9,1,0,0,0,1,1,0,0,0,1,aleatorio
31,1,250,0,0,0,0,0,1,0,0,1,0,aleatorio
60,5,1,1,0,0,0,1,1,1,0,0,1,aleatorio
42,2,9,1,0,0,0,0,1,1,0,0,1,aleatorio
67,1,57,0,0,0,0,0,0,1,0,0,0,aleatorio
19,3,1,1,0,0,0,1,1,1,0,0,1,aleatorio
32,1,13,0,1,0,0,0,0,0,0,0,2,aleatorio
59,3,14,1,0,0,0,1,1,1,0,0,1,aleatorio
48,2,47,0,0,0,0,0,1,1,0,0,0,aleatorio
46,1,256,0,0,0,0,0,0,1,0,0,0,aleatorio
39,6,1,1,0,0,1,1,1,1,2,2,2,aleatorio
40,1,1,0,0,0,0,1,0,0,0,0,0,aleatorio
62,1,104,0,0,0,0,0,0,1,0,0,0,aleatorio
45,6,1,1,1,1,1,1,0,0,1,1,2,aleatorio
38,1,7,0,0,0,0,0,1,0,0,0,0,aleatorio
26,2,41,0,0,0,0,1,0,0,0,0,0,aleatorio
62,2,37,0,0,1,0,0,0,1,2,3,2,aleatorio
49,4,48,0,0,0,0,1,1,1,0,0,0,aleatorio
67,2,4,1,0,0,0,1,0,1,0,0,1,aleatorio
43,2,2,1,0,0,0,1,0,0,0,0,1,aleatorio
61,3,10,1,1,0,0,0,1,0,0,0,2,aleatorio
45,2,35,0,0,0,0,1,0,1,0,0,0,aleatorio
42,3,35,0,0,0,0,1,1,0,0,0,0,aleatorio
63,1,9,0,0,0,1,0,0,0,0,0,1,aleatorio
39,1,30,0,0,0,0,0,1,0,0,0,0,aleatorio
35,6,5,1,0,1,1,1,1,1,0,0,2,aleatorio
64,1,270,0,1,0,0,0,0,0,0,0,2,aleatorio
19,1,185,0,1,0,0,0,0,0,0,0,2,aleatorio
54,1,7,0,0,0,0,1,0,0,0,1,0,aleatorio
48,1,28,0,0,0,0,1,0,0,0,0,0,aleatorio
25,0,999,0,0,0,0,0,0,0,4,4,1,aleatorio
18,2,202,0,0,0,0,0,1,1,0,0,0,aleatorio
62,1,12,0,0,0,0,0,1,0,0,0,0,aleatorio
35,3,42,0,0,1,0,0,1,1,0,0,2,aleatorio
39,1,326,0,0,0,0,0,1,0,0,0,0,aleatorio
47,1,283,0,0,0,0,1,0,0,1,1,1,aleatorio
25,2,7,1,0,0,0,1,0,0,0,0,1,aleatorio
34,5,4,1,0,0,0,1,1,1,0,0,1,aleatorio
69,4,16,1,0,1,0,0,1,0,0,0,2,aleatorio
30,6,57,0,1,0,1,1,0,1,1,2,2,aleatorio
50,6,14,1,0,1,1,0,1,1,0,0,2,aleatorio
65,2,14,1,1,0,1,0,0,0,2,3,2,aleatorio
56,6,26,1,1,1,0,1,0,1,1,3,2,aleatorio
50,5,13,1,0,1,1,0,1,0,0,0,2,aleatorio
29,1,14,0,0,0,0,0,1,0,0,1,0,aleatorio
28,2,10,1,0,0,0,0,1,1,0,0,1,aleatorio
47,2,4,1,0,1,0,0,1,0,0,0,2,aleatorio
51,1,24,0,0,0,0,0,1,0,0,0,0,aleatorio
39,1,74,0,0,0,0,1,0,0,0,0,0,aleatorio
53,3,18,1,0,0,0,1,1,1,1,1,1,aleatorio
30,2,29,1,0,0,0,1,0,1,2,2,1,aleatorio
61,2,27,1,0,0,0,1,0,1,0,0,1,aleatorio
28,4,10,1,0,0,0,1,1,1,0,1,1,aleatorio
37,1,48,0,0,0,0,0,1,0,0,0,0,aleatorio
26,1,2,0,0,0,1,0,0,0,0,0,1,aleatorio
23,2,13,1,0,0,0,1,1,0,0,0,1,aleatorio
49,3,2,1,0,1,1,0,0,1,0,0,2,aleatorio
61,4,48,0,0,0,0,1,1,1,0,0,0,aleatorio
43,4,6,1,0,0,0,1,1,0,0,0,1,aleatorio
58,2,5,1,0,0,0,1,0,1,0,0,1,aleatorio
56,1,24,0,0,0,0,0,0,1,2,2,1,aleatorio
38,2,10,1,0,0,0,1,0,1,0,1,1,aleatorio
44,3,1,1,0,0,0,1,0,1,0,0,1,aleatorio
30,1,14,0,0,0,0,0,0,1,0,0,0,aleatorio
39,2,10,1,0,1,1,0,0,0,2,3,2,aleatorio
53,1,185,0,0,0,0,0,1,0,0,0,0,aleatorio
50,1,154,0,0,0,0,1,0,0,0,0,0,aleatorio
23,1,13,0,1,0,0,0,0,0,0,0,2,aleatorio
50,2,49,0,0,0,1,0,1,0,0,0,1,aleatorio
70,6,4,1,1,1,0,1,0,1,1,2,2,aleatorio
69,1,28,0,0,0,1,0,0,0,0,0,1,aleatorio
68,1,4,0,0,0,0,1,0,0,0,0,0,aleatorio
50,1,246,0,0,0,0,1,0,0,2,2,1,aleatorio
53,2,34,0,0,0,0,1,0,1,1,2,1,aleatorio
18,2,47,0,0,0,0,0,0,1,0,0,0,aleatorio
41,3,10,1,0,0,0,1,1,0,0,0,1,aleatorio
35,2,63,0,0,0,0,0,1,0,0,0,0,aleatorio
24,3,11,1,1,1,0,0,1,0,2,2,2,aleatorio
65,3,118,0,0,1,0,0,0,1,0,0,2,aleatorio
53,5,3,1,0,1,1,1,0,1,0,0,2,aleatorio
55,3,4,1,1,0,0,0,1,0,2,2,2,aleatorio
20,1,6,0,0,0,0,0,0,1,0,0,0,aleatorio
27,2,39,0,0,0,0,1,0,0,0,0,0,aleatorio
35,2,2,1,1,0,1,0,0,0,0,0,2,aleatorio
37,1,35,0,0,0,0,0,1,0,0,0,0,aleatorio
31,1,13,0,0,0,0,0,0,1,0,0,0,aleatorio
52,1,164,0,0,0,0,0,1,0,0,1,0,aleatorio
27,1,29,0,0,0,0,0,1,0,0,0,0,aleatorio
65,2,165,0,0,0,1,0,1,0,0,0,1,aleatorio
22,0,999,0,0,0,0,0,0,0,1,1,1,aleatorio
25,1,241,0,0,0,0,1,0,0,0,0,0,aleatorio
67,4,39,0,0,1,1,0,1,1,0,0,2,aleatorio
65,1,44,0,0,0,1,0,0,0,0,0,1,aleatorio
27,1,377,0,0,0,0,0,1,0,0,0,0,aleatorio
65,2,10,1,0,0,0,0,1,0,0,0,1,aleatorio
49,2,7,1,0,1,0,0,1,0,2,3,2,aleatorio
62,5,18,1,1,0,1,1,1,1,1,1,2,aleatorio
61,6,2,1,0,1,1,1,0,1,0,0,2,aleatorio
36,5,0,1,0,1,1,0,1,1,3,3,2,aleatorio
20,2,60,0,0,0,0,1,1,0,0,0,0,aleatorio
33,6,0,1,0,0,1,1,1,1,1,1,2,aleatorio
70,2,55,0,0,0,0,1,1,0,0,0,0,aleatorio
18,1,388,0,0,0,0,0,0,1,0,0,0,aleatorio
59,1,56,0,0,0,0,0,1,0,0,0,0,aleatorio
49,3,20,1,1,0,1,0,0,1,2,2,2,aleatorio
60,3,15,1,1,0,0,1,1,0,0,0,2,aleatorio
39,2,57,0,0,0,0,0,1,0,1,2,1,aleatorio
43,1,141,0,0,0,0,0,0,1,0,0,0,aleatorio
35,3,3,1,1,1,0,1,0,0,1,1,2,aleatorio
22,1,144,0,0,0,0,1,0,0,0,0,0,aleatorio
20,1,118,0,0,0,0,0,0,1,0,0,0,aleatorio
47,4,0,1,1,1,0,0,0,1,0,0,2,aleatorio
42,1,45,0,0,0,0,0,1,0,2,2,1,aleatorio
30,1,37,0,0,0,0,1,0,0,0,0,0,aleatorio
60,1,41,0,0,0,0,1,0,0,0,0,0,aleatorio
36,1,28,0,0,0,0,0,1,0,0,0,0,aleatorio
38,4,17,1,0,0,1,0,0,1,0,0,2,aleatorio
41,2,25,1,0,0,0,0,0,1,0,0,1,aleatorio
32,1,11,0,0,0,1,0,0,0,0,0,1,aleatorio
24,1,120,0,0,0,0,1,0,0,0,0,0,aleatorio
49,3,3,1,0,1,0,1,1,0,0,0,2,aleatorio
35,2,54,0,0,0,1,0,0,1,0,1,1,aleatorio
35,3,42,0,0,0,0,1,1,0,0,0,0,aleatorio
39,1,2,0,0,0,0,0,0,1,0,0,0,aleatorio
40,2,47,0,0,0,0,0,0,1,0,0,0,aleatorio
42,5,2,1,1,0,1,1,0,0,3,3,2,aleatorio
57,6,9,1,0,0,0,1,1,1,0,0,1,aleatorio
30,3,6,1,0,0,1,0,0,1,0,0,2,aleatorio
25,1,2,0,0,0,1,0,0,0,0,0,1,aleatorio
19,1,342,0,0,0,0,0,1,0,0,0,0,aleatorio
29,1,120,0,0,0,1,0,0,0,0,0,1,aleatorio
42,3,1,1,0,0,0,1,1,1,0,0,1,aleatorio
58,2,9,1,0,1,0,0,1,0,0,0,2,aleatorio
65,1,287,0,0,0,0,1,0,0,3,4,1,aleatorio
46,4,18,1,0,0,0,1,0,1,0,0,1,aleatorio
36,1,14,0,0,0,0,1,0,0,0,0,0,aleatorio
56,2,58,0,0,0,0,1,1,0,2,3,1,aleatorio
25,4,19,1,1,0,0,1,1,0,0,0,2,aleatorio
30,3,29,1,0,0,0,1,0,1,0,0,1,aleatorio
47,1,17,0,0,0,0,0,1,0,0,0,0,aleatorio
60,1,45,0,1,0,0,0,0,0,0,0,2,aleatorio
23,1,56,0,0,0,1,0,0,0,1,1,1,aleatorio
18,4,4,1,0,0,0,1,0,1,1,1,2,aleatorio
64,2,34,0,0,1,0,0,0,1,3,3,2,aleatorio
66,2,7,1,0,0,0,1,0,1,0,0,1,aleatorio
68,1,20,0,0,0,0,1,0,0,0,0,0,aleatorio
53,1,61,0,0,0,0,0,0,1,0,0,0,aleatorio
69,2,57,0,0,0,0,0,0,1,0,0,0,aleatorio
58,1,14,0,0,0,1,0,0,0,0,0,1,aleatorio
64,2,51,0,0,0,0,1,0,1,0,0,0,aleatorio
37,2,217,0,0,0,0,0,1,1,1,2,1,aleatorio
63,5,9,1,0,1,1,1,1,0,0,0,2,aleatorio
29,1,350,0,0,0,1,0,0,0,0,0,1,aleatorio
48,1,56,0,0,0,0,0,1,0,0,0,0,aleatorio
49,5,0,1,0,1,1,0,1,1,1,1,2,aleatorio
68,1,46,0,0,0,0,0,0,1,0,0,0,aleatorio
42,6,24,1,0,0,0,0,1,1,1,1,1,aleatorio
66,1,13,0,0,0,0,0,0,1,0,0,0,aleatorio
50,1,10,0,0,0,1,0,0,0,0,0,1,aleatorio
55,1,52,0,1,0,0,0,0,0,1,1,2,aleatorio
59,3,14,1,1,0,1,0,1,0,2,2,2,aleatorio
36,1,50,0,0,0,0,1,0,0,0,0,0,aleatorio
22,1,27,0,0,0,0,0,1,0,0,0,0,aleatorio
33,4,35,0,1,0,1,0,1,0,0,1,2,aleatorio
66,2,2,1,1,1,0,0,0,0,0,0,2,aleatorio
33,1,102,0,0,0,0,0,1,0,2,2,1,aleatorio
59,1,347,0,0,0,0,1,0,0,0,0,0,aleatorio
58,2,0,1,0,0,0,0,1,1,0,0,1,aleatorio
53,2,38,0,0,0,0,1,1,0,1,1,1,aleatorio
48,4,9,1,0,1,0,0,1,1,2,2,2,aleatorio
39,5,2,1,0,0,1,1,1,1,1,2,2,aleatorio
19,3,35,0,0,1,0,0,1,1,1,1,2,aleatorio
36,1,23,0,0,0,0,1,0,0,0,0,0,aleatorio
50,6,17,1,0,1,0,1,1,1,0,0,2,aleatorio
19,1,303,0,0,0,0,0,0,1,0,0,0,aleatorio
19,1,55,0,0,0,0,1,0,0,0,0,0,aleatorio
20,1,40,0,0,0,0,0,1,0,2,3,1,aleatorio
70,6,26,1,0,0,0,1,1,1,0,0,1,aleatorio
57,1,172,0,0,0,0,0,1,0,0,0,0,aleatorio
38,1,2,0,0,0,0,1,0,0,0,0,0,aleatorio
31,1,5,0,0,0,0,0,0,1,1,1,2,aleatorio
34,1,19,0,0,0,0,1,0,0,0,0,0,aleatorio
36,1,22,0,0,0,0,1,0,0,0,0,0,aleatorio
35,4,5,1,0,1,1,0,0,1,0,0,2,aleatorio
59,1,298,0,0,0,1,0,0,0,0,0,1,aleatorio
61,1,24,0,0,0,0,0,1,0,1,2,1,aleatorio
33,1,51,0,0,0,0,0,0,1,0,0,0,aleatorio
51,2,6,1,1,0,0,0,0,1,0,0,2,aleatorio
55,1,39,0,0,0,0,1,0,0,0,0,0,aleatorio
29,3,15,1,0,0,1,1,1,0,0,0,2,aleatorio
35,6,10,1,0,1,1,1,1,0,2,3,2,aleatorio
44,2,88,0,0,0,0,0,1,0,0,0,0,aleatorio
40,1,12,0,0,0,0,0,0,1,0,0,0,aleatorio
53,3,38,0,0,0,0,1,1,0,0,0,0,aleatorio
68,3,15,1,0,0,0,1,0,1,0,0,1,aleatorio
54,1,219,0,0,0,0,1,0,0,0,0,0,aleatorio
27,2,34,0,0,0,0,0,1,1,0,0,0,aleatorio
46,3,0,1,0,0,1,0,0,1,0,0,2,aleatorio
38,2,185,0,0,0,0,0,1,1,0,0,0,aleatorio
20,1,177,0,0,0,1,0,0,0,0,0,1,aleatorio
21,2,49,0,0,0,0,1,0,0,0,0,0,aleatorio
49,3,174,0,0,0,0,1,1,0,0,0,0,aleatorio
46,3,11,1,1,1,0,0,0,0,1,1,2,aleatorio
49,1,289,0,0,0,0,0,1,0,3,4,1,aleatorio
69,1,40,0,0,0,1,0,0,0,1,3,1,aleatorio
36,3,15,1,1,0,0,1,1,0,0,0,2,aleatorio
59,2,32,0,0,0,0,1,1,0,0,0,0,aleatorio
69,0,999,0,0,0,0,0,0,0,3,3,1,aleatorio
45,3,56,0,0,0,1,1,1,0,0,0,1,aleatorio
37,2,47,0,0,0,1,0,1,0,1,1,1,aleatorio
36,1,313,0,0,0,0,0,1,0,0,0,0,aleatorio
67,2,37,0,0,0,1,1,0,0,0,0,1,aleatorio
67,3,0,1,1,1,1,0,0,0,0,0,2,aleatorio
58,5,14,1,0,1,1,1,0,1,1,4,2,aleatorio
35,1,1,0,0,0,0,0,0,1,0,0,0,aleatorio
37,3,2,1,0,0,0,1,1,1,0,0,1,aleatorio
30,2,137,0,0,0,0,1,0,0,1,2,1,aleatorio
31,1,29,0,0,0,0,0,1,0,0,0,0,aleatorio
64,2,44,0,0,0,0,1,0,0,1,1,1,aleatorio
31,1,7,0,0,0,0,0,0,1,0,0,0,aleatorio
49,1,385,0,0,0,0,0,1,0,0,0,0,aleatorio
38,1,31,0,0,0,0,1,0,0,0,0,0,aleatorio
66,1,42,0,0,0,0,0,0,1,0,1,0,aleatorio
62,2,136,0,0,0,0,1,1,0,0,0,0,aleatorio
43,1,303,0,0,0,0,0,1,0,2,2,1,aleatorio
38,1,48,0,0,0,0,0,1,0,1,1,1,aleatorio
40,1,380,0,0,0,0,0,1,0,0,1,0,aleatorio
43,1,36,0,0,0,0,0,1,0,0,0,0,aleatorio
35,1,20,0,0,0,1,0,0,0,0,0,1,aleatorio
57,3,44,0,0,0,1,1,1,0,1,1,1,aleatorio
59,2,14,1,1,0,0,1,0,0,0,0,2,aleatorio
37,1,105,0,1,0,0,0,0,0,2,3,2,aleatorio
55,1,9,0,0,0,0,0,1,0,1,2,2,aleatorio
70,4,7,1,1,1,0,0,0,1,1,1,2,aleatorio
25,1,33,0,0,0,0,0,1,0,0,0,0,aleatorio
41,1,49,0,0,1,0,0,0,0,3,4,2,aleatorio
70,2,5,1,0,0,0,1,0,0,0,1,1,aleatorio
53,5,57,0,0,0,1,1,1,1,0,0,1,aleatorio
47,1,8,0,0,0,0,1,0,0,0,0,0,aleatorio
66,2,0,1,0,1,1,0,0,0,1,1,2,aleatorio
22,2,36,0,0,1,1,0,0,0,0,0,2,aleatorio
66,4,10,1,1,1,1,0,1,0,0,0,2,aleatorio
19,2,46,0,0,0,0,1,0,1,0,0,0,aleatorio
39,1,11,0,0,0,0,1,0,0,0,0,0,aleatorio
26,1,20,0,0,0,0,0,0,1,3,3,1,aleatorio
19,1,255,0,0,0,0,0,0,1,0,0,0,aleatorio
24,4,12,1,0,0,1,1,0,1,0,0,2,aleatorio
43,1,28,0,0,0,1,0,0,0,2,2,1,aleatorio
55,5,1,1,1,1,0,1,1,0,1,1,2,aleatorio
34,2,11,1,0,0,0,0,1,1,0,0,1,aleatorio
68,1,49,0,0,0,0,1,0,0,0,0,0,aleatorio
55,1,32,0,0,0,0,1,0,0,1,1,1,aleatorio
39,6,3,1,0,1,1,0,0,1,0,0,2,aleatorio
30,1,66,0,0,0,0,1,0,0,0,0,0,aleatorio
27,5,7,1,1,1,1,0,0,1,0,0,2,aleatorio
61,2,0,1,0,0,0,1,0,0,0,0,1,aleatorio
43,3,10,1,1,0,0,1,1,0,0,0,2,aleatorio
42,1,59,0,0,0,0,0,1,0,0,0,0,aleatorio
67,2,8,1,0,0,1,0,0,1,0,0,2,aleatorio
41,3,40,0,0,0,1,0,0,1,1,1,1,aleatorio
34,1,72,0,0,0,0,0,0,1,0,0,0,aleatorio
62,2,49,0,0,0,0,0,1,1,0,0,0,aleatorio
39,1,99,0,0,0,0,1,0,0,0,0,0,aleatorio
67,3,60,0,0,1,0,0,0,1,1,2,2,aleatorio
43,6,9,1,1,1,1,0,1,1,0,0,2,aleatorio
53,2,1,1,0,0,0,0,1,0,0,0,1,aleatorio
40,1,31,0,0,0,0,0,0,1,3,3,1,aleatorio
34,5,28,1,1,1,0,0,1,0,0,0,2,aleatorio
21,1,131,0,0,0,0,0,0,1,0,0,0,aleatorio
55,2,0,1,0,0,1,0,1,0,0,0,2,aleatorio
42,2,9,1,0,0,0,1,0,1,0,1,1,aleatorio
63,1,15,0,0,0,0,0,0,1,0,0,0,aleatorio
28,4,12,1,0,1,0,1,0,1,0,0,2,aleatorio
48,2,318,0,0,0,0,1,0,0,1,1,1,aleatorio
60,3,9,1,1,1,0,0,0,1,0,0,2,aleatorio
21,3,370,0,0,0,1,1,0,0,0,0,1,aleatorio
30,1,179,0,0,0,0,0,0,1,0,0,0,aleatorio
60,6,10,1,0,0,0,1,1,1,0,0,1,aleatorio
61,1,70,0,0,0,0,0,0,1,0,0,0,aleatorio
21,1,41,0,0,0,0,0,1,0,1,1,1,aleatorio
63,1,14,0,0,0,0,1,0,0,0,1,0,aleatorio
53,3,9,1,0,0,0,1,0,0,0,0,1,aleatorio
38,2,29,1,0,1,0,0,0,1,2,2,2,aleatorio
62,5,2,1,0,0,1,0,1,0,2,3,2,aleatorio
68,1,50,0,0,0,0,0,0,1,1,1,1,aleatorio
43,2,12,1,0,0,0,1,1,0,0,0,1,aleatorio
25,3,4,1,1,0,0,0,1,1,2,3,2,aleatorio
55,1,35,0,0,0,0,1,0,0,0,0,0,aleatorio
41,1,57,0,0,0,0,0,0,1,0,0,0,aleatorio
35,5,0,1,1,1,1,0,1,0,1,1,2,aleatorio
47,5,6,1,0,0,0,1,0,1,0,0,1,aleatorio
58,2,35,0,0,0,0,1,0,1,0,0,0,aleatorio
21,3,57,0,0,0,0,0,1,1,1,1,1,aleatorio
63,5,1,1,0,0,0,1,1,0,0,0,1,aleatorio
18,1,208,0,0,0,0,0,0,1,0,0,0,aleatorio
37,1,265,0,0,0,0,0,0,1,1,3,1,aleatorio
57,4,53,0,0,0,0,1,1,0,2,2,1,aleatorio
43,1,29,0,0,0,0,1,0,0,0,0,0,aleatorio
55,1,53,0,1,0,0,0,0,0,0,0,2,aleatorio
64,2,5,1,0,0,0,1,0,0,0,0,1,aleatorio
20,3,2,1,0,0,0,1,1,0,0,0,1,aleatorio
55,5,0,1,0,1,1,0,0,1,1,1,2,aleatorio
51,1,28,0,0,0,0,1,0,0,2,4,1,aleatorio
42,4,0,1,0,0,1,1,1,1,1,1,2,aleatorio
53,3,1,1,0,1,0,1,0,0,0,0,2,aleatorio
44,1,24,0,0,0,0,1,0,0,0,0,0,aleatorio
19,2,3,1,0,0,0,0,1,1,0,0,1,aleatorio
61,5,4,1,0,1,0,0,1,0,0,0,2,aleatorio
67,1,2,0,0,0,0,0,0,1,0,0,0,aleatorio
53,4,8,1,0,0,0,1,1,0,0,0,1,aleatorio
44,1,9,0,0,0,0,0,1,0,0,0,0,aleatorio
62,2,3,1,1,1,0,0,0,0,1,1,2,aleatorio
29,1,290,0,0,0,0,0,0,1,1,1,1,aleatorio
55,1,22,0,0,0,0,1,0,0,2,2,1,aleatorio
35,1,326,0,1,0,0,0,0,0,0,0,2,aleatorio
24,2,16,1,0,0,0,1,1,0,0,0,1,aleatorio
42,3,38,0,0,0,0,1,1,1,2,2,1,aleatorio
45,2,25,1,0,0,0,1,0,1,0,0,1,aleatorio
55,4,5,1,0,1,0,0,1,1,0,0,2,aleatorio
44,5,7,1,0,1,0,1,0,1,0,0,2,aleatorio
68,1,34,0,0,0,0,0,0,1,0,0,0,aleatorio
57,3,1,1,1,0,1,0,0,0,0,0,2,aleatorio
52,1,303,0,0,0,0,0,0,1,0,0,0,aleatorio
27,2,3,1,0,0,0,1,1,0,0,0,1,aleatorio
20,1,5,0,0,0,0,0,0,1,0,0,0,aleatorio
57,6,5,1,1,0,1,1,1,1,0,1,2,aleatorio
48,2,189,0,0,1,0,0,1,0,2,2,2,aleatorio
60,1,351,0,0,0,0,1,0,0,0,0,0,aleatorio
36,1,96,0,0,0,0,1,0,0,0,0,0,aleatorio
56,2,53,0,0,0,0,1,1,0,0,0,0,aleatorio
32,5,3,1,1,0,1,1,1,0,0,0,2,aleatorio
51,2,9,1,0,0,0,1,0,1,0,0,1,aleatorio
33,2,37,0,0,0,1,0,0,1,0,0,1,aleatorio
55,1,12,0,0,0,0,1,0,0,0,0,0,aleatorio
45,1,222,0,0,0,0,1,0,0,0,0,0,aleatorio
70,2,5,1,0,0,1,0,0,1,1,3,2,aleatorio
60,1,23,0,0,0,1,0,0,0,3,4,1,aleatorio
45,1,70,0,0,0,0,0,0,1,0,0,0,aleatorio
63,4,34,0,0,1,1,0,1,1,1,1,2,aleatorio
51,1,11,0,0,0,1,0,0,0,0,0,1,aleatorio
69,2,13,1,0,0,0,1,0,1,0,0,1,aleatorio
29,2,3,1,0,0,1,1,0,0,0,0,2,aleatorio
28,0,999,0,0,0,0,0,0,0,1,1,1,aleatorio
37,2,57,0,0,0,0,1,0,1,0,0,0,aleatorio
18,1,34,0,0,0,0,0,0,1,0,0,0,aleatorio
68,1,45,0,0,0,0,0,0,1,0,0,0,aleatorio
55,1,15,0,0,0,0,0,1,0,0,0,0,aleatorio
40,1,398,0,0,0,0,0,0,1,0,0,0,aleatorio
41,3,1,1,1,0,0,1,1,0,0,0,2,aleatorio
38,1,28,0,0,0,0,1,0,0,0,0,0,aleatorio
49,5,4,1,0,0,0,1,1,1,0,0,1,aleatorio
59,2,5,1,0,0,0,0,1,1,0,0,1,aleatorio
29,2,15,1,1,0,0,0,1,0,1,1,2,aleatorio
62,2,223,0,0,0,0,1,1,0,1,1,1,aleatorio
69,1,16,0,0,0,0,0,1,0,1,1,1,aleatorio
66,1,33,0,0,0,0,0,1,0,1,1,1,aleatorio
21,1,90,0,0,0,0,0,1,0,1,2,1,aleatorio
68,2,15,1,0,0,1,0,0,1,0,0,2,aleatorio
67,1,51,0,0,0,0,1,0,0,0,0,0,aleatorio
64,2,14,1,0,0,0,1,0,0,0,1,1,aleatorio
29,3,3,1,1,0,0,1,0,1,0,0,2,aleatorio
51,2,8,1,0,0,0,0,1,1,0,0,1,aleatorio
24,5,9,1,0,0,1,1,0,1,0,1,2,aleatorio
61,1,33,0,0,0,0,0,1,0,0,0,0,aleatorio
58,2,173,0,0,0,0,1,0,1,0,1,0,aleatorio
65,1,244,0,0,0,0,1,0,0,0,0,0,aleatorio
57,2,206,0,1,0,1,0,0,0,2,3,2,aleatorio
25,1,13,0,0,0,0,0,1,0,0,0,0,aleatorio
52,1,129,0,0,0,0,0,0,1,2,2,1,aleatorio
22,1,25,0,0,0,0,1,0,0,0,0,0,aleatorio
48,3,13,1,0,0,0,0,1,1,1,3,2,aleatorio
56,2,7,1,1,0,0,0,0,1,2,3,2,aleatorio
37,2,9,1,1,0,1,0,0,0,1,1,2,aleatorio
60,6,14,1,1,1,1,1,1,0,0,0,2,aleatorio
52,5,1,1,0,1,0,1,1,0,0,0,2,aleatorio
61,5,1,1,1,0,0,1,1,0,0,0,2,aleatorio
51,4,0,1,1,1,1,0,0,1,0,0,2,aleatorio
18,3,1,1,0,1,0,1,0,1,1,1,2,aleatorio
20,6,4,1,1,1,1,0,0,1,3,4,2,aleatorio
30,1,223,0,0,0,0,0,1,0,0,0,0,aleatorio
41,5,15,1,0,1,1,1,1,1,0,0,2,aleatorio
33,4,2,1,0,1,0,0,1,1,0,0,2,aleatorio
19,1,14,0,0,0,0,0,0,1,0,0,0,aleatorio
60,5,8,1,0,1,0,1,0,1,0,0,2,aleatorio
39,3,4,1,0,0,1,1,0,1,1,1,2,aleatorio
59,1,37,0,0,0,0,0,1,0,2,3,1,aleatorio
57,1,378,0,0,0,1,0,0,0,0,0,1,aleatorio
66,2,44,0,0,1,0,0,0,0,0,0,2,aleatorio
58,2,50,0,0,0,1,1,0,0,3,4,1,aleatorio
54,3,11,1,0,0,0,1,1,1,3,4,2,aleatorio
29,1,31,0,0,0,0,0,0,1,1,1,1,aleatorio
30,1,190,0,0,0,0,1,0,0,0,0,0,aleatorio
48,3,50,0,0,0,1,0,0,1,1,1,1,aleatorio
33,6,2,1,1,0,0,1,1,1,0,0,2,aleatorio
51,2,15,1,0,0,1,1,0,0,0,0,2,aleatorio
63,2,36,0,0,0,1,0,0,0,0,0,1,aleatorio
22,2,12,1,1,0,0,1,0,0,0,0,2,aleatorio
51,3,0,1,0,0,0,0,1,1,0,0,1,aleatorio
22,2,40,0,0,0,1,1,0,0,2,3,1,aleatorio
31,1,131,0,0,0,0,1,0,0,1,2,1,aleatorio
30,1,58,0,1,0,0,0,0,0,0,0,2,aleatorio
36,1,342,0,0,0,0,0,0,1,0,1,0,aleatorio
61,1,10,0,0,0,0,1,0,0,0,0,0,aleatorio
26,1,46,0,0,0,1,0,0,0,0,2,1,aleatorio
60,2,94,0,0,0,0,1,1,0,0,0,0,aleatorio
46,1,41,0,1,0,0,0,0,0,1,1,2,aleatorio
54,3,5,1,0,0,0,1,1,0,0,0,1,aleatorio
19,1,5,0,0,0,1,0,0,0,0,0,1,aleatorio
39,1,134,0,0,0,0,0,0,1,0,0,0,aleatorio
67,6,3,1,0,1,1,0,1,1,0,0,2,aleatorio
21,1,13,0,0,0,0,0,1,0,0,0,0,aleatorio
64,1,119,0,0,0,0,1,0,0,0,0,0,aleatorio
41,1,92,0,0,0,0,0,1,0,0,0,0,aleatorio
36,4,7,1,1,0,0,1,1,1,0,0,2,aleatorio
45,2,4,1,0,0,1,0,1,0,0,0,2,aleatorio
33,1,378,0,0,0,0,1,0,0,0,0,0,aleatorio
42,4,26,1,0,1,0,1,1,1,0,0,2,aleatorio
48,1,56,0,0,1,0,0,0,0,0,0,2,aleatorio
61,3,11,1,0,0,0,0,1,0,0,0,1,aleatorio
39,3,7,1,0,0,0,1,1,1,0,0,1,aleatorio
36,1,42,0,0,0,0,0,0,1,0,0,0,aleatorio
41,1,0,0,0,0,1,0,0,0,0,0,1,aleatorio
37,4,8,1,1,0,0,1,0,1,1,1,2,aleatorio
62,0,999,0,0,0,0,0,0,0,1,3,1,aleatorio
65,1,52,0,0,0,1,0,0,0,0,0,1,aleatorio
57,3,51,0,0,0,1,0,1,1,0,0,1,aleatorio
50,2,23,1,1,0,0,1,0,0,0,0,2,aleatorio
32,3,14,1,0,0,0,1,1,0,0,0,1,aleatorio
25,1,47,0,0,1,0,0,0,0,1,2,2,aleatorio
61,5,25,1,0,1,1,1,1,0,0,0,2,aleatorio
18,3,8,1,1,0,1,0,1,0,0,0,2,aleatorio
25,2,0,1,1,0,0,0,1,0,0,0,2,aleatorio
55,2,12,1,1,0,1,0,0,0,0,0,2,aleatorio
27,2,14,1,0,0,0,0,1,0,0,0,1,aleatorio
54,1,0,0,0,0,1,0,0,0,0,0,1,aleatorio
43,1,320,0,0,0,0,1,0,0,0,0,0,aleatorio
54,1,13,0,0,0,0,0,1,0,0,0,0,aleatorio
37,1,256,0,0,0,0,1,0,0,2,4,1,aleatorio
49,1,22,0,0,0,0,0,0,1,0,0,0,aleatorio
34,6,5,1,1,0,0,1,1,1,1,1,2,aleatorio
62,1,11,0,0,0,0,0,1,0,1,1,2,aleatorio
60,3,22,1,1,1,0,0,0,0,2,2,2,aleatorio
40,3,12,1,0,0,0,1,1,1,0,0,1,aleatorio
59,5,6,1,1,1,1,1,0,1,2,3,2,aleatorio
54,2,5,1,0,1,1,0,0,0,0,0,2,aleatorio
56,3,35,0,0,0,1,0,0,1,0,0,1,aleatorio
31,1,15,0,0,0,0,0,1,0,0,1,0,aleatorio
29,0,999,0,0,0,0,0,0,0,1,1,1,aleatorio
20,4,4,1,1,1,0,0,1,1,0,0,2,aleatorio
68,4,0,1,0,0,1,1,1,0,0,0,2,aleatorio
28,3,15,1,0,1,0,0,0,1,1,1,2,aleatorio
26,1,15,0,0,0,0,0,1,0,0,0,0,aleatorio
22,3,10,1,0,0,0,1,1,0,0,0,1,aleatorio
39,1,119,0,0,0,0,1,0,0,0,0,0,aleatorio
36,1,228,0,0,0,0,0,1,0,0,0,0,aleatorio
27,1,187,0,0,0,0,1,0,0,0,0,0,aleatorio
20,1,235,0,0,0,0,0,1,0,0,0,0,aleatorio
70,4,1,1,0,0,0,1,1,0,0,0,1,aleatorio
26,1,84,0,0,0,0,1,0,0,0,0,0,aleatorio
21,1,323,0,0,1,0,0,0,0,0,0,2,aleatorio
36,3,37,0,0,0,0,1,1,1,0,0,0,aleatorio
61,1,6,0,0,1,0,0,0,0,3,3,2,aleatorio
40,2,0,1,0,1,1,0,0,0,0,0,2,aleatorio
69,3,4,1,0,0,1,1,0,1,0,0,2,aleatorio
67,2,32,0,0,0,0,0,1,1,0,0,0,aleatorio
68,3,10,1,0,1,0,1,0,1,0,0,2,aleatorio
61,2,23,1,1,0,0,0,0,0,0,0,2,aleatorio
30,2,37,0,0,0,1,0,1,0,3,3,1,aleatorio
24,1,22,0,0,0,0,0,1,0,0,0,0,aleatorio
38,1,4,0,0,0,1,0,0,0,0,0,1,aleatorio
51,2,13,1,0,0,1,0,1,0,0,0,2,aleatorio
64,1,56,0,0,0,0,1,0,0,0,0,0,aleatorio
23,1,4,0,0,0,0,0,0,1,0,0,0,aleatorio
33,3,11,1,0,1,0,1,0,0,0,0,2,aleatorio
19,1,26,0,0,0,1,0,0,0,0,0,1,aleatorio
70,2,51,0,0,0,1,0,0,0,0,0,1,aleatorio
19,2,18,1,0,0,0,1,1,0,3,3,1,aleatorio
47,1,16,0,0,0,0,0,1,0,1,1,1,aleatorio
45,5,12,1,1,0,1,1,0,1,0,0,2,aleatorio
69,3,0,1,0,0,1,1,1,0,0,0,2,aleatorio
62,2,82,0,0,0,1,0,0,0,1,1,1,aleatorio
45,0,999,0,0,0,0,0,0,0,3,3,1,aleatorio
46,5,2,1,1,0,1,0,1,1,0,0,2,aleatorio
19,6,7,1,0,1,0,1,1,1,0,0,2,aleatorio
67,2,5,1,0,0,0,0,1,0,0,0,1,aleatorio
62,4,1,1,0,0,1,1,1,0,0,0,2,aleatorio
22,5,3,1,1,1,1,0,1,1,0,0,2,aleatorio
58,0,999,0,0,0,0,0,0,0,2,2,1,aleatorio
29,1,51,0,0,0,0,1,0,0,0,0,0,aleatorio
48,3,12,1,0,0,0,0,1,1,0,0,1,aleatorio
45,2,2,1,0,0,1,0,1,0,0,0,2,aleatorio
44,2,6,1,0,0,0,0,1,0,0,0,1,aleatorio
52,3,3,1,1,1,0,1,0,0,0,0,2,aleatorio
25,2,86,0,0,0,0,0,1,1,0,1,0,aleatorio
23,1,145,0,0,0,0,1,0,0,1,2,1,aleatorio
31,1,279,0,0,0,0,1,0,0,0,0,0,aleatorio
56,2,17,1,0,0,0,1,1,0,0,0,1,aleatorio
54,2,44,0,0,0,0,0,1,0,2,2,1,aleatorio
37,5,7,1,1,1,1,1,0,0,0,0,2,aleatorio
51,1,4,0,0,0,0,0,1,0,2,3,2,aleatorio
22,1,17,0,1,0,0,0,0,0,0,0,2,aleatorio
26,1,108,0,0,0,0,0,0,1,0,0,0,aleatorio
62,2,5,1,0,1,0,1,0,0,0,2,2,aleatorio
40,3,51,0,0,0,0,0,1,0,0,0,0,aleatorio
36,1,122,0,0,0,0,0,1,0,0,0,0,aleatorio
55,4,59,0,0,0,1,1,0,1,0,0,1,aleatorio
36,3,6,1,0,0,0,1,0,1,2,3,2,aleatorio
27,1,216,0,0,0,1,0,0,0,4,4,1,aleatorio
58,2,37,0,0,0,0,1,1,0,0,0,0,aleatorio
30,2,59,0,0,1,0,0,1,0,0,0,2,aleatorio
38,1,42,0,0,0,0,0,0,1,0,0,0,aleatorio
23,2,35,0,0,0,1,1,0,0,0,0,1,aleatorio
55,2,26,1,0,0,0,1,0,1,0,0,1,aleatorio
40,1,353,0,0,0,1,0,0,0,1,1,1,aleatorio
35,1,0,0,0,0,0,0,0,1,0,0,0,aleatorio
26,6,36,0,0,0,1,0,1,1,0,0,1,aleatorio
65,1,19,0,0,0,0,0,1,0,1,1,1,aleatorio
44,1,54,0,0,0,0,0,1,0,0,0,0,aleatorio
64,3,31,0,0,0,1,0,1,0,0,0,1,aleatorio
54,1,396,0,0,0,0,0,0,1,0,0,0,aleatorio
29,5,4,1,0,0,1,1,1,0,2,2,2,aleatorio
19,1,40,0,0,0,0,1,0,0,0,0,0,aleatorio
56,1,59,0,0,0,0,0,0,1,0,0,0,aleatorio
25,2,11,1,1,0,0,0,0,1,0,0,2,aleatorio
46,1,253,0,0,0,0,1,0,0,2,4,1,aleatorio
56,1,28,0,0,0,0,1,0,0,2,4,1,aleatorio
68,2,9,1,0,0,0,1,0,1,0,0,1,aleatorio
45,2,62,0,0,0,0,1,1,0,0,0,0,aleatorio
35,1,23,0,0,0,0,1,0,0,0,0,0,aleatorio
35,4,6,1,0,0,1,1,0,0,0,0,2,aleatorio
27,1,7,0,0,0,0,1,0,0,0,0,0,aleatorio
67,2,8,1,0,0,1,0,0,1,1,3,2,aleatorio
18,1,29,0,1,0,0,0,0,0,0,0,2,aleatorio
58,1,45,0,0,0,1,0,0,0,1,1,1,aleatorio
66,2,2,1,0,0,1,0,1,0,2,2,2,aleatorio
31,3,51,0,0,0,1,1,0,1,0,0,1,aleatorio
18,2,36,0,0,0,0,0,0,1,0,0,0,aleatorio
59,5,5,1,0,0,0,1,1,1,0,2,1,aleatorio
64,3,5,1,1,0,0,1,0,1,0,0,2,aleatorio
24,3,39,0,0,0,0,1,0,1,1,2,1,aleatorio
52,4,29,1,1,1,0,0,1,0,0,0,2,aleatorio
33,1,159,0,0,0,0,1,0,0,0,0,0,aleatorio
37,2,2,1,0,1,0,0,1,0,3,3,2,aleatorio
69,1,2,0,0,0,0,1,0,0,0,0,0,aleatorio
35,2,12,1,0,0,0,1,0,1,0,0,1,aleatorio
22,5,0,1,1,0,0,1,0,1,0,0,2,aleatorio
25,2,47,0,0,0,1,0,1,0,0,0,1,aleatorio
54,1,34,0,0,0,1,0,0,0,1,1,1,aleatorio
51,2,53,0,0,0,0,1,0,0,0,0,0,aleatorio
37,1,8,0,0,0,0,0,0,1,0,0,0,aleatorio
44,1,287,0,0,0,1,0,0,0,2,3,1,aleatorio
23,1,1,0,0,0,0,0,1,0,1,1,2,aleatorio
47,1,13,0,0,0,0,0,1,0,0,0,0,aleatorio
52,2,84,0,0,0,1,0,0,1,0,0,1,aleatorio
47,1,270,0,0,1,0,0,0,0,0,1,2,aleatorio
44,3,33,0,0,0,0,0,1,0,0,0,0,aleatorio
60,1,12,0,0,0,0,0,0,1,0,0,0,aleatorio
40,1,37,0,0,0,0,0,1,0,0,0,0,aleatorio
32,2,27,1,0,0,0,1,0,0,0,1,1,aleatorio
18,5,12,1,1,0,0,1,1,0,0,0,2,aleatorio
23,2,115,0,0,0,1,0,0,0,0,0,1,aleatorio
37,1,36,0,0,0,0,0,1,0,0,0,0,aleatorio
18,2,24,1,0,0,0,1,0,0,0,1,1,aleatorio
55,1,3,0,0,0,0,0,1,0,0,0,0,aleatorio
26,3,14,1,0,1,0,1,0,1,0,0,2,aleatorio
53,4,35,0,0,0,1,1,1,1,0,0,1,aleatorio
52,3,59,0,0,0,0,1,0,1,0,1,0,aleatorio
33,2,7,1,0,0,0,1,1,0,0,0,1,aleatorio
32,2,1,1,0,0,0,0,1,1,0,0,1,aleatorio
52,2,111,0,0,1,0,0,1,0,0,0,2,aleatorio
37,1,162,0,0,0,0,0,0,1,0,0,0,aleatorio
46,1,186,0,0,1,0,0,0,0,0,0,2,aleatorio
57,2,1,1,0,0,0,0,1,1,0,0,1,aleatorio
19,5,11,1,1,1,0,0,1,0,0,0,2,aleatorio
32,0,999,0,0,0,0,0,0,0,4,4,1,aleatorio
43,1,303,0,0,0,0,0,1,0,0,0,0,aleatorio
39,1,289,0,0,0,0,0,0,1,0,0,0,aleatorio
65,1,91,0,0,0,0,0,0,1,0,0,0,aleatorio
35,4,5,1,0,0,1,1,1,0,0,0,2,aleatorio
68,3,10,1,0,1,0,1,1,0,0,0,2,aleatorio
66,1,18,0,0,0,1,0,0,0,1,1,1,aleatorio
36,1,106,0,0,0,0,0,0,1,2,2,1,aleatorio
53,2,20,1,1,0,0,0,1,0,2,4,2,aleatorio
27,1,110,0,0,0,0,0,1,0,0,0,0,aleatorio
57,1,9,0,0,0,0,1,0,0,0,0,0,aleatorio
47,1,367,0,0,0,0,0,0,1,0,0,0,aleatorio
57,3,9,1,0,0,1,0,0,1,1,1,2,aleatorio
52,1,11,0,0,0,0,1,0,0,0,0,0,aleatorio
33,2,117,0,0,0,1,0,0,0,0,0,1,aleatorio
22,1,9,0,0,1,0,0,0,0,1,1,2,aleatorio
22,2,4,1,0,0,0,0,1,0,0,0,1,aleatorio
57,1,9,0,0,0,0,0,0,1,0,0,0,aleatorio
61,2,39,0,0,0,0,1,0,0,0,0,0,aleatorio
49,1,9,0,0,0,0,1,0,0,0,0,0,aleatorio
67,1,65,0,0,0,0,1,0,0,0,1,0,aleatorio
46,1,250,0,0,0,1,0,0,0,0,0,1,aleatorio
44,1,83,0,0,0,0,0,1,0,0,0,0,aleatorio
46,5,5,1,1,1,1,1,0,0,0,0,2,aleatorio
31,2,35,0,1,0,0,0,0,0,0,0,2,aleatorio
25,5,0,1,1,0,0,1,1,0,0,0,2,aleatorio
70,1,49,0,0,0,0,1,0,0,0,0,0,aleatorio
22,1,26,0,0,0,0,0,1,0,2,2,1,aleatorio
40,1,243,0,0,0,0,0,0,1,0,0,0,aleatorio
52,1,369,0,0,0,1,0,0,0,0,0,1,aleatorio
54,4,25,1,0,0,0,1,0,1,0,0,1,aleatorio
51,1,16,0,0,0,0,1,0,0,0,0,0,aleatorio
51,1,335,0,0,0,0,0,0,1,0,1,0,aleatorio
58,3,25,1,0,0,0,1,1,1,2,3,1,aleatorio
69,3,32,0,0,0,0,1,1,0,2,3,1,aleatorio
33,4,15,1,0,0,1,1,0,0,0,0,2,aleatorio
65,3,11,1,0,0,1,1,0,1,4,4,2,aleatorio
51,2,41,0,0,0,0,1,1,0,1,1,1,aleatorio
19,3,11,1,0,1,1,1,0,0,0,0,2,aleatorio
26,3,5,1,0,0,0,1,1,1,0,0,1,aleatorio
64,2,27,1,0,0,1,0,1,0,0,0,2,aleatorio
40,5,1,1,0,0,0,0,1,1,0,0,1,aleatorio
54,1,192,0,0,0,1,0,0,0,0,1,1,aleatorio
48,1,27,0,0,0,0,1,0,0,1,1,1,aleatorio
51,1,55,0,0,0,0,0,1,0,0,1,0,aleatorio
31,1,22,0,0,0,0,1,0,0,0,1,0,aleatorio
26,3,36,0,0,0,0,1,1,1,1,1,1,aleatorio
41,1,95,0,0,0,0,0,1,0,0,0,0,aleatorio
32,2,58,0,0,0,0,0,1,1,0,0,0,aleatorio
37,1,223,0,0,0,1,0,0,0,0,0,1,aleatorio
53,1,182,0,0,0,0,0,0,1,1,1,1,aleatorio
40,1,22,0,0,0,0,1,0,0,0,0,0,aleatorio
37,5,20,1,1,0,1,1,1,0,1,1,2,aleatorio
49,1,58,0,0,0,1,0,0,0,1,1,1,aleatorio
56,2,9,1,0,1,0,0,1,0,0,0,2,aleatorio
50,3,35,0,0,0,0,1,0,1,0,0,0,aleatorio
62,2,43,0,0,0,1,0,0,1,1,1,1,aleatorio
55,0,999,0,0,0,0,0,0,0,1,1,1,aleatorio
57,1,0,0,0,0,1,0,0,0,0,0,1,aleatorio
19,2,40,0,0,0,0,0,1,1,0,0,0,aleatorio
24,6,4,1,0,1,1,1,1,1,1,3,2,aleatorio
34,2,54,0,0,0,0,1,0,0,3,3,1,aleatorio
66,2,31,0,0,0,0,1,1,0,0,0,0,aleatorio
48,4,10,1,0,0,1,0,0,1,0,0,2,aleatorio
38,6,1,1,1,0,0,0,1,1,0,0,2,aleatorio
60,2,19,1,0,0,0,0,1,1,0,0,1,aleatorio
62,2,4,1,0,0,0,0,1,0,0,0,1,aleatorio
68,6,0,1,0,1,0,0,1,0,0,0,2,aleatorio
51,1,9,0,0,0,0,0,1,0,0,1,0,aleatorio
67,1,28,0,0,0,0,1,0,0,4,4,1,aleatorio
20,1,206,0,0,0,0,0,1,0,2,2,1,aleatorio
42,4,16,1,0,0,0,1,1,1,1,1,1,aleatorio
64,1,12,0,0,0,1,0,0,0,0,0,1,aleatorio
25,1,284,0,0,0,0,0,0,1,0,0,0,aleatorio
31,1,35,0,0,0,0,0,0,1,2,3,1,aleatorio
20,1,388,0,0,0,0,0,1,0,0,0,0,aleatorio
56,1,237,0,0,0,0,0,0,1,0,1,0,aleatorio
36,1,0,0,0,0,0,1,0,0,0,0,0,aleatorio
66,1,38,0,0,0,0,0,1,0,0,0,0,aleatorio
33,1,14,0,0,0,1,0,0,0,0,1,1,aleatorio
55,1,97,0,0,0,0,0,1,0,0,0,0,aleatorio
49,3,10,1,1,0,1,0,1,0,0,1,2,aleatorio
38,5,19,1,0,0,1,1,0,1,1,2,2,aleatorio
34,2,25,1,0,0,0,0,1,1,2,2,1,aleatorio
65,2,145,0,0,0,1,0,0,0,0,0,1,aleatorio
34,2,12,1,0,0,0,1,0,1,0,1,1,aleatorio
33,2,12,1,0,1,0,0,0,1,0,0,2,aleatorio
50,3,10,1,1,0,0,0,1,0,0,0,2,aleatorio
43,1,147,0,0,0,1,0,0,0,2,2,1,aleatorio
20,2,37,0,0,0,0,0,1,1,1,1,1,aleatorio
54,3,38,0,0,0,0,1,1,0,0,0,0,aleatorio
38,1,160,0,0,0,0,0,1,0,1,2,1,aleatorio
40,1,43,0,0,0,0,0,1,0,1,3,1,aleatorio
52,2,37,0,0,0,0,1,0,1,0,0,0,aleatorio
64,2,269,0,0,0,1,1,0,0,1,1,1,aleatorio
49,2,266,0,0,0,0,0,1,1,0,2,0,aleatorio
50,4,3,1,0,0,0,0,1,1,0,1,1,aleatorio
47,2,46,0,0,0,0,1,0,1,1,1,1,aleatorio
60,1,1,0,0,0,0,1,0,0,0,0,0,aleatorio
43,1,2,0,0,0,0,0,0,1,0,0,0,aleatorio
37,1,376,0,0,0,0,1,0,0,0,0,0,aleatorio
34,4,9,1,1,0,1,0,0,0,0,0,2,aleatorio
66,2,109,0,0,0,1,1,0,0,1,2,1,aleatorio
46,1,39,0,0,0,0,0,0,1,0,0,0,aleatorio
40,1,25,0,0,0,0,1,0,0,0,0,0,aleatorio
35,1,77,0,0,0,0,1,0,0,0,0,0,aleatorio
60,1,68,0,0,0,0,0,0,1,0,0,0,aleatorio
33,3,18,1,0,1,0,1,1,0,0,0,2,aleatorio
21,4,0,1,1,1,0,1,0,1,1,1,2,aleatorio
60,1,21,0,0,0,0,1,0,0,0,0,0,aleatorio
28,2,35,0,0,1,1,0,0,0,0,0,2,aleatorio
35,1,107,0,0,0,0,0,0,1,0,0,0,aleatorio
44,1,20,0,0,0,0,0,0,1,0,0,0,aleatorio
18,1,47,0,0,0,0,0,1,0,0,0,0,aleatorio
40,1,8,0,0,0,0,0,1,0,0,0,0,aleatorio
18,2,8,1,0,0,0,0,1,1,0,0,1,aleatorio
49,4,22,1,0,0,0,1,1,0,0,0,1,aleatorio
55,5,4,1,0,1,1,1,1,1,0,0,2,aleatorio
44,1,2,0,0,0,1,0,0,0,0,0,1,aleatorio
57,1,97,0,0,0,0,0,0,1,0,0,0,aleatorio
52,5,30,1,1,0,1,1,1,0,0,0,2,aleatorio
18,1,54,0,0,0,0,0,0,1,0,0,0,aleatorio
24,4,8,1,0,0,1,0,1,0,0,1,2,aleatorio
22,1,2,0,0,0,0,1,0,0,0,2,0,aleatorio
23,1,384,0,0,0,0,0,1,0,1,1,1,aleatorio
51,2,144,0,0,0,0,0,0,1,4,4,1,aleatorio
38,2,9,1,0,0,0,1,1,0,0,0,1,aleatorio
34,2,14,1,0,0,0,0,1,0,0,0,1,aleatorio
63,3,14,1,0,1,0,1,0,1,0,0,2,aleatorio
48,1,12,0,0,1,0,0,0,0,1,1,2,aleatorio
33,4,4,1,0,1,0,1,1,0,0,1,2,aleatorio
70,1,9,0,0,0,0,1,0,0,0,0,0,aleatorio
61,1,143,0,1,0,0,0,0,0,0,0,2,aleatorio
62,3,182,0,0,0,1,0,1,1,1,1,1,aleatorio
23,1,37,0,0,0,0,0,1,0,0,0,0,aleatorio
66,4,11,1,0,0,1,1,0,1,0,0,2,aleatorio
57,0,999,0,0,0,0,0,0,0,2,3,1,aleatorio
69,3,14,1,0,1,0,0,1,1,0,0,2,aleatorio
59,2,38,0,1,0,0,0,1,0,2,2,2,aleatorio
59,1,5,0,0,0,0,0,0,1,0,0,0,aleatorio
30,3,19,1,0,0,0,1,1,1,0,0,1,aleatorio
33,1,133,0,0,0,0,0,1,0,1,1,1,aleatorio
53,5,12,1,0,1,1,1,1,0,1,1,2,aleatorio
28,6,5,1,0,0,1,1,1,1,0,0,2,aleatorio
64,2,46,0,0,1,0,0,0,0,1,2,2,aleatorio
49,1,390,0,0,0,0,0,0,1,0,0,0,aleatorio
50,1,17,0,0,0,1,0,0,0,0,0,1,aleatorio
46,1,24,0,0,0,0,0,1,0,1,2,1,aleatorio
24,3,10,1,0,0,1,0,1,0,0,0,2,aleatorio
33,1,69,0,0,0,0,1,0,0,0,0,0,aleatorio
66,1,336,0,0,0,0,0,1,0,0,0,0,aleatorio
23,4,5,1,0,0,0,1,1,0,0,0,1,aleatorio
52,4,1,1,0,0,1,1,1,0,0,0,2,aleatorio
33,1,31,0,0,0,0,0,1,0,1,1,1,aleatorio
66,1,7,0,0,0,0,1,0,0,0,0,0,aleatorio
25,2,192,0,0,0,1,1,0,0,3,3,1,aleatorio
26,2,53,0,1,0,0,0,1,0,0,0,2,aleatorio
64,1,394,0,0,0,0,1,0,0,1,1,1,aleatorio
69,5,5,1,1,1,0,1,0,0,0,0,2,aleatorio
40,5,6,1,0,0,0,0,1,1,0,0,1,aleatorio
19,2,56,0,1,0,0,1,0,0,1,1,2,aleatorio
39,1,30,0,0,0,0,0,0,1,0,1,0,aleatorio
39,1,33,0,0,0,0,0,1,0,1,2,1,aleatorio
64,1,260,0,0,0,0,0,1,0,0,0,0,aleatorio
19,6,0,1,0,1,1,1,1,1,0,0,2,aleatorio
18,1,41,0,0,0,0,1,0,0,0,0,0,aleatorio
26,2,36,0,0,1,0,1,0,0,0,0,2,aleatorio
20,1,4,0,0,0,0,0,1,0,0,0,0,aleatorio
33,1,21,0,0,0,0,0,0,1,0,0,0,aleatorio
58,4,4,1,1,0,1,1,1,0,2,4,2,aleatorio
53,3,21,1,1,0,0,1,1,0,0,0,2,aleatorio
67,3,8,1,1,0,0,1,0,0,0,0,2,aleatorio
28,2,12,1,0,0,0,1,0,1,0,0,1,aleatorio
22,6,1,1,0,1,1,0,0,1,0,1,2,aleatorio
39,2,3,1,0,0,0,0,1,1,1,2,2,aleatorio
53,0,999,0,0,0,0,0,0,0,1,1,1,aleatorio
46,1,284,0,0,0,0,1,0,0,0,0,0,aleatorio
62,1,384,0,0,0,0,0,1,0,0,0,0,aleatorio
56,2,13,1,0,0,0,0,1,0,0,0,1,aleatorio
66,2,15,1,0,0,0,1,0,0,0,0,1,aleatorio
65,1,4,0,0,0,0,0,1,0,0,0,0,aleatorio
18,1,27,0,0,0,1,0,0,0,0,0,1,aleatorio
69,2,26,1,0,0,0,0,0,1,0,0,1,aleatorio
46,2,54,0,0,0,0,0,1,1,1,1,1,aleatorio
54,1,35,0,0,0,0,1,0,0,0,2,0,aleatorio
31,4,0,1,1,1,0,0,1,0,0,0,2,aleatorio
39,1,25,0,0,0,0,0,0,1,0,0,0,aleatorio
52,1,37,0,0,0,0,0,1,0,0,0,0,aleatorio
39,1,12,0,0,0,0,1,0,0,0,0,0,aleatorio
33,1,3,0,0,0,0,0,1,0,0,0,0,aleatorio
47,4,37,0,0,0,0,1,1,0,0,0,0,aleatorio
61,3,30,1,0,1,0,1,0,0,1,1,2,aleatorio
33,1,0,0,0,0,0,0,0,1,0,0,0,aleatorio
42,1,22,0,0,0,1,0,0,0,0,0,1,aleatorio
58,1,5,0,0,0,0,0,1,0,0,0,0,aleatorio
64,4,15,1,0,0,0,1,1,1,2,2,2,aleatorio
23,6,0,1,1,1,1,1,0,1,1,1,2,aleatorio
34,1,63,0,0,0,0,0,0,1,0,1,0,aleatorio
25,1,57,0,0,1,0,0,0,0,0,0,2,aleatorio
28,2,0,1,0,0,0,0,1,0,1,1,2,aleatorio
56,3,7,1,0,0,1,0,0,1,0,0,2,aleatorio
35,1,0,0,0,0,0,0,1,0,0,0,0,aleatorio
37,2,30,1,0,0,0,1,0,1,0,0,1,aleatorio
22,1,44,0,0,0,0,1,0,0,0,0,0,aleatorio
42,3,58,0,1,0,0,0,1,0,0,0,2,aleatorio
29,1,4,0,0,0,0,1,0,0,0,0,0,aleatorio
48,1,237,0,0,0,0,1,0,0,0,0,0,aleatorio
40,2,10,1,0,1,0,1,0,0,1,2,2,aleatorio
70,1,34,0,0,0,0,1,0,0,0,0,0,aleatorio
51,4,60,0,0,0,0,1,1,1,1,1,1,aleatorio
39,2,8,1,1,0,0,1,0,0,0,0,2,aleatorio
68,2,80,0,0,0,1,0,1,0,0,0,1,aleatorio
53,3,11,1,1,0,0,1,0,0,1,4,2,aleatorio
59,1,374,0,0,0,0,1,0,0,0,0,0,aleatorio
26,1,59,0,0,0,1,0,0,0,0,0,1,aleatorio
65,1,298,0,0,0,0,1,0,0,1,1,1,aleatorio
29,3,12,1,0,0,0,1,1,0,4,4,2,aleatorio
46,5,2,1,1,1,1,0,1,0,1,1,2,aleatorio
41,1,394,0,0,0,0,0,1,0,0,1,0,aleatorio
44,1,6,0,0,1,0,0,0,0,0,0,2,aleatorio
18,6,5,1,0,0,0,1,1,1,0,0,1,aleatorio
51,1,148,0,0,0,0,0,0,1,0,0,0,aleatorio
40,1,264,0,0,0,1,0,0,0,0,0,1,aleatorio
33,1,194,0,0,0,1,0,0,0,2,2,1,aleatorio
45,5,2,1,0,0,0,1,0,1,0,1,1,aleatorio
38,1,4,0,0,0,0,0,1,0,0,0,0,aleatorio
54,1,270,0,0,0,0,0,1,0,0,0,0,aleatorio
46,1,28,0,0,0,1,0,0,0,2,3,1,aleatorio
41,6,2,1,0,1,1,0,1,1,0,0,2,aleatorio
38,3,21,1,0,0,0,1,0,0,0,0,1,aleatorio
32,3,11,1,0,0,0,0,1,1,0,0,1,aleatorio
30,1,119,0,0,0,0,0,1,0,0,0,0,aleatorio
27,2,13,1,1,0,0,0,0,0,0,0,2,aleatorio
68,1,241,0,0,0,0,1,0,0,2,2,1,aleatorio
54,1,48,0,0,0,1,0,0,0,0,0,1,aleatorio
69,1,8,0,0,0,0,0,0,1,1,1,2,aleatorio
61,1,0,0,0,0,0,0,1,0,1,1,2,aleatorio
29,2,4,1,0,0,0,1,0,1,0,0,1,aleatorio
68,2,9,1,0,0,0,1,0,0,0,1,1,aleatorio
30,1,38,0,0,1,0,0,0,0,1,1,2,aleatorio
26,3,11,1,0,0,0,1,0,1,0,0,1,aleatorio
61,1,12,0,0,1,0,0,0,0,1,1,2,aleatorio
33,1,93,0,0,0,0,1,0,0,0,0,0,aleatorio
21,6,13,1,0,0,0,0,1,1,1,2,2,aleatorio
70,2,22,1,0,1,0,0,0,0,1,2,2,aleatorio
56,1,57,0,0,0,0,1,0,0,0,0,0,aleatorio
21,1,332,0,0,0,0,1,0,0,0,0,0,aleatorio
50,1,395,0,0,0,1,0,0,0,2,3,1,aleatorio
64,2,8,1,0,0,0,1,0,0,0,0,1,aleatorio
27,4,6,1,0,1,1,0,0,1,0,0,2,aleatorio
44,2,75,0,0,1,0,0,1,0,0,0,2,aleatorio
34,3,7,1,0,0,0,1,0,0,0,0,1,aleatorio
64,1,39,0,0,0,0,1,0,0,0,0,0,aleatorio
33,1,12,0,0,0,0,1,0,0,0,0,0,aleatorio
50,3,13,1,0,0,1,1,1,0,0,0,2,aleatorio
50,2,317,0,0,0,0,0,1,1,0,1,0,aleatorio
27,2,19,1,0,1,0,0,0,1,1,2,2,aleatorio
70,2,52,0,0,0,1,1,0,0,0,0,1,aleatorio
56,2,5,1,0,0,0,0,1,0,0,0,1,aleatorio
22,1,26,0,0,0,1,0,0,0,1,1,1,aleatorio
61,2,52,0,0,0,0,1,1,0,0,0,0,aleatorio
32,3,46,0,0,0,1,0,1,0,0,0,1,aleatorio
59,3,3,1,0,0,0,1,1,0,0,0,1,aleatorio
38,1,56,0,1,0,0,0,0,0,2,2,2,aleatorio
48,4,4,1,0,0,0,1,1,1,0,0,1,aleatorio
58,5,7,1,1,0,0,1,1,1,1,1,2,aleatorio
65,1,9,0,0,0,0,0,1,0,0,0,0,aleatorio
52,2,7,1,0,0,0,0,1,1,1,1,2,aleatorio
37,3,18,1,0,0,0,1,1,1,0,0,1,aleatorio
25,1,8,0,0,0,0,0,0,1,0,1,0,aleatorio
28,1,18,0,0,0,0,0,0,1,1,1,1,aleatorio
66,5,195,0,1,1,1,0,0,1,1,4,2,aleatorio
44,1,234,0,0,0,0,1,0,0,0,1,0,aleatorio
24,2,25,1,0,0,0,1,1,0,1,1,1,aleatorio
45,6,2,1,1,1,1,0,1,1,1,1,2,aleatorio
69,2,91,0,0,0,0,1,0,0,0,0,0,aleatorio
30,2,11,1,0,0,1,0,0,1,0,0,2,aleatorio
18,2,4,1,0,1,1,0,0,0,0,0,2,aleatorio
55,4,6,1,0,1,0,1,0,1,0,1,2,aleatorio
24,3,19,1,0,0,1,1,1,0,0,0,2,aleatorio
45,1,164,0,0,1,0,0,0,0,0,0,2,aleatorio
29,1,20,0,0,0,0,1,0,0,0,0,0,aleatorio
20,1,42,0,0,0,0,0,0,1,0,0,0,aleatorio
22,5,1,1,0,1,0,1,1,1,0,0,2,aleatorio
61,2,52,0,0,1,0,0,0,1,3,3,2,aleatorio
64,1,29,0,0,0,0,0,1,0,1,1,1,aleatorio
38,1,55,0,0,0,0,0,0,1,2,2,1,aleatorio
40,1,4,0,0,0,0,1,0,0,0,0,0,aleatorio
37,1,83,0,0,0,0,0,1,0,1,1,1,aleatorio
47,0,999,0,0,0,0,0,0,0,2,4,1,aleatorio
56,3,3,1,0,1,1,0,1,0,3,4,2,aleatorio
29,1,226,0,0,0,0,0,0,1,2,2,1,aleatorio
30,0,999,0,0,0,0,0,0,0,1,1,1,aleatorio
20,1,209,0,0,0,0,0,0,1,0,0,0,aleatorio
47,5,9,1,0,0,0,1,1,1,0,0,1,aleatorio
61,1,14,0,0,0,1,0,0,0,0,0,1,aleatorio
63,3,49,0,0,0,1,1,0,0,1,2,1,aleatorio
32,3,1,1,0,0,0,0,1,1,0,0,1,aleatorio
64,1,47,0,0,0,0,0,0,1,2,2,1,aleatorio
57,2,6,1,0,0,0,1,0,1,0,0,1,aleatorio
39,2,14,1,0,0,0,0,0,1,0,0,1,aleatorio
68,1,57,0,0,0,0,0,1,0,0,0,0,aleatorio
66,1,10,0,0,0,0,0,1,0,0,0,0,aleatorio
52,3,5,1,1,1,0,0,1,0,0,0,2,aleatorio
62,2,138,0,0,0,0,0,1,1,1,1,1,aleatorio
24,3,28,1,1,0,1,1,0,0,0,0,2,aleatorio
40,2,6,1,0,1,0,0,0,0,0,1,2,aleatorio
52,2,9,1,0,0,0,1,1,0,0,1,1,aleatorio
51,3,12,1,1,1,1,0,0,0,0,0,2,aleatorio
27,1,238,0,0,0,0,1,0,0,0,0,0,aleatorio
61,3,43,0,0,1,0,1,1,0,0,0,2,aleatorio
56,3,2,1,0,0,0,0,1,1,1,1,2,aleatorio
63,1,275,0,0,0,0,0,1,0,0,0,0,aleatorio
67,0,999,0,0,0,0,0,0,0,2,2,1,aleatorio
33,1,56,0,0,0,0,0,0,1,0,0,0,aleatorio
18,1,387,0,0,0,0,1,0,0,1,1,1,aleatorio
28,5,2,1,0,1,0,0,1,1,0,1,2,aleatorio
20,3,9,1,0,0,1,1,0,0,0,0,2,aleatorio
56,1,3,0,0,0,0,0,0,1,0,0,0,aleatorio
32,1,31,0,0,0,0,1,0,0,0,0,0,aleatorio
50,1,271,0,0,0,0,1,0,0,0,0,0,aleatorio
52,2,34,0,0,0,0,1,0,1,0,0,0,aleatorio
41,4,4,1,0,0,1,1,0,1,0,0,2,aleatorio
41,5,4,1,1,0,1,0,0,1,0,0,2,aleatorio
20,1,4,0,0,0,0,1,0,0,0,0,0,aleatorio
33,4,0,1,0,1,0,0,1,1,0,1,2,aleatorio
28,6,6,1,1,1,0,1,1,1,0,0,2,aleatorio
25,2,12,1,1,0,0,0,0,1,0,0,2,aleatorio
57,2,33,0,0,0,0,1,0,1,0,0,0,aleatorio
37,2,55,0,0,0,0,1,1,0,0,0,0,aleatorio
55,6,1,1,0,0,1,0,1,1,0,0,2,aleatorio
48,3,6,1,0,0,0,1,1,0,0,0,1,aleatorio
26,2,219,0,0,0,0,1,0,0,1,1,1,aleatorio
52,2,20,1,0,0,1,0,0,1,2,2,2,aleatorio
51,3,36,0,0,0,0,1,1,1,0,0,0,aleatorio
31,1,10,0,0,0,0,0,0,1,0,0,0,aleatorio
44,6,15,1,1,1,0,0,0,1,0,1,2,aleatorio
41,1,45,0,0,0,0,1,0,0,0,0,0,aleatorio
66,4,6,1,0,0,0,1,1,1,0,0,1,aleatorio
26,6,1,1,1,0,1,1,0,0,0,0,2,aleatorio
30,3,2,1,1,0,0,0,1,0,0,0,2,aleatorio
48,2,254,0,0,0,0,0,1,0,0,0,0,aleatorio
61,1,40,0,0,0,0,0,0,1,0,0,0,aleatorio
68,2,2,1,0,0,0,0,1,0,0,0,1,aleatorio
49,2,2,1,1,0,0,1,0,0,1,2,2,aleatorio
41,1,8,0,0,1,0,0,0,0,0,0,2,aleatorio
60,1,37,0,0,0,0,0,1,0,0,0,0,aleatorio
53,2,8,1,0,1,0,1,0,0,0,0,2,aleatorio
37,2,3,1,0,0,0,1,0,1,0,0,1,aleatorio
20,1,3,0,0,0,1,0,0,0,0,0,1,aleatorio
28,6,0,1,0,0,0,1,1,1,0,0,1,aleatorio
27,3,5,1,0,0,1,1,0,1,0,0,2,aleatorio
44,1,7,0,1,0,0,0,0,0,0,0,2,aleatorio
19,1,32,0,0,0,1,0,0,0,0,0,1,aleatorio
59,1,245,0,0,0,0,1,0,0,0,0,0,aleatorio
25,2,15,1,0,0,0,1,0,0,0,0,1,aleatorio
27,3,8,1,0,0,0,1,1,0,0,0,1,aleatorio
41,1,24,0,0,0,0,0,1,0,0,0,0,aleatorio
25,1,29,0,0,0,0,0,1,0,0,1,0,aleatorio
29,1,189,0,0,0,1,0,0,0,0,0,1,aleatorio
33,2,37,0,1,0,0,0,1,0,0,0,2,aleatorio
55,4,12,1,0,0,0,0,1,1,0,0,1,aleatorio
61,5,9,1,1,0,0,0,1,1,0,0,2,aleatorio
52,1,124,0,0,1,0,0,0,0,0,0,2,aleatorio
68,2,6,1,0,0,0,1,1,0,0,0,1,aleatorio
45,2,23,1,1,0,0,1,0,0,0,1,2,aleatorio
56,2,16,1,0,0,0,1,1,0,0,1,1,aleatorio
39,2,3,1,0,1,0,1,0,0,0,0,2,aleatorio
60,4,2,1,0,0,1,0,1,0,1,1,2,aleatorio
41,2,43,0,0,0,0,0,1,1,2,2,1,aleatorio
29,2,53,0,0,0,0,1,1,0,0,0,0,aleatorio
43,1,3,0,0,0,0,0,1,0,0,0,0,aleatorio
44,1,325,0,0,0,0,0,0,1,0,0,0,aleatorio
67,1,8,0,0,0,0,0,1,0,0,0,0,aleatorio
38,0,999,0,0,0,0,0,0,0,4,4,1,aleatorio
28,5,7,1,0,1,0,1,1,1,0,2,2,aleatorio
39,5,11,1,1,0,0,1,1,0,1,3,2,aleatorio
25,2,10,1,0,0,0,1,0,0,0,0,1,aleatorio
70,1,0,0,0,0,0,0,0,1,0,0,0,aleatorio
33,1,9,0,0,0,1,0,0,0,0,0,1,aleatorio
54,1,7,0,0,0,0,0,1,0,0,0,0,aleatorio
50,4,11,1,1,0,0,1,1,1,0,0,2,aleatorio
65,1,38,0,0,0,0,1,0,0,0,0,0,aleatorio
64,1,42,0,0,0,0,1,0,0,0,0,0,aleatorio
51,1,5,0,0,0,0,0,0,1,0,0,0,aleatorio
39,1,20,0,0,0,1,0,0,0,0,1,1,aleatorio
30,2,11,1,0,1,1,0,0,0,0,0,2,aleatorio
49,4,20,1,1,1,1,0,0,0,0,0,2,aleatorio
60,5,0,1,0,1,1,0,0,1,1,4,2,aleatorio
58,1,109,0,0,0,0,1,0,0,0,0,0,aleatorio
18,1,9,0,0,0,0,1,0,0,0,0,0,aleatorio
62,3,8,1,1,0,1,0,0,0,0,0,2,aleatorio
59,1,3,0,0,0,0,0,1,0,0,0,0,aleatorio
36,6,5,1,1,0,1,1,1,1,0,0,2,aleatorio
58,2,24,1,1,1,0,0,0,0,1,1,2,aleatorio
29,1,50,0,0,0,0,0,1,0,0,0,0,aleatorio
46,2,69,0,0,1,0,1,0,0,0,0,2,aleatorio
49,3,57,0,0,0,1,0,1,0,1,2,1,aleatorio
67,5,10,1,1,0,1,0,1,0,0,0,2,aleatorio
43,1,329,0,0,0,0,1,0,0,0,0,0,aleatorio
46,3,2,1,0,0,0,1,1,0,0,0,1,aleatorio
70,1,7,0,0,1,0,0,0,0,0,0,2,aleatorio
26,1,58,0,0,0,0,1,0,0,0,0,0,aleatorio
65,2,37,0,0,0,0,0,1,1,0,0,0,aleatorio
22,4,3,1,0,1,1,1,0,1,2,2,2,aleatorio
47,4,1,1,0,0,0,1,1,1,1,1,2,aleatorio
18,2,130,0,0,0,0,1,0,0,0,0,0,aleatorio
23,3,20,1,1,0,0,1,0,0,1,1,2,aleatorio
56,1,276,0,0,0,0,0,1,0,0,0,0,aleatorio
70,4,12,1,1,0,1,0,0,1,2,3,2,aleatorio
46,1,233,0,0,0,0,1,0,0,0,0,0,aleatorio
62,1,48,0,0,0,0,0,0,1,0,0,0,aleatorio
24,1,47,0,0,0,0,0,1,0,0,0,0,aleatorio
29,1,337,0,1,0,0,0,0,0,0,0,2,aleatorio
60,1,44,0,0,0,0,0,1,0,0,0,0,aleatorio
60,1,3,0,0,0,0,0,1,0,0,0,0,aleatorio
49,3,16,1,1,1,0,1,0,0,0,2,2,aleatorio
47,2,35,0,0,0,0,0,1,0,0,0,0,aleatorio
36,1,8,0,0,0,0,0,0,1,0,0,0,aleatorio
70,4,12,1,0,1,1,0,1,0,0,0,2,aleatorio
29,6,8,1,0,1,1,0,1,1,0,0,2,aleatorio
45,5,7,1,0,0,1,1,0,1,0,0,2,aleatorio
45,1,368,0,0,0,0,0,0,1,1,1,1,aleatorio
70,4,14,1,0,0,0,1,1,1,1,1,2,aleatorio
24,1,53,0,0,0,0,0,0,1,0,0,0,aleatorio
19,1,58,0,0,0,0,1,0,0,0,0,0,aleatorio
46,2,47,0,0,0,1,1,0,0,0,0,1,aleatorio
40,1,33,0,0,0,0,0,1,0,0,0,0,aleatorio
54,3,35,0,0,0,0,0,1,1,0,0,0,aleatorio
46,4,5,1,1,0,0,1,1,0,0,0,2,aleatorio
60,1,63,0,0,0,1,0,0,0,0,0,1,aleatorio
50,1,374,0,0,0,0,0,1,0,0,0,0,aleatorio
66,1,163,0,0,0,0,1,0,0,0,0,0,aleatorio
41,1,2,0,0,0,0,1,0,0,0,0,0,aleatorio
48,3,49,0,0,0,1,1,0,1,0,0,1,aleatorio
36,2,8,1,0,0,0,1,0,1,0,0,1,aleatorio
30,2,38,0,1,0,0,1,0,0,1,1,2,aleatorio
36,1,224,0,0,0,0,0,1,0,0,0,0,aleatorio
25,6,4,1,0,1,1,0,1,1,2,2,2,aleatorio
37,4,1,1,1,0,1,0,1,1,1,1,2,aleatorio
67,1,45,0,0,0,1,0,0,0,0,0,1,aleatorio
50,1,26,0,0,0,0,0,0,1,0,0,0,aleatorio
66,1,30,0,0,0,0,0,1,0,0,0,0,aleatorio
38,2,36,0,0,0,0,0,1,1,1,1,1,aleatorio
20,4,0,1,1,0,0,1,1,0,0,0,2,aleatorio
50,2,41,0,0,0,0,0,0,1,0,0,0,aleatorio
42,1,9,0,0,0,0,1,0,0,0,0,0,aleatorio
33,6,8,1,1,0,1,0,1,0,1,1,2,aleatorio
44,4,1,1,0,1,0,1,1,1,0,0,2,aleatorio
69,4,8,1,0,1,1,1,0,0,0,1,2,aleatorio
61,2,44,0,0,0,0,0,1,1,1,1,1,aleatorio
47,1,1,0,0,0,0,0,1,0,0,0,0,aleatorio
41,1,6,0,0,0,0,1,0,0,0,0,0,aleatorio
25,2,57,0,0,0,0,1,1,0,1,2,1,aleatorio
38,5,7,1,0,0,1,1,1,1,0,0,2,aleatorio
37,6,6,1,1,1,1,0,1,1,0,0,2,aleatorio
54,3,27,1,1,0,1,0,0,1,0,0,2,aleatorio
35,1,4,0,0,1,0,0,0,0,0,0,2,aleatorio
64,4,33,0,0,0,1,1,0,1,0,0,1,aleatorio
38,3,6,1,1,0,1,0,1,0,3,3,2,aleatorio
31,1,54,0,0,0,0,0,0,1,0,0,0,aleatorio
22,2,49,0,0,0,0,1,1,0,0,0,0,aleatorio
36,1,48,0,0,0,0,0,1,0,0,0,0,aleatorio
21,1,17,0,0,0,0,0,1,0,0,0,0,aleatorio
40,2,5,1,0,0,0,1,0,1,0,0,1,aleatorio
22,1,371,0,0,0,0,0,0,1,0,0,0,aleatorio
63,1,12,0,0,0,0,1,0,0,0,1,0,aleatorio
26,1,12,0,0,0,1,0,0,0,0,0,1,aleatorio
60,4,0,1,0,0,1,1,0,1,0,0,2,aleatorio
42,1,40,0,0,0,0,0,0,1,0,0,0,aleatorio
37,3,12,1,0,0,0,1,0,1,0,0,1,aleatorio
33,1,271,0,1,0,0,0,0,0,0,0,2,aleatorio
59,3,2,1,0,0,0,1,1,0,0,0,1,aleatorio
35,3,8,1,0,0,0,1,1,1,0,0,1,aleatorio
41,3,0,1,1,0,0,1,0,0,1,1,2,aleatorio
32,3,5,1,0,0,0,1,1,1,0,0,1,aleatorio
46,2,1,1,1,0,1,0,0,0,0,0,2,aleatorio
24,5,7,1,0,0,0,1,1,0,0,0,1,aleatorio
20,2,12,1,0,0,0,0,0,1,2,2,2,aleatorio
28,1,4,0,0,0,0,0,1,0,0,0,0,aleatorio
55,1,53,0,0,0,0,0,1,0,0,0,0,aleatorio
35,1,37,0,0,0,1,0,0,0,1,1,1,aleatorio
24,1,0,0,0,0,0,0,0,1,0,0,0,aleatorio
61,1,184,0,0,0,0,1,0,0,0,0,0,aleatorio
35,1,41,0,0,0,0,0,1,0,0,0,0,aleatorio
47,1,23,0,0,0,0,1,0,0,0,0,0,aleatorio
50,1,282,0,0,0,0,1,0,0,0,0,0,aleatorio
19,4,13,1,0,0,1,0,1,0,3,4,2,aleatorio
37,1,2,0,0,0,0,0,0,1,0,0,0,aleatorio
66,1,24,0,0,0,0,0,1,0,0,0,0,aleatorio
57,1,1,0,0,0,0,1,0,0,0,0,0,aleatorio
30,1,215,0,0,0,0,0,0,1,1,3,1,aleatorio
30,1,17,0,0,0,0,0,1,0,1,1,1,aleatorio
55,1,375,0,0,0,0,1,0,0,0,0,0,aleatorio
44,2,35,0,0,0,0,0,1,0,0,0,0,aleatorio
68,2,3,1,0,0,0,1,1,0,2,2,2,aleatorio
63,1,32,0,0,0,1,0,0,0,0,0,1,aleatorio
42,6,11,1,0,0,0,1,1,1,1,1,2,aleatorio
64,2,155,0,0,0,1,0,0,1,1,1,1,aleatorio
47,1,5,0,0,0,0,0,0,1,0,0,0,aleatorio
47,1,19,0,0,0,0,0,0,1,0,0,0,aleatorio
67,2,0,1,1,0,0,1,0,0,0,0,2,aleatorio
46,1,29,0,0,0,0,0,0,1,3,4,1,aleatorio
61,1,7,0,0,0,0,0,1,0,0,0,0,aleatorio
45,1,397,0,0,0,1,0,0,0,1,1,1,aleatorio
30,3,23,1,1,0,0,0,1,1,0,0,2,aleatorio
56,2,0,1,0,1,0,0,1,0,0,1,2,aleatorio
49,3,10,1,0,1,0,1,1,0,2,4,2,aleatorio
38,3,3,1,1,0,0,1,1,0,1,1,2,aleatorio
59,1,85,0,0,0,0,1,0,0,0,0,0,aleatorio
66,2,106,0,0,0,1,0,1,0,1,2,1,aleatorio
40,3,29,1,0,1,0,1,0,0,1,1,2,aleatorio
41,3,324,0,0,0,1,0,1,0,0,0,1,aleatorio
44,6,4,1,1,0,1,1,1,0,1,1,2,aleatorio
22,5,9,1,1,1,1,0,1,0,0,0,2,aleatorio
59,4,41,0,0,0,1,0,1,0,0,0,1,aleatorio
41,2,54,0,0,0,0,1,0,0,0,0,0,aleatorio
27,1,315,0,0,0,0,0,0,1,0,0,0,aleatorio
57,5,3,1,0,0,1,1,1,0,2,2,2,aleatorio
36,4,32,0,1,0,1,1,0,0,1,2,2,aleatorio
54,2,6,1,0,1,0,0,0,1,1,1,2,aleatorio
49,3,56,0,1,0,1,0,1,0,1,2,2,aleatorio
49,3,0,1,1,1,0,0,1,0,0,0,2,aleatorio
62,1,57,0,0,0,0,0,1,0,1,1,1,aleatorio
38,1,53,0,0,0,0,0,0,1,0,0,0,aleatorio
37,0,999,0,0,0,0,0,0,0,1,2,1,aleatorio
48,2,17,1,0,1,1,0,0,0,0,0,2,aleatorio
28,1,398,0,0,0,0,1,0,0,0,0,0,aleatorio
66,5,6,1,0,0,0,1,1,1,1,2,2,aleatorio
22,1,254,0,0,0,0,0,0,1,0,0,0,aleatorio
55,4,5,1,0,0,0,1,1,0,0,0,1,aleatorio
53,1,369,0,0,0,0,0,1,0,0,0,0,aleatorio
23,1,56,0,0,0,0,1,0,0,0,0,0,aleatorio
40,1,164,0,0,0,0,1,0,0,0,0,0,aleatorio
43,1,14,0,0,0,0,1,0,0,0,0,0,aleatorio
30,3,3,1,0,1,0,1,1,0,3,4,2,aleatorio
27,1,101,0,0,0,0,1,0,0,0,0,0,aleatorio
70,1,11,0,0,0,0,0,1,0,0,0,0,aleatorio
65,2,209,0,0,0,0,0,1,0,0,1,0,aleatorio
27,2,43,0,0,0,0,1,1,0,0,0,0,aleatorio
54,4,1,1,1,0,1,1,0,0,0,0,2,aleatorio
29,3,40,0,1,0,0,0,1,1,1,3,2,aleatorio
62,1,58,0,0,0,1,0,0,0,0,0,1,aleatorio
22,4,29,1,0,0,1,1,1,1,1,1,2,aleatorio
41,2,7,1,1,0,0,1,0,0,0,0,2,aleatorio
36,2,3,1,0,0,0,1,0,1,4,4,2,aleatorio
24,1,298,0,0,0,0,0,1,0,1,1,1,aleatorio
41,2,79,0,0,0,0,1,0,0,1,1,1,aleatorio
43,3,49,0,0,0,0,0,1,0,0,0,0,aleatorio
66,3,2,1,0,0,0,1,1,1,0,0,1,aleatorio
47,1,261,0,0,0,0,1,0,0,0,1,0,aleatorio
42,6,10,1,0,0,0,1,1,0,0,0,1,aleatorio
32,2,3,1,0,1,0,0,1,0,0,0,2,aleatorio
45,6,5,1,0,1,1,1,1,0,0,1,2,aleatorio
49,2,107,0,0,0,0,1,1,0,0,0,0,aleatorio
45,2,84,0,1,0,1,0,0,0,1,1,2,aleatorio
22,2,19,1,0,0,1,0,1,0,0,0,2,aleatorio
29,5,1,1,0,0,1,1,1,0,0,0,2,aleatorio
53,1,255,0,0,0,1,0,0,0,0,0,1,aleatorio
62,1,310,0,0,0,1,0,0,0,0,0,1,aleatorio
18,1,104,0,0,0,0,0,0,1,2,2,1,aleatorio
65,4,33,0,0,0,0,1,1,0,0,0,0,aleatorio
50,5,25,1,1,0,1,1,0,0,0,0,2,aleatorio
24,1,5,0,0,0,0,0,1,0,0,0,0,aleatorio
30,2,33,0,0,0,1,0,1,0,0,0,1,aleatorio
45,3,7,1,0,0,0,1,1,0,0,0,1,aleatorio
39,1,6,0,0,0,0,1,0,0,0,0,0,aleatorio
63,2,135,0,0,0,1,0,0,1,0,0,1,aleatorio
66,6,0,1,1,0,1,1,0,1,1,1,2,aleatorio
27,1,8,0,0,0,0,0,1,0,0,0,0,aleatorio
33,2,4,1,0,0,0,1,1,0,0,0,1,aleatorio
23,2,36,0,1,0,1,0,0,0,0,0,2,aleatorio
27,4,43,0,0,0,1,1,1,0,0,0,1,aleatorio
29,1,344,0,0,0,0,1,0,0,0,0,0,aleatorio
27,1,8,0,0,0,1,0,0,0,1,1,2,aleatorio
20,1,1,0,0,0,1,0,0,0,0,0,1,aleatorio
44,1,20,0,0,0,0,1,0,0,0,0,0,aleatorio
36,1,361,0,0,0,0,0,1,0,0,0,0,aleatorio
49,3,10,1,0,1,0,1,0,1,1,2,2,aleatorio
45,2,2,1,0,0,0,1,1,0,1,1,2,aleatorio
20,2,49,0,0,0,0,0,1,1,0,0,0,aleatorio
54,1,33,0,0,0,0,1,0,0,0,0,0,aleatorio
22,2,8,1,0,0,0,1,1,0,0,0,1,aleatorio
66,1,35,0,0,0,1,0,0,0,0,1,1,aleatorio
23,2,15,1,1,0,0,0,0,1,4,4,2,aleatorio
63,1,51,0,0,0,0,0,1,0,0,0,0,aleatorio
63,1,229,0,0,0,1,0,0,0,0,0,1,aleatorio
27,0,999,0,0,0,0,0,0,0,1,1,1,aleatorio
19,2,23,1,0,1,0,1,0,0,0,0,2,aleatorio
19,2,24,1,0,0,0,1,0,0,1,1,1,aleatorio
18,1,44,0,1,0,0,0,0,0,0,0,2,aleatorio
32,6,0,1,1,1,0,1,0,1,0,0,2,aleatorio
59,4,52,0,0,0,1,1,0,0,0,0,1,aleatorio
31,5,15,1,1,1,1,0,1,0,1,1,2,aleatorio
66,1,21,0,0,0,0,0,1,0,0,0,0,aleatorio
69,3,2,1,0,0,1,0,1,0,0,0,2,aleatorio
60,2,35,0,1,0,0,0,0,1,0,0,2,aleatorio
23,0,999,0,0,0,0,0,0,0,1,1,1,aleatorio
66,1,27,0,0,0,1,0,0,0,0,0,1,aleatorio
68,2,28,1,0,0,0,1,1,0,0,0,1,aleatorio
36,1,209,0,0,0,1,0,0,0,0,0,1,aleatorio
58,1,234,0,0,1,0,0,0,0,0,0,2,aleatorio
47,2,36,0,0,0,0,0,0,1,0,0,0,aleatorio
66,3,81,0,0,0,1,1,0,0,2,3,1,aleatorio
49,1,338,0,1,0,0,0,0,0,0,0,2,aleatorio
69,3,12,1,0,1,0,1,1,0,0,0,2,aleatorio
38,1,275,0,0,1,0,0,0,0,0,0,2,aleatorio
28,1,5,0,0,0,0,1,0,0,1,1,2,aleatorio
21,1,54,0,0,0,0,1,0,0,0,0,0,aleatorio
62,1,50,0,0,0,0,0,1,0,0,0,0,aleatorio
43,1,22,0,0,0,0,1,0,0,0,0,0,aleatorio
42,5,38,0,0,0,1,1,0,1,0,0,1,aleatorio
25,1,5,0,0,0,1,0,0,0,1,1,2,aleatorio
57,3,11,1,0,0,1,1,1,0,0,0,2,aleatorio
62,4,1,1,0,0,0,1,1,0,0,0,1,aleatorio
46,3,10,1,1,0,0,0,1,1,3,4,2,aleatorio
57,1,49,0,1,0,0,0,0,0,0,0,2,aleatorio
24,3,36,0,0,0,1,0,1,0,0,0,1,aleatorio
59,1,57,0,0,0,1,0,0,0,1,3,1,aleatorio
57,1,42,0,0,0,0,0,1,0,0,0,0,aleatorio
24,1,385,0,0,0,0,1,0,0,0,0,0,aleatorio
66,2,14,1,1,0,0,1,0,0,0,0,2,aleatorio
48,1,29,0,0,0,0,0,0,1,1,2,1,aleatorio
30,5,12,1,0,0,1,0,1,1,2,2,2,aleatorio
63,5,7,1,0,1,0,1,1,0,0,0,2,aleatorio
46,2,6,1,0,0,0,0,1,1,0,0,1,aleatorio
39,1,17,0,0,0,0,0,0,1,0,0,0,aleatorio
25,1,181,0,0,0,0,0,1,0,0,1,0,aleatorio
65,3,6,1,0,0,0,1,0,1,0,0,1,aleatorio
30,2,35,0,0,0,0,0,1,1,1,1,1,aleatorio
45,1,47,0,0,0,0,0,0,1,0,0,0,aleatorio
22,6,25,1,0,1,1,1,1,1,0,0,2,aleatorio
18,1,49,0,0,0,0,0,1,0,0,0,0,aleatorio
41,2,5,1,1,0,0,1,0,0,0,1,2,aleatorio
53,4,11,1,0,0,1,1,0,1,0,0,2,aleatorio
64,1,23,0,1,0,0,0,0,0,0,1,2,aleatorio
59,1,2,0,0,0,0,0,1,0,0,1,0,aleatorio
43,3,40,0,1,1,0,0,0,1,0,0,2,aleatorio
69,4,6,1,0,1,1,0,1,0,0,0,2,aleatorio
43,1,53,0,0,0,0,1,0,0,0,0,0,aleatorio
45,2,3,1,0,0,0,1,0,1,0,0,1,aleatorio
28,2,152,0,0,0,0,0,1,1,0,1,0,aleatorio
55,1,0,0,0,0,0,1,0,0,1,1,2,aleatorio
46,1,1,0,0,0,0,0,1,0,0,0,0,aleatorio
58,4,11,1,0,0,0,1,1,1,0,0,1,aleatorio
53,1,1,0,0,0,0,0,0,1,0,1,0,aleatorio
53,3,22,1,1,1,0,0,0,1,4,4,2,aleatorio
69,3,9,1,0,0,1,1,1,0,0,1,2,aleatorio
70,1,41,0,0,0,1,0,0,0,3,3,1,aleatorio
59,2,12,1,0,0,1,0,0,0,1,1,2,aleatorio
49,1,233,0,1,0,0,0,0,0,0,0,2,aleatorio
31,6,4,1,1,0,0,1,1,1,1,1,2,aleatorio
52,1,3,0,0,0,0,1,0,0,0,0,0,aleatorio
35,4,18,1,0,0,0,1,1,1,0,0,1,aleatorio
31,4,44,0,0,1,0,1,0,1,0,0,2,aleatorio
70,4,7,1,0,0,0,1,1,1,0,0,1,aleatorio
28,2,8,1,0,0,1,1,0,0,0,2,2,aleatorio
69,5,6,1,1,0,1,0,1,1,1,1,2,aleatorio
68,1,23,0,0,0,1,0,0,0,0,0,1,aleatorio
45,1,6,0,0,0,0,0,0,1,0,0,0,aleatorio
36,4,5,1,0,0,0,1,1,1,0,0,1,aleatorio
22,1,44,0,0,0,1,0,0,0,2,3,1,aleatorio
57,3,8,1,1,1,0,0,0,0,1,1,2,aleatorio
41,2,14,1,0,0,0,1,0,0,0,0,1,aleatorio
30,1,33,0,0,0,1,0,0,0,0,0,1,aleatorio
20,3,15,1,1,1,0,1,0,0,0,0,2,aleatorio
51,1,11,0,1,0,0,0,0,0,0,0,2,aleatorio
53,1,209,0,0,0,1,0,0,0,0,1,1,aleatorio
31,3,3,1,0,1,1,0,0,1,0,0,2,aleatorio
32,1,44,0,0,0,0,0,0,1,0,0,0,aleatorio
26,1,47,0,0,0,0,0,0,1,0,0,0,aleatorio
55,1,2,0,0,0,1,0,0,0,0,0,1,aleatorio
61,1,268,0,0,0,0,1,0,0,0,0,0,aleatorio
44,2,15,1,1,0,0,0,0,1,1,2,2,aleatorio
67,1,59,0,0,0,0,0,0,1,1,1,1,aleatorio
69,5,2,1,1,0,0,1,1,0,1,2,2,aleatorio
46,2,14,1,1,0,0,0,0,1,2,4,2,aleatorio
52,2,11,1,0,0,1,0,0,1,1,2,2,aleatorio
58,1,58,0,0,0,0,0,1,0,0,0,0,aleatorio
68,2,9,1,0,1,0,0,1,0,0,0,2,aleatorio
41,2,40,0,0,1,0,1,0,0,0,0,2,aleatorio
41,6,2,1,0,1,0,1,0,1,0,0,2,aleatorio
40,2,3,1,0,0,0,1,1,0,0,0,1,aleatorio
51,2,108,0,0,0,1,0,1,0,1,1,1,aleatorio
63,3,30,1,0,1,0,1,1,0,3,4,2,aleatorio
43,1,123,0,0,0,0,0,0,1,2,2,1,aleatorio
23,1,11,0,0,0,0,0,0,1,2,2,2,aleatorio
45,3,12,1,0,1,0,0,1,1,0,1,2,aleatorio
67,1,26,0,0,0,1,0,0,0,0,0,1,aleatorio
52,2,55,0,0,0,0,1,1,0,0,0,0,aleatorio
18,1,236,0,0,0,1,0,0,0,0,0,1,aleatorio
42,2,46,0,0,0,1,0,1,0,3,3,1,aleatorio
63,4,12,1,1,1,1,0,0,1,0,0,2,aleatorio
43,3,51,0,0,0,0,0,1,1,0,0,0,aleatorio
59,2,12,1,0,0,0,1,1,0,0,0,1,aleatorio
31,1,120,0,0,0,0,0,1,0,2,3,1,aleatorio
48,1,9,0,0,0,0,0,0,1,0,0,0,aleatorio
53,1,100,0,0,0,0,1,0,0,1,1,1,aleatorio
18,3,7,1,1,0,0,0,1,1,0,0,2,aleatorio
67,2,1,1,0,0,0,1,1,0,1,2,2,aleatorio
58,1,337,0,0,0,1,0,0,0,2,2,1,aleatorio
55,1,216,0,0,0,0,0,0,1,0,0,0,aleatorio
64,4,4,1,0,0,0,1,1,0,0,0,1,aleatorio
48,2,3,1,0,0,0,1,0,0,0,0,1,aleatorio
36,1,151,0,0,0,1,0,0,0,0,0,1,aleatorio
41,2,54,0,0,0,1,0,0,1,0,0,1,aleatorio
28,1,74,0,0,0,0,0,1,0,0,0,0,aleatorio
24,0,999,0,0,0,0,0,0,0,2,2,1,aleatorio
36,2,291,0,0,0,1,0,1,0,0,0,1,aleatorio
56,2,57,0,0,0,0,1,0,0,0,0,0,aleatorio
28,1,3,0,0,0,0,0,1,0,0,0,0,aleatorio
58,1,15,0,0,0,0,1,0,0,0,0,0,aleatorio
30,1,11,0,0,0,0,1,0,0,0,0,0,aleatorio
26,3,49,0,0,0,1,0,1,1,0,0,1,aleatorio
64,1,400,0,0,0,0,1,0,0,0,0,0,aleatorio
53,3,288,0,0,0,0,1,0,1,1,1,1,aleatorio
54,4,0,1,0,1,0,0,1,0,0,0,2,aleatorio
62,5,1,1,1,1,0,0,0,1,0,0,2,aleatorio
32,2,34,0,0,0,0,1,0,1,1,3,1,aleatorio
63,1,337,0,0,0,0,0,0,1,1,1,1,aleatorio
37,2,45,0,1,0,0,1,0,0,0,2,2,aleatorio
49,1,346,0,0,0,0,0,1,0,0,0,0,aleatorio
38,1,85,0,0,0,0,0,1,0,0,0,0,aleatorio
59,2,209,0,0,0,0,1,1,0,0,0,0,aleatorio
32,1,128,0,0,0,0,0,1,0,0,0,0,aleatorio
69,4,1,1,0,0,1,1,1,1,0,0,2,aleatorio
62,1,42,0,0,0,0,1,0,0,0,0,0,aleatorio
36,5,9,1,1,0,0,1,0,1,1,2,2,aleatorio
35,2,0,1,1,0,0,0,1,0,1,1,2,aleatorio
60,2,207,0,0,0,0,0,1,0,0,0,0,aleatorio
32,1,210,0,0,0,0,1,0,0,0,0,0,aleatorio
70,4,1,1,0,0,0,1,1,1,0,0,1,aleatorio
48,3,8,1,0,0,1,1,0,0,1,1,2,aleatorio
64,4,22,1,1,0,1,0,1,0,0,0,2,aleatorio
49,1,46,0,0,0,1,0,0,0,1,1,1,aleatorio
25,1,13,0,0,0,0,1,0,0,0,0,0,aleatorio
54,6,0,1,1,0,1,0,0,1,1,2,2,aleatorio
32,3,18,1,1,0,0,1,0,0,0,0,2,aleatorio
38,1,18,0,0,0,0,0,1,0,0,0,0,aleatorio
37,5,4,1,1,1,1,0,1,1,0,0,2,aleatorio
45,1,173,0,0,0,0,1,0,0,1,1,1,aleatorio
36,2,12,1,1,0,0,0,0,1,0,1,2,aleatorio
65,2,45,0,0,0,0,0,0,1,0,1,0,aleatorio
55,2,60,0,0,0,0,0,1,1,0,0,0,aleatorio
41,3,38,0,0,0,1,1,1,0,0,0,1,aleatorio
37,1,127,0,0,0,1,0,0,0,1,1,1,aleatorio
32,3,253,0,0,1,0,0,1,0,0,0,2,aleatorio
21,1,188,0,0,0,1,0,0,0,0,0,1,aleatorio
24,2,36,0,0,1,1,0,0,0,0,1,2,aleatorio
31,2,13,1,0,0,0,0,1,1,0,0,1,aleatorio
33,1,356,0,0,0,0,0,1,0,0,1,0,aleatorio
21,1,136,0,0,0,0,0,1,0,0,0,0,aleatorio
70,1,0,0,0,0,0,1,0,0,0,0,0,aleatorio
51,2,44,0,0,0,1,0,0,1,1,1,1,aleatorio
53,2,4,1,0,0,0,0,1,0,0,0,1,aleatorio
64,3,3,1,0,0,0,0,1,1,0,0,1,aleatorio
68,2,15,1,0,0,0,1,1,0,3,4,2,aleatorio
69,2,1,1,0,0,0,1,0,0,0,0,1,aleatorio
21,1,260,0,0,0,0,1,0,0,2,2,1,aleatorio
44,1,18,0,0,0,0,0,1,0,0,0,0,aleatorio
40,2,2,1,0,0,0,1,1,0,0,0,1,aleatorio
19,2,9,1,0,0,1,1,0,0,0,1,2,aleatorio
24,4,7,1,0,0,0,1,1,0,0,0,1,aleatorio
19,5,12,1,0,0,0,1,1,1,0,0,1,aleatorio
56,3,6,1,1,0,1,1,0,0,1,1,2,aleatorio
44,1,292,0,0,0,0,0,1,0,0,1,0,aleatorio
18,0,999,0,0,0,0,0,0,0,3,4,1,aleatorio
61,1,278,0,0,0,1,0,0,0,1,1,1,aleatorio
30,3,4,1,1,0,1,0,0,0,0,0,2,aleatorio
27,2,31,0,0,0,0,1,0,0,0,1,0,aleatorio
44,3,0,1,0,0,1,1,1,0,0,0,2,aleatorio
33,1,92,0,0,0,0,0,1,0,0,0,0,aleatorio
30,4,19,1,0,0,0,1,1,1,0,0,1,aleatorio
20,2,34,0,0,0,0,1,0,1,0,1,0,aleatorio
35,1,36,0,0,0,0,1,0,0,2,2,1,aleatorio
29,1,13,0,0,0,0,0,0,1,0,0,0,aleatorio
68,1,37,0,0,1,0,0,0,0,0,2,2,aleatorio
44,1,193,0,0,0,0,1,0,0,0,0,0,aleatorio
18,1,31,0,0,0,1,0,0,0,2,2,1,aleatorio
24,1,37,0,1,0,0,0,0,0,0,0,2,aleatorio
53,2,27,1,0,0,1,0,0,0,0,1,2,aleatorio
60,3,11,1,1,1,0,0,1,0,0,2,2,aleatorio
62,2,5,1,0,0,0,1,0,1,0,0,1,aleatorio
30,6,12,1,0,1,1,1,1,0,0,0,2,aleatorio
40,1,60,0,0,0,0,1,0,0,0,0,0,aleatorio
32,1,277,0,0,0,0,0,1,0,2,3,1,aleatorio
41,1,3,0,0,0,0,1,0,0,0,0,0,aleatorio
28,1,21,0,0,0,0,0,1,0,0,1,0,aleatorio
59,2,37,0,0,0,0,0,1,1,0,0,0,aleatorio
33,2,33,0,1,0,1,0,0,0,0,2,2,aleatorio
51,1,164,0,0,0,1,0,0,0,1,1,1,aleatorio
19,2,19,1,0,0,0,0,1,0,3,3,1,aleatorio
54,2,8,1,0,0,0,0,0,1,0,0,1,aleatorio
57,1,123,0,0,0,1,0,0,0,0,0,1,aleatorio
62,1,115,0,0,0,0,0,1,0,0,0,0,aleatorio
61,3,20,1,0,1,0,0,1,0,0,0,2,aleatorio
20,1,299,0,0,0,0,0,0,1,0,0,0,aleatorio
44,1,3,0,0,0,0,0,1,0,0,0,0,aleatorio
27,6,3,1,1,0,1,0,1,1,0,0,2,aleatorio
37,1,395,0,0,0,0,0,0,1,1,1,1,aleatorio
21,1,40,0,0,0,0,0,1,0,0,0,0,aleatorio
58,1,4,0,0,0,1,0,0,0,0,0,1,aleatorio
51,2,32,0,0,0,1,0,1,0,0,0,1,aleatorio
30,1,104,0,0,0,0,1,0,0,0,0,0,aleatorio
57,4,10,1,0,0,0,1,1,1,0,1,1,aleatorio
30,2,55,0,0,0,0,1,0,0,0,0,0,aleatorio
66,1,3,0,0,0,0,0,0,1,0,0,0,aleatorio
57,2,10,1,1,0,1,0,0,0,0,0,2,aleatorio
45,1,38,0,0,0,0,1,0,0,0,0,0,aleatorio
58,1,51,0,0,0,0,0,0,1,1,1,1,aleatorio
62,3,239,0,0,0,0,1,1,0,0,0,0,aleatorio
58,1,28,0,0,0,0,1,0,0,0,1,0,aleatorio
19,5,16,1,1,0,1,1,1,1,0,0,2,aleatorio
54,1,215,0,0,0,1,0,0,0,0,0,1,aleatorio
25,2,17,1,0,0,0,1,0,1,0,0,1,aleatorio
59,2,5,1,0,0,0,1,0,0,0,0,1,aleatorio
34,1,51,0,0,0,0,0,0,1,0,0,0,aleatorio
19,1,4,0,0,0,0,1,0,0,0,1,0,aleatorio
46,3,5,1,1,0,0,1,0,1,0,0,2,aleatorio
54,5,2,1,1,0,0,1,1,0,0,0,2,aleatorio
55,1,60,0,0,0,0,0,1,0,0,1,0,aleatorio
62,1,323,0,0,0,0,0,1,0,0,0,0,aleatorio
33,2,22,1,0,1,1,0,0,0,0,1,2,aleatorio
48,1,43,0,0,0,0,1,0,0,0,0,0,aleatorio
69,2,11,1,0,0,0,0,1,1,0,0,1,aleatorio
20,6,0,1,1,0,0,1,1,1,0,0,2,aleatorio
68,1,46,0,0,0,0,1,0,0,2,2,1,aleatorio
41,1,255,0,0,0,1,0,0,0,0,0,1,aleatorio
66,1,8,0,0,0,0,1,0,0,0,0,0,aleatorio
68,1,314,0,0,0,0,0,1,0,0,0,0,aleatorio
65,1,169,0,0,0,0,1,0,0,0,0,0,aleatorio
47,2,342,0,0,0,0,0,1,1,1,1,1,aleatorio
51,1,0,0,0,0,0,0,1,0,0,0,0,aleatorio
46,1,13,0,0,0,0,0,1,0,0,0,0,aleatorio
42,1,356,0,0,0,0,1,0,0,0,0,0,aleatorio
56,1,11,0,0,0,0,0,0,1,0,0,0,aleatorio
62,1,40,0,0,0,0,1,0,0,0,0,0,aleatorio
40,2,13,1,1,0,0,1,0,0,1,1,2,aleatorio
68,2,41,0,0,0,0,1,0,0,0,1,0,aleatorio
37,6,0,1,0,0,0,1,0,1,0,0,1,aleatorio
64,1,271,0,0,0,0,0,1,0,0,0,0,aleatorio
47,6,32,0,0,1,1,1,0,0,2,2,2,aleatorio
26,2,46,0,0,0,0,1,0,1,0,0,0,aleatorio
18,5,1,1,0,1,0,1,0,0,2,2,2,aleatorio
39,3,6,1,1,1,0,1,0,0,1,1,2,aleatorio
37,2,27,1,0,0,0,1,0,0,1,1,1,aleatorio
68,4,26,1,0,1,0,1,0,1,0,0,2,aleatorio
26,1,385,0,0,0,0,0,1,0,3,4,1,aleatorio
20,2,15,1,0,0,0,0,1,0,0,0,1,aleatorio
24,1,15,0,0,0,0,1,0,0,0,0,0,aleatorio
31,4,6,1,0,0,0,1,1,1,0,0,1,aleatorio
31,5,8,1,0,0,0,1,0,1,0,0,1,aleatorio
52,1,8,0,0,0,1,0,0,0,1,1,2,aleatorio
20,2,19,1,0,0,0,0,1,1,0,0,1,aleatorio
41,3,37,0,0,0,1,1,1,0,0,1,1,aleatorio
51,3,34,0,1,0,0,1,1,0,0,0,2,aleatorio
61,1,0,0,0,0,0,1,0,0,0,0,0,aleatorio
69,3,2,1,0,0,0,0,1,1,0,0,1,aleatorio
30,5,8,1,1,0,1,1,0,0,0,1,2,aleatorio
62,1,62,0,0,0,0,0,0,1,0,0,0,aleatorio
69,4,6,1,0,1,1,1,1,0,0,0,2,aleatorio
21,1,3,0,0,0,1,0,0,0,0,0,1,aleatorio
36,2,14,1,1,0,0,0,0,1,1,1,2,aleatorio
38,4,0,1,1,1,0,0,1,1,0,1,2,aleatorio
49,2,50,0,0,1,1,0,0,0,0,0,2,aleatorio
52,2,28,1,0,0,0,0,1,0,0,0,1,aleatorio
39,5,10,1,0,1,1,0,1,1,1,1,2,aleatorio
46,3,47,0,0,0,1,1,0,1,0,0,1,aleatorio
65,4,2,1,1,0,0,0,1,1,0,0,2,aleatorio
53,4,5,1,0,0,0,1,1,0,0,0,1,aleatorio
42,2,21,1,0,0,0,1,1,0,0,0,1,aleatorio
57,1,26,0,1,0,0,0,0,0,2,2,2,aleatorio
32,1,200,0,0,0,0,0,1,0,0,0,0,aleatorio
68,1,356,0,0,0,1,0,0,0,0,0,1,aleatorio
21,1,38,0,0,0,0,0,1,0,0,0,0,aleatorio
25,1,11,0,0,0,0,1,0,0,0,1,0,aleatorio
52,3,18,1,0,0,0,0,1,1,0,0,1,aleatorio
27,4,6,1,0,0,1,1,1,0,1,2,2,aleatorio
32,5,0,1,0,0,1,0,1,1,0,1,2,aleatorio
57,1,359,0,0,0,0,0,1,0,0,0,0,aleatorio
36,2,12,1,0,0,0,1,1,0,0,0,1,aleatorio
42,3,6,1,1,0,0,1,0,0,1,1,2,aleatorio
30,4,1,1,0,0,0,1,1,1,0,0,1,aleatorio
30,2,44,0,0,0,1,0,1,0,0,0,1,aleatorio
59,1,20,0,0,0,0,1,0,0,0,0,0,aleatorio
65,4,26,1,0,0,1,0,1,1,2,2,2,aleatorio
38,1,46,0,0,0,0,0,1,0,0,1,0,aleatorio
44,1,374,0,0,0,0,1,0,0,0,0,0,aleatorio
42,1,137,0,0,0,1,0,0,0,0,0,1,aleatorio
49,1,188,0,0,0,0,0,1,0,1,1,1,aleatorio
41,3,4,1,0,1,1,0,0,0,0,0,2,aleatorio
19,2,17,1,0,0,0,0,1,1,0,0,1,aleatorio
18,2,2,1,0,0,0,0,1,1,0,1,1,aleatorio
45,3,5,1,0,0,0,0,1,1,0,0,1,aleatorio
37,1,56,0,0,0,1,0,0,0,3,4,1,aleatorio
40,3,255,0,0,0,0,1,1,1,0,0,0,aleatorio
46,4,0,1,0,0,1,1,1,1,0,1,2,aleatorio
69,1,33,0,0,0,0,1,0,0,1,1,1,aleatorio
41,4,13,1,0,1,0,1,0,1,0,0,2,aleatorio
42,0,999,0,0,0,0,0,0,0,3,3,1,aleatorio
66,2,5,1,0,0,0,0,0,1,0,0,1,aleatorio
63,6,2,1,0,0,0,1,1,1,0,0,1,aleatorio
69,2,7,1,0,0,1,0,0,0,0,0,2,aleatorio
50,1,205,0,0,1,0,0,0,0,0,0,2,aleatorio
57,1,5,0,0,0,0,1,0,0,2,2,2,aleatorio
20,1,104,0,0,0,1,0,0,0,0,0,1,aleatorio
55,3,14,1,0,0,1,0,1,1,1,1,2,aleatorio
29,1,104,0,0,0,0,1,0,0,0,0,0,aleatorio
43,3,6,1,0,1,1,0,0,0,0,0,2,aleatorio
21,1,48,0,0,0,1,0,0,0,0,0,1,aleatorio
40,5,0,1,0,1,1,0,0,0,2,2,2,aleatorio
54,2,1,1,1,0,0,1,0,0,0,0,2,aleatorio
41,2,7,1,0,1,0,0,1,0,1,2,2,aleatorio
27,3,6,1,0,0,0,0,1,1,0,0,1,aleatorio
62,1,7,0,0,0,0,1,0,0,0,0,0,aleatorio
50,1,33,0,0,0,1,0,0,0,0,0,1,aleatorio
56,3,5,1,0,0,0,1,0,1,0,0,1,aleatorio
44,1,42,0,0,0,1,0,0,0,0,0,1,aleatorio
51,1,56,0,0,0,0,0,1,0,0,0,0,aleatorio
51,1,314,0,0,0,0,0,0,1,0,0,0,aleatorio
49,1,313,0,0,0,0,1,0,0,0,0,0,aleatorio
36,1,116,0,1,0,0,0,0,0,0,1,2,aleatorio
42,1,6,0,0,0,0,0,1,0,0,0,0,aleatorio
22,2,64,0,0,0,0,1,0,0,0,0,0,aleatorio
52,2,5,1,0,0,0,1,1,0,1,1,2,aleatorio
20,1,281,0,1,0,0,0,0,0,0,0,2,aleatorio
22,3,5,1,0,1,0,1,1,0,3,3,2,aleatorio
41,3,8,1,0,0,1,0,1,1,2,2,2,aleatorio
33,3,20,1,0,0,1,1,0,0,0,0,2,aleatorio
59,1,8,0,0,0,0,1,0,0,0,0,0,aleatorio
70,5,32,0,0,0,0,1,1,1,0,1,0,aleatorio
25,4,32,0,0,0,0,1,0,1,0,0,0,aleatorio
50,2,17,1,0,1,1,0,0,0,0,0,2,aleatorio
61,2,35,0,0,0,0,1,0,1,0,0,0,aleatorio
34,1,36,0,0,0,0,0,1,0,0,0,0,aleatorio
58,2,124,0,0,0,1,0,1,0,0,0,1,aleatorio
28,2,4,1,1,0,0,0,0,1,0,0,2,aleatorio
50,3,20,1,1,0,0,0,0,1,0,0,2,aleatorio
67,1,32,0,0,0,0,0,0,1,1,1,1,aleatorio
22,3,4,1,1,0,0,1,0,1,0,0,2,aleatorio
67,6,14,1,1,1,1,0,1,0,0,0,2,aleatorio
40,2,7,1,0,0,0,0,0,1,0,0,1,aleatorio
70,0,999,0,0,0,0,0,0,0,3,3,1,aleatorio
56,1,106,0,0,0,0,0,0,1,0,0,0,aleatorio
65,1,61,0,0,0,1,0,0,0,0,0,1,aleatorio
62,3,15,1,0,0,0,1,0,1,0,0,1,aleatorio
55,6,5,1,1,1,1,0,1,0,1,1,2,aleatorio
36,1,54,0,0,0,1,0,0,0,0,0,1,aleatorio
34,1,391,0,0,0,0,0,1,0,1,2,1,aleatorio
67,1,331,0,0,0,0,0,0,1,1,1,1,aleatorio
20,1,158,0,0,0,0,0,0,1,0,0,0,aleatorio
30,1,256,0,0,0,0,1,0,0,1,1,1,aleatorio
40,4,3,1,0,0,0,1,0,1,0,0,1,aleatorio
19,1,158,0,0,0,0,1,0,0,0,0,0,aleatorio
19,6,1,1,1,0,1,1,1,0,1,1,2,aleatorio
48,2,1,1,0,0,0,0,1,1,0,0,1,aleatorio
36,1,275,0,0,0,0,0,0,1,0,0,0,aleatorio
49,2,4,1,0,0,0,1,0,0,0,0,1,aleatorio
53,1,4,0,0,0,0,1,0,0,0,0,0,aleatorio
60,4,7,1,1,0,0,0,1,0,2,2,2,aleatorio
18,2,17,1,0,0,0,0,0,1,0,0,1,aleatorio
41,2,4,1,0,1,0,0,1,0,0,0,2,aleatorio
55,2,36,0,0,1,0,0,1,0,0,1,2,aleatorio
40,3,10,1,1,0,0,1,0,1,0,0,2,aleatorio
52,1,34,0,0,0,0,0,1,0,2,2,1,aleatorio
57,2,12,1,0,1,1,0,0,0,0,0,2,aleatorio
46,6,1,1,1,0,0,1,1,1,1,1,2,aleatorio
44,6,25,1,1,0,1,1,1,1,1,1,2,aleatorio
32,1,23,0,0,0,0,0,1,0,0,1,0,aleatorio
65,2,5,1,0,1,0,0,0,1,0,0,2,aleatorio
46,1,372,0,0,0,1,0,0,0,1,2,1,aleatorio
42,2,11,1,0,0,1,0,1,0,0,0,2,aleatorio
42,2,7,1,0,1,0,0,1,0,0,0,2,aleatorio
52,3,14,1,0,0,0,1,1,0,0,0,1,aleatorio
41,1,0,0,0,0,0,0,1,0,0,0,0,aleatorio
49,1,54,0,0,0,0,0,0,1,1,2,1,aleatorio
56,1,2,0,0,0,1,0,0,0,0,0,1,aleatorio
60,1,264,0,0,0,0,0,1,0,0,1,0,aleatorio
50,2,4,1,0,0,0,1,1,0,0,0,1,aleatorio
22,1,13,0,0,0,0,0,1,0,0,0,0,aleatorio
62,1,4,0,0,0,0,1,0,0,0,1,0,aleatorio
36,2,7,1,0,0,0,1,0,1,0,0,1,aleatorio
44,2,46,0,0,0,0,1,1,0,1,3,1,aleatorio
70,1,347,0,0,0,0,1,0,0,0,0,0,aleatorio
55,4,1,1,0,1,1,1,1,0,0,0,2,aleatorio
65,3,6,1,0,1,0,1,0,0,2,2,2,aleatorio
63,2,99,0,0,0,0,1,0,1,0,0,0,aleatorio
57,2,76,0,0,0,0,1,1,0,0,0,0,aleatorio
31,1,11,0,0,0,0,0,0,1,0,0,0,aleatorio
54,2,15,1,0,0,0,0,1,1,0,0,1,aleatorio
41,4,5,1,1,0,1,1,1,0,0,0,2,aleatorio
69,1,86,0,0,0,0,1,0,0,0,0,0,aleatorio
23,2,256,0,0,0,0,0,0,1,0,0,0,aleatorio
42,1,30,0,0,0,0,0,0,1,0,0,0,aleatorio
27,6,15,1,0,1,1,0,1,1,1,2,2,aleatorio
67,1,47,0,0,0,0,1,0,0,0,0,0,aleatorio
31,5,6,1,1,0,0,1,1,1,0,2,2,aleatorio
59,5,1,1,0,0,0,1,1,1,0,0,1,aleatorio
48,1,5,0,0,0,0,0,1,0,0,0,0,aleatorio
19,1,140,0,0,0,0,0,0,1,0,0,0,aleatorio
60,3,6,1,0,0,0,1,0,1,0,0,1,aleatorio
49,1,66,0,0,0,0,0,1,0,2,2,1,aleatorio
48,3,5,1,0,0,1,0,1,1,0,0,2,aleatorio
66,2,183,0,0,1,0,0,1,0,0,0,2,aleatorio
64,1,291,0,0,0,0,0,0,1,0,1,0,aleatorio
33,4,10,1,1,1,0,0,1,0,2,2,2,aleatorio
18,4,6,1,0,0,0,0,1,1,0,0,1,aleatorio
24,5,5,1,0,1,0,1,1,1,0,0,2,aleatorio
48,3,9,1,1,0,0,0,1,1,0,0,2,aleatorio
37,2,51,0,0,0,0,1,1,0,3,3,1,aleatorio
36,3,1,1,0,0,0,1,1,0,0,0,1,aleatorio
27,3,8,1,0,0,0,1,0,1,0,0,1,aleatorio
70,1,13,0,0,0,1,0,0,0,0,0,1,aleatorio
54,1,177,0,0,0,0,1,0,0,0,0,0,aleatorio
56,2,31,0,0,0,0,0,1,1,0,0,0,aleatorio
41,1,42,0,1,0,0,0,0,0,1,2,2,aleatorio
49,1,309,0,0,0,0,1,0,0,1,1,1,aleatorio
20,1,39,0,0,0,0,0,1,0,0,0,0,aleatorio
23,1,300,0,0,0,0,1,0,0,0,0,0,aleatorio
37,2,7,1,0,0,0,0,1,1,0,0,1,aleatorio
41,3,50,0,0,0,1,0,0,0,0,1,1,aleatorio
49,1,36,0,0,0,0,1,0,0,0,2,0,aleatorio
41,1,6,0,0,0,0,0,1,0,0,0,0,aleatorio
67,1,46,0,0,0,1,0,0,0,1,1,1,aleatorio
30,1,52,0,0,0,0,1,0,0,0,1,0,aleatorio
33,3,30,1,0,0,0,0,1,1,0,0,1,aleatorio
32,1,46,0,0,0,1,0,0,0,0,1,1,aleatorio
34,1,398,0,0,1,0,0,0,0,0,0,2,aleatorio
58,5,2,1,0,0,0,1,1,1,0,0,1,aleatorio
27,1,75,0,0,0,0,1,0,0,0,0,0,aleatorio
51,1,299,0,0,0,0,0,0,1,1,1,1,aleatorio
55,5,2,1,1,1,1,0,1,1,1,1,2,aleatorio
46,3,26,1,0,0,0,1,1,0,0,0,1,aleatorio
32,4,14,1,1,1,0,1,1,0,0,0,2,aleatorio
41,1,319,0,0,0,0,0,0,1,0,0,0,aleatorio
65,1,6,0,0,0,0,1,0,0,0,0,0,aleatorio
36,2,3,1,0,0,0,0,1,1,0,0,1,aleatorio
62,2,12,1,0,0,0,0,1,0,0,0,1,aleatorio
50,3,10,1,0,1,0,0,1,1,1,2,2,aleatorio
66,0,999,0,0,0,0,0,0,0,1,1,1,aleatorio
30,1,390,0,0,0,0,0,1,0,0,0,0,aleatorio
52,1,289,0,0,0,0,0,1,0,2,3,1,aleatorio
45,5,6,1,0,1,1,0,1,1,0,0,2,aleatorio
66,1,12,0,0,0,0,0,1,0,0,0,0,aleatorio
47,0,999,0,0,0,0,0,0,0,1,2,1,aleatorio
45,0,999,0,0,0,0,0,0,0,1,2,1,aleatorio
63,1,27,0,0,0,0,0,0,1,0,0,0,aleatorio
56,3,3,1,0,1,0,1,0,1,0,0,2,aleatorio
40,4,3,1,1,1,0,1,0,0,2,3,2,aleatorio
20,6,1,1,0,1,0,1,1,1,0,0,2,aleatorio
54,1,58,0,0,0,0,0,1,0,0,0,0,aleatorio
34,1,196,0,0,0,0,0,1,0,2,4,1,aleatorio
39,2,45,0,0,0,0,1,0,0,0,0,0,aleatorio
42,3,26,1,1,0,0,0,1,1,0,1,2,aleatorio
45,1,219,0,1,0,0,0,0,0,0,0,2,aleatorio
26,4,11,1,1,0,1,0,0,0,0,0,2,aleatorio
18,1,13,0,0,0,0,0,1,0,0,0,0,aleatorio
30,0,999,0,0,0,0,0,0,0,3,3,1,aleatorio
44,2,11,1,0,0,0,0,1,0,0,0,1,aleatorio
27,2,25,1,0,0,0,0,1,1,0,0,1,aleatorio
33,2,59,0,0,0,0,1,1,0,0,0,0,aleatorio
18,2,35,0,0,0,0,0,1,0,0,0,0,aleatorio
52,2,180,0,0,0,1,0,0,1,0,0,1,aleatorio
68,2,15,1,0,1,0,0,0,0,0,0,2,aleatorio
35,1,13,0,0,0,0,0,1,0,0,0,0,aleatorio
22,2,53,0,0,0,0,0,1,0,2,2,1,aleatorio
65,5,11,1,1,0,1,0,0,1,2,2,2,aleatorio
59,3,11,1,0,1,0,1,0,1,0,0,2,aleatorio
26,1,22,0,0,1,0,0,0,0,0,0,2,aleatorio
25,4,40,0,0,1,1,1,0,0,0,0,2,aleatorio
33,5,7,1,0,0,0,1,1,1,0,0,1,aleatorio
49,2,8,1,0,0,0,0,0,1,1,1,2,aleatorio
36,2,5,1,0,0,0,1,0,1,3,3,2,aleatorio
68,1,7,0,0,0,0,0,1,0,0,0,0,aleatorio
57,1,47,0,0,0,0,0,0,1,2,3,1,aleatorio
19,1,22,0,0,0,0,1,0,0,0,0,0,aleatorio
43,3,12,1,0,0,0,1,0,1,0,1,1,aleatorio
19,1,29,0,0,1,0,0,0,0,1,1,2,aleatorio
40,3,11,1,0,0,1,0,0,1,0,0,2,aleatorio
53,1,0,0,0,0,0,0,0,1,0,0,0,aleatorio
54,4,32,0,0,0,1,1,1,1,0,1,1,aleatorio
45,4,1,1,0,1,0,1,1,0,0,0,2,aleatorio
20,3,32,0,0,0,0,1,1,1,0,0,0,aleatorio
22,1,24,0,0,0,0,0,0,1,0,0,0,aleatorio
65,1,145,0,0,0,0,0,1,0,0,0,0,aleatorio
25,2,311,0,0,0,1,1,0,0,0,0,1,aleatorio
46,4,52,0,0,0,1,0,1,1,3,3,1,aleatorio
34,3,0,1,0,1,1,1,0,0,0,0,2,aleatorio
49,4,121,0,0,0,1,1,1,1,1,1,1,aleatorio
53,4,5,1,0,0,0,1,1,1,0,0,1,aleatorio
52,0,999,0,0,0,0,0,0,0,2,2,1,aleatorio
28,4,2,1,0,1,1,1,1,0,0,0,2,aleatorio
20,2,19,1,1,0,0,0,1,0,0,0,2,aleatorio
34,5,5,1,1,0,1,1,0,0,0,0,2,aleatorio
64,3,3,1,1,0,0,1,0,0,0,1,2,aleatorio
70,2,12,1,0,0,0,0,1,1,0,0,1,aleatorio
25,1,58,0,0,0,0,1,0,0,0,0,0,aleatorio
25,2,24,1,0,0,0,0,1,0,0,0,1,aleatorio
24,4,3,1,1,0,1,0,0,1,0,1,2,aleatorio
65,3,1,1,1,1,0,0,0,0,0,0,2,aleatorio
24,2,18,1,0,1,0,0,0,0,0,1,2,aleatorio
58,5,9,1,0,0,0,1,1,1,0,0,1,aleatorio
53,2,9,1,0,0,1,0,1,0,0,0,2,aleatorio
55,6,2,1,1,0,1,1,1,1,0,0,2,aleatorio
24,1,10,0,0,0,1,0,0,0,0,0,1,aleatorio
19,6,8,1,0,1,1,1,1,0,2,2,2,aleatorio
50,5,18,1,1,0,1,1,0,1,0,0,2,aleatorio
46,1,6,0,0,0,0,0,0,1,0,0,0,aleatorio
33,3,13,1,0,1,1,1,0,0,0,0,2,aleatorio
31,1,23,0,1,0,0,0,0,0,0,0,2,aleatorio
63,6,4,1,1,0,1,0,1,1,1,1,2,aleatorio
65,1,36,0,0,0,0,0,1,0,0,0,0,aleatorio
20,2,259,0,0,0,1,0,0,1,1,2,1,aleatorio
50,4,41,0,0,0,0,0,1,0,0,0,0,aleatorio
45,2,14,1,0,0,0,1,0,1,2,3,2,aleatorio
55,3,6,1,0,1,1,0,0,0,0,0,2,aleatorio
33,1,13,0,1,0,0,0,0,0,0,0,2,aleatorio
24,1,40,0,0,0,1,0,0,0,1,1,1,aleatorio
35,3,0,1,0,1,0,1,0,0,0,0,2,aleatorio
69,1,60,0,0,0,0,1,0,0,0,0,0,aleatorio
24,1,205,0,0,0,1,0,0,0,0,0,1,aleatorio
44,3,109,0,0,0,0,1,0,0,0,0,0,aleatorio
54,2,34,0,0,0,1,0,1,0,3,3,1,aleatorio
21,2,39,0,0,0,0,0,1,1,0,0,0,aleatorio
30,2,17,1,0,0,0,1,0,0,1,1,1,aleatorio
51,4,0,1,0,0,0,1,0,1,0,0,1,aleatorio
50,1,51,0,0,0,0,1,0,0,0,0,0,aleatorio
38,2,185,0,0,0,0,1,0,1,0,1,0,aleatorio
67,3,45,0,0,0,0,1,1,1,1,2,1,aleatorio
53,5,15,1,0,1,0,1,0,1,1,1,2,aleatorio
25,0,999,0,0,0,0,0,0,0,1,1,1,aleatorio
69,0,999,0,0,0,0,0,0,0,1,1,1,aleatorio
61,2,52,0,0,0,1,0,1,0,0,0,1,aleatorio
53,1,270,0,0,0,0,0,1,0,4,4,1,aleatorio
31,3,5,1,0,0,0,1,1,1,0,0,1,aleatorio
21,1,4,0,0,0,0,0,0,1,0,0,0,aleatorio
24,2,24,1,1,0,0,0,1,0,0,0,2,aleatorio
42,5,19,1,1,0,1,0,1,1,0,0,2,aleatorio
28,2,3,1,1,0,0,1,0,0,0,0,2,aleatorio
27,1,24,0,0,0,0,0,0,1,0,0,0,aleatorio
30,3,11,1,0,0,0,1,0,1,0,0,1,aleatorio
47,1,57,0,0,0,0,1,0,0,1,1,1,aleatorio
50,2,25,1,0,0,0,1,0,1,0,0,1,aleatorio
50,1,55,0,0,0,0,1,0,0,0,0,0,aleatorio
69,1,287,0,1,0,0,0,0,0,0,0,2,aleatorio
46,2,214,0,0,0,1,1,0,0,0,0,1,aleatorio
22,6,9,1,1,1,0,1,1,1,1,1,2,aleatorio
30,1,266,0,0,0,0,1,0,0,0,0,0,aleatorio
65,2,10,1,0,0,0,0,1,0,1,2,2,aleatorio
65,2,244,0,0,0,0,1,1,0,0,0,0,aleatorio
60,1,23,0,0,0,0,1,0,0,0,0,0,aleatorio
40,3,26,1,0,0,0,0,1,1,0,0,1,aleatorio
58,5,10,1,1,1,0,1,0,1,0,0,2,aleatorio
69,1,355,0,0,0,1,0,0,0,0,0,1,aleatorio
56,4,15,1,0,0,0,1,1,1,0,1,1,aleatorio
32,2,0,1,0,0,0,1,0,0,0,0,1,aleatorio
58,1,12,0,0,0,0,0,0,1,0,0,0,aleatorio
69,2,17,1,0,0,1,1,0,0,0,0,2,aleatorio
53,2,15,1,0,0,0,1,1,0,1,2,2,aleatorio
22,3,39,0,0,0,0,1,0,1,0,0,0,aleatorio
63,3,38,0,0,0,0,1,1,0,0,1,0,aleatorio
57,1,25,0,0,0,0,1,0,0,2,2,1,aleatorio
19,6,4,1,0,0,1,1,1,0,0,0,2,aleatorio
33,1,273,0,0,0,0,1,0,0,0,1,0,aleatorio
23,5,9,1,0,0,0,1,1,1,0,0,1,aleatorio
47,1,293,0,0,0,0,1,0,0,1,1,1,aleatorio
40,2,6,1,0,1,0,0,0,1,0,0,2,aleatorio
39,1,369,0,0,0,0,1,0,0,2,2,1,aleatorio
46,1,40,0,1,0,0,0,0,0,0,0,2,aleatorio
26,3,3,1,1,0,1,1,0,0,0,0,2,aleatorio
33,3,174,0,0,0,1,0,0,1,0,0,1,aleatorio
52,1,392,0,0,0,0,1,0,0,0,0,0,aleatorio
31,3,43,0,0,0,1,0,1,1,0,0,1,aleatorio
43,3,10,1,0,0,0,0,1,1,0,0,1,aleatorio
18,3,54,0,0,0,1,0,1,1,4,4,1,aleatorio
34,2,206,0,0,0,0,1,1,0,0,0,0,aleatorio
60,5,5,1,0,0,0,1,1,1,0,0,1,aleatorio
42,1,121,0,0,0,1,0,0,0,1,2,1,aleatorio
25,1,268,0,0,0,0,1,0,0,0,0,0,aleatorio
67,6,5,1,0,1,1,0,1,1,0,0,2,aleatorio
69,3,73,0,0,1,1,0,0,0,4,4,2,aleatorio
42,2,38,0,0,0,0,0,1,1,1,1,1,aleatorio
51,1,0,0,0,0,0,1,0,0,0,0,0,aleatorio
40,1,46,0,0,0,0,1,0,0,0,0,0,aleatorio
44,5,42,0,0,1,0,1,1,1,0,1,2,aleatorio
69,5,6,1,0,0,0,1,1,1,0,0,1,aleatorio
48,1,123,0,0,0,0,0,0,1,0,1,0,aleatorio
58,2,41,0,0,0,0,1,1,0,2,3,1,aleatorio
35,3,7,1,0,0,1,1,0,0,3,3,2,aleatorio
61,6,11,1,0,0,0,1,1,1,0,0,1,aleatorio
35,2,79,0,0,0,1,0,0,1,3,3,1,aleatorio
24,1,307,0,0,0,0,0,1,0,2,2,1,aleatorio
36,1,6,0,1,0,0,0,0,0,0,0,2,aleatorio
55,2,3,1,0,0,0,0,1,1,0,0,1,aleatorio
26,1,24,0,0,0,0,1,0,0,0,0,0,aleatorio
69,3,5,1,0,0,0,1,1,0,0,0,1,aleatorio
56,5,6,1,1,0,1,1,0,1,0,0,2,aleatorio
65,1,25,0,0,0,0,1,0,0,0,0,0,aleatorio
34,1,17,0,0,0,1,0,0,0,0,0,1,aleatorio
64,1,1,0,0,0,0,0,0,1,0,2,0,aleatorio
37,1,93,0,0,0,0,0,1,0,1,2,1,aleatorio
40,1,22,0,0,0,0,0,1,0,0,0,0,aleatorio
37,6,6,1,1,1,0,1,1,0,0,0,2,aleatorio
45,6,1,1,0,0,0,1,1,1,0,0,1,aleatorio
65,6,4,1,1,0,1,0,1,1,1,1,2,aleatorio
54,2,38,0,0,0,0,0,1,1,1,4,1,aleatorio
22,3,60,0,0,0,1,0,0,1,0,0,1,aleatorio
37,3,26,1,0,0,0,0,1,1,0,0,1,aleatorio
27,1,37,0,0,0,0,0,1,0,1,1,1,aleatorio
40,4,4,1,0,1,1,1,1,0,0,0,2,aleatorio
51,1,161,0,0,1,0,0,0,0,0,0,2,aleatorio
34,1,15,0,0,0,0,0,0,1,0,0,0,aleatorio
47,2,0,1,0,0,0,0,1,1,0,0,1,aleatorio
52,0,999,0,0,0,0,0,0,0,1,1,1,aleatorio
36,2,8,1,1,0,0,1,0,0,0,0,2,aleatorio
50,1,267,0,0,0,0,1,0,0,0,0,0,aleatorio
60,1,48,0,0,0,0,1,0,0,2,3,1,aleatorio
58,4,7,1,0,1,1,1,0,0,0,0,2,aleatorio
30,1,295,0,0,0,0,0,0,1,0,0,0,aleatorio
67,1,205,0,0,0,0,0,1,0,0,0,0,aleatorio
26,1,17,0,0,0,1,0,0,0,0,0,1,aleatorio
47,1,31,0,0,0,0,0,0,1,0,0,0,aleatorio
32,1,28,0,0,0,0,1,0,0,0,0,0,aleatorio
31,1,235,0,0,0,0,0,0,1,2,3,1,aleatorio
45,2,10,1,0,0,1,1,0,0,0,0,2,aleatorio
61,3,9,1,0,1,0,1,1,0,0,0,2,aleatorio
58,4,5,1,1,0,0,0,0,1,0,0,2,aleatorio
59,1,40,0,0,0,1,0,0,0,0,0,1,aleatorio
41,4,6,1,1,0,1,1,0,0,0,0,2,aleatorio
26,2,155,0,0,0,1,0,1,0,1,2,1,aleatorio
58,2,57,0,0,0,0,1,1,0,0,0,0,aleatorio
62,1,20,0,0,0,0,0,0,1,2,2,1,aleatorio
22,5,33,0,0,1,0,1,1,1,0,1,2,aleatorio
47,2,5,1,0,1,0,0,0,1,0,0,2,aleatorio
33,3,9,1,0,0,0,1,1,1,0,0,1,aleatorio
53,1,323,0,0,0,0,0,0,1,1,1,1,aleatorio
53,1,15,0,0,0,0,1,0,0,0,0,0,aleatorio
70,0,999,0,0,0,0,0,0,0,1,1,1,aleatorio
55,4,2,1,1,0,0,1,0,0,0,0,2,aleatorio
35,3,3,1,0,0,0,1,1,0,1,1,2,aleatorio
19,2,5,1,0,1,0,0,1,0,0,0,2,aleatorio
27,1,13,0,0,0,0,0,0,1,0,0,0,aleatorio
61,1,112,0,0,0,0,0,1,0,0,0,0,aleatorio
30,2,51,0,0,0,0,0,1,1,0,0,0,aleatorio
25,2,48,0,0,0,0,1,1,0,0,1,0,aleatorio
44,2,9,1,0,0,0,1,0,1,1,1,2,aleatorio
36,1,351,0,0,0,0,0,1,0,3,4,1,aleatorio
39,1,60,0,1,0,0,0,0,0,0,0,2,aleatorio
35,2,59,0,0,0,0,0,1,0,0,0,0,aleatorio
39,2,71,0,0,0,0,0,1,1,0,0,0,aleatorio
62,2,18,1,0,1,0,0,0,1,0,0,2,aleatorio
36,1,58,0,0,0,0,1,0,0,0,1,0,aleatorio
50,1,78,0,0,0,0,0,1,0,0,0,0,aleatorio
38,1,262,0,0,0,0,1,0,0,0,0,0,aleatorio
42,1,36,0,0,0,0,1,0,0,1,4,1,aleatorio
45,1,9,0,1,0,0,0,0,0,2,2,2,aleatorio
62,1,82,0,0,0,0,0,0,1,0,0,0,aleatorio
38,1,199,0,0,0,0,0,0,1,1,1,1,aleatorio
52,5,2,1,1,1,1,0,0,1,0,2,2,aleatorio
33,5,0,1,1,1,0,1,0,1,1,1,2,aleatorio
63,2,16,1,0,0,0,0,1,1,0,0,1,aleatorio
33,2,211,0,0,0,1,1,0,0,0,1,1,aleatorio
67,1,3,0,0,0,0,1,0,0,0,0,0,aleatorio
54,4,5,1,1,1,0,0,0,0,0,0,2,aleatorio
23,1,125,0,0,0,0,0,1,0,1,1,1,aleatorio
42,3,9,1,0,0,0,1,0,1,0,0,1,aleatorio
35,1,10,0,0,0,1,0,0,0,0,0,1,aleatorio
34,6,3,1,0,1,0,1,1,0,0,0,2,aleatorio
52,1,55,0,0,0,0,0,1,0,0,0,0,aleatorio
55,1,6,0,0,0,0,1,0,0,0,0,0,aleatorio
42,1,57,0,0,0,0,0,1,0,0,0,0,aleatorio
43,4,24,1,0,1,1,1,0,1,0,0,2,aleatorio
39,1,41,0,0,0,0,0,0,1,0,0,0,aleatorio
26,4,33,0,0,0,0,1,1,0,0,0,0,aleatorio
48,1,272,0,0,0,0,1,0,0,0,0,0,aleatorio
18,3,47,0,0,0,0,1,1,0,1,1,1,aleatorio
35,2,39,0,0,0,1,1,0,0,2,2,1,aleatorio
32,3,5,1,0,0,0,1,0,1,0,1,1,aleatorio
49,3,4,1,0,0,1,0,1,1,0,0,2,aleatorio
63,1,47,0,0,0,0,1,0,0,2,2,1,aleatorio
27,1,56,0,0,0,0,1,0,0,0,0,0,aleatorio
43,1,13,0,0,0,0,0,0,1,0,0,0,aleatorio
24,1,14,0,0,0,0,1,0,0,0,0,0,aleatorio
27,2,21,1,0,0,0,0,1,1,0,0,1,aleatorio
62,1,52,0,0,0,0,1,0,0,1,1,1,aleatorio
33,3,58,0,0,0,1,0,1,1,3,4,1,aleatorio
47,2,33,0,0,0,1,1,0,0,2,2,1,aleatorio
26,6,5,1,0,0,1,1,1,0,0,1,2,aleatorio
69,6,4,1,1,1,0,1,0,1,0,0,2,aleatorio
63,3,30,1,0,0,0,1,1,1,0,0,1,aleatorio
64,5,6,1,1,0,1,1,1,1,1,1,2,aleatorio
35,2,31,0,0,0,0,1,0,1,2,3,1,aleatorio
20,3,34,0,0,1,0,1,0,0,2,2,2,aleatorio
43,1,5,0,0,0,1,0,0,0,0,0,1,aleatorio
22,1,33,0,0,0,0,1,0,0,0,0,0,aleatorio
42,3,17,1,0,0,0,1,1,0,1,2,1,aleatorio
53,1,25,0,0,0,0,0,1,0,0,0,0,aleatorio
40,3,2,1,0,0,1,1,0,1,0,0,2,aleatorio
24,1,4,0,0,0,0,1,0,0,0,0,0,aleatorio
36,6,0,1,0,0,0,1,1,1,0,0,1,aleatorio
19,1,9,0,0,0,0,0,1,0,0,0,0,aleatorio
28,3,7,1,0,0,0,0,1,1,0,0,1,aleatorio
56,1,59,0,0,0,0,1,0,0,1,2,1,aleatorio
23,1,8,0,0,0,0,0,1,0,0,0,0,aleatorio
39,0,999,0,0,0,0,0,0,0,1,1,1,aleatorio
61,0,999,0,0,0,0,0,0,0,3,4,1,aleatorio
55,3,59,0,0,0,0,0,1,1,0,0,0,aleatorio
41,3,48,0,0,0,1,1,0,0,0,0,1,aleatorio
41,1,48,0,0,0,0,1,0,0,0,1,0,aleatorio
29,4,7,1,0,0,1,1,1,0,0,0,2,aleatorio
28,1,27,0,1,0,0,0,0,0,0,1,2,aleatorio
24,1,20,0,0,0,0,0,0,1,0,0,0,aleatorio
48,1,48,0,0,0,0,0,0,1,0,0,0,aleatorio
61,1,240,0,0,0,1,0,0,0,0,0,1,aleatorio
25,1,10,0,1,0,0,0,0,0,1,1,2,aleatorio
42,1,58,0,0,0,0,0,1,0,0,0,0,aleatorio
20,3,9,1,0,0,0,1,1,0,0,0,1,aleatorio
41,1,19,0,1,0,0,0,0,0,2,3,2,aleatorio
27,2,0,1,0,1,0,1,0,0,1,1,2,aleatorio
66,1,59,0,0,0,0,1,0,0,0,0,0,aleatorio
23,2,190,0,0,0,1,0,0,1,0,0,1,aleatorio
39,1,54,0,0,0,0,0,1,0,0,0,0,aleatorio
68,2,3,1,0,0,0,0,1,0,0,0,1,aleatorio
20,3,10,1,1,0,0,1,0,0,0,0,2,aleatorio
39,2,35,0,0,0,0,1,0,0,0,0,0,aleatorio
35,2,8,1,0,0,0,0,1,1,0,0,1,aleatorio
42,3,9,1,1,1,0,0,0,0,0,1,2,aleatorio
26,1,7,0,0,0,1,0,0,0,0,0,1,aleatorio
38,1,37,0,0,0,0,0,1,0,0,0,0,aleatorio
60,1,66,0,0,0,0,0,0,1,1,3,1,aleatorio
56,1,121,0,0,1,0,0,0,0,2,3,2,aleatorio
49,1,15,0,0,0,0,0,1,0,0,0,0,aleatorio
50,1,11,0,0,0,0,0,1,0,0,0,0,aleatorio
69,1,21,0,0,0,0,1,0,0,2,4,1,aleatorio
55,3,4,1,0,0,0,1,0,1,0,0,1,aleatorio
65,4,2,1,0,1,0,1,1,0,0,0,2,aleatorio
59,4,12,1,1,1,0,0,0,1,0,0,2,aleatorio
69,1,23,0,0,0,0,0,1,0,1,2,1,aleatorio
62,1,76,0,0,0,0,1,0,0,0,1,0,aleatorio
64,1,48,0,0,0,0,0,1,0,0,0,0,aleatorio
57,3,3,1,0,1,1,0,1,0,1,2,2,aleatorio
34,2,18,1,0,0,0,1,1,0,0,0,1,aleatorio
38,2,249,0,0,1,0,0,1,0,2,3,2,aleatorio
32,2,57,0,0,0,0,1,0,1,0,0,0,aleatorio
31,1,0,0,1,0,0,0,0,0,0,1,2,aleatorio
61,3,10,1,0,0,0,1,1,0,0,0,1,aleatorio
47,2,7,1,0,1,0,1,0,0,0,0,2,aleatorio
26,5,1,1,0,0,0,1,1,1,0,0,1,aleatorio
23,1,205,0,0,0,0,0,0,1,0,0,0,aleatorio
38,6,3,1,0,0,1,0,1,0,1,1,2,aleatorio
52,1,312,0,0,0,0,0,1,0,0,0,0,aleatorio
52,2,67,0,0,0,1,0,1,0,0,0,1,aleatorio
35,2,195,0,0,0,0,1,0,0,0,0,0,aleatorio
63,2,12,1,0,0,0,1,0,1,0,0,1,aleatorio
68,1,49,0,0,0,1,0,0,0,0,0,1,aleatorio
22,1,290,0,0,0,0,1,0,0,0,0,0,aleatorio
38,1,11,0,0,0,1,0,0,0,0,1,1,aleatorio
48,1,362,0,0,0,1,0,0,0,0,0,1,aleatorio
68,1,338,0,0,0,0,0,0,1,0,1,0,aleatorio
28,1,14,0,0,0,0,1,0,0,0,0,0,aleatorio
46,1,257,0,0,0,0,0,0,1,2,4,1,aleatorio
23,3,15,1,1,0,0,1,0,0,1,1,2,aleatorio
40,1,33,0,0,0,0,1,0,0,0,0,0,aleatorio
18,2,13,1,1,0,0,0,0,1,0,0,2,aleatorio
35,3,16,1,0,0,0,1,0,1,1,1,1,aleatorio
39,1,112,0,0,0,0,0,0,1,0,0,0,aleatorio
35,2,19,1,0,0,0,1,0,0,1,2,1,aleatorio
60,4,1,1,0,1,0,0,1,1,1,1,2,aleatorio
65,1,376,0,0,0,0,0,0,1,0,0,0,aleatorio
58,1,66,0,0,0,1,0,0,0,0,0,1,aleatorio
47,1,60,0,1,0,0,0,0,0,0,0,2,aleatorio
62,1,374,0,0,1,0,0,0,0,0,0,2,aleatorio
19,2,44,0,0,0,0,1,1,0,0,0,0,aleatorio
51,5,4,1,1,1,0,1,0,0,0,1,2,aleatorio
52,4,15,1,1,0,0,1,0,0,0,1,2,aleatorio
32,4,7,1,1,0,0,1,1,1,1,1,2,aleatorio
23,5,10,1,0,0,0,1,1,1,0,0,1,aleatorio
23,5,1,1,0,1,1,1,0,0,0,0,2,aleatorio
19,2,1,1,0,0,0,0,1,0,1,1,2,aleatorio
58,1,22,0,0,0,0,1,0,0,0,0,0,aleatorio
51,2,3,1,1,1,0,0,0,0,1,2,2,aleatorio
21,1,0,0,0,0,0,0,0,1,0,0,0,aleatorio
43,3,2,1,0,0,1,0,1,0,0,0,2,aleatorio
53,2,13,1,0,0,0,1,1,0,0,0,1,aleatorio
60,5,8,1,1,0,0,1,1,0,0,0,2,aleatorio
55,1,21,0,0,0,0,0,1,0,1,1,1,aleatorio
57,2,40,0,1,0,1,0,0,0,0,0,2,aleatorio
65,1,185,0,0,0,0,0,0,1,0,0,0,aleatorio
50,1,23,0,0,0,0,1,0,0,0,0,0,aleatorio
19,2,6,1,0,1,1,0,0,0,1,4,2,aleatorio
18,2,13,1,0,0,0,0,0,1,0,0,1,aleatorio
28,1,18,0,0,0,0,0,1,0,0,0,0,aleatorio
35,3,8,1,1,0,1,1,0,0,1,2,2,aleatorio
52,5,7,1,1,1,1,1,0,0,0,0,2,aleatorio
53,4,3,1,0,1,1,1,1,0,0,1,2,aleatorio
37,3,33,0,0,0,0,1,1,0,0,0,0,aleatorio
39,5,0,1,0,1,1,1,0,0,0,0,2,aleatorio
48,1,368,0,0,0,0,0,0,1,0,0,0,aleatorio
47,5,0,1,1,0,0,0,1,1,0,0,2,aleatorio
47,1,6,0,0,0,0,0,0,1,0,0,0,aleatorio
52,1,46,0,0,0,1,0,0,0,1,1,1,aleatorio
53,2,11,1,0,0,0,1,0,0,0,0,1,aleatorio
23,2,4,1,0,0,0,0,1,1,0,0,1,aleatorio
34,1,51,0,0,0,0,0,1,0,0,0,0,aleatorio
21,1,44,0,0,0,0,0,1,0,0,1,0,aleatorio
49,1,47,0,0,0,0,0,1,0,0,0,0,aleatorio
50,4,49,0,0,0,1,0,1,1,0,0,1,aleatorio
41,2,10,1,0,0,0,0,1,0,0,0,1,aleatorio
53,2,322,0,0,0,0,0,1,1,1,1,1,aleatorio
18,1,97,0,0,0,0,1,0,0,0,0,0,aleatorio
59,1,241,0,0,0,0,0,1,0,0,0,0,aleatorio
65,1,238,0,0,0,1,0,0,0,0,0,1,aleatorio
50,1,60,0,0,0,0,1,0,0,0,0,0,aleatorio
27,1,333,0,0,0,1,0,0,0,0,0,1,aleatorio
30,2,12,1,1,0,1,0,0,0,0,0,2,aleatorio
25,3,9,1,0,1,1,1,0,0,1,1,2,aleatorio
38,2,5,1,0,0,0,0,1,0,0,0,1,aleatorio
25,2,35,0,0,1,0,0,0,1,0,1,2,aleatorio
56,1,39,0,0,0,0,1,0,0,0,1,0,aleatorio
19,2,33,0,0,0,1,1,0,0,2,2,1,aleatorio
60,4,35,0,0,0,0,1,1,1,0,0,0,aleatorio
66,6,3,1,0,0,0,1,1,0,0,0,1,aleatorio
26,2,48,0,0,0,0,1,0,0,0,0,0,aleatorio
67,5,0,1,0,0,0,1,1,1,0,1,1,aleatorio
59,6,3,1,0,1,1,1,1,0,0,0,2,aleatorio
70,3,8,1,0,0,0,0,1,1,0,0,1,aleatorio
42,1,3,0,0,0,0,1,0,0,0,0,0,aleatorio
45,1,27,0,0,0,0,1,0,0,2,4,1,aleatorio
20,3,11,1,1,1,0,0,0,0,0,0,2,aleatorio
46,4,8,1,0,0,0,1,1,1,0,0,1,aleatorio
22,1,102,0,0,0,0,1,0,0,0,0,0,aleatorio
66,5,3,1,1,0,1,0,1,1,0,0,2,aleatorio
37,3,11,1,1,0,1,0,1,0,1,1,2,aleatorio
61,4,8,1,1,0,1,0,0,1,0,0,2,aleatorio
59,4,5,1,0,0,0,1,1,0,0,0,1,aleatorio
18,0,999,0,0,0,0,0,0,0,1,2,1,aleatorio
27,2,377,0,0,0,0,0,1,0,0,0,0,aleatorio
30,5,17,1,1,1,0,0,1,1,0,1,2,aleatorio
34,4,19,1,0,0,0,0,1,1,0,0,1,aleatorio
33,3,0,1,0,0,0,1,1,0,0,0,1,aleatorio
67,2,18,1,0,0,0,1,1,0,2,3,1,aleatorio
44,2,9,1,0,1,0,1,0,0,0,0,2,aleatorio
53,3,69,0,0,0,0,1,1,0,0,1,0,aleatorio
27,1,39,0,0,0,0,0,0,1,0,0,0,aleatorio
63,1,13,0,0,0,0,0,1,0,0,0,0,aleatorio
47,1,142,0,0,0,0,1,0,0,0,1,0,aleatorio
26,4,14,1,0,0,0,1,1,1,0,0,1,aleatorio
69,1,58,0,0,0,0,0,1,0,0,0,0,aleatorio
45,1,89,0,0,0,1,0,0,0,0,0,1,aleatorio
69,2,18,1,0,0,0,0,1,1,1,3,1,aleatorio
33,5,10,1,0,0,1,1,1,1,0,0,2,aleatorio
53,3,4,1,1,0,0,0,0,1,0,0,2,aleatorio
46,1,210,0,0,1,0,0,0,0,0,0,2,aleatorio
65,1,11,0,0,0,0,1,0,0,0,0,0,aleatorio
31,2,39,0,0,0,0,1,0,0,0,0,0,aleatorio
62,1,33,0,0,0,0,0,1,0,1,1,1,aleatorio
31,2,15,1,0,0,0,1,0,1,0,0,1,aleatorio
23,2,35,0,0,0,0,1,1,0,0,0,0,aleatorio
43,1,39,0,0,0,1,0,0,0,1,1,1,aleatorio
42,2,20,1,1,0,0,1,0,0,1,1,2,aleatorio
40,1,9,0,0,0,0,1,0,0,0,1,0,aleatorio
41,1,100,0,0,0,0,0,0,1,0,0,0,aleatorio
44,0,999,0,0,0,0,0,0,0,1,1,1,aleatorio
30,5,3,1,1,0,0,1,0,1,0,0,2,aleatorio
37,2,5,1,0,1,0,0,1,0,0,0,2,aleatorio
70,5,10,1,0,0,1,1,1,1,0,0,2,aleatorio
64,3,39,0,0,1,1,1,0,0,0,0,2,aleatorio
24,2,5,1,0,0,1,0,0,1,0,0,2,aleatorio
39,2,10,1,0,0,0,1,1,0,0,1,1,aleatorio
37,1,8,0,0,0,0,1,0,0,0,0,0,aleatorio
43,1,161,0,0,0,0,0,1,0,0,0,0,aleatorio
20,1,1,0,0,0,0,0,0,1,0,0,0,aleatorio
58,3,3,1,1,0,0,1,0,0,0,0,2,aleatorio
39,1,36,0,0,0,0,1,0,0,2,2,1,aleatorio
65,4,19,1,0,0,0,1,1,0,0,1,1,aleatorio
20,5,15,1,1,1,0,0,0,1,0,0,2,aleatorio
18,1,2,0,0,0,0,0,1,0,0,0,0,aleatorio
51,3,43,0,1,0,0,0,1,0,0,0,2,aleatorio
66,5,3,1,0,1,1,0,0,1,1,2,2,aleatorio
28,1,25,0,0,0,0,1,0,0,0,0,0,aleatorio
35,6,7,1,0,1,1,0,1,1,0,0,2,aleatorio
35,2,6,1,0,0,0,1,1,0,0,0,1,aleatorio
45,3,46,0,0,0,0,1,1,1,1,2,1,aleatorio
30,1,11,0,0,0,0,0,0,1,0,0,0,aleatorio
35,1,17,0,0,0,1,0,0,0,2,3,1,aleatorio
31,1,272,0,0,0,0,1,0,0,1,1,1,aleatorio
45,4,9,1,1,0,1,0,0,1,0,1,2,aleatorio
28,2,8,1,1,0,0,1,0,0,0,0,2,aleatorio
64,1,36,0,0,0,0,0,1,0,0,0,0,aleatorio
64,1,24,0,0,0,0,0,0,1,0,0,0,aleatorio
48,2,14,1,1,0,1,0,0,0,0,0,2,aleatorio
57,1,230,0,0,0,0,1,0,0,0,0,0,aleatorio
19,3,7,1,0,0,1,1,0,0,3,3,2,aleatorio
45,1,307,0,1,0,0,0,0,0,0,0,2,aleatorio
34,5,5,1,0,1,1,1,1,1,0,0,2,aleatorio
69,4,12,1,0,0,0,1,1,1,0,0,1,aleatorio
33,1,197,0,0,0,0,1,0,0,3,3,1,aleatorio
50,2,81,0,0,0,0,1,1,0,1,2,1,aleatorio
31,3,9,1,1,0,1,0,1,0,1,1,2,aleatorio
61,2,8,1,0,1,0,0,0,1,0,0,2,aleatorio
60,1,34,0,0,0,0,0,1,0,0,0,0,aleatorio
51,2,7,1,1,0,0,0,1,0,0,0,2,aleatorio
50,1,3,0,0,0,0,0,1,0,0,0,0,aleatorio
54,2,57,0,0,0,1,0,1,0,0,0,1,aleatorio
27,1,59,0,0,0,0,1,0,0,0,0,0,aleatorio
24,4,28,1,1,1,0,1,1,0,1,1,2,aleatorio
24,3,11,1,1,0,1,0,0,0,0,0,2,aleatorio
49,1,112,0,0,0,0,1,0,0,0,0,0,aleatorio
44,2,17,1,0,0,0,1,1,0,0,0,1,aleatorio
25,1,62,0,0,1,0,0,0,0,0,0,2,aleatorio
20,3,5,1,0,0,1,1,1,0,1,1,2,aleatorio
67,1,6,0,0,0,0,0,1,0,0,0,0,aleatorio
56,5,0,1,1,1,0,0,0,1,1,1,2,aleatorio
46,1,29,0,0,0,0,0,0,1,1,2,1,aleatorio
36,1,392,0,0,0,1,0,0,0,3,3,1,aleatorio
52,1,49,0,0,0,1,0,0,0,0,0,1,aleatorio
47,2,15,1,0,0,0,1,1,0,0,0,1,aleatorio
35,3,0,1,1,0,1,0,1,0,0,0,2,aleatorio
40,5,2,1,0,0,0,0,1,1,0,1,1,aleatorio
18,2,36,0,0,0,0,0,1,0,0,0,0,aleatorio
55,2,9,1,0,1,0,1,0,0,0,1,2,aleatorio
67,1,22,0,0,0,0,0,0,1,0,1,0,aleatorio
68,4,30,1,1,0,1,1,1,0,0,0,2,aleatorio
30,3,5,1,0,0,0,0,1,1,0,0,1,aleatorio
53,3,4,1,1,0,0,0,1,0,1,1,2,aleatorio
54,1,51,0,0,0,1,0,0,0,0,0,1,aleatorio
36,3,53,0,0,0,0,1,1,0,0,0,0,aleatorio
32,2,14,1,0,0,1,0,1,0,0,0,2,aleatorio
62,1,57,0,0,0,0,0,1,0,0,0,0,aleatorio
35,1,278,0,0,0,0,0,1,0,0,1,0,aleatorio
33,1,4,0,0,0,0,0,1,0,0,0,0,aleatorio
18,1,55,0,0,0,0,0,1,0,0,0,0,aleatorio
43,2,31,0,0,0,1,0,0,0,1,1,1,aleatorio
35,2,50,0,0,0,0,0,1,0,0,0,0,aleatorio
29,1,314,0,0,0,0,1,0,0,1,1,1,aleatorio
58,3,0,1,0,0,0,1,0,1,0,0,1,aleatorio
34,3,34,0,0,0,0,1,1,1,0,1,0,aleatorio
59,2,21,1,0,0,0,0,1,1,1,1,1,aleatorio
49,2,60,0,0,0,0,1,0,0,0,0,0,aleatorio
47,1,0,0,0,0,1,0,0,0,0,0,1,aleatorio
46,1,26,0,0,0,0,0,1,0,0,0,0,aleatorio
47,5,3,1,0,1,1,1,0,1,0,0,2,aleatorio
48,1,31,0,0,0,0,0,0,1,2,3,1,aleatorio
19,4,6,1,0,1,1,0,1,0,0,0,2,aleatorio
70,1,15,0,0,0,0,1,0,0,0,0,0,aleatorio
52,1,41,0,0,0,1,0,0,0,2,3,1,aleatorio
64,1,157,0,0,1,0,0,0,0,0,0,2,aleatorio
31,1,1,0,0,0,0,1,0,0,0,0,0,aleatorio
32,4,10,1,1,1,1,0,1,0,4,4,2,aleatorio
49,3,12,1,0,1,1,1,0,0,1,1,2,aleatorio
44,2,35,0,0,0,0,0,0,1,0,0,0,aleatorio
32,2,61,0,1,1,0,0,0,0,0,0,2,aleatorio
69,2,10,1,0,0,0,1,0,1,0,0,1,aleatorio
56,1,20,0,1,0,0,0,0,0,1,1,2,aleatorio
27,2,10,1,0,0,1,1,0,0,0,0,2,aleatorio
47,1,212,0,0,0,0,0,1,0,0,0,0,aleatorio
43,6,8,1,0,0,0,1,1,1,2,3,2,aleatorio
66,1,117,0,0,0,0,0,0,1,0,0,0,aleatorio
45,3,23,1,1,0,0,1,0,1,1,1,2,aleatorio
49,1,26,0,0,0,0,0,0,1,0,0,0,aleatorio
21,2,286,0,0,0,1,1,0,0,0,0,1,aleatorio
50,2,14,1,0,0,0,1,1,0,3,3,2,aleatorio
34,1,39,0,0,0,0,0,0,1,0,0,0,aleatorio
67,0,999,0,0,0,0,0,0,0,1,1,1,aleatorio
45,2,7,1,0,0,0,1,1,0,0,0,1,aleatorio
67,2,13,1,0,0,0,1,1,0,0,0,1,aleatorio
54,1,230,0,0,0,0,0,0,1,1,1,1,aleatorio
31,1,43,0,0,0,1,0,0,0,3,4,1,aleatorio
45,1,58,0,0,0,0,1,0,0,0,0,0,aleatorio
54,1,268,0,0,0,0,1,0,0,0,1,0,aleatorio
35,4,2,1,0,0,0,1,0,1,0,0,1,aleatorio
28,1,26,0,0,0,0,0,0,1,0,0,0,aleatorio
43,1,1,0,0,0,0,0,1,0,0,0,0,aleatorio
66,4,23,1,1,1,0,1,0,0,1,1,2,aleatorio
67,1,16,0,0,0,0,0,1,0,1,1,1,aleatorio
65,1,260,0,0,0,0,1,0,0,2,3,1,aleatorio
36,0,999,0,0,0,0,0,0,0,1,1,1,aleatorio
52,3,23,1,0,0,1,1,0,1,2,2,2,aleatorio
51,1,254,0,0,0,1,0,0,0,3,4,1,aleatorio
35,3,12,1,0,0,0,1,0,1,0,0,1,aleatorio
38,3,12,1,0,0,1,1,1,0,0,0,2,aleatorio
26,3,2,1,0,0,1,0,1,1,0,0,2,aleatorio
56,3,9,1,1,0,1,1,0,0,0,0,2,aleatorio
40,1,312,0,0,0,1,0,0,0,0,0,1,aleatorio
41,1,34,0,0,0,0,0,0,1,0,0,0,aleatorio
18,1,1,0,0,0,0,0,0,1,0,0,0,aleatorio
21,1,38,0,0,0,0,1,0,0,0,0,0,aleatorio
35,1,3,0,0,0,0,0,1,0,0,0,0,aleatorio
35,1,227,0,0,0,0,1,0,0,0,0,0,aleatorio
25,1,58,0,0,0,0,0,1,0,0,0,0,aleatorio
54,3,12,1,1,0,0,1,0,0,0,0,2,aleatorio
36,2,6,1,0,0,0,1,0,1,1,1,2,aleatorio
30,3,13,1,0,0,0,0,1,1,0,0,1,aleatorio
22,1,372,0,0,0,0,0,0,1,0,0,0,aleatorio
20,1,32,0,0,0,0,0,1,0,0,0,0,aleatorio
25,1,14,0,0,0,0,0,1,0,0,1,0,aleatorio
64,1,170,0,0,0,0,1,0,0,0,0,0,aleatorio
30,2,4,1,0,1,1,0,0,0,3,3,2,aleatorio
27,1,158,0,0,0,0,0,1,0,0,0,0,aleatorio
36,2,14,1,1,0,0,0,1,0,0,0,2,aleatorio
19,6,7,1,0,1,1,0,0,1,0,0,2,aleatorio
20,3,9,1,0,1,0,0,1,1,0,0,2,aleatorio
50,1,4,0,0,0,0,0,1,0,0,1,0,aleatorio
37,3,4,1,0,1,0,0,1,0,0,1,2,aleatorio
43,1,219,0,0,0,0,1,0,0,0,1,0,aleatorio
52,2,6,1,0,1,0,0,0,1,0,0,2,aleatorio
69,3,183,0,0,0,0,0,1,0,0,0,0,aleatorio
49,2,159,0,0,0,0,1,1,0,0,0,0,aleatorio
51,6,2,1,0,1,1,0,1,1,0,0,2,aleatorio
62,3,42,0,0,1,0,1,1,0,0,0,2,aleatorio
43,5,24,1,0,1,0,0,1,1,0,0,2,aleatorio
62,2,23,1,0,0,0,1,0,1,1,1,1,aleatorio
38,1,1,0,0,0,0,1,0,0,0,0,0,aleatorio
21,1,18,0,0,0,0,0,1,0,1,1,1,aleatorio
35,3,225,0,0,0,1,1,1,0,0,0,1,aleatorio
31,3,16,1,0,0,0,1,0,0,0,0,1,aleatorio
52,1,366,0,0,0,0,0,1,0,0,0,0,aleatorio
41,1,16,0,0,0,1,0,0,0,1,1,1,aleatorio
30,5,7,1,1,0,0,1,1,1,0,0,2,aleatorio
18,3,1,1,0,0,1,1,1,0,0,0,2,aleatorio
65,2,9,1,0,0,1,0,0,1,0,0,2,aleatorio
38,5,13,1,0,0,0,1,1,0,0,0,1,aleatorio
44,1,286,0,0,0,0,0,0,1,0,0,0,aleatorio
63,1,384,0,0,0,0,1,0,0,1,1,1,aleatorio
29,0,999,0,0,0,0,0,0,0,2,4,1,aleatorio
21,3,54,0,0,0,0,0,1,1,1,2,1,aleatorio
68,4,3,1,0,0,0,1,1,1,0,0,1,aleatorio
38,1,87,0,0,0,0,0,0,1,3,4,1,aleatorio
54,3,5,1,0,0,0,0,1,1,0,0,1,aleatorio
20,1,29,0,0,0,1,0,0,0,0,0,1,aleatorio
37,1,7,0,0,0,0,0,0,1,1,1,2,aleatorio
30,1,32,0,0,0,0,0,0,1,0,0,0,aleatorio
59,1,47,0,0,0,0,0,1,0,0,0,0,aleatorio
52,2,110,0,0,0,0,1,0,1,0,0,0,aleatorio
27,5,5,1,0,1,1,1,1,1,0,0,2,aleatorio
42,1,389,0,0,0,0,0,0,1,0,0,0,aleatorio
67,1,130,0,0,0,0,0,1,0,0,0,0,aleatorio
33,1,2,0,0,0,0,1,0,0,0,0,0,aleatorio
55,1,25,0,0,0,0,0,0,1,0,1,0,aleatorio
46,1,15,0,0,0,0,1,0,0,0,0,0,aleatorio
24,3,9,1,0,0,0,1,0,1,0,2,1,aleatorio
48,4,0,1,1,0,1,1,1,0,1,2,2,aleatorio
62,3,0,1,0,0,1,0,1,1,0,0,2,aleatorio
52,1,147,0,0,0,0,1,0,0,1,3,1,aleatorio
24,2,46,0,0,1,0,0,0,0,0,0,2,aleatorio
28,2,1,1,0,0,0,0,0,1,0,0,1,aleatorio
29,1,115,0,0,0,0,0,0,1,0,0,0,aleatorio
58,2,0,1,0,0,1,0,0,1,0,0,2,aleatorio
52,1,250,0,0,0,0,0,1,0,1,1,1,aleatorio
47,4,5,1,0,1,0,1,1,0,1,1,2,aleatorio
63,2,54,0,0,0,0,1,0,0,0,0,0,aleatorio
21,2,9,1,0,0,0,0,1,1,0,0,1,aleatorio
50,1,302,0,0,0,0,1,0,0,0,0,0,aleatorio
44,1,153,0,0,0,0,0,1,0,0,0,0,aleatorio
36,1,44,0,0,0,0,1,0,0,0,0,0,aleatorio
49,3,13,1,0,0,0,1,1,1,0,0,1,aleatorio
45,4,1,1,0,0,1,1,1,0,0,0,2,aleatorio
66,1,25,0,0,0,0,0,1,0,0,1,0,aleatorio
65,2,0,1,1,0,0,1,0,0,0,0,2,aleatorio
57,1,18,0,0,0,0,0,0,1,0,0,0,aleatorio
54,1,30,0,0,0,0,0,0,1,1,2,1,aleatorio
52,1,40,0,0,0,0,0,0,1,0,0,0,aleatorio
58,2,9,1,0,0,0,0,1,0,0,0,1,aleatorio
53,3,12,1,0,1,0,0,0,1,1,1,2,aleatorio
47,1,11,0,0,0,0,1,0,0,0,0,0,aleatorio
40,1,13,0,0,0,1,0,0,0,0,0,1,aleatorio
41,1,103,0,0,1,0,0,0,0,1,1,2,aleatorio
55,1,118,0,0,0,0,0,0,1,0,0,0,aleatorio
22,1,77,0,0,0,0,1,0,0,0,0,0,aleatorio
38,0,999,0,0,0,0,0,0,0,1,2,1,aleatorio
23,1,20,0,0,0,0,0,1,0,0,0,0,aleatorio
67,3,23,1,1,1,0,0,0,1,3,4,2,aleatorio
48,4,3,1,0,0,0,1,1,0,0,1,1,aleatorio
55,1,244,0,0,0,0,1,0,0,0,0,0,aleatorio
60,2,53,0,0,0,0,0,0,1,0,0,0,aleatorio
18,1,7,0,0,0,0,1,0,0,0,1,0,aleatorio
43,1,355,0,1,0,0,0,0,0,0,0,2,aleatorio
43,6,2,1,0,1,0,1,1,0,2,2,2,aleatorio
68,4,21,1,0,0,0,1,1,1,0,0,1,aleatorio
30,3,2,1,1,0,0,1,0,1,0,0,2,aleatorio
69,1,304,0,0,0,0,0,1,0,0,0,0,aleatorio
64,2,32,0,0,0,0,1,0,1,0,0,0,aleatorio
36,2,9,1,0,0,0,1,1,0,0,0,1,aleatorio
36,4,20,1,1,0,1,0,0,1,1,2,2,aleatorio
24,1,206,0,0,0,0,0,1,0,0,1,0,aleatorio
18,2,54,0,0,0,0,0,1,1,0,0,0,aleatorio
66,4,1,1,1,1,0,1,1,0,0,0,2,aleatorio
45,5,14,1,0,1,1,0,1,1,0,0,2,aleatorio
64,4,60,0,0,1,1,0,1,1,2,3,2,aleatorio
50,1,309,0,0,0,0,0,1,0,0,0,0,aleatorio
61,1,50,0,0,0,0,1,0,0,0,0,0,aleatorio
61,4,58,0,0,1,0,1,0,1,0,0,2,aleatorio
50,2,6,1,0,0,0,0,0,1,0,0,1,aleatorio
35,2,257,0,0,1,1,0,0,0,0,0,2,aleatorio
35,1,6,0,0,0,0,1,0,0,0,0,0,aleatorio
39,6,0,1,0,1,1,0,1,0,0,0,2,aleatorio
62,2,5,1,0,0,1,0,1,0,0,0,2,aleatorio
20,1,31,0,0,0,0,0,0,1,0,0,0,aleatorio
34,6,24,1,0,0,0,1,1,1,0,1,1,aleatorio
69,1,15,0,0,1,0,0,0,0,1,1,2,aleatorio
49,1,131,0,1,0,0,0,0,0,0,1,2,aleatorio
23,4,2,1,0,1,0,0,1,0,0,0,2,aleatorio
34,4,1,1,1,0,1,0,1,1,1,3,2,aleatorio
63,1,109,0,0,0,1,0,0,0,0,1,1,aleatorio
37,2,52,0,0,0,1,0,1,0,0,0,1,aleatorio
53,2,24,1,0,0,0,0,0,1,0,0,1,aleatorio
50,2,33,0,0,0,0,0,1,0,2,3,1,aleatorio
41,1,298,0,0,0,0,0,0,1,0,0,0,aleatorio
44,5,13,1,0,0,1,0,1,1,1,1,2,aleatorio
30,1,12,0,0,0,0,0,0,1,0,0,0,aleatorio
46,1,58,0,0,0,0,1,0,0,1,1,1,aleatorio
42,1,19,0,0,0,0,0,0,1,0,0,0,aleatorio
18,4,9,1,0,1,0,1,0,1,0,1,2,aleatorio
29,4,2,1,0,1,0,0,1,0,1,1,2,aleatorio
34,1,2,0,0,1,0,0,0,0,0,0,2,aleatorio
29,1,214,0,0,0,0,0,0,1,0,3,0,aleatorio
63,1,3,0,0,0,0,1,0,0,0,0,0,aleatorio
65,1,239,0,0,0,0,0,0,1,0,0,0,aleatorio
39,2,54,0,0,0,0,1,1,0,0,1,0,aleatorio
61,1,45,0,0,0,0,0,0,1,0,0,0,aleatorio
20,6,3,1,0,0,1,1,1,1,0,0,2,aleatorio
60,1,6,0,0,0,0,0,1,0,0,0,0,aleatorio
21,2,17,1,0,0,1,1,0,0,0,0,2,aleatorio
38,4,7,1,0,1,0,1,0,1,0,0,2,aleatorio
33,2,2,1,1,1,0,0,0,0,1,3,2,aleatorio
64,4,55,0,0,0,1,0,1,0,0,0,1,aleatorio
30,2,11,1,0,0,0,0,1,0,3,3,2,aleatorio
40,5,0,1,1,0,1,0,1,1,0,0,2,aleatorio
44,1,34,0,0,0,1,0,0,0,0,0,1,aleatorio
33,2,39,0,0,0,1,0,0,1,3,3,1,aleatorio
23,1,25,0,0,0,1,0,0,0,0,0,1,aleatorio
40,1,235,0,0,0,0,0,0,1,0,0,0,aleatorio
23,5,12,1,0,1,0,1,1,1,1,2,2,aleatorio
64,5,1,1,0,0,0,1,1,1,0,0,1,aleatorio
46,2,8,1,0,0,0,1,0,1,0,0,1,aleatorio
40,1,8,0,0,0,0,1,0,0,0,0,0,aleatorio
61,0,999,0,0,0,0,0,0,0,2,2,1,aleatorio
33,1,45,0,0,0,0,1,0,0,0,0,0,aleatorio
64,1,2,0,0,0,1,0,0,0,2,3,2,aleatorio
41,1,3,0,0,0,0,0,1,0,0,0,0,aleatorio
26,3,39,0,0,0,1,0,0,1,0,1,1,aleatorio
49,2,7,1,0,0,0,1,0,0,0,0,1,aleatorio
59,2,51,0,0,0,0,0,1,0,1,1,1,aleatorio
69,2,1,1,0,0,0,1,0,1,0,1,1,aleatorio
68,4,50,0,0,0,0,0,1,1,0,1,0,aleatorio
19,2,353,0,0,0,0,1,1,0,0,0,0,aleatorio
34,2,284,0,0,0,0,1,1,0,1,1,1,aleatorio
50,5,0,1,1,1,1,1,0,0,1,1,2,aleatorio
59,3,4,1,0,0,0,0,0,1,0,0,1,aleatorio
48,1,56,0,0,0,0,1,0,0,2,2,1,aleatorio
22,3,1,1,0,0,0,1,1,0,0,0,1,aleatorio
27,1,194,0,0,0,1,0,0,0,3,4,1,aleatorio
70,1,53,0,0,0,0,1,0,0,0,0,0,aleatorio
53,5,19,1,0,1,1,1,1,1,0,0,2,aleatorio
39,2,259,0,0,0,0,1,1,0,0,0,0,aleatorio
63,4,34,0,0,0,0,1,1,0,3,3,1,aleatorio
28,2,57,0,0,0,1,1,0,0,1,1,1,aleatorio
61,2,9,1,0,1,1,0,0,0,1,1,2,aleatorio
69,5,3,1,0,1,0,0,1,1,1,2,2,aleatorio
45,1,298,0,0,0,0,0,1,0,0,0,0,aleatorio
43,1,5,0,0,0,0,1,0,0,0,0,0,aleatorio
70,1,6,0,0,0,0,0,1,0,0,0,0,aleatorio
30,3,55,0,0,0,1,1,1,0,0,0,1,aleatorio
39,1,60,0,0,0,0,0,0,1,0,0,0,aleatorio
66,1,29,0,0,0,0,0,0,1,0,1,0,aleatorio
46,1,57,0,0,0,0,0,1,0,0,0,0,aleatorio
65,3,30,1,0,1,1,0,0,0,0,0,2,aleatorio
46,2,14,1,0,1,1,0,0,0,0,0,2,aleatorio
25,2,152,0,0,0,0,1,0,0,0,0,0,aleatorio
60,2,14,1,0,0,1,0,1,0,0,0,2,aleatorio
28,2,30,1,1,0,0,1,0,0,0,0,2,aleatorio
65,4,8,1,1,1,0,1,0,0,1,1,2,aleatorio
31,2,35,0,0,1,1,0,0,0,2,3,2,aleatorio
58,1,373,0,0,1,0,0,0,0,0,0,2,aleatorio
63,2,265,0,0,0,0,1,0,1,0,0,0,aleatorio
47,4,8,1,1,1,0,1,1,0,0,0,2,aleatorio
18,2,3,1,0,0,0,1,0,0,0,0,1,aleatorio
39,1,359,0,0,0,1,0,0,0,1,2,1,aleatorio
38,1,325,0,0,0,0,0,0,1,0,0,0,aleatorio
21,4,32,0,1,0,0,1,1,0,1,1,2,aleatorio
65,1,109,0,0,0,0,0,0,1,2,2,1,aleatorio
27,1,4,0,1,0,0,0,0,0,1,1,2,aleatorio
48,2,2,1,1,0,0,0,1,0,2,2,2,aleatorio
56,1,7,0,0,0,0,0,0,1,0,0,0,aleatorio
61,2,291,0,0,0,1,1,0,0,2,2,1,aleatorio
57,6,10,1,0,1,0,1,1,0,0,0,2,aleatorio
59,1,31,0,0,0,1,0,0,0,1,1,1,aleatorio
22,3,8,1,1,0,0,0,1,1,0,0,2,aleatorio
18,1,20,0,0,0,0,0,1,0,0,0,0,aleatorio
30,1,51,0,0,0,0,0,1,0,2,2,1,aleatorio
20,1,16,0,0,0,0,0,1,0,0,0,0,aleatorio
40,3,15,1,0,0,0,1,0,1,0,0,1,aleatorio
38,1,148,0,0,0,1,0,0,0,0,0,1,aleatorio
20,1,105,0,0,0,0,1,0,0,0,0,0,aleatorio
67,5,3,1,1,1,1,0,0,1,3,3,2,aleatorio
19,1,36,0,0,0,0,1,0,0,0,0,0,aleatorio
20,1,73,0,0,0,0,1,0,0,0,0,0,aleatorio
55,1,50,0,0,0,1,0,0,0,0,0,1,aleatorio
59,6,21,1,0,0,0,1,1,1,0,0,1,aleatorio
44,1,16,0,0,1,0,0,0,0,0,0,2,aleatorio
48,5,0,1,0,0,0,1,1,0,0,0,1,aleatorio
66,1,180,0,0,0,0,0,0,1,0,0,0,aleatorio
52,1,10,0,0,0,0,0,1,0,0,0,0,aleatorio
58,1,194,0,0,0,0,0,0,1,0,0,0,aleatorio
65,1,5,0,0,0,0,0,1,0,0,0,0,aleatorio
34,1,28,0,0,0,0,0,1,0,2,3,1,aleatorio
57,1,15,0,0,0,0,0,1,0,2,2,2,aleatorio
44,1,11,0,0,0,0,0,1,0,0,1,0,aleatorio
27,5,11,1,0,1,1,0,1,0,0,0,2,aleatorio
44,1,48,0,0,0,0,0,0,1,2,2,1,aleatorio
59,1,341,0,0,0,0,0,1,0,0,0,0,aleatorio
20,0,999,0,0,0,0,0,0,0,2,4,1,aleatorio
67,1,4,0,0,0,0,0,1,0,0,0,0,aleatorio
20,3,35,0,0,0,1,1,0,0,1,1,1,aleatorio
37,3,5,1,0,0,1,1,1,0,1,1,2,aleatorio
44,1,4,0,0,0,0,1,0,0,0,0,0,aleatorio
18,2,5,1,0,1,0,1,0,0,2,2,2,aleatorio
26,3,196,0,0,0,1,1,0,1,3,3,1,aleatorio
35,2,19,1,0,0,0,1,1,0,2,3,1,aleatorio
60,1,280,0,0,0,0,0,0,1,1,1,1,aleatorio
68,1,247,0,0,0,0,0,0,1,0,1,0,aleatorio
26,4,5,1,1,1,0,0,1,0,1,1,2,aleatorio
45,5,0,1,0,0,1,1,1,0,0,0,2,aleatorio
22,4,35,0,0,1,0,0,1,0,0,0,2,aleatorio
35,2,58,0,0,0,0,1,0,1,0,0,0,aleatorio
44,1,59,0,0,0,1,0,0,0,1,1,1,aleatorio
47,1,13,0,0,0,0,0,0,1,1,1,2,aleatorio
42,1,21,0,0,0,0,1,0,0,1,1,1,aleatorio
23,4,20,1,0,0,1,1,0,1,0,1,2,aleatorio
35,1,17,0,1,0,0,0,0,0,0,0,2,aleatorio
45,1,45,0,0,0,1,0,0,0,2,3,1,aleatorio
63,5,2,1,1,0,0,1,1,0,0,0,2,aleatorio
42,1,37,0,0,0,0,0,1,0,0,0,0,aleatorio
24,6,38,0,0,0,1,1,1,1,1,2,1,aleatorio
46,2,55,0,0,0,1,0,0,0,0,0,1,aleatorio
28,2,7,1,1,0,0,0,1,0,0,0,2,aleatorio
52,1,53,0,0,0,0,1,0,0,0,0,0,aleatorio
33,1,15,0,0,0,0,0,0,1,1,1,2,aleatorio
63,1,0,0,0,0,0,1,0,0,0,0,0,aleatorio
51,2,206,0,0,0,0,0,1,0,0,0,0,aleatorio
41,4,151,0,0,1,0,1,1,0,2,2,2,aleatorio
54,4,23,1,1,0,0,0,1,0,1,1,2,aleatorio
38,1,241,0,0,0,1,0,0,0,2,2,1,aleatorio
46,2,13,1,0,0,0,0,0,1,0,0,1,aleatorio
40,2,34,0,0,0,0,0,1,0,0,1,0,aleatorio
23,2,210,0,0,0,0,0,0,1,0,0,0,aleatorio
30,3,9,1,0,1,1,0,1,0,0,0,2,aleatorio
29,1,25,0,0,0,0,0,0,1,0,0,0,aleatorio
65,3,2,1,0,0,1,0,1,0,1,1,2,aleatorio
29,5,2,1,0,0,1,0,1,1,1,1,2,aleatorio
55,1,310,0,0,0,0,1,0,0,0,0,0,aleatorio
66,1,27,0,0,0,0,1,0,0,0,0,0,aleatorio
68,1,2,0,0,0,1,0,0,0,0,1,1,aleatorio
43,6,3,1,0,0,1,0,1,1,1,1,2,aleatorio
69,1,253,0,0,0,0,0,1,0,0,0,0,aleatorio
39,3,7,1,0,0,1,0,1,0,0,0,2,aleatorio
47,3,1,1,0,0,0,1,1,1,0,0,1,aleatorio
25,4,16,1,0,1,1,0,1,0,0,0,2,aleatorio
28,1,51,0,0,0,0,1,0,0,0,0,0,aleatorio
23,1,18,0,0,0,1,0,0,0,1,1,1,aleatorio
31,1,357,0,0,0,1,0,0,0,0,0,1,aleatorio
65,2,1,1,0,0,0,1,0,1,0,1,1,aleatorio
69,3,51,0,0,0,1,1,1,0,2,2,1,aleatorio
34,1,161,0,0,0,0,0,1,0,0,0,0,aleatorio
41,1,144,0,0,0,0,0,0,1,0,0,0,aleatorio
56,3,54,0,0,0,0,1,0,1,2,2,1,aleatorio
28,4,42,0,0,0,0,1,1,0,0,0,0,aleatorio
57,2,31,0,0,0,1,1,0,0,0,0,1,aleatorio
62,6,2,1,1,1,1,1,0,0,3,4,2,aleatorio
69,1,11,0,0,0,0,0,0,1,0,0,0,aleatorio
30,3,9,1,0,1,0,0,1,1,2,3,2,aleatorio
39,4,49,0,0,0,1,1,1,0,0,0,1,aleatorio
64,1,15,0,0,0,0,1,0,0,0,1,0,aleatorio
42,1,31,0,0,0,0,1,0,0,0,0,0,aleatorio
56,2,6,1,0,0,0,1,0,1,0,0,1,aleatorio
24,6,5,1,1,0,1,1,1,0,0,0,2,aleatorio
29,5,7,1,0,0,1,1,0,0,0,0,2,aleatorio
24,2,6,1,1,0,0,0,0,0,1,1,2,aleatorio
53,0,999,0,0,0,0,0,0,0,2,3,1,aleatorio
67,3,6,1,0,0,0,0,1,1,0,0,1,aleatorio
53,1,32,0,0,0,0,0,0,1,0,0,0,aleatorio
54,1,28,0,0,0,0,1,0,0,0,0,0,aleatorio
29,4,1,1,0,0,0,1,0,1,0,0,1,aleatorio
43,2,38,0,0,0,0,1,0,0,3,3,1,aleatorio
38,1,10,0,0,0,0,1,0,0,0,0,0,aleatorio
19,1,27,0,0,0,0,0,0,1,0,0,0,aleatorio
26,1,220,0,0,0,0,0,1,0,2,3,1,aleatorio
30,3,21,1,0,0,0,0,1,1,0,1,1,aleatorio
49,1,77,0,0,0,0,0,1,0,2,2,1,aleatorio
50,1,193,0,0,0,0,0,0,1,0,0,0,aleatorio
24,4,51,0,0,1,1,1,0,1,0,0,2,aleatorio
49,1,2,0,0,0,0,0,1,0,3,4,2,aleatorio
54,1,0,0,0,0,0,1,0,0,0,0,0,aleatorio
48,1,12,0,0,0,1,0,0,0,2,2,2,aleatorio
38,1,23,0,0,0,1,0,0,0,0,0,1,aleatorio
39,3,14,1,0,0,0,1,1,1,0,0,1,aleatorio
66,5,34,0,1,0,0,1,1,0,0,0,2,aleatorio
39,1,331,0,0,1,0,0,0,0,1,1,2,aleatorio
29,2,51,0,0,0,0,1,0,1,0,0,0,aleatorio
56,1,9,0,0,0,1,0,0,0,0,0,1,aleatorio
70,1,353,0,0,0,0,0,0,1,1,1,1,aleatorio
68,1,49,0,0,0,0,0,0,1,0,0,0,aleatorio
58,2,58,0,0,0,0,1,1,0,0,0,0,aleatorio
58,1,40,0,0,0,0,0,1,0,0,0,0,aleatorio
33,2,15,1,1,0,0,0,0,1,0,0,2,aleatorio
55,1,37,0,0,0,0,0,1,0,0,0,0,aleatorio
57,1,142,0,0,0,0,1,0,0,0,0,0,aleatorio
30,1,9,0,0,0,0,1,0,0,0,0,0,aleatorio
37,1,9,0,0,0,0,1,0,0,0,0,0,aleatorio
61,3,41,0,0,0,1,0,1,0,0,0,1,aleatorio
64,3,155,0,0,0,1,0,1,0,0,0,1,aleatorio
52,1,180,0,0,1,0,0,0,0,0,0,2,aleatorio
63,1,52,0,0,0,0,0,0,1,0,0,0,aleatorio
68,2,25,1,1,1,0,0,0,0,0,0,2,aleatorio
20,2,11,1,0,0,0,1,1,0,0,0,1,aleatorio
31,2,44,0,0,0,0,1,0,0,0,0,0,aleatorio
40,2,270,0,0,0,0,1,1,0,0,0,0,aleatorio
68,4,33,0,0,0,0,1,0,1,0,0,0,aleatorio
44,3,29,1,0,0,0,1,1,0,2,2,1,aleatorio
54,1,9,0,0,0,1,0,0,0,0,0,1,aleatorio
38,1,27,0,0,0,0,1,0,0,0,0,0,aleatorio
67,1,15,0,0,0,0,0,1,0,0,0,0,aleatorio
60,6,4,1,0,1,1,1,1,1,0,0,2,aleatorio
31,1,149,0,0,0,0,1,0,0,0,0,0,aleatorio
41,3,0,1,0,0,1,0,1,0,0,0,2,aleatorio
38,1,37,0,0,0,0,1,0,0,0,0,0,aleatorio
63,4,2,1,0,0,1,0,1,1,2,3,2,aleatorio
33,5,13,1,1,1,0,0,0,1,0,0,2,aleatorio
33,5,4,1,1,0,1,1,0,0,0,0,2,aleatorio
63,3,44,0,0,0,1,1,0,0,0,0,1,aleatorio
44,6,1,1,0,1,1,0,1,1,1,1,2,aleatorio
32,6,4,1,1,0,1,0,0,0,0,0,2,aleatorio
56,1,4,0,0,0,0,0,1,0,0,0,0,aleatorio
40,1,238,0,0,0,1,0,0,0,0,0,1,aleatorio
37,0,999,0,0,0,0,0,0,0,3,4,1,aleatorio
66,6,1,1,0,0,0,1,1,1,1,2,2,aleatorio
39,1,13,0,0,0,0,0,1,0,0,0,0,aleatorio
30,6,11,1,0,0,0,1,1,1,0,0,1,aleatorio
58,2,267,0,0,0,1,1,0,0,0,2,1,aleatorio
55,1,180,0,0,0,0,0,1,0,0,1,0,aleatorio
65,2,43,0,0,0,0,1,0,0,0,2,0,aleatorio
30,2,15,1,0,0,1,1,0,0,0,0,2,aleatorio
53,1,335,0,0,0,0,0,1,0,0,0,0,aleatorio
21,1,24,0,0,0,0,0,0,1,2,2,1,aleatorio
38,1,101,0,0,0,0,0,1,0,0,0,0,aleatorio
36,6,4,1,0,1,1,1,0,1,1,1,2,aleatorio
25,2,52,0,0,0,0,1,0,1,1,1,1,aleatorio
42,5,8,1,1,1,0,0,1,0,1,1,2,aleatorio
38,1,1,0,0,0,0,0,1,0,0,0,0,aleatorio
47,2,143,0,0,0,1,0,0,1,0,0,1,aleatorio
20,1,334,0,0,0,0,0,0,1,0,0,0,aleatorio
21,2,3,1,0,1,0,0,0,0,0,0,2,aleatorio
55,2,26,1,0,1,0,0,1,0,1,4,2,aleatorio
19,1,117,0,0,0,0,0,0,1,1,1,1,aleatorio
70,1,43,0,0,0,0,1,0,0,0,1,0,aleatorio
55,6,9,1,0,1,1,1,1,1,0,1,2,aleatorio
46,1,35,0,0,0,0,0,0,1,0,0,0,aleatorio
67,2,301,0,0,0,0,1,1,0,0,0,0,aleatorio
35,1,385,0,0,0,0,0,0,1,0,1,0,aleatorio
22,1,278,0,0,0,0,0,0,1,0,0,0,aleatorio
47,1,246,0,0,0,0,1,0,0,0,0,0,aleatorio
42,2,53,0,0,0,0,0,0,1,0,0,0,aleatorio
58,1,22,0,0,0,0,0,1,0,0,1,0,aleatorio
52,4,11,1,0,0,0,1,1,1,1,1,2,aleatorio
18,1,57,0,0,0,0,1,0,0,1,1,1,aleatorio
50,1,42,0,0,0,0,1,0,0,1,1,1,aleatorio
64,2,6,1,0,0,0,0,1,1,0,0,1,aleatorio
41,1,164,0,0,0,0,0,0,1,0,0,0,aleatorio
30,1,67,0,0,0,0,1,0,0,1,2,1,aleatorio
19,5,3,1,1,0,0,1,1,0,1,2,2,aleatorio
53,2,37,0,0,0,1,0,0,1,2,2,1,aleatorio
25,1,24,0,0,0,0,1,0,0,0,0,0,aleatorio
51,1,110,0,0,0,0,0,1,0,0,0,0,aleatorio
48,5,6,1,1,0,0,1,1,1,0,0,2,aleatorio
68,2,8,1,0,0,1,1,0,0,0,0,2,aleatorio
29,1,130,0,0,0,0,0,1,0,0,0,0,aleatorio
64,1,13,0,0,0,0,0,0,1,0,0,0,aleatorio
26,5,13,1,0,1,1,1,0,1,3,3,2,aleatorio
27,2,103,0,0,0,0,0,1,0,0,0,0,aleatorio
47,4,7,1,1,0,0,0,1,0,3,4,2,aleatorio
54,1,5,0,0,0,0,0,0,1,0,2,0,aleatorio
27,1,18,0,0,0,0,1,0,0,1,1,1,aleatorio
32,1,14,0,0,0,0,1,0,0,0,0,0,aleatorio
56,1,18,0,0,0,1,0,0,0,0,0,1,aleatorio
20,2,0,1,0,0,0,0,1,0,0,0,1,aleatorio
49,3,11,1,0,1,0,0,0,1,0,0,2,aleatorio
55,3,0,1,0,1,0,0,0,1,0,1,2,aleatorio
41,3,8,1,0,1,0,1,1,0,0,0,2,aleatorio
59,1,39,0,0,0,0,0,0,1,0,0,0,aleatorio
56,1,10,0,0,1,0,0,0,0,0,0,2,aleatorio
28,1,245,0,0,0,1,0,0,0,0,0,1,aleatorio
32,2,23,1,0,0,0,1,0,0,0,1,1,aleatorio
60,6,4,1,1,1,1,0,1,1,1,1,2,aleatorio
19,4,3,1,0,1,1,1,1,0,0,0,2,aleatorio
62,2,8,1,0,0,1,1,0,0,2,4,2,aleatorio
31,0,999,0,0,0,0,0,0,0,1,1,1,aleatorio
40,2,9,1,0,0,0,1,1,0,0,0,1,aleatorio
40,1,52,0,0,0,1,0,0,0,0,0,1,aleatorio
19,6,1,1,0,1,1,1,1,0,0,0,2,aleatorio
23,2,12,1,0,0,0,0,1,1,0,0,1,aleatorio
69,1,38,0,0,0,1,0,0,0,1,1,1,aleatorio
57,2,183,0,0,0,1,1,0,0,0,0,1,aleatorio
68,6,13,1,1,0,1,1,1,0,1,1,2,aleatorio
54,5,8,1,0,0,0,1,1,1,0,0,1,aleatorio
52,5,2,1,1,1,1,1,0,1,1,3,2,aleatorio
27,2,0,1,0,0,0,0,1,0,1,1,2,aleatorio
21,1,134,0,0,0,0,1,0,0,0,1,0,aleatorio
68,2,4,1,0,0,0,0,1,0,0,0,1,aleatorio
49,1,9,0,0,0,0,0,0,1,0,0,0,aleatorio
37,1,13,0,0,0,1,0,0,0,0,0,1,aleatorio
53,6,7,1,1,1,1,1,1,0,0,0,2,aleatorio
62,1,0,0,0,0,0,1,0,0,0,0,0,aleatorio
44,1,217,0,0,0,0,0,0,1,0,0,0,aleatorio
59,1,17,0,0,0,0,0,1,0,1,1,1,aleatorio
42,4,1,1,1,1,1,1,0,0,0,0,2,aleatorio
52,1,21,0,0,0,0,0,0,1,0,0,0,aleatorio
41,1,15,0,0,0,0,0,1,0,0,0,0,aleatorio
60,3,5,1,0,1,1,0,1,0,0,0,2,aleatorio
57,1,46,0,0,0,0,0,0,1,0,0,0,aleatorio
40,3,24,1,0,0,0,1,1,0,0,0,1,aleatorio
53,2,11,1,0,0,0,1,1,0,0,0,1,aleatorio
22,2,1,1,0,0,0,1,0,0,0,0,1,aleatorio
18,1,22,0,0,0,0,1,0,0,0,0,0,aleatorio
52,1,44,0,0,0,0,1,0,0,0,0,0,aleatorio
64,3,33,0,0,0,1,1,0,1,0,1,1,aleatorio
62,2,3,1,0,0,0,1,0,1,0,1,1,aleatorio
30,1,55,0,0,0,0,1,0,0,0,1,0,aleatorio
18,6,3,1,1,1,0,1,0,1,0,0,2,aleatorio
55,1,53,0,0,0,0,0,0,1,0,0,0,aleatorio
57,1,9,0,0,0,1,0,0,0,0,0,1,aleatorio
46,2,11,1,0,0,0,1,0,1,0,0,1,aleatorio
54,1,50,0,0,0,0,1,0,0,0,0,0,aleatorio
57,3,7,1,0,0,1,0,1,0,0,0,2,aleatorio
65,3,37,0,0,0,1,0,1,1,0,0,1,aleatorio
44,1,23,0,0,1,0,0,0,0,0,2,2,aleatorio
20,4,2,1,1,0,0,1,0,0,0,0,2,aleatorio
21,1,14,0,0,0,0,1,0,0,0,0,0,aleatorio
59,1,67,0,0,0,1,0,0,0,0,0,1,aleatorio
44,2,28,1,0,0,0,0,1,0,1,3,1,aleatorio
61,2,284,0,0,0,0,1,1,0,0,0,0,aleatorio
60,1,303,0,0,0,0,1,0,0,0,0,0,aleatorio
67,2,52,0,0,0,0,1,1,0,0,0,0,aleatorio
39,1,49,0,0,0,0,0,0,1,1,1,1,aleatorio
29,2,10,1,1,1,0,0,0,0,2,2,2,aleatorio
51,1,32,0,0,0,0,1,0,0,2,2,1,aleatorio
20,0,999,0,0,0,0,0,0,0,1,1,1,aleatorio
26,1,34,0,0,0,1,0,0,0,1,1,1,aleatorio
67,1,50,0,0,0,0,1,0,0,0,0,0,aleatorio
22,1,272,0,0,0,0,1,0,0,0,0,0,aleatorio
19,2,17,1,0,0,1,1,0,0,0,0,2,aleatorio
55,4,2,1,0,0,0,1,1,1,0,1,1,aleatorio
62,1,25,0,0,0,0,0,0,1,0,0,0,aleatorio
40,5,32,0,0,0,1,0,1,1,0,0,1,aleatorio
65,6,7,1,1,0,0,1,0,1,1,2,2,aleatorio
65,2,0,1,1,0,1,0,0,0,0,1,2,aleatorio
46,3,15,1,0,1,1,0,1,0,2,2,2,aleatorio
50,1,48,0,0,0,0,1,0,0,1,2,1,aleatorio
57,3,10,1,0,1,1,0,0,0,0,0,2,aleatorio
25,2,18,1,0,0,0,1,0,0,0,0,1,aleatorio
32,3,33,0,0,0,0,1,1,0,0,0,0,aleatorio
23,5,1,1,0,1,1,1,0,1,0,1,2,aleatorio
58,1,10,0,0,0,0,0,1,0,0,1,0,aleatorio
33,2,17,1,0,0,0,0,1,1,2,3,1,aleatorio
50,1,79,0,0,0,0,1,0,0,0,1,0,aleatorio
25,2,13,1,0,0,0,1,0,0,0,0,1,aleatorio
39,3,7,1,0,0,1,1,0,1,1,1,2,aleatorio
35,1,50,0,0,0,1,0,0,0,0,0,1,aleatorio
52,2,29,1,0,0,0,1,0,0,0,0,1,aleatorio
21,2,2,1,0,0,0,0,1,0,0,0,1,aleatorio
49,2,55,0,0,0,0,0,1,1,0,0,0,aleatorio
66,1,300,0,0,0,0,0,1,0,0,0,0,aleatorio
41,2,40,0,0,0,1,0,1,0,0,0,1,aleatorio
23,2,39,0,0,0,0,0,0,1,0,0,0,aleatorio
33,2,41,0,0,0,0,1,1,0,0,0,0,aleatorio
43,2,50,0,0,0,1,0,0,1,0,0,1,aleatorio
47,1,289,0,0,0,0,0,0,1,3,3,1,aleatorio
41,2,123,0,0,0,1,0,0,1,0,0,1,aleatorio
39,2,34,0,0,0,0,1,0,1,0,0,0,aleatorio
51,2,6,1,0,1,0,0,0,0,2,2,2,aleatorio
68,0,999,0,0,0,0,0,0,0,1,1,1,aleatorio
22,3,3,1,0,1,0,0,0,1,2,2,2,aleatorio
34,4,1,1,0,1,0,1,1,0,0,0,2,aleatorio
66,1,45,0,0,0,0,0,0,1,0,0,0,aleatorio
67,2,37,0,0,0,0,1,0,1,0,0,0,aleatorio
66,6,7,1,0,0,0,1,1,1,0,0,1,aleatorio
47,1,2,0,0,0,0,0,1,0,0,0,0,aleatorio
61,1,32,0,0,0,0,1,0,0,0,0,0,aleatorio
46,1,47,0,0,0,0,0,1,0,1,2,1,aleatorio
39,1,55,0,0,0,1,0,0,0,1,1,1,aleatorio
24,1,37,0,0,0,1,0,0,0,0,0,1,aleatorio
60,4,25,1,0,1,1,0,1,0,1,1,2,aleatorio
27,1,177,0,0,0,0,0,1,0,0,2,0,aleatorio
37,4,24,1,0,0,0,0,1,1,0,1,1,aleatorio
51,2,111,0,0,0,0,0,1,1,0,0,0,aleatorio
53,2,11,1,0,0,1,0,1,0,2,2,2,aleatorio
53,1,29,0,0,0,0,1,0,0,0,0,0,aleatorio
37,4,7,1,0,1,0,1,0,0,1,1,2,aleatorio
26,1,43,0,0,0,0,1,0,0,1,1,1,aleatorio
35,1,295,0,0,0,1,0,0,0,1,1,1,aleatorio
62,4,0,1,0,0,0,1,1,1,0,0,1,aleatorio
58,4,2,1,0,1,0,1,0,1,1,1,2,aleatorio
40,1,18,0,0,0,0,0,0,1,0,0,0,aleatorio
44,2,12,1,0,0,0,1,1,0,0,0,1,aleatorio
25,2,0,1,0,1,0,1,0,0,0,0,2,aleatorio
59,1,25,0,0,0,1,0,0,0,0,0,1,aleatorio
29,1,3,0,0,1,0,0,0,0,0,1,2,aleatorio
49,4,11,1,0,0,0,1,1,0,0,0,1,aleatorio
42,2,1,1,0,1,0,1,0,0,1,1,2,aleatorio
50,4,10,1,1,1,0,0,0,1,0,1,2,aleatorio
34,2,2,1,0,0,0,1,1,0,0,0,1,aleatorio
58,2,91,0,0,0,1,0,1,0,1,1,1,aleatorio
28,1,14,0,0,0,1,0,0,0,0,0,1,aleatorio
54,1,13,0,0,0,0,1,0,0,0,1,0,aleatorio
35,1,8,0,0,0,0,0,1,0,0,0,0,aleatorio
41,2,7,1,0,0,0,1,1,0,0,0,1,aleatorio
37,2,41,0,0,0,0,0,1,1,0,1,0,aleatorio
30,4,0,1,1,1,0,1,0,0,0,0,2,aleatorio
33,2,13,1,1,0,0,0,1,0,0,0,2,aleatorio
27,1,151,0,0,0,0,0,1,0,0,0,0,aleatorio
53,4,36,0,0,0,1,0,0,1,4,4,1,aleatorio
64,1,48,0,0,0,0,0,0,1,0,0,0,aleatorio
38,1,224,0,0,0,1,0,0,0,0,0,1,aleatorio
32,1,59,0,0,0,1,0,0,0,2,2,1,aleatorio
58,5,4,1,1,1,1,0,0,0,4,4,2,aleatorio
35,6,0,1,1,1,1,0,1,1,0,0,2,aleatorio
42,1,313,0,0,0,0,0,1,0,0,0,0,aleatorio
38,2,13,1,1,0,0,0,1,0,0,0,2,aleatorio
46,4,1,1,0,1,1,1,0,0,1,1,2,aleatorio
32,1,0,0,0,0,0,1,0,0,0,0,0,aleatorio
56,2,45,0,0,0,1,1,0,0,0,0,1,aleatorio
18,2,9,1,0,0,0,0,0,1,1,2,2,aleatorio
31,1,336,0,0,0,0,0,0,1,2,3,1,aleatorio
58,3,7,1,1,0,0,0,0,1,2,3,2,aleatorio
67,3,37,0,0,0,0,1,1,0,0,0,0,aleatorio
38,1,355,0,0,0,0,0,1,0,1,1,1,aleatorio
34,1,7,0,0,0,0,0,1,0,0,0,0,aleatorio
66,1,2,0,0,0,0,1,0,0,0,0,0,aleatorio
56,1,119,0,0,0,0,0,0,1,0,0,0,aleatorio
24,2,41,0,0,0,1,0,0,1,0,0,1,aleatorio
39,2,4,1,0,0,0,0,1,1,0,1,1,aleatorio
69,1,44,0,0,0,0,0,1,0,0,0,0,aleatorio
18,3,19,1,0,0,1,1,0,1,0,0,2,aleatorio
31,0,999,0,0,0,0,0,0,0,3,4,1,aleatorio
54,2,44,0,0,0,0,0,1,1,1,1,1,aleatorio
27,3,128,0,0,0,0,1,1,0,0,0,0,aleatorio
43,1,15,0,0,0,0,1,0,0,0,0,0,aleatorio
65,3,7,1,1,0,0,1,0,0,2,3,2,aleatorio
21,1,292,0,0,0,0,0,0,1,4,4,1,aleatorio
19,2,104,0,1,0,0,0,0,1,0,1,2,aleatorio
19,2,39,0,0,0,1,1,0,0,1,4,1,aleatorio
58,2,51,0,0,0,0,1,1,0,0,0,0,aleatorio
58,1,0,0,0,0,0,1,0,0,0,0,0,aleatorio
18,1,50,0,0,0,0,1,0,0,0,0,0,aleatorio
35,1,303,0,0,0,0,0,1,0,1,2,1,aleatorio
50,1,172,0,0,0,0,0,0,1,0,1,0,aleatorio
21,1,71,0,0,0,0,0,1,0,0,1,0,aleatorio
65,3,9,1,0,0,0,1,1,0,0,0,1,aleatorio
53,1,253,0,0,0,0,0,1,0,0,0,0,aleatorio
43,1,97,0,0,0,1,0,0,0,1,1,1,aleatorio
55,3,48,0,0,0,0,1,0,1,0,0,0,aleatorio
65,1,265,0,0,0,0,1,0,0,0,0,0,aleatorio
68,1,200,0,0,0,0,0,1,0,0,0,0,aleatorio
51,2,43,0,0,0,0,1,0,0,0,0,0,aleatorio
64,2,41,0,0,0,0,1,1,0,0,0,0,aleatorio
22,4,12,1,0,0,0,1,1,1,0,0,1,aleatorio
65,2,31,0,0,0,1,1,0,0,1,1,1,aleatorio
42,5,1,1,0,0,1,1,1,0,0,0,2,aleatorio
65,2,38,0,0,0,0,1,0,0,0,0,0,aleatorio
50,2,10,1,0,0,0,1,1,0,0,0,1,aleatorio
53,0,999,0,0,0,0,0,0,0,3,4,1,aleatorio
40,2,0,1,0,0,0,1,0,0,0,0,1,aleatorio
50,4,19,1,0,0,1,0,0,1,0,0,2,aleatorio
45,1,44,0,0,0,1,0,0,0,3,3,1,aleatorio
66,1,30,0,0,0,0,1,0,0,0,0,0,aleatorio
24,3,3,1,0,0,0,1,1,1,0,1,1,aleatorio
68,2,8,1,0,0,0,1,0,0,0,0,1,aleatorio
48,4,10,1,0,0,0,1,0,0,0,0,1,aleatorio
26,1,75,0,0,0,0,0,1,0,0,0,0,aleatorio
59,5,2,1,0,0,0,1,0,1,0,1,1,aleatorio
55,1,4,0,0,0,0,0,1,0,0,0,0,aleatorio
64,1,29,0,1,0,0,0,0,0,0,0,2,aleatorio
57,1,219,0,0,0,0,0,0,1,0,0,0,aleatorio
23,2,48,0,0,0,0,1,0,0,1,1,1,aleatorio
44,2,294,0,0,1,0,1,0,0,0,2,2,aleatorio
24,3,0,1,0,0,0,1,1,1,0,1,1,aleatorio
27,1,366,0,0,0,0,1,0,0,0,0,0,aleatorio
26,2,39,0,0,0,0,0,1,1,3,4,1,aleatorio
34,1,201,0,0,0,0,1,0,0,0,0,0,aleatorio
32,4,15,1,0,0,0,1,1,1,0,0,1,aleatorio
20,1,2,0,0,0,0,0,1,0,0,0,0,aleatorio
60,2,12,1,0,0,0,1,0,1,0,0,1,aleatorio
52,1,0,0,0,0,0,0,1,0,0,0,0,aleatorio
62,1,301,0,0,0,0,1,0,0,0,0,0,aleatorio
70,3,20,1,0,0,0,0,1,1,0,0,1,aleatorio
37,1,373,0,0,0,1,0,0,0,0,0,1,aleatorio
39,2,13,1,0,0,0,1,0,1,0,0,1,aleatorio
27,1,46,0,0,0,0,0,1,0,0,0,0,aleatorio
43,2,44,0,0,0,0,0,1,1,0,0,0,aleatorio
51,1,41,0,0,0,0,0,1,0,1,2,1,aleatorio
26,3,97,0,0,1,1,1,0,0,0,0,2,aleatorio
46,3,94,0,0,0,1,0,1,1,0,0,1,aleatorio
34,3,8,1,1,0,0,0,0,1,0,0,2,aleatorio
57,4,4,1,0,0,1,1,0,1,0,0,2,aleatorio
22,1,111,0,0,0,1,0,0,0,0,0,1,aleatorio
43,6,3,1,1,1,0,0,1,1,2,2,2,aleatorio
33,1,204,0,0,0,0,0,0,1,0,0,0,aleatorio
67,2,383,0,1,0,0,0,1,0,0,0,2,aleatorio
64,3,19,1,0,0,0,0,1,0,0,0,1,aleatorio
63,1,22,0,0,0,0,0,1,0,0,0,0,aleatorio
60,1,201,0,0,0,0,1,0,0,0,0,0,aleatorio
24,2,53,0,0,0,0,0,1,0,0,0,0,aleatorio
39,1,9,0,0,0,0,0,1,0,0,0,0,aleatorio
22,2,36,0,1,0,0,1,0,0,2,2,2,aleatorio
36,1,79,0,0,0,0,0,1,0,2,2,1,aleatorio
67,1,60,0,0,0,0,0,1,0,0,0,0,aleatorio
36,1,0,0,0,0,0,0,1,0,0,0,0,aleatorio
37,1,17,0,0,0,0,0,0,1,0,0,0,aleatorio
37,2,8,1,0,0,1,1,0,0,0,0,2,aleatorio
52,2,53,0,0,0,1,1,0,0,1,1,1,aleatorio
22,2,39,0,0,0,0,1,1,0,0,0,0,aleatorio
45,3,1,1,1,0,1,1,0,0,0,0,2,aleatorio
59,5,8,1,1,1,1,0,1,0,0,0,2,aleatorio
35,3,9,1,0,0,0,1,1,1,0,0,1,aleatorio
67,4,32,0,1,0,0,1,0,1,2,2,2,aleatorio
20,6,1,1,0,1,1,0,1,1,0,0,2,aleatorio
67,2,14,1,1,0,0,0,0,1,0,1,2,aleatorio
37,1,29,0,0,0,1,0,0,0,1,1,1,aleatorio
65,4,6,1,0,1,1,1,0,0,2,2,2,aleatorio
51,1,57,0,0,0,0,0,1,0,0,0,0,aleatorio
59,1,279,0,0,0,0,1,0,0,0,0,0,aleatorio
45,1,12,0,0,0,1,0,0,0,1,1,2,aleatorio
40,2,0,1,0,0,0,1,0,1,0,0,1,aleatorio
19,1,11,0,0,0,0,0,1,0,0,0,0,aleatorio
31,2,30,1,0,0,0,1,1,0,1,1,1,aleatorio
32,1,43,0,0,0,0,0,0,1,1,1,1,aleatorio
33,1,322,0,0,0,0,0,1,0,0,0,0,aleatorio
26,2,19,1,0,1,1,0,0,0,2,2,2,aleatorio
43,5,13,1,1,0,1,1,1,1,1,2,2,aleatorio
60,1,351,0,0,0,1,0,0,0,1,2,1,aleatorio
39,1,52,0,1,0,0,0,0,0,1,1,2,aleatorio
33,1,58,0,0,0,0,0,0,1,0,0,0,aleatorio
54,1,233,0,0,0,0,0,0,1,0,0,0,aleatorio
65,4,35,0,1,0,1,0,0,1,0,0,2,aleatorio
48,1,47,0,1,0,0,0,0,0,0,0,2,aleatorio
63,3,4,1,0,0,0,1,1,0,0,0,1,aleatorio
21,1,382,0,0,0,0,1,0,0,0,0,0,aleatorio
45,3,39,0,0,0,0,0,1,1,0,0,0,aleatorio
31,1,43,0,0,0,0,1,0,0,0,0,0,aleatorio
54,1,4,0,0,0,0,0,1,0,0,1,0,aleatorio
38,3,2,1,0,0,0,1,1,0,0,0,1,aleatorio
56,3,1,1,0,1,0,0,1,0,0,0,2,aleatorio
46,2,32,0,0,0,0,1,0,0,1,1,1,aleatorio
70,6,0,1,0,1,1,0,0,1,0,0,2,aleatorio
70,2,4,1,0,1,0,0,1,0,0,0,2,aleatorio
37,1,24,0,0,0,0,1,0,0,0,0,0,aleatorio
45,2,121,0,0,0,1,0,1,0,2,4,1,aleatorio
67,2,1,1,0,0,1,0,1,0,3,3,2,aleatorio
51,0,999,0,0,0,0,0,0,0,1,1,1,aleatorio
37,4,0,1,0,1,1,0,1,0,0,0,2,aleatorio
34,1,17,0,0,0,0,0,0,1,1,2,1,aleatorio
69,3,12,1,1,0,1,1,0,0,1,1,2,aleatorio
70,2,1,1,0,0,0,1,0,0,0,0,1,aleatorio
43,3,7,1,0,0,0,1,1,1,0,0,1,aleatorio
57,4,3,1,0,0,1,0,1,0,0,0,2,aleatorio
60,1,1,0,0,0,0,0,0,1,0,1,0,aleatorio
49,3,5,1,0,0,0,1,1,1,0,0,1,aleatorio
24,1,142,0,0,0,0,0,0,1,0,0,0,aleatorio
63,4,20,1,0,0,0,1,0,0,0,0,1,aleatorio
24,2,12,1,0,0,0,1,0,1,0,0,1,aleatorio
25,1,52,0,0,0,1,0,0,0,1,3,1,aleatorio
30,5,0,1,0,0,0,1,1,1,0,0,1,aleatorio
40,1,37,0,0,0,0,1,0,0,0,0,0,aleatorio
51,1,36,0,0,0,0,1,0,0,0,0,0,aleatorio
52,1,193,0,0,0,0,0,1,0,0,0,0,aleatorio
26,1,2,0,0,0,0,0,1,0,3,3,2,aleatorio
43,1,340,0,0,0,0,1,0,0,1,1,1,aleatorio
31,4,31,0,0,0,0,0,1,1,0,0,0,aleatorio
31,2,61,0,0,0,0,0,1,1,0,0,0,aleatorio
46,4,3,1,1,0,1,1,1,0,0,0,2,aleatorio
59,0,999,0,0,0,0,0,0,0,2,3,1,aleatorio
41,2,175,0,0,0,0,1,1,0,0,2,0,aleatorio
45,1,8,0,0,0,0,1,0,0,0,0,0,aleatorio
44,2,3,1,0,0,0,0,0,1,0,0,1,aleatorio
57,1,27,0,0,0,0,0,0,1,0,0,0,aleatorio
35,1,132,0,0,0,0,0,1,0,0,0,0,aleatorio
67,2,143,0,0,0,0,1,0,0,0,0,0,aleatorio
40,2,29,1,0,0,0,1,1,0,0,0,1,aleatorio
36,1,56,0,0,0,0,1,0,0,0,0,0,aleatorio
33,4,6,1,0,1,0,1,1,1,0,0,2,aleatorio
57,2,0,1,0,0,0,0,1,1,0,0,1,aleatorio
37,1,54,0,0,0,1,0,0,0,0,0,1,aleatorio
25,3,14,1,0,0,0,1,1,0,0,0,1,aleatorio
67,1,337,0,0,0,0,0,1,0,2,2,1,aleatorio
20,2,33,0,0,0,1,0,1,0,0,1,1,aleatorio
39,3,3,1,0,1,1,0,0,1,0,0,2,aleatorio
60,5,0,1,1,0,0,1,1,1,0,0,2,aleatorio
39,6,15,1,1,1,1,1,0,0,0,0,2,aleatorio
24,2,34,0,0,1,0,0,0,1,0,0,2,aleatorio
60,4,2,1,1,0,1,1,0,0,0,0,2,aleatorio
65,1,59,0,0,0,0,1,0,0,0,0,0,aleatorio
30,3,8,1,0,1,1,0,1,0,0,0,2,aleatorio
61,1,40,0,0,0,0,0,1,0,0,1,0,aleatorio
55,1,10,0,0,0,0,0,1,0,0,1,0,aleatorio
60,1,10,0,0,0,1,0,0,0,0,0,1,aleatorio
22,1,48,0,0,0,1,0,0,0,0,0,1,aleatorio
68,1,30,0,0,0,0,0,1,0,0,0,0,aleatorio
35,4,6,1,1,1,0,0,1,0,0,0,2,aleatorio
60,2,15,1,1,0,0,0,1,0,0,0,2,aleatorio
36,1,117,0,0,0,0,0,1,0,0,0,0,aleatorio
61,2,6,1,0,0,0,1,1,0,0,0,1,aleatorio
70,1,269,0,0,0,0,0,0,1,0,0,0,aleatorio
43,4,3,1,1,0,1,0,0,1,1,1,2,aleatorio
62,2,12,1,1,0,0,0,0,1,0,0,2,aleatorio
26,2,15,1,0,0,0,0,1,1,0,0,1,aleatorio
55,1,55,0,0,1,0,0,0,0,1,1,2,aleatorio
54,1,35,0,0,0,0,0,1,0,0,0,0,aleatorio
25,1,62,0,0,0,0,0,0,1,0,0,0,aleatorio
42,2,3,1,1,1,0,0,0,0,1,1,2,aleatorio
47,4,1,1,0,0,1,1,1,0,0,0,2,aleatorio
63,3,56,0,0,0,0,0,1,1,2,2,1,aleatorio
27,1,2,0,0,0,0,0,1,0,0,0,0,aleatorio
54,2,12,1,0,0,0,0,1,1,0,0,1,aleatorio
36,2,184,0,0,1,0,1,0,0,0,0,2,aleatorio
34,1,56,0,0,0,0,1,0,0,0,0,0,aleatorio
29,1,145,0,0,0,0,0,0,1,0,0,0,aleatorio
37,3,55,0,0,0,0,0,0,1,0,0,0,aleatorio
66,3,10,1,0,0,1,0,1,0,0,1,2,aleatorio
54,1,46,0,0,0,0,1,0,0,0,0,0,aleatorio
22,6,6,1,0,1,1,1,1,1,0,0,2,aleatorio
52,2,5,1,0,1,0,1,0,0,3,3,2,aleatorio
47,1,169,0,0,0,1,0,0,0,1,1,1,aleatorio
70,6,22,1,1,0,1,1,0,0,2,3,2,aleatorio
68,2,47,0,0,0,1,1,0,0,1,2,1,aleatorio
39,4,4,1,1,1,0,0,1,0,2,3,2,aleatorio
30,1,39,0,0,0,0,0,1,0,0,0,0,aleatorio
64,1,370,0,0,0,0,0,1,0,0,1,0,aleatorio
20,1,60,0,0,0,0,1,0,0,0,1,0,aleatorio
61,2,268,0,1,0,0,0,0,1,0,0,2,aleatorio
63,3,9,1,0,0,0,1,1,0,0,0,1,aleatorio
48,1,17,0,0,0,0,0,1,0,0,0,0,aleatorio
53,4,7,1,1,0,1,0,1,0,1,1,2,aleatorio
44,5,4,1,1,0,1,0,0,1,1,1,2,aleatorio
18,2,1,1,0,0,0,1,1,0,2,2,2,aleatorio
60,3,3,1,0,1,0,1,1,0,0,0,2,aleatorio
20,2,59,0,0,0,1,0,1,0,0,2,1,aleatorio
32,1,52,0,1,0,0,0,0,0,0,0,2,aleatorio
26,1,54,0,0,0,0,1,0,0,1,2,1,aleatorio
65,4,5,1,0,0,0,0,1,1,0,0,1,aleatorio
58,1,3,0,0,0,0,0,0,1,0,0,0,aleatorio
70,1,36,0,0,0,0,1,0,0,2,3,1,aleatorio
62,2,46,0,0,0,0,1,0,1,2,2,1,aleatorio
59,3,1,1,1,0,0,1,0,0,1,1,2,aleatorio
20,4,14,1,0,0,0,1,1,1,0,0,1,aleatorio
58,2,284,0,0,0,0,1,0,1,0,0,0,aleatorio
31,6,0,1,0,1,0,1,0,1,0,0,2,aleatorio
60,2,52,0,0,0,1,0,0,0,2,2,1,aleatorio
24,1,56,0,0,0,0,0,0,1,0,0,0,aleatorio
70,4,4,1,1,1,0,1,1,0,1,1,2,aleatorio
47,1,23,0,0,0,0,0,1,0,0,0,0,aleatorio
22,1,29,0,0,0,0,0,0,1,0,0,0,aleatorio
55,3,8,1,1,0,1,0,0,1,0,0,2,aleatorio
65,2,12,1,0,0,0,1,0,0,1,1,2,aleatorio
62,2,9,1,0,0,0,1,0,0,0,0,1,aleatorio
35,2,14,1,0,0,0,1,0,1,4,4,2,aleatorio
40,1,40,0,0,0,0,1,0,0,0,0,0,aleatorio
65,1,200,0,1,0,0,0,0,0,1,1,2,aleatorio
48,1,39,0,1,0,0,0,0,0,2,2,2,aleatorio
46,1,146,0,0,0,0,0,1,0,0,0,0,aleatorio
49,1,138,0,0,0,0,0,1,0,0,1,0,aleatorio
50,3,42,0,0,0,1,0,1,1,0,0,1,aleatorio
44,3,9,1,0,0,0,1,1,1,0,0,1,aleatorio
22,1,143,0,0,0,0,0,1,0,0,0,0,aleatorio
64,4,8,1,0,0,0,1,1,0,0,0,1,aleatorio
33,1,3,0,0,0,0,0,0,1,0,0,0,aleatorio
48,1,239,0,0,0,0,1,0,0,1,1,1,aleatorio
46,1,7,0,0,0,0,0,1,0,0,0,0,aleatorio
29,1,127,0,0,0,0,1,0,0,3,3,1,aleatorio
24,3,2,1,0,0,0,1,1,1,0,0,1,aleatorio
37,1,2,0,1,0,0,0,0,0,1,1,2,aleatorio
37,3,15,1,0,0,0,1,1,0,0,0,1,aleatorio
44,1,213,0,0,0,0,1,0,0,0,0,0,aleatorio
22,5,29,1,0,0,1,1,0,1,2,2,2,aleatorio
55,3,3,1,0,0,0,1,1,0,0,0,1,aleatorio
56,4,1,1,0,0,0,0,1,1,1,1,2,aleatorio
57,1,40,0,0,0,0,1,0,0,0,0,0,aleatorio
21,2,13,1,0,0,1,0,0,1,0,0,2,aleatorio
68,3,9,1,0,1,0,1,0,1,0,0,2,aleatorio
42,1,12,0,0,0,0,0,1,0,0,0,0,aleatorio
59,1,43,0,0,0,0,0,1,0,0,0,0,aleatorio
60,2,39,0,0,0,0,0,1,1,0,0,0,aleatorio
59,1,253,0,0,0,0,0,1,0,0,0,0,aleatorio
68,5,5,1,0,0,0,1,1,1,0,0,1,aleatorio
43,2,2,1,0,0,0,0,1,0,0,0,1,aleatorio
39,1,10,0,0,0,0,1,0,0,0,0,0,aleatorio
49,1,149,0,0,0,0,0,0,1,1,1,1,aleatorio
23,1,14,0,0,0,0,1,0,0,0,0,0,aleatorio
38,2,20,1,0,0,0,0,1,0,0,0,1,aleatorio
26,4,12,1,0,1,1,1,0,1,0,0,2,aleatorio
36,4,1,1,0,1,0,0,1,0,0,1,2,aleatorio
27,3,5,1,1,0,0,1,1,0,2,2,2,aleatorio
66,2,57,0,0,0,0,1,0,0,0,0,0,aleatorio
37,2,1,1,0,0,0,0,1,1,0,0,1,aleatorio
54,3,13,1,1,0,1,0,1,0,0,0,2,aleatorio
22,5,4,1,0,0,1,1,1,1,0,0,2,aleatorio
63,4,17,1,1,1,0,0,1,1,0,0,2,aleatorio
62,1,281,0,0,0,0,1,0,0,0,0,0,aleatorio
25,2,20,1,1,0,0,0,1,0,0,0,2,aleatorio
31,1,272,0,0,0,0,0,0,1,3,4,1,aleatorio
56,1,38,0,0,0,0,0,1,0,0,1,0,aleatorio
21,4,82,0,0,0,0,1,0,1,0,1,0,aleatorio
60,1,2,0,0,0,0,0,1,0,0,0,0,aleatorio
49,3,3,1,0,1,0,1,0,1,0,0,2,aleatorio
51,2,46,0,0,0,0,0,1,0,0,0,0,aleatorio
56,1,198,0,0,0,0,0,1,0,0,0,0,aleatorio
20,1,0,0,0,0,1,0,0,0,0,0,1,aleatorio
53,1,22,0,0,0,0,0,0,1,0,0,0,aleatorio
63,1,302,0,0,0,0,0,1,0,2,2,1,aleatorio
18,1,192,0,0,0,0,0,0,1,0,0,0,aleatorio
62,4,30,1,1,0,1,0,0,1,0,0,2,aleatorio
40,1,12,0,0,0,1,0,0,0,0,0,1,aleatorio
40,3,28,1,0,1,0,1,0,1,0,0,2,aleatorio
58,3,5,1,0,0,0,1,1,0,0,0,1,aleatorio
41,2,11,1,0,0,0,0,1,0,0,0,1,aleatorio
66,3,6,1,0,1,0,1,0,0,0,0,2,aleatorio
49,4,10,1,0,0,0,1,0,1,1,2,2,aleatorio
51,4,47,0,0,0,0,0,1,1,0,0,0,aleatorio
27,1,390,0,0,0,0,1,0,0,0,0,0,aleatorio
35,6,1,1,0,1,1,1,1,0,0,0,2,aleatorio
22,1,86,0,0,0,0,0,0,1,0,0,0,aleatorio
22,1,12,0,0,0,0,1,0,0,0,0,0,aleatorio
25,1,258,0,0,0,0,0,1,0,1,2,1,aleatorio
30,5,7,1,0,0,0,1,0,1,3,3,2,aleatorio
61,1,4,0,0,0,0,1,0,0,0,0,0,aleatorio
70,6,3,1,0,1,0,1,1,0,0,0,2,aleatorio
50,1,120,0,0,0,1,0,0,0,2,2,1,aleatorio
43,3,1,1,0,0,0,1,1,0,0,0,1,aleatorio
33,1,358,0,1,0,0,0,0,0,0,1,2,aleatorio
62,3,3,1,0,0,1,0,1,1,2,3,2,aleatorio
67,3,35,0,0,0,0,0,1,1,3,4,1,aleatorio
43,4,10,1,1,0,0,1,0,0,1,1,2,aleatorio
60,2,48,0,0,0,0,1,0,0,0,0,0,aleatorio
53,1,7,0,0,0,0,0,1,0,0,0,0,aleatorio
64,3,0,1,0,0,1,1,0,1,0,0,2,aleatorio
68,5,3,1,1,0,1,0,1,0,0,2,2,aleatorio
66,3,1,1,1,1,0,1,0,0,0,0,2,aleatorio
59,1,30,0,0,0,0,0,0,1,0,0,0,aleatorio
34,3,15,1,0,0,0,1,1,1,0,0,1,aleatorio
30,2,278,0,0,0,1,1,0,0,0,0,1,aleatorio
48,0,999,0,0,0,0,0,0,0,1,1,1,aleatorio
44,3,29,1,0,0,1,1,1,0,1,3,2,aleatorio
64,2,30,1,0,0,1,0,1,0,2,2,2,aleatorio
35,3,10,1,0,0,0,1,1,1,0,0,1,aleatorio
35,1,29,0,0,0,0,0,0,1,0,0,0,aleatorio
53,1,400,0,0,0,0,1,0,0,2,2,1,aleatorio
39,2,15,1,0,0,0,1,0,0,0,0,1,aleatorio
36,0,999,0,0,0,0,0,0,0,2,2,1,aleatorio
48,1,74,0,0,0,0,1,0,0,0,0,0,aleatorio
31,6,2,1,0,1,1,1,1,0,0,1,2,aleatorio
36,3,214,0,0,1,0,1,0,1,0,0,2,aleatorio
39,1,388,0,0,1,0,0,0,0,0,0,2,aleatorio
20,1,23,0,0,0,0,1,0,0,0,0,0,aleatorio
44,1,13,0,0,0,1,0,0,0,0,1,1,aleatorio
66,1,70,0,0,0,0,0,1,0,0,0,0,aleatorio
70,1,399,0,0,0,0,0,1,0,1,1,1,aleatorio
61,1,38,0,0,0,0,0,0,1,0,0,0,aleatorio
54,6,40,0,0,0,0,1,1,1,0,0,0,aleatorio
70,3,15,1,0,0,0,1,1,1,0,0,1,aleatorio
39,1,48,0,0,0,1,0,0,0,1,1,1,aleatorio
34,0,999,0,0,0,0,0,0,0,2,3,1,aleatorio
28,1,164,0,0,0,0,0,1,0,0,0,0,aleatorio
46,2,2,1,0,0,0,1,0,0,0,0,1,aleatorio
21,0,999,0,0,0,0,0,0,0,3,3,1,aleatorio
25,2,1,1,0,0,0,1,0,1,0,2,1,aleatorio
18,6,1,1,0,0,1,1,1,1,0,0,2,aleatorio
70,1,190,0,0,0,0,1,0,0,0,0,0,aleatorio
62,1,139,0,0,0,1,0,0,0,0,0,1,aleatorio
43,3,11,1,0,0,0,1,0,1,0,0,1,aleatorio
51,3,15,1,1,0,0,0,1,0,1,1,2,aleatorio
22,1,31,0,0,0,0,0,0,1,2,4,1,aleatorio
35,2,7,1,1,0,0,0,1,0,3,4,2,aleatorio
59,3,12,1,1,0,0,0,0,0,0,0,2,aleatorio
23,1,21,0,0,0,0,0,0,1,0,0,0,aleatorio
18,2,13,1,0,0,0,0,1,1,0,0,1,aleatorio
20,3,18,1,1,0,1,0,0,1,0,0,2,aleatorio
44,2,77,0,0,0,1,0,1,0,0,0,1,aleatorio
61,1,89,0,0,0,1,0,0,0,3,3,1,aleatorio
60,5,0,1,0,0,0,1,1,0,0,0,1,aleatorio
65,1,13,0,0,0,0,1,0,0,0,0,0,aleatorio
36,1,15,0,0,0,0,1,0,0,0,0,0,aleatorio
58,1,19,0,0,0,1,0,0,0,0,0,1,aleatorio
53,5,13,1,1,1,1,0,1,1,0,0,2,aleatorio
40,5,13,1,1,0,1,0,1,1,0,0,2,aleatorio
62,1,27,0,0,0,0,1,0,0,1,2,1,aleatorio
61,1,57,0,0,0,1,0,0,0,1,1,1,aleatorio
44,1,256,0,0,0,1,0,0,0,1,1,1,aleatorio
63,4,2,1,0,0,0,1,0,1,0,0,1,aleatorio
65,6,4,1,1,1,1,0,1,1,2,2,2,aleatorio
51,2,2,1,0,0,0,1,0,1,0,0,1,aleatorio
68,4,4,1,1,1,1,0,0,1,0,0,2,aleatorio
66,4,12,1,0,1,1,0,0,1,0,0,2,aleatorio
52,1,306,0,0,0,0,1,0,0,1,2,1,aleatorio
61,2,8,1,0,0,0,1,1,0,0,0,1,aleatorio
70,2,50,0,0,0,0,0,1,0,0,0,0,aleatorio
62,1,49,0,0,0,0,1,0,0,0,0,0,aleatorio
39,1,11,0,0,0,0,0,1,0,0,1,0,aleatorio
30,1,8,0,0,0,0,0,0,1,0,0,0,aleatorio
22,4,0,1,0,0,0,1,1,1,0,0,1,aleatorio
46,5,29,1,1,1,1,1,1,0,0,0,2,aleatorio
67,1,11,0,0,0,0,0,0,1,2,3,2,aleatorio
38,1,151,0,0,0,1,0,0,0,0,0,1,aleatorio
37,1,57,0,0,0,0,1,0,0,0,0,0,aleatorio
48,4,3,1,0,0,1,0,0,1,0,0,2,aleatorio
31,1,58,0,0,0,1,0,0,0,0,0,1,aleatorio
22,1,2,0,0,0,0,0,0,1,0,0,0,aleatorio
48,1,198,0,0,0,0,0,1,0,1,1,1,aleatorio
18,1,63,0,0,0,1,0,0,0,0,0,1,aleatorio
49,3,47,0,0,0,0,1,1,0,0,0,0,aleatorio
59,4,6,1,0,0,0,1,1,1,0,1,1,aleatorio
60,2,57,0,0,0,1,1,0,0,0,0,1,aleatorio
19,0,999,0,0,0,0,0,0,0,2,2,1,aleatorio
31,5,33,0,1,0,1,1,0,1,2,4,2,aleatorio
63,1,38,0,0,0,0,0,1,0,0,1,0,aleatorio
27,3,21,1,0,0,0,1,1,1,0,0,1,aleatorio
21,1,39,0,0,0,0,1,0,0,4,4,1,aleatorio
37,2,44,0,0,0,1,1,0,0,0,0,1,aleatorio
43,2,15,1,0,0,0,1,1,0,0,0,1,aleatorio
66,1,54,0,0,0,0,0,0,1,2,2,1,aleatorio
39,1,370,0,0,0,0,1,0,0,0,0,0,aleatorio
58,1,9,0,0,0,0,0,1,0,0,0,0,aleatorio
45,2,5,1,1,0,0,0,0,0,1,3,2,aleatorio
43,6,3,1,0,1,1,1,1,1,0,0,2,aleatorio
66,3,1,1,0,0,0,1,0,1,0,0,1,aleatorio
33,5,39,0,0,0,0,1,1,0,0,0,0,aleatorio
23,1,217,0,0,0,0,0,0,1,0,0,0,aleatorio
70,2,10,1,0,1,0,0,0,0,1,3,2,aleatorio
34,2,31,0,0,0,0,1,0,0,0,1,0,aleatorio
41,3,8,1,1,0,0,0,1,1,0,0,2,aleatorio
36,1,252,0,0,0,0,1,0,0,0,0,0,aleatorio
18,1,32,0,0,0,0,1,0,0,0,0,0,aleatorio
25,2,1,1,0,0,0,1,1,0,1,1,2,aleatorio
35,3,0,1,1,0,0,0,1,1,2,2,2,aleatorio
34,2,12,1,0,0,0,1,0,0,0,0,1,aleatorio
57,1,58,0,0,1,0,0,0,0,1,3,2,aleatorio
59,1,117,0,1,0,0,0,0,0,1,1,2,aleatorio
54,2,39,0,0,0,0,1,0,1,0,0,0,aleatorio
54,2,11,1,0,0,0,0,0,1,0,0,1,aleatorio
65,1,9,0,0,0,0,0,0,1,0,0,0,aleatorio
68,2,44,0,0,0,0,0,1,0,0,0,0,aleatorio
60,1,165,0,0,0,1,0,0,0,0,0,1,aleatorio
28,1,17,0,1,0,0,0,0,0,2,4,2,aleatorio
42,2,4,1,0,1,0,0,1,0,0,0,2,aleatorio
55,1,161,0,0,0,0,0,1,0,0,0,0,aleatorio
33,5,1,1,1,1,0,0,1,1,2,3,2,aleatorio
50,1,237,0,0,0,0,1,0,0,0,0,0,aleatorio
50,1,29,0,0,0,1,0,0,0,0,0,1,aleatorio
45,1,37,0,0,0,0,0,0,1,1,1,1,aleatorio
65,1,37,0,0,0,0,1,0,0,0,0,0,aleatorio
30,1,132,0,0,0,0,1,0,0,0,0,0,aleatorio
21,3,32,0,1,0,1,0,1,0,0,0,2,aleatorio
38,1,59,0,0,0,0,1,0,0,0,0,0,aleatorio
19,1,385,0,0,0,0,0,0,1,0,0,0,aleatorio
32,2,7,1,1,0,0,1,0,0,1,1,2,aleatorio
36,3,7,1,0,0,0,1,1,1,0,0,1,aleatorio
65,1,264,0,0,0,0,1,0,0,0,0,0,aleatorio
31,1,4,0,1,0,0,0,0,0,0,0,2,aleatorio
34,1,385,0,0,0,0,0,0,1,0,0,0,aleatorio
54,0,999,0,0,0,0,0,0,0,1,1,1,aleatorio
47,4,4,1,0,1,0,0,1,0,0,1,2,aleatorio
26,2,324,0,0,0,0,1,0,0,2,2,1,aleatorio
70,1,385,0,0,0,0,0,0,1,0,0,0,aleatorio
64,1,348,0,0,0,0,0,0,1,0,0,0,aleatorio
45,1,233,0,1,0,0,0,0,0,1,1,2,aleatorio
33,2,26,1,0,0,0,1,0,1,1,2,1,aleatorio
34,4,7,1,0,1,0,0,1,1,0,0,2,aleatorio
46,3,45,0,0,0,0,0,0,1,0,0,0,aleatorio
53,1,60,0,0,0,0,1,0,0,0,0,0,aleatorio
23,3,2,1,1,0,0,1,0,1,0,0,2,aleatorio
30,2,47,0,1,0,0,0,0,1,0,0,2,aleatorio
47,1,51,0,0,0,0,0,0,1,0,0,0,aleatorio
43,1,43,0,0,0,1,0,0,0,0,0,1,aleatorio
25,2,31,0,0,0,1,1,0,0,0,0,1,aleatorio
38,1,44,0,0,0,0,0,0,1,0,0,0,aleatorio
53,2,5,1,0,1,0,0,1,0,0,0,2,aleatorio
45,2,48,0,0,0,0,1,1,0,0,0,0,aleatorio
48,3,2,1,0,0,1,0,0,1,0,0,2,aleatorio
53,1,30,0,0,0,0,1,0,0,0,0,0,aleatorio
62,3,35,0,0,0,0,1,1,1,0,0,0,aleatorio
51,6,1,1,1,1,0,0,1,1,0,0,2,aleatorio
48,2,14,1,0,0,0,1,1,0,1,1,2,aleatorio
65,1,241,0,0,0,0,0,0,1,0,0,0,aleatorio
38,2,5,1,0,0,0,1,1,0,0,0,1,aleatorio
62,3,11,1,0,0,0,1,1,0,0,0,1,aleatorio
52,5,2,1,0,1,1,0,0,1,0,1,2,aleatorio
58,2,45,0,0,0,0,0,1,1,0,0,0,aleatorio
63,1,8,0,0,0,0,0,1,0,0,0,0,aleatorio
69,4,39,0,0,1,0,1,1,1,0,0,2,aleatorio
41,1,25,0,0,0,0,1,0,0,3,3,1,aleatorio
67,1,167,0,0,0,0,1,0,0,0,0,0,aleatorio
29,1,308,0,0,0,0,0,1,0,0,2,0,aleatorio
62,2,6,1,0,0,0,1,0,0,0,0,1,aleatorio
35,0,999,0,0,0,0,0,0,0,3,3,1,aleatorio
24,1,374,0,0,0,0,0,0,1,0,1,0,aleatorio
34,1,18,0,0,0,0,0,0,1,0,0,0,aleatorio
22,2,52,0,0,0,0,1,1,0,0,0,0,aleatorio
70,2,3,1,0,0,0,1,1,0,0,0,1,aleatorio
51,1,23,0,0,0,0,1,0,0,0,0,0,aleatorio
52,3,56,0,0,0,0,1,1,0,0,0,0,aleatorio
56,4,14,1,0,1,1,0,1,0,2,3,2,aleatorio
38,5,5,1,1,1,0,1,0,0,0,1,2,aleatorio
20,1,115,0,0,0,1,0,0,0,0,1,1,aleatorio
51,1,87,0,0,0,0,1,0,0,0,0,0,aleatorio
68,1,13,0,0,0,0,1,0,0,0,0,0,aleatorio
61,2,25,1,0,0,0,1,0,1,2,2,1,aleatorio
57,1,14,0,0,0,0,0,1,0,0,0,0,aleatorio
35,1,334,0,0,0,0,1,0,0,0,0,0,aleatorio
52,3,6,1,1,0,0,1,0,0,0,0,2,aleatorio
69,1,3,0,0,0,0,0,1,0,0,0,0,aleatorio
35,1,21,0,0,0,0,1,0,0,0,0,0,aleatorio
70,1,27,0,0,0,1,0,0,0,3,3,1,aleatorio
64,2,13,1,1,0,0,0,1,0,0,0,2,aleatorio
37,3,30,1,0,0,0,1,1,1,0,0,1,aleatorio
22,1,21,0,0,0,0,0,1,0,0,0,0,aleatorio
50,3,35,0,1,0,1,0,0,1,3,4,2,aleatorio
29,1,314,0,0,0,0,0,0,1,0,0,0,aleatorio
39,4,38,0,1,0,1,1,0,0,0,0,2,aleatorio
62,1,89,0,0,0,0,0,1,0,0,0,0,aleatorio
46,2,29,1,0,0,0,0,1,0,0,0,1,aleatorio
23,1,363,0,0,0,0,0,1,0,0,0,0,aleatorio
64,1,10,0,0,0,0,0,0,1,0,1,0,aleatorio
63,4,18,1,1,1,0,1,0,0,2,2,2,aleatorio
70,1,356,0,0,0,0,0,1,0,0,0,0,aleatorio
30,2,1,1,0,1,0,1,0,0,0,0,2,aleatorio
39,1,40,0,0,0,0,0,0,1,0,0,0,aleatorio
35,2,14,1,0,0,1,0,0,1,2,2,2,aleatorio
68,1,25,0,0,0,1,0,0,0,3,4,1,aleatorio
46,2,13,1,0,0,0,0,1,1,0,0,1,aleatorio
56,4,10,1,0,1,1,1,0,0,0,0,2,aleatorio
69,1,190,0,0,0,0,1,0,0,0,0,0,aleatorio
20,1,153,0,0,0,0,0,1,0,0,0,0,aleatorio
43,1,60,0,0,0,0,0,0,1,0,1,0,aleatorio
69,1,245,0,0,0,0,1,0,0,0,0,0,aleatorio
56,1,358,0,0,0,0,0,1,0,0,0,0,aleatorio
57,1,304,0,0,0,0,1,0,0,1,1,1,aleatorio
70,1,16,0,0,0,0,0,1,0,0,0,0,aleatorio
23,3,4,1,1,0,1,0,0,1,1,1,2,aleatorio
30,0,999,0,0,0,0,0,0,0,2,2,1,aleatorio
20,1,30,0,0,0,0,0,0,1,0,1,0,aleatorio
32,2,45,0,0,0,1,1,0,0,0,3,1,aleatorio
29,1,10,0,0,0,0,1,0,0,0,0,0,aleatorio
24,1,11,0,0,0,0,1,0,0,0,0,0,aleatorio
62,3,24,1,1,0,1,1,0,0,0,0,2,aleatorio
60,2,40,0,1,0,1,0,0,0,1,1,2,aleatorio
47,1,43,0,0,0,1,0,0,0,3,4,1,aleatorio
28,2,15,1,0,0,0,0,1,0,0,0,1,aleatorio
38,3,4,1,1,0,0,0,1,1,0,0,2,aleatorio
50,1,167,0,0,0,0,1,0,0,1,2,1,aleatorio
35,1,171,0,0,0,0,0,1,0,0,0,0,aleatorio
41,1,207,0,0,0,0,0,1,0,0,0,0,aleatorio
20,3,0,1,0,1,0,1,0,1,1,3,2,aleatorio
46,1,219,0,0,0,0,1,0,0,0,0,0,aleatorio
30,1,23,0,0,0,0,0,0,1,0,0,0,aleatorio
47,1,219,0,0,0,0,1,0,0,1,1,1,aleatorio
19,1,259,0,0,0,0,0,0,1,0,0,0,aleatorio
47,1,6,0,0,0,0,1,0,0,0,0,0,aleatorio
42,6,2,1,0,0,0,1,1,1,0,0,1,aleatorio
68,1,39,0,0,0,0,0,0,1,0,0,0,aleatorio
68,5,6,1,1,0,0,1,1,0,0,0,2,aleatorio
40,2,210,0,1,0,0,0,1,0,1,1,2,aleatorio
19,5,5,1,0,1,0,0,1,1,1,1,2,aleatorio
50,6,0,1,1,1,1,1,0,0,2,3,2,aleatorio
27,6,2,1,0,1,0,1,1,1,0,0,2,aleatorio
55,3,20,1,1,1,0,0,0,0,1,1,2,aleatorio
33,1,218,0,0,0,0,0,1,0,0,0,0,aleatorio
40,2,123,0,0,0,0,1,1,0,0,0,0,aleatorio
60,1,46,0,0,0,0,1,0,0,2,2,1,aleatorio
53,3,146,0,0,0,1,0,1,0,0,0,1,aleatorio
50,3,14,1,0,0,0,1,1,1,0,0,1,aleatorio
60,2,292,0,0,0,0,0,1,1,1,1,1,aleatorio
47,3,5,1,0,0,0,1,1,0,0,0,1,aleatorio
29,1,1,0,0,0,1,0,0,0,0,0,1,aleatorio
37,4,2,1,0,0,0,1,1,1,0,0,1,aleatorio
51,4,30,1,0,0,0,1,1,1,0,2,1,aleatorio
26,1,13,0,0,0,0,1,0,0,0,0,0,aleatorio
56,2,7,1,0,0,0,0,1,1,4,4,2,aleatorio
37,1,345,0,0,0,0,1,0,0,0,0,0,aleatorio
24,2,10,1,0,1,0,1,0,0,0,0,2,aleatorio
54,2,8,1,0,0,0,1,1,0,0,0,1,aleatorio
23,1,217,0,0,0,0,0,1,0,0,0,0,aleatorio
51,1,10,0,0,0,0,0,1,0,0,0,0,aleatorio
52,2,63,0,0,0,0,0,1,1,1,1,1,aleatorio
37,2,51,0,0,0,0,1,0,0,0,0,0,aleatorio
25,3,2,1,1,1,1,0,0,0,1,1,2,aleatorio
64,1,103,0,0,0,0,0,0,1,1,1,1,aleatorio
42,4,11,1,0,1,1,1,0,1,1,2,2,aleatorio
35,3,7,1,1,0,1,0,1,0,0,0,2,aleatorio
50,2,94,0,0,0,1,1,0,0,0,0,1,aleatorio
70,6,40,0,0,1,0,1,1,1,0,0,2,aleatorio
38,2,7,1,0,0,0,1,1,0,0,0,1,aleatorio
64,1,12,0,0,0,0,0,1,0,3,4,2,aleatorio
27,1,33,0,0,0,0,0,0,1,1,1,1,aleatorio
44,5,3,1,1,0,0,1,1,1,0,1,2,aleatorio
56,5,5,1,1,0,1,0,1,1,2,4,2,aleatorio
47,4,1,1,0,0,1,1,1,1,1,1,2,aleatorio
52,1,43,0,0,0,0,1,0,0,0,0,0,aleatorio
59,2,49,0,0,0,0,1,0,1,0,1,0,aleatorio
37,3,19,1,0,0,0,0,1,1,2,2,1,aleatorio
25,1,237,0,0,0,0,1,0,0,1,1,1,aleatorio
64,1,50,0,0,0,1,0,0,0,2,2,1,aleatorio
40,2,47,0,0,0,1,1,0,0,0,0,1,aleatorio
43,2,33,0,0,1,0,1,0,0,0,0,2,aleatorio
35,3,14,1,0,0,0,0,1,1,0,0,1,aleatorio
19,1,59,0,0,0,0,0,1,0,0,0,0,aleatorio
43,3,23,1,1,0,0,1,1,0,0,0,2,aleatorio
55,1,188,0,0,0,1,0,0,0,0,0,1,aleatorio
51,2,122,0,0,0,1,1,0,0,1,1,1,aleatorio
41,1,40,0,0,0,1,0,0,0,0,0,1,aleatorio
37,3,35,0,0,1,1,0,1,0,0,0,2,aleatorio
54,5,7,1,1,0,0,1,0,1,1,1,2,aleatorio
63,3,14,1,0,1,0,1,0,0,1,2,2,aleatorio
47,1,286,0,0,0,0,0,0,1,0,0,0,aleatorio
21,3,2,1,0,1,0,0,1,0,1,2,2,aleatorio
55,1,13,0,0,0,1,0,0,0,0,0,1,aleatorio
37,2,52,0,0,0,0,1,0,0,1,2,1,aleatorio
24,1,14,0,0,0,0,0,1,0,0,1,0,aleatorio
24,1,113,0,0,1,0,0,0,0,0,0,2,aleatorio
51,1,93,0,0,0,1,0,0,0,0,0,1,aleatorio
60,1,36,0,0,0,0,1,0,0,0,0,0,aleatorio
30,5,36,0,1,0,1,1,0,0,0,0,2,aleatorio
33,1,10,0,0,0,0,0,0,1,0,0,0,aleatorio
42,1,27,0,0,0,0,0,1,0,0,2,0,aleatorio
19,1,309,0,0,0,1,0,0,0,0,1,1,aleatorio
53,1,33,0,0,0,0,0,0,1,0,0,0,aleatorio
30,2,2,1,1,0,0,1,0,0,0,1,2,aleatorio
63,0,999,0,0,0,0,0,0,0,2,2,1,aleatorio
66,2,28,1,0,0,0,1,0,0,0,0,1,aleatorio
62,1,314,0,0,0,0,1,0,0,1,1,1,aleatorio
24,2,5,1,0,0,0,1,1,0,1,1,2,aleatorio
32,2,26,1,0,0,0,0,1,1,4,4,1,aleatorio
50,3,196,0,0,0,0,1,1,0,3,4,1,aleatorio
29,1,140,0,0,0,0,0,1,0,0,0,0,aleatorio
58,2,14,1,0,0,0,0,1,1,0,1,1,aleatorio
53,3,27,1,0,1,1,0,0,1,1,2,2,aleatorio
69,1,361,0,0,0,0,0,0,1,0,1,0,aleatorio
56,1,296,0,0,0,0,0,1,0,0,0,0,aleatorio
42,2,82,0,0,0,1,0,0,1,3,4,1,aleatorio
57,2,1,1,1,0,0,0,1,0,0,0,2,aleatorio
22,1,57,0,0,0,0,0,0,1,2,3,1,aleatorio
31,1,345,0,0,0,0,0,1,0,0,0,0,aleatorio
50,1,54,0,0,0,0,1,0,0,0,0,0,aleatorio
35,1,53,0,0,0,0,1,0,0,0,0,0,aleatorio
43,2,67,0,0,0,0,0,1,1,0,0,0,aleatorio
54,1,11,0,0,0,0,0,0,1,0,0,0,aleatorio
20,1,372,0,0,0,0,1,0,0,2,3,1,aleatorio
18,6,5,1,1,0,1,0,1,1,0,0,2,aleatorio
36,1,159,0,0,0,0,0,1,0,2,2,1,aleatorio
20,2,43,0,0,0,0,1,1,0,0,0,0,aleatorio
68,2,1,1,0,0,1,0,1,0,0,0,2,aleatorio
33,2,51,0,0,0,0,1,0,0,0,0,0,aleatorio
42,6,0,1,1,0,1,0,1,1,0,0,2,aleatorio
30,2,39,0,1,0,0,0,0,1,4,4,2,aleatorio
60,3,5,1,1,0,0,1,1,0,2,2,2,aleatorio
35,1,17,0,1,0,0,0,0,0,3,3,2,aleatorio
52,2,40,0,0,0,1,1,0,0,0,0,1,aleatorio
30,3,5,1,0,1,0,0,1,1,1,1,2,aleatorio
36,1,23,0,0,1,0,0,0,0,0,0,2,aleatorio
42,2,244,0,0,0,0,0,0,1,1,2,1,aleatorio
45,1,108,0,1,0,0,0,0,0,1,1,2,aleatorio
33,1,14,0,0,0,0,0,1,0,1,1,2,aleatorio
63,1,90,0,0,0,0,1,0,0,0,0,0,aleatorio
42,1,58,0,0,0,1,0,0,0,0,0,1,aleatorio
54,2,141,0,0,0,0,1,0,0,0,0,0,aleatorio
48,4,14,1,0,1,1,0,1,0,0,0,2,aleatorio
57,1,42,0,0,0,0,0,0,1,0,0,0,aleatorio
26,1,53,0,0,1,0,0,0,0,1,1,2,aleatorio
46,2,9,1,0,0,0,0,1,0,0,0,1,aleatorio
42,1,40,0,0,0,0,0,0,1,1,1,1,aleatorio
36,3,56,0,0,0,1,1,1,0,0,0,1,aleatorio
30,1,13,0,0,0,1,0,0,0,0,0,1,aleatorio
19,2,15,1,0,0,1,0,1,0,3,4,2,aleatorio
68,1,36,0,0,0,0,0,1,0,0,0,0,aleatorio
63,2,139,0,0,0,1,1,0,0,0,0,1,aleatorio
63,2,173,0,0,0,0,1,0,0,1,3,1,aleatorio
34,2,15,1,0,0,1,0,1,0,0,0,2,aleatorio
57,2,8,1,0,1,0,0,0,1,0,0,2,aleatorio
44,2,5,1,0,1,0,0,0,1,0,0,2,aleatorio
32,5,1,1,0,1,0,1,1,1,2,2,2,aleatorio
69,1,25,0,0,0,0,1,0,0,0,0,0,aleatorio
19,2,57,0,1,0,0,1,0,0,1,1,2,aleatorio
61,1,130,0,0,0,0,1,0,0,0,0,0,aleatorio
29,2,11,1,0,0,1,0,1,0,1,1,2,aleatorio
27,1,6,0,0,0,0,0,0,1,0,0,0,aleatorio
32,4,12,1,1,1,1,1,0,0,0,0,2,aleatorio
41,3,1,1,0,0,1,1,0,1,0,0,2,aleatorio
54,1,25,0,0,0,0,0,0,1,0,0,0,aleatorio
63,1,259,0,0,0,0,1,0,0,0,0,0,aleatorio
58,1,31,0,0,0,0,1,0,0,0,0,0,aleatorio
67,4,29,1,0,1,1,1,0,1,0,0,2,aleatorio
19,2,7,1,0,0,0,1,0,1,0,0,1,aleatorio
39,1,400,0,0,0,0,0,1,0,0,0,0,aleatorio
23,1,29,0,0,0,0,1,0,0,0,0,0,aleatorio
24,1,6,0,0,0,0,1,0,0,0,3,0,aleatorio
28,1,55,0,0,0,0,1,0,0,0,0,0,aleatorio
53,1,253,0,0,0,0,1,0,0,0,0,0,aleatorio
50,3,8,1,0,0,1,1,0,1,1,1,2,aleatorio
40,1,198,0,0,0,1,0,0,0,3,3,1,aleatorio
50,1,67,0,0,0,0,1,0,0,0,0,0,aleatorio
43,1,7,0,0,0,0,0,1,0,0,0,0,aleatorio
40,1,15,0,0,0,0,0,0,1,0,0,0,aleatorio
64,2,9,1,0,0,0,1,0,1,0,2,1,aleatorio
50,2,57,0,0,0,0,0,1,0,0,0,0,aleatorio
27,1,344,0,0,0,0,0,1,0,0,1,0,aleatorio
21,1,44,0,0,0,0,1,0,0,0,0,0,aleatorio
18,1,1,0,0,0,1,0,0,0,0,0,1,aleatorio
56,3,0,1,0,1,1,0,0,0,0,0,2,aleatorio
27,5,16,1,1,1,0,0,1,1,1,1,2,aleatorio
69,3,183,0,0,0,0,1,1,1,2,2,1,aleatorio
41,1,4,0,1,0,0,0,0,0,0,1,2,aleatorio
69,1,1,0,0,0,1,0,0,0,0,0,1,aleatorio
68,1,2,0,0,0,0,1,0,0,0,0,0,aleatorio
30,2,2,1,0,0,0,0,0,1,0,0,1,aleatorio
26,2,12,1,0,0,0,1,0,1,0,0,1,aleatorio
23,2,5,1,0,0,0,1,0,1,0,0,1,aleatorio
61,1,31,0,0,0,0,0,1,0,0,0,0,aleatorio
63,2,12,1,1,0,1,0,0,0,0,0,2,aleatorio
33,5,77,0,1,0,0,1,0,1,0,0,2,aleatorio
36,1,75,0,0,0,0,1,0,0,0,0,0,aleatorio
19,2,156,0,0,0,1,1,0,0,3,4,1,aleatorio
34,6,4,1,1,1,0,0,0,1,0,0,2,aleatorio
40,1,26,0,0,0,0,0,1,0,1,1,1,aleatorio
41,1,206,0,0,0,0,0,0,1,0,0,0,aleatorio
51,1,274,0,0,0,0,0,1,0,0,0,0,aleatorio
35,1,12,0,0,0,0,0,1,0,0,0,0,aleatorio
44,4,1,1,0,0,1,0,1,0,0,0,2,aleatorio
35,2,115,0,0,0,0,0,1,0,4,4,1,aleatorio
68,2,0,1,0,0,0,1,1,0,0,0,1,aleatorio
61,3,11,1,0,1,1,0,0,0,1,2,2,aleatorio
29,1,2,0,0,0,0,0,1,0,0,0,0,aleatorio
25,1,346,0,1,0,0,0,0,0,0,0,2,aleatorio
56,1,13,0,0,0,0,0,1,0,0,0,0,aleatorio
19,5,4,1,0,0,1,1,1,1,0,0,2,aleatorio
30,1,81,0,0,0,0,0,0,1,0,0,0,aleatorio
63,1,52,0,0,0,0,1,0,0,0,0,0,aleatorio
44,2,20,1,0,0,0,1,0,1,2,2,1,aleatorio
38,1,139,0,0,0,0,0,0,1,0,0,0,aleatorio
47,1,67,0,0,0,0,1,0,0,0,0,0,aleatorio
43,2,4,1,0,0,0,0,1,0,0,0,1,aleatorio
23,5,6,1,0,0,0,1,1,1,1,1,2,aleatorio
64,3,2,1,1,0,0,0,1,1,0,0,2,aleatorio
46,1,15,0,0,0,0,0,0,1,0,0,0,aleatorio
43,1,134,0,0,0,0,1,0,0,0,0,0,aleatorio
46,5,3,1,1,1,1,0,1,0,0,2,2,aleatorio
55,2,77,0,0,0,0,1,0,0,0,0,0,aleatorio
39,3,31,0,0,0,0,0,1,1,0,0,0,aleatorio
58,6,1,1,0,0,1,1,0,1,0,0,2,aleatorio
40,1,7,0,1,0,0,0,0,0,3,3,2,aleatorio
44,1,315,0,0,0,0,0,1,0,2,2,1,aleatorio
32,6,50,0,1,1,1,1,1,0,1,1,2,aleatorio
32,4,130,0,0,0,0,1,1,1,0,0,0,aleatorio
30,3,38,0,0,0,1,1,0,0,3,3,1,aleatorio
65,3,3,1,1,0,1,1,0,0,0,0,2,aleatorio
64,3,13,1,0,1,0,1,0,0,0,0,2,aleatorio
22,2,122,0,0,0,1,1,0,0,0,0,1,aleatorio
48,1,48,0,0,0,0,0,0,1,3,3,1,aleatorio
57,1,9,0,0,0,0,0,1,0,0,0,0,aleatorio
30,2,34,0,0,0,0,1,0,0,0,0,0,aleatorio
53,3,0,1,0,1,0,1,1,0,0,0,2,aleatorio
51,2,12,1,0,0,0,0,1,1,0,1,1,aleatorio
18,4,6,1,1,0,0,1,1,1,0,0,2,aleatorio
55,4,0,1,0,1,1,1,1,0,1,1,2,aleatorio
24,1,10,0,0,0,0,0,1,0,0,0,0,aleatorio
31,2,141,0,0,0,0,1,1,0,0,0,0,aleatorio
70,5,3,1,1,0,0,1,1,1,0,0,2,aleatorio
38,3,4,1,0,1,0,0,0,1,2,2,2,aleatorio
38,3,37,0,0,0,0,1,1,0,0,0,0,aleatorio
55,1,50,0,0,0,0,1,0,0,0,0,0,aleatorio
52,1,8,0,0,1,0,0,0,0,0,0,2,aleatorio
38,1,53,0,0,0,0,1,0,0,0,0,0,aleatorio
62,1,58,0,0,0,0,0,0,1,1,1,1,aleatorio
65,1,68,0,0,0,0,0,1,0,2,2,1,aleatorio
59,3,5,1,0,0,0,1,1,0,0,0,1,aleatorio
20,1,256,0,1,0,0,0,0,0,1,1,2,aleatorio
18,2,55,0,0,0,0,0,1,1,0,0,0,aleatorio
60,3,2,1,1,0,0,1,1,0,0,1,2,aleatorio
29,2,33,0,0,0,0,1,1,0,0,1,0,aleatorio
26,3,172,0,1,1,0,1,0,0,2,3,2,aleatorio
26,6,7,1,1,0,0,1,1,0,1,1,2,aleatorio
44,1,16,0,0,0,0,0,0,1,0,0,0,aleatorio
45,2,3,1,0,0,0,0,1,0,0,0,1,aleatorio
21,5,0,1,0,0,1,1,0,0,0,0,2,aleatorio
19,2,1,1,0,0,0,1,0,1,0,0,1,aleatorio
43,2,33,0,0,0,1,0,1,0,1,1,1,aleatorio
60,2,57,0,0,0,0,1,1,0,0,0,0,aleatorio
18,2,59,0,0,0,0,1,0,1,0,0,0,aleatorio
30,3,2,1,0,0,1,0,1,1,0,0,2,aleatorio
31,4,7,1,0,0,0,0,1,0,0,0,1,aleatorio
41,3,10,1,0,0,1,1,1,0,0,0,2,aleatorio
42,1,10,0,0,0,0,0,1,0,0,0,0,aleatorio
57,1,6,0,1,0,0,0,0,0,0,0,2,aleatorio
52,3,4,1,0,0,1,1,1,0,0,0,2,aleatorio
68,2,1,1,0,0,0,1,0,0,0,0,1,aleatorio
69,3,15,1,0,0,0,1,1,1,0,0,1,aleatorio
67,1,19,0,0,0,0,1,0,0,0,0,0,aleatorio
55,1,4,0,0,0,1,0,0,0,0,0,1,aleatorio
59,1,36,0,0,0,0,0,1,0,0,0,0,aleatorio
31,3,26,1,0,0,1,0,1,0,1,1,2,aleatorio
56,3,15,1,0,0,1,0,1,0,1,1,2,aleatorio
55,1,221,0,0,0,0,1,0,0,0,0,0,aleatorio
58,1,11,0,0,0,0,0,1,0,0,1,0,aleatorio
53,2,69,0,0,0,1,0,1,0,3,3,1,aleatorio
27,2,48,0,0,0,0,1,1,0,1,1,1,aleatorio
69,2,20,1,0,0,0,0,0,1,0,0,1,aleatorio
22,5,11,1,1,0,0,1,1,0,2,2,2,aleatorio
56,1,30,0,0,0,0,0,0,1,0,0,0,aleatorio
36,3,8,1,0,1,1,1,0,0,0,0,2,aleatorio
62,1,53,0,0,0,0,0,1,0,0,0,0,aleatorio
40,5,2,1,1,0,1,1,1,1,0,1,2,aleatorio
39,1,6,0,0,0,1,0,0,0,0,0,1,aleatorio
36,2,66,0,0,1,0,0,1,0,0,0,2,aleatorio
66,3,11,1,0,0,0,1,1,0,0,0,1,aleatorio
63,1,6,0,0,0,0,0,1,0,0,0,0,aleatorio
35,4,6,1,0,0,0,1,1,0,0,0,1,aleatorio
40,1,75,0,0,0,0,0,0,1,1,1,1,aleatorio
70,1,38,0,0,0,0,0,1,0,2,2,1,aleatorio
39,6,4,1,0,1,1,1,0,1,0,0,2,aleatorio
69,1,3,0,0,0,0,1,0,0,0,0,0,aleatorio
48,2,13,1,0,0,0,0,0,1,0,0,1,aleatorio
31,1,10,0,0,0,1,0,0,0,0,0,1,aleatorio
30,1,10,0,0,0,1,0,0,0,0,0,1,aleatorio
39,4,0,1,0,1,1,0,0,1,0,0,2,aleatorio
39,1,399,0,0,0,0,1,0,0,0,0,0,aleatorio
23,1,72,0,1,0,0,0,0,0,0,0,2,aleatorio
53,1,71,0,0,0,0,0,1,0,0,0,0,aleatorio
68,1,57,0,0,1,0,0,0,0,0,0,2,aleatorio
54,1,329,0,0,0,0,0,1,0,0,0,0,aleatorio
62,1,53,0,0,0,0,0,1,0,1,1,1,aleatorio
50,3,26,1,0,1,0,1,1,0,0,1,2,aleatorio
38,3,19,1,0,0,1,0,1,1,0,0,2,aleatorio
30,2,9,1,0,1,0,1,0,0,0,0,2,aleatorio
50,5,32,0,1,0,0,1,0,0,0,0,2,aleatorio
53,2,32,0,0,0,0,0,1,1,0,1,0,aleatorio
20,3,6,1,0,0,0,1,0,0,0,0,1,aleatorio
28,3,45,0,0,0,0,1,1,0,0,0,0,aleatorio
54,2,13,1,0,0,0,0,1,1,1,1,2,aleatorio
33,1,43,0,0,0,1,0,0,0,0,0,1,aleatorio
70,1,65,0,0,0,0,0,1,0,0,0,0,aleatorio
65,1,1,0,0,0,1,0,0,0,1,2,2,aleatorio
25,1,281,0,0,0,0,1,0,0,0,0,0,aleatorio
18,2,208,0,0,0,0,0,1,1,0,0,0,aleatorio
54,1,260,0,0,0,0,1,0,0,0,0,0,aleatorio
19,5,29,1,1,0,0,1,1,0,1,1,2,aleatorio
40,2,37,0,0,0,0,0,1,1,0,0,0,aleatorio
59,2,207,0,0,0,0,0,1,0,0,0,0,aleatorio
29,1,59,0,0,0,1,0,0,0,0,0,1,aleatorio
24,4,12,1,1,0,1,0,1,1,0,0,2,aleatorio
40,1,57,0,0,0,0,0,1,0,0,0,0,aleatorio
45,2,4,1,0,0,0,0,1,1,0,0,1,aleatorio
32,3,27,1,1,0,0,1,0,0,2,2,2,aleatorio
43,4,134,0,0,0,0,1,0,1,0,0,0,aleatorio
19,1,47,0,0,0,1,0,0,0,2,3,1,aleatorio
30,2,47,0,0,0,0,0,1,1,0,0,0,aleatorio
63,2,5,1,1,0,0,1,0,0,2,2,2,aleatorio
38,1,2,0,0,0,0,0,0,1,0,0,0,aleatorio
19,2,71,0,0,0,0,1,0,0,1,2,1,aleatorio
25,4,7,1,0,1,0,1,1,1,2,2,2,aleatorio
20,5,6,1,0,0,1,1,1,1,3,4,2,aleatorio
43,4,10,1,0,0,0,1,1,0,0,0,1,aleatorio
61,2,150,0,0,0,0,1,0,0,0,0,0,aleatorio
40,1,240,0,0,0,0,1,0,0,0,0,0,aleatorio
44,2,46,0,0,0,0,1,0,0,0,0,0,aleatorio
58,1,267,0,0,0,0,1,0,0,1,1,1,aleatorio
32,2,14,1,0,0,0,0,1,1,0,1,1,aleatorio
30,2,4,1,0,0,0,0,1,1,0,0,1,aleatorio
46,5,13,1,1,0,1,0,1,0,0,0,2,aleatorio
26,1,211,0,0,0,0,1,0,0,0,0,0,aleatorio
70,2,40,0,0,0,1,1,0,0,0,0,1,aleatorio
38,1,227,0,0,0,0,0,1,0,0,0,0,aleatorio
23,0,999,0,0,0,0,0,0,0,4,4,1,aleatorio
55,2,34,0,0,0,0,0,1,0,0,1,0,aleatorio
21,1,9,0,0,0,0,0,1,0,0,0,0,aleatorio
36,3,12,1,0,0,0,0,0,1,0,1,1,aleatorio
40,1,392,0,0,0,0,0,1,0,0,0,0,aleatorio
56,4,0,1,1,1,1,1,0,0,0,0,2,aleatorio
37,1,52,0,0,0,1,0,0,0,0,0,1,aleatorio
32,1,17,0,0,0,0,0,1,0,0,0,0,aleatorio
23,2,12,1,0,1,1,0,0,0,0,0,2,aleatorio
54,1,17,0,0,0,0,0,0,1,0,0,0,aleatorio
32,3,242,0,0,0,1,0,0,1,2,4,1,aleatorio
26,1,242,0,0,0,0,0,1,0,1,2,1,aleatorio
37,2,50,0,0,0,1,0,1,0,3,4,1,aleatorio
40,2,33,0,0,0,0,1,0,1,0,0,0,aleatorio
55,5,1,1,0,1,1,1,0,0,0,0,2,aleatorio
66,1,23,0,0,0,1,0,0,0,0,0,1,aleatorio
35,1,52,0,0,0,0,0,0,1,0,0,0,aleatorio
18,6,13,1,0,1,1,0,1,1,0,0,2,aleatorio
64,1,33,0,0,0,1,0,0,0,0,0,1,aleatorio
51,3,55,0,0,0,0,0,1,1,0,0,0,aleatorio
63,0,999,0,0,0,0,0,0,0,1,3,1,aleatorio
18,1,11,0,0,0,1,0,0,0,0,1,1,aleatorio
51,1,375,0,0,0,0,1,0,0,0,0,0,aleatorio
42,1,1,0,0,0,1,0,0,0,2,2,2,aleatorio
22,2,171,0,0,0,0,1,1,0,0,0,0,aleatorio
61,1,44,0,0,0,0,0,1,0,2,2,1,aleatorio
29,1,331,0,0,0,0,0,0,1,0,0,0,aleatorio
22,1,158,0,0,0,0,1,0,0,0,0,0,aleatorio
70,2,15,1,0,0,0,0,1,0,0,0,1,aleatorio
28,2,2,1,0,0,0,1,0,1,0,0,1,aleatorio
59,1,7,0,1,0,0,0,0,0,0,1,2,aleatorio
35,3,19,1,1,0,1,0,1,0,0,0,2,aleatorio
38,0,999,0,0,0,0,0,0,0,2,2,1,aleatorio
40,1,351,0,0,0,1,0,0,0,1,1,1,aleatorio
47,1,45,0,0,0,0,1,0,0,0,0,0,aleatorio
50,1,59,0,0,0,0,1,0,0,0,0,0,aleatorio
31,3,51,0,0,0,0,0,1,1,0,0,0,aleatorio
24,1,252,0,0,0,0,0,1,0,0,0,0,aleatorio
37,1,173,0,0,0,0,1,0,0,0,0,0,aleatorio
20,6,3,1,0,0,0,1,1,1,0,0,1,aleatorio
44,2,1,1,0,0,0,0,1,1,0,0,1,aleatorio
56,2,9,1,0,0,0,1,0,1,0,0,1,aleatorio
23,2,6,1,0,0,0,1,0,1,1,1,2,aleatorio
53,3,2,1,0,0,0,1,1,1,0,0,1,aleatorio
23,1,50,0,0,0,1,0,0,0,0,0,1,aleatorio
41,3,13,1,1,0,1,0,0,0,0,0,2,aleatorio
55,4,5,1,0,1,0,1,1,0,0,0,2,aleatorio
59,4,2,1,0,1,0,1,1,0,0,0,2,aleatorio
31,1,4,0,0,0,0,0,0,1,0,0,0,aleatorio
35,4,1,1,0,0,1,1,0,1,0,0,2,aleatorio
58,3,6,1,0,0,0,0,1,1,0,0,1,aleatorio
65,4,51,0,0,1,0,1,1,1,0,0,2,aleatorio
67,2,33,0,0,0,0,0,1,1,1,2,1,aleatorio
27,3,33,0,0,1,1,0,0,0,0,0,2,aleatorio
54,5,6,1,1,0,0,1,1,1,2,2,2,aleatorio
57,2,4,1,1,0,1,0,0,0,0,0,2,aleatorio
58,1,176,0,0,0,1,0,0,0,0,0,1,aleatorio
26,5,4,1,1,0,1,1,1,1,0,0,2,aleatorio
32,1,293,0,0,0,0,0,1,0,0,0,0,aleatorio
66,3,13,1,0,0,0,0,1,1,0,0,1,aleatorio
41,1,5,0,0,0,0,1,0,0,0,0,0,aleatorio
54,2,7,1,0,0,0,1,1,0,0,0,1,aleatorio
33,3,11,1,1,0,0,1,0,0,0,0,2,aleatorio
47,6,10,1,1,0,1,1,0,1,0,0,2,aleatorio
24,1,25,0,0,0,0,1,0,0,0,0,0,aleatorio
44,0,999,0,0,0,0,0,0,0,2,3,1,aleatorio
61,3,7,1,1,1,0,0,0,0,0,0,2,aleatorio
21,1,231,0,0,0,0,1,0,0,1,1,1,aleatorio
57,1,52,0,0,0,0,0,1,0,0,0,0,aleatorio
31,1,128,0,0,0,1,0,0,0,0,0,1,aleatorio
69,2,41,0,0,0,0,0,1,0,0,1,0,aleatorio
24,1,2,0,0,0,0,0,1,0,0,0,0,aleatorio
48,2,42,0,0,0,0,0,1,0,0,0,0,aleatorio
46,1,4,0,0,0,0,1,0,0,0,0,0,aleatorio
39,1,18,0,0,0,0,0,1,0,0,0,0,aleatorio
29,1,361,0,1,0,0,0,0,0,1,2,2,aleatorio
68,1,9,0,0,0,1,0,0,0,0,3,1,aleatorio
43,2,36,0,0,0,0,0,0,1,1,1,1,aleatorio
35,6,2,1,0,1,1,1,1,0,0,0,2,aleatorio
48,5,4,1,0,0,1,0,1,1,2,2,2,aleatorio
56,1,33,0,0,0,0,1,0,0,0,0,0,aleatorio
20,5,10,1,0,0,0,1,1,1,0,0,1,aleatorio
28,1,275,0,0,0,0,0,0,1,0,0,0,aleatorio
38,2,14,1,0,0,0,1,1,0,0,0,1,aleatorio
40,3,35,0,0,0,0,1,1,0,0,0,0,aleatorio
47,1,53,0,0,0,0,1,0,0,0,0,0,aleatorio
61,5,1,1,0,0,1,0,1,1,0,0,2,aleatorio
25,2,1,1,0,0,0,1,1,0,0,0,1,aleatorio
70,3,9,1,0,1,0,0,0,1,0,1,2,aleatorio
68,1,0,0,0,1,0,0,0,0,0,0,2,aleatorio
45,1,203,0,1,0,0,0,0,0,0,0,2,aleatorio
60,1,338,0,0,0,0,0,0,1,0,0,0,aleatorio
61,6,0,1,0,0,1,1,1,1,0,0,2,aleatorio
59,2,3,1,0,0,1,0,0,1,0,0,2,aleatorio
35,2,42,0,0,0,0,1,0,0,0,1,0,aleatorio
38,5,3,1,1,0,1,1,1,0,3,4,2,aleatorio
18,5,26,1,0,1,1,1,0,1,1,1,2,aleatorio
30,1,5,0,0,0,0,1,0,0,0,0,0,aleatorio
54,2,10,1,0,0,0,1,0,1,1,2,2,aleatorio
28,3,304,0,0,0,0,0,1,1,1,1,1,aleatorio
47,1,5,0,0,0,0,1,0,0,0,0,0,aleatorio
39,1,325,0,0,0,0,0,0,1,0,0,0,aleatorio
38,2,38,0,0,0,0,1,0,0,0,0,0,aleatorio
47,6,36,0,0,0,1,0,1,1,0,0,1,aleatorio
62,2,18,1,0,0,0,1,0,0,1,2,1,aleatorio
38,1,47,0,0,0,1,0,0,0,2,3,1,aleatorio
49,1,56,0,0,0,1,0,0,0,0,0,1,aleatorio
52,2,40,0,1,0,0,0,0,1,0,1,2,aleatorio
44,1,156,0,0,0,0,0,1,0,2,2,1,aleatorio
21,2,1,1,1,0,1,0,0,0,1,1,2,aleatorio
31,1,106,0,0,0,0,0,0,1,0,0,0,aleatorio
41,1,56,0,0,0,0,0,0,1,0,0,0,aleatorio
41,2,23,1,0,0,0,1,1,0,0,0,1,aleatorio
49,2,17,1,0,0,0,0,1,1,0,0,1,aleatorio
33,1,188,0,0,0,0,1,0,0,0,1,0,aleatorio
54,5,47,0,0,0,1,1,0,1,0,0,1,aleatorio
49,1,219,0,0,0,0,0,1,0,0,0,0,aleatorio
58,1,35,0,0,0,0,1,0,0,0,0,0,aleatorio
65,1,396,0,0,0,1,0,0,0,0,0,1,aleatorio
47,1,7,0,0,0,0,1,0,0,0,0,0,aleatorio
62,1,28,0,0,0,0,0,1,0,0,0,0,aleatorio
29,1,51,0,0,0,0,0,1,0,0,0,0,aleatorio
51,1,42,0,0,0,0,1,0,0,0,0,0,aleatorio
42,3,4,1,0,0,0,0,1,1,0,1,1,aleatorio
68,1,24,0,0,0,0,0,1,0,0,0,0,aleatorio
24,3,36,0,0,0,1,0,1,1,0,0,1,aleatorio
46,1,346,0,0,0,0,1,0,0,0,0,0,aleatorio
48,1,29,0,0,0,0,1,0,0,0,0,0,aleatorio
23,6,0,1,1,1,0,1,0,1,0,0,2,aleatorio
67,1,45,0,0,0,0,1,0,0,0,0,0,aleatorio
65,4,52,0,0,0,1,1,0,1,0,0,1,aleatorio
56,1,55,0,0,0,0,1,0,0,0,0,0,aleatorio
40,1,307,0,0,0,0,0,1,0,0,0,0,aleatorio
36,1,135,0,0,1,0,0,0,0,0,0,2,aleatorio
61,1,73,0,0,0,1,0,0,0,0,0,1,aleatorio
36,3,4,1,1,1,1,0,0,0,0,0,2,aleatorio
25,1,35,0,0,0,0,1,0,0,2,3,1,aleatorio
36,1,4,0,0,0,0,0,1,0,0,0,0,aleatorio
50,1,368,0,0,0,0,0,0,1,0,0,0,aleatorio
69,3,29,1,1,0,0,1,1,0,0,0,2,aleatorio
26,2,14,1,0,0,1,0,0,1,0,0,2,aleatorio
68,4,2,1,1,1,0,1,1,0,0,0,2,aleatorio
56,1,396,0,0,0,0,0,0,1,1,1,1,aleatorio
22,0,999,0,0,0,0,0,0,0,2,2,1,aleatorio
61,1,112,0,0,0,0,1,0,0,2,2,1,aleatorio
41,2,19,1,0,0,0,1,1,0,1,1,1,aleatorio
63,2,23,1,0,0,0,1,1,0,0,0,1,aleatorio
38,1,15,0,0,0,0,1,0,0,0,0,0,aleatorio
56,1,347,0,0,0,1,0,0,0,2,2,1,aleatorio
50,4,8,1,1,0,1,0,1,0,0,0,2,aleatorio
52,2,43,0,0,0,1,1,0,0,0,0,1,aleatorio
23,6,7,1,1,0,1,1,1,1,0,0,2,aleatorio
58,2,127,0,0,0,1,0,1,0,0,0,1,aleatorio
19,4,2,1,0,1,0,0,1,1,0,0,2,aleatorio
24,5,1,1,0,0,1,1,1,0,2,3,2,aleatorio
57,2,8,1,0,0,0,1,0,0,0,0,1,aleatorio
55,2,114,0,0,0,0,1,0,1,0,0,0,aleatorio
56,2,31,0,0,0,1,0,1,0,0,1,1,aleatorio
56,1,9,0,0,0,0,1,0,0,0,0,0,aleatorio
61,1,25,0,0,0,0,0,1,0,0,0,0,aleatorio
54,2,7,1,1,1,0,0,0,0,1,1,2,aleatorio
21,1,13,0,0,1,0,0,0,0,0,0,2,aleatorio
55,1,48,0,0,0,1,0,0,0,0,1,1,aleatorio
70,1,36,0,0,0,0,0,1,0,0,0,0,aleatorio
24,4,8,1,1,0,0,1,0,1,0,0,2,aleatorio
50,1,215,0,0,0,0,1,0,0,0,0,0,aleatorio
70,2,43,0,0,0,0,1,0,0,0,0,0,aleatorio
24,2,11,1,0,0,0,1,0,1,0,0,1,aleatorio
25,3,49,0,0,1,0,1,1,0,0,0,2,aleatorio
22,2,1,1,0,0,0,1,1,0,0,0,1,aleatorio
41,1,14,0,0,0,1,0,0,0,0,0,1,aleatorio
34,1,54,0,0,0,0,0,0,1,2,3,1,aleatorio
34,1,21,0,0,0,0,1,0,0,1,1,1,aleatorio
50,2,0,1,0,0,0,0,1,1,0,0,1,aleatorio
53,1,20,0,0,0,0,1,0,0,0,1,0,aleatorio
19,5,4,1,0,1,1,1,1,0,0,0,2,aleatorio
49,1,46,0,0,0,0,1,0,0,1,2,1,aleatorio
55,1,0,0,0,0,1,0,0,0,3,4,2,aleatorio
69,1,31,0,0,0,0,0,1,0,1,2,1,aleatorio
66,1,357,0,1,0,0,0,0,0,0,0,2,aleatorio
60,3,24,1,0,0,0,1,0,1,0,0,1,aleatorio
58,1,133,0,0,0,0,0,0,1,0,0,0,aleatorio
67,1,7,0,0,0,1,0,0,0,1,1,2,aleatorio
54,1,272,0,1,0,0,0,0,0,0,1,2,aleatorio
62,3,26,1,0,0,0,1,1,0,0,0,1,aleatorio
47,4,2,1,0,0,0,1,1,1,0,0,1,aleatorio
44,1,29,0,0,0,0,1,0,0,0,0,0,aleatorio
67,1,41,0,0,1,0,0,0,0,1,1,2,aleatorio
48,2,233,0,0,0,0,0,1,1,0,0,0,aleatorio
29,1,48,0,0,0,0,1,0,0,0,0,0,aleatorio
44,1,249,0,0,0,0,0,0,1,1,3,1,aleatorio
64,3,11,1,0,0,1,0,1,1,0,0,2,aleatorio
47,1,33,0,0,0,0,1,0,0,1,2,1,aleatorio
28,3,1,1,0,0,0,1,1,1,1,1,2,aleatorio
70,1,244,0,0,0,0,0,0,1,1,2,1,aleatorio
30,4,28,1,0,0,0,1,0,1,0,0,1,aleatorio
34,2,6,1,0,0,0,1,1,0,0,0,1,aleatorio
44,1,48,0,0,0,0,0,1,0,2,4,1,aleatorio
45,2,35,0,0,0,1,1,0,0,3,4,1,aleatorio
70,2,17,1,0,0,1,0,0,1,0,1,2,aleatorio
46,2,22,1,0,0,1,1,0,0,2,4,2,aleatorio
29,1,357,0,0,0,0,1,0,0,0,0,0,aleatorio
30,5,4,1,1,0,0,0,0,1,0,0,2,aleatorio
33,1,294,0,0,0,0,0,1,0,0,0,0,aleatorio
43,1,9,0,0,0,0,0,0,1,0,0,0,aleatorio
48,3,11,1,0,0,1,0,1,0,0,0,2,aleatorio
68,2,1,1,0,0,0,0,1,1,0,0,1,aleatorio
49,2,8,1,0,0,0,0,1,0,0,0,1,aleatorio
43,5,15,1,0,0,0,1,1,1,0,0,1,aleatorio
44,4,29,1,0,0,0,1,0,1,0,0,1,aleatorio
60,4,34,0,0,1,0,0,0,1,1,1,2,aleatorio
62,2,308,0,0,0,0,0,1,0,0,0,0,aleatorio
32,2,5,1,0,0,1,0,1,0,0,1,2,aleatorio
61,2,29,1,1,0,0,0,1,0,0,0,2,aleatorio
65,3,1,1,0,1,1,0,0,1,0,0,2,aleatorio
58,1,381,0,0,0,0,0,1,0,2,2,1,aleatorio
27,4,19,1,0,0,1,1,1,0,0,0,2,aleatorio
54,1,31,0,0,0,1,0,0,0,0,0,1,aleatorio
27,3,2,1,0,1,0,0,0,1,0,1,2,aleatorio
31,1,53,0,0,0,0,0,1,0,1,1,1,aleatorio
48,1,12,0,0,0,0,1,0,0,0,0,0,aleatorio
18,2,30,1,0,0,0,1,0,1,0,0,1,aleatorio
29,4,12,1,0,0,1,1,0,0,0,0,2,aleatorio
27,3,0,1,0,0,0,1,1,0,0,0,1,aleatorio
67,1,17,0,0,0,0,0,1,0,0,0,0,aleatorio
41,2,42,0,0,0,0,0,1,1,0,0,0,aleatorio
19,1,209,0,0,0,0,1,0,0,0,0,0,aleatorio
37,2,47,0,0,0,0,0,0,1,0,0,0,aleatorio
52,1,110,0,0,0,0,0,0,1,0,0,0,aleatorio
50,2,3,1,0,1,0,0,1,0,0,0,2,aleatorio
26,3,28,1,0,1,0,0,1,1,0,1,2,aleatorio
45,1,83,0,0,0,0,0,1,0,3,4,1,aleatorio
31,3,48,0,0,0,0,0,1,0,0,0,0,aleatorio
56,1,52,0,0,0,0,0,1,0,0,0,0,aleatorio
58,2,41,0,0,0,0,0,0,1,0,0,0,aleatorio
38,2,59,0,0,0,0,1,0,1,0,1,0,aleatorio
34,1,293,0,0,0,0,0,0,1,1,1,1,aleatorio
29,4,79,0,0,0,0,0,1,1,0,0,0,aleatorio
23,1,237,0,0,0,0,0,1,0,0,0,0,aleatorio
51,1,131,0,0,0,0,1,0,0,0,0,0,aleatorio
41,1,4,0,0,0,0,1,0,0,0,0,0,aleatorio
53,2,1,1,0,1,0,0,1,0,0,0,2,aleatorio
56,3,13,1,0,1,0,0,1,1,1,1,2,aleatorio
24,1,27,0,0,0,0,1,0,0,0,0,0,aleatorio
65,2,97,0,0,0,0,0,0,1,0,0,0,aleatorio
28,1,287,0,1,0,0,0,0,0,0,0,2,aleatorio
58,4,12,1,1,0,1,0,1,1,0,0,2,aleatorio
56,1,40,0,0,0,0,1,0,0,0,0,0,aleatorio
27,2,257,0,0,0,0,0,0,1,0,0,0,aleatorio
51,4,15,1,0,1,1,1,0,0,0,1,2,aleatorio
54,1,52,0,0,0,0,0,1,0,0,1,0,aleatorio
19,2,5,1,0,1,0,0,0,1,0,0,2,aleatorio
53,2,5,1,0,0,0,1,0,0,0,0,1,aleatorio
35,1,5,0,0,0,0,0,1,0,2,2,2,aleatorio
59,2,226,0,0,0,0,1,1,0,0,0,0,aleatorio
34,1,13,0,0,0,0,0,1,0,0,0,0,aleatorio
32,1,144,0,0,0,0,0,1,0,0,0,0,aleatorio
58,1,28,0,0,0,1,0,0,0,1,1,1,aleatorio
29,5,2,1,0,1,0,1,0,0,1,2,2,aleatorio
61,6,2,1,0,1,1,0,1,1,0,0,2,aleatorio
43,1,51,0,0,0,1,0,0,0,1,3,1,aleatorio
29,6,7,1,0,1,1,0,1,1,2,2,2,aleatorio
29,1,7,0,0,0,0,1,0,0,0,1,0,aleatorio
26,2,10,1,0,0,0,1,1,0,0,0,1,aleatorio
18,1,12,0,0,0,0,0,1,0,0,0,0,aleatorio
51,0,999,0,0,0,0,0,0,0,3,4,1,aleatorio
49,1,37,0,0,0,0,1,0,0,2,4,1,aleatorio
30,1,281,0,0,0,0,0,1,0,0,0,0,aleatorio
59,1,23,0,0,0,0,1,0,0,1,1,1,aleatorio
37,1,145,0,0,0,0,0,1,0,0,0,0,aleatorio
29,1,284,0,0,0,0,0,1,0,1,1,1,aleatorio
38,2,1,1,0,0,0,0,1,1,0,0,1,aleatorio
40,2,40,0,0,0,0,1,1,0,1,1,1,aleatorio
20,2,31,0,0,0,0,1,1,0,0,0,0,aleatorio
48,2,2,1,0,1,0,0,0,1,0,0,2,aleatorio
39,6,13,1,0,0,1,1,1,1,1,1,2,aleatorio
58,3,12,1,0,0,1,1,0,0,0,0,2,aleatorio
39,4,7,1,0,0,0,1,0,0,1,3,2,aleatorio
59,3,15,1,1,0,0,0,1,1,0,0,2,aleatorio
29,2,5,1,0,0,0,1,0,1,0,0,1,aleatorio
44,2,41,0,0,0,0,0,1,0,3,3,1,aleatorio
36,1,189,0,0,0,0,0,0,1,0,0,0,aleatorio
37,1,15,0,0,1,0,0,0,0,0,0,2,aleatorio
67,1,306,0,1,0,0,0,0,0,0,0,2,aleatorio
50,3,12,1,1,0,0,1,0,1,0,0,2,aleatorio
49,1,60,0,0,0,0,0,1,0,0,0,0,aleatorio
47,4,36,0,1,1,0,0,1,0,0,0,2,aleatorio
54,2,52,0,1,0,0,0,0,1,0,0,2,aleatorio
38,2,28,1,0,0,0,0,1,1,0,1,1,aleatorio
34,1,200,0,0,0,0,1,0,0,0,0,0,aleatorio
20,1,113,0,0,0,1,0,0,0,0,0,1,aleatorio
29,1,45,0,0,0,1,0,0,0,0,0,1,aleatorio
55,5,4,1,1,1,0,0,1,1,0,0,2,aleatorio
26,3,3,1,0,1,1,1,0,0,0,0,2,aleatorio
20,2,57,0,1,1,0,0,0,0,0,0,2,aleatorio
48,1,8,0,0,0,0,0,1,0,0,0,0,aleatorio
44,2,38,0,0,1,0,0,0,1,1,4,2,aleatorio
44,1,32,0,0,1,0,0,0,0,0,0,2,aleatorio
67,3,10,1,0,0,1,1,0,1,0,0,2,aleatorio
49,0,999,0,0,0,0,0,0,0,3,4,1,aleatorio
31,2,11,1,0,0,1,0,1,0,0,0,2,aleatorio
56,4,12,1,0,0,0,1,1,1,0,1,1,aleatorio
37,1,10,0,0,0,0,1,0,0,0,0,0,aleatorio
61,4,11,1,1,0,1,1,1,0,0,0,2,aleatorio
29,5,0,1,1,0,0,1,1,0,0,0,2,aleatorio
45,1,44,0,0,0,0,0,1,0,1,1,1,aleatorio
54,6,5,1,0,0,0,1,0,1,0,0,1,aleatorio
38,4,38,0,0,0,1,0,1,1,2,2,1,aleatorio
65,2,6,1,0,1,0,0,0,1,0,0,2,aleatorio
35,4,12,1,0,0,0,1,1,1,2,2,2,aleatorio
66,2,50,0,0,0,0,1,0,0,1,1,1,aleatorio
51,0,999,0,0,0,0,0,0,0,2,2,1,aleatorio
48,6,1,1,0,0,0,1,1,1,1,2,2,aleatorio
41,2,6,1,0,0,0,1,1,0,0,0,1,aleatorio
42,2,12,1,1,0,0,1,0,0,0,0,2,aleatorio
27,3,1,1,0,1,0,1,1,0,1,1,2,aleatorio
69,2,58,0,0,0,1,0,0,0,0,0,1,aleatorio
28,1,59,0,1,0,0,0,0,0,1,1,2,aleatorio
63,2,47,0,0,0,0,0,1,1,0,0,0,aleatorio
30,6,11,1,0,0,1,1,1,1,0,0,2,aleatorio
47,4,11,1,0,1,0,1,0,1,0,0,2,aleatorio
24,2,4,1,1,1,0,0,0,0,0,0,2,aleatorio
37,1,119,0,1,0,0,0,0,0,0,0,2,aleatorio
67,1,56,0,0,0,0,0,1,0,0,0,0,aleatorio
25,2,12,1,0,0,0,1,1,0,0,0,1,aleatorio
65,1,54,0,0,0,1,0,0,0,0,0,1,aleatorio
23,1,86,0,0,0,0,0,0,1,2,2,1,aleatorio
50,3,14,1,0,1,1,0,0,1,1,1,2,aleatorio
33,4,8,1,1,1,0,0,0,1,2,2,2,aleatorio
23,3,3,1,0,0,0,1,1,1,0,1,1,aleatorio
58,3,10,1,0,0,0,1,1,0,0,0,1,aleatorio
69,2,8,1,0,1,0,0,0,1,1,1,2,aleatorio
65,2,55,0,0,0,1,1,0,0,2,2,1,aleatorio
58,1,8,0,0,0,1,0,0,0,0,0,1,aleatorio
28,1,54,0,0,0,0,0,1,0,0,0,0,aleatorio
54,3,17,1,0,0,0,1,1,0,0,0,1,aleatorio
29,2,43,0,0,0,1,0,1,0,2,3,1,aleatorio
37,1,16,0,0,0,0,0,1,0,0,1,0,aleatorio
35,1,341,0,0,0,1,0,0,0,0,0,1,aleatorio
62,1,10,0,0,0,0,0,1,0,0,2,0,aleatorio
48,1,306,0,0,0,0,0,0,1,0,0,0,aleatorio
28,2,38,0,0,0,0,1,0,1,0,0,0,aleatorio
51,1,5,0,0,0,0,0,1,0,0,0,0,aleatorio
66,2,19,1,0,0,0,1,1,0,0,0,1,aleatorio
60,3,10,1,0,0,1,1,0,1,0,0,2,aleatorio
55,2,43,0,0,1,1,0,0,0,1,1,2,aleatorio
21,5,1,1,0,0,1,1,1,1,2,2,2,aleatorio
44,6,1,1,0,1,1,0,1,1,0,1,2,aleatorio
69,1,33,0,0,0,0,0,1,0,0,0,0,aleatorio
62,2,11,1,0,0,0,0,1,1,1,1,2,aleatorio
25,3,20,1,0,0,0,0,1,1,0,0,1,aleatorio
47,1,47,0,0,0,0,1,0,0,0,1,0,aleatorio
39,1,57,0,0,0,0,1,0,0,2,2,1,aleatorio
65,4,6,1,0,0,1,1,1,0,2,3,2,aleatorio
59,1,308,0,1,0,0,0,0,0,0,1,2,aleatorio
70,2,126,0,0,0,0,1,1,0,0,0,0,aleatorio
56,1,3,0,0,0,0,0,1,0,0,0,0,aleatorio
64,1,187,0,0,0,1,0,0,0,3,3,1,aleatorio
31,1,43,0,0,1,0,0,0,0,0,1,2,aleatorio
18,4,10,1,0,1,0,1,1,0,1,2,2,aleatorio
47,5,2,1,0,0,0,0,1,1,0,2,1,aleatorio
60,1,16,0,0,0,0,0,1,0,0,0,0,aleatorio
49,1,3,0,0,0,0,1,0,0,0,0,0,aleatorio
23,2,10,1,0,1,0,1,0,0,2,3,2,aleatorio
49,1,60,0,0,0,0,1,0,0,1,1,1,aleatorio
60,2,42,0,0,0,1,1,0,0,0,0,1,aleatorio
62,1,259,0,0,1,0,0,0,0,1,1,2,aleatorio
35,3,8,1,0,1,0,0,1,1,0,0,2,aleatorio
18,4,10,1,1,0,1,0,0,1,0,0,2,aleatorio
46,1,311,0,0,0,0,0,0,1,0,0,0,aleatorio
58,1,49,0,0,0,1,0,0,0,0,0,1,aleatorio
52,1,1,0,0,0,1,0,0,0,1,1,2,aleatorio
62,5,0,1,0,1,1,1,1,1,0,0,2,aleatorio
61,1,360,0,0,0,0,1,0,0,0,0,0,aleatorio
36,1,55,0,0,0,1,0,0,0,3,4,1,aleatorio
46,1,12,0,0,0,0,1,0,0,1,1,2,aleatorio
21,1,29,0,0,0,0,0,0,1,1,1,1,aleatorio
61,3,4,1,0,0,0,0,1,1,0,0,1,aleatorio
47,1,50,0,0,0,0,0,1,0,0,0,0,aleatorio
58,1,216,0,0,0,0,0,1,0,0,1,0,aleatorio
28,2,11,1,0,0,0,0,1,1,0,0,1,aleatorio
32,2,2,1,0,0,0,1,0,1,0,0,1,aleatorio
31,1,28,0,0,0,1,0,0,0,0,0,1,aleatorio
24,2,13,1,0,0,1,1,0,0,0,0,2,aleatorio
62,1,25,0,0,0,0,1,0,0,3,4,1,aleatorio
70,1,395,0,0,0,0,0,1,0,0,0,0,aleatorio
37,2,57,0,0,0,0,1,0,1,2,3,1,aleatorio
43,1,100,0,0,0,1,0,0,0,0,0,1,aleatorio
19,3,0,1,0,0,0,1,0,1,0,0,1,aleatorio
60,1,188,0,0,1,0,0,0,0,0,0,2,aleatorio
31,2,7,1,0,0,0,1,1,0,0,0,1,aleatorio
48,2,4,1,0,0,0,1,0,1,0,1,1,aleatorio
64,3,33,0,1,0,0,0,1,1,0,0,2,aleatorio
39,1,5,0,0,0,1,0,0,0,0,0,1,aleatorio
52,2,7,1,0,0,1,0,1,0,3,3,2,aleatorio
69,2,30,1,0,0,0,0,1,0,0,0,1,aleatorio
64,3,95,0,0,0,0,1,1,1,0,0,0,aleatorio
48,6,7,1,1,1,1,1,0,1,0,0,2,aleatorio
41,6,8,1,1,0,1,1,1,1,1,1,2,aleatorio
65,1,99,0,0,0,0,1,0,0,1,1,1,aleatorio
23,1,13,0,0,0,0,0,1,0,0,0,0,aleatorio
41,6,0,1,1,1,1,0,1,1,2,3,2,aleatorio
51,3,10,1,0,1,0,0,1,1,1,1,2,aleatorio
38,1,7,0,0,0,0,1,0,0,0,0,0,aleatorio
18,2,15,1,0,0,0,1,1,0,0,1,1,aleatorio
70,4,6,1,0,1,0,1,1,0,0,0,2,aleatorio
60,1,137,0,0,0,0,1,0,0,1,1,1,aleatorio
35,3,1,1,1,0,0,1,1,0,3,3,2,aleatorio
42,3,11,1,0,0,0,0,1,1,0,0,1,aleatorio
24,5,14,1,1,0,0,1,1,1,1,3,2,aleatorio
31,2,48,0,0,0,1,0,0,1,2,2,1,aleatorio
26,4,10,1,0,1,0,1,1,0,0,0,2,aleatorio
28,1,228,0,0,0,0,1,0,0,0,0,0,aleatorio
32,2,42,0,0,0,1,0,1,0,0,0,1,aleatorio
36,1,40,0,0,0,0,0,0,1,0,0,0,aleatorio
57,1,23,0,0,0,1,0,0,0,1,1,1,aleatorio
55,2,14,1,0,0,0,0,1,1,0,0,1,aleatorio
63,1,5,0,0,0,0,1,0,0,0,0,0,aleatorio
25,1,27,0,0,0,0,0,0,1,0,0,0,aleatorio
63,3,184,0,0,0,1,0,1,1,0,0,1,aleatorio
27,1,0,0,0,0,0,0,0,1,0,0,0,aleatorio
69,3,0,1,1,0,0,1,0,1,1,1,2,aleatorio
45,3,1,1,1,1,0,1,0,0,0,0,2,aleatorio
54,3,5,1,1,0,1,0,0,1,0,0,2,aleatorio
62,3,11,1,1,0,1,0,1,0,0,0,2,aleatorio
66,3,117,0,0,0,0,0,1,1,0,0,0,aleatorio
26,1,7,0,0,0,0,0,0,1,0,0,0,aleatorio
42,3,46,0,0,0,0,0,1,1,1,1,1,aleatorio
34,4,18,1,0,0,1,1,1,0,1,2,2,aleatorio
39,1,23,0,0,0,0,0,1,0,0,0,0,aleatorio
31,1,46,0,0,0,0,1,0,0,0,0,0,aleatorio
48,1,184,0,0,0,0,1,0,0,0,0,0,aleatorio
68,5,9,1,1,1,1,1,0,1,0,1,2,aleatorio
45,1,157,0,0,0,0,1,0,0,1,1,1,aleatorio
51,1,350,0,0,0,0,0,0,1,0,0,0,aleatorio
58,2,25,1,1,0,0,0,1,0,0,0,2,aleatorio
29,1,1,0,0,0,0,0,1,0,2,2,2,aleatorio
40,3,3,1,0,1,1,1,0,0,1,1,2,aleatorio
44,1,66,0,0,0,0,1,0,0,0,0,0,aleatorio
19,1,379,0,0,0,0,0,0,1,0,0,0,aleatorio
25,1,71,0,0,0,0,1,0,0,0,0,0,aleatorio
34,5,32,0,1,0,0,1,1,1,0,0,2,aleatorio
21,4,56,0,1,0,0,1,0,1,0,0,2,aleatorio
28,1,55,0,0,0,0,0,1,0,0,1,0,aleatorio
62,1,207,0,0,0,0,0,0,1,0,1,0,aleatorio
50,3,0,1,0,0,1,0,0,1,0,0,2,aleatorio
23,3,6,1,0,0,0,0,1,1,0,0,1,aleatorio
67,3,53,0,0,0,1,0,1,1,0,0,1,aleatorio
57,1,29,0,0,0,0,0,0,1,0,0,0,aleatorio
57,1,50,0,0,0,0,0,0,1,0,1,0,aleatorio
55,4,0,1,0,0,0,1,1,1,0,0,1,aleatorio
37,5,0,1,1,0,0,1,0,1,2,3,2,aleatorio
49,1,35,0,0,0,0,1,0,0,0,0,0,aleatorio
67,1,19,0,0,0,1,0,0,0,0,0,1,aleatorio
62,2,39,0,0,0,0,1,1,0,4,4,1,aleatorio
61,2,1,1,0,0,0,0,1,1,1,1,2,aleatorio
19,4,45,0,0,0,1,1,0,1,1,1,1,aleatorio
24,2,8,1,1,0,0,0,0,0,0,0,2,aleatorio
57,3,47,0,0,0,0,1,1,0,0,0,0,aleatorio
61,1,110,0,0,0,1,0,0,0,0,0,1,aleatorio
21,1,60,0,0,0,0,0,0,1,2,2,1,aleatorio
56,6,1,1,0,0,0,0,1,1,0,0,1,aleatorio
54,1,13,0,0,0,0,0,0,1,0,1,0,aleatorio
65,5,29,1,0,0,1,1,1,0,0,0,2,aleatorio
18,2,8,1,0,0,0,1,1,0,0,0,1,aleatorio
19,3,4,1,1,1,0,0,0,0,0,0,2,aleatorio
41,5,5,1,1,1,0,0,1,0,0,0,2,aleatorio
43,1,2,0,0,0,0,1,0,0,0,0,0,aleatorio
64,2,9,1,0,0,1,1,0,0,1,1,2,aleatorio
61,1,14,0,0,0,0,0,1,0,0,0,0,aleatorio
60,2,24,1,0,0,0,1,0,1,0,0,1,aleatorio
21,1,37,0,0,0,0,1,0,0,0,0,0,aleatorio
42,3,4,1,0,0,1,0,1,1,1,1,2,aleatorio
61,1,34,0,0,0,0,0,0,1,1,1,1,aleatorio
67,2,45,0,1,0,0,1,0,0,3,3,2,aleatorio
68,5,0,1,1,0,1,0,1,0,1,2,2,aleatorio
67,3,25,1,0,0,1,1,0,0,0,0,2,aleatorio
24,1,271,0,0,0,0,0,1,0,0,0,0,aleatorio
67,1,14,0,0,0,0,1,0,0,0,0,0,aleatorio
56,4,19,1,0,0,0,0,1,1,1,1,1,aleatorio
37,1,3,0,0,0,1,0,0,0,1,2,2,aleatorio
19,1,2,0,0,0,0,1,0,0,0,0,0,aleatorio
58,1,102,0,0,0,0,0,0,1,2,2,1,aleatorio
35,1,0,0,0,0,0,1,0,0,0,0,0,aleatorio
31,2,172,0,0,0,0,0,0,1,0,0,0,aleatorio
60,3,12,1,0,0,0,1,0,1,0,0,1,aleatorio
45,1,16,0,0,0,0,0,1,0,0,0,0,aleatorio
69,3,40,0,0,0,1,0,0,1,0,0,1,aleatorio
28,5,1,1,0,0,0,0,1,1,0,0,1,aleatorio
29,2,2,1,0,0,0,1,0,0,0,0,1,aleatorio
23,4,14,1,1,0,1,0,0,1,0,0,2,aleatorio
51,1,118,0,0,1,0,0,0,0,0,0,2,aleatorio
57,1,54,0,0,0,1,0,0,0,2,2,1,aleatorio
18,3,55,0,0,0,0,1,1,0,0,0,0,aleatorio
52,1,54,0,0,0,0,0,1,0,0,0,0,aleatorio
19,4,16,1,0,0,0,1,0,1,0,0,1,aleatorio
48,4,212,0,0,0,0,0,1,0,0,0,0,aleatorio
58,3,14,1,1,1,0,0,1,0,2,3,2,aleatorio
45,3,5,1,0,1,1,0,1,0,0,0,2,aleatorio
50,2,40,0,0,0,1,0,0,1,0,0,1,aleatorio
39,1,47,0,0,0,0,0,0,1,0,0,0,aleatorio
26,1,106,0,1,0,0,0,0,0,2,2,2,aleatorio
33,2,15,1,0,0,0,1,0,0,1,1,2,aleatorio
36,2,57,0,0,0,0,0,1,1,1,1,1,aleatorio
50,3,15,1,1,1,0,0,0,0,0,0,2,aleatorio
62,2,311,0,1,0,0,0,1,0,3,4,2,aleatorio
63,4,0,1,1,0,0,1,0,1,1,1,2,aleatorio
39,3,1,1,0,1,1,0,0,0,0,0,2,aleatorio
57,1,31,0,0,0,0,1,0,0,0,0,0,aleatorio
65,1,75,0,0,0,0,1,0,0,0,0,0,aleatorio
25,1,39,0,0,0,0,1,0,0,0,0,0,aleatorio
63,4,9,1,1,0,0,1,1,0,0,0,2,aleatorio
69,1,178,0,0,0,1,0,0,0,4,4,1,aleatorio
41,1,217,0,0,0,1,0,0,0,0,0,1,aleatorio
63,3,26,1,0,0,0,1,1,1,0,0,1,aleatorio
61,3,35,0,0,0,0,0,1,0,0,0,0,aleatorio
41,2,118,0,0,0,1,0,0,0,0,0,1,aleatorio
45,1,35,0,0,0,0,0,1,0,2,2,1,aleatorio
45,3,9,1,0,0,0,0,1,1,1,1,2,aleatorio
21,1,31,0,0,0,0,0,1,0,0,0,0,aleatorio
21,3,4,1,0,0,0,1,0,1,0,0,1,aleatorio
20,1,130,0,0,0,0,1,0,0,0,0,0,aleatorio
35,5,0,1,0,0,0,1,0,1,0,0,1,aleatorio
30,1,1,0,0,0,1,0,0,0,0,1,1,aleatorio
70,2,54,0,0,1,0,1,0,0,0,0,2,aleatorio
45,1,119,0,0,0,0,0,0,1,1,2,1,aleatorio
58,2,124,0,0,0,0,1,0,1,1,1,1,aleatorio
39,0,999,0,0,0,0,0,0,0,2,2,1,aleatorio
43,2,55,0,0,0,0,1,0,0,0,0,0,aleatorio
23,1,21,0,0,0,0,0,0,1,1,1,1,aleatorio
43,1,115,0,0,0,1,0,0,0,0,0,1,aleatorio
31,2,59,0,0,0,1,1,0,0,0,0,1,aleatorio
59,2,1,1,0,0,0,1,0,1,0,0,1,aleatorio
30,2,48,0,0,0,0,1,1,0,0,0,0,aleatorio
48,1,37,0,0,0,1,0,0,0,1,1,1,aleatorio
51,1,212,0,0,0,0,1,0,0,0,0,0,aleatorio
36,1,8,0,0,0,0,0,1,0,0,0,0,aleatorio
21,2,39,0,0,1,0,0,1,0,0,0,2,aleatorio
64,4,9,1,0,1,1,0,1,0,0,0,2,aleatorio
18,4,6,1,1,0,1,0,1,1,0,0,2,aleatorio
67,1,294,0,0,0,0,1,0,0,0,0,0,aleatorio
58,1,29,0,0,0,0,0,1,0,0,0,0,aleatorio
33,1,220,0,0,0,0,0,1,0,0,0,0,aleatorio
46,2,330,0,0,0,0,1,0,1,0,0,0,aleatorio
47,4,6,1,0,0,1,0,1,1,0,0,2,aleatorio
50,5,8,1,0,1,1,1,1,0,2,2,2,aleatorio
52,2,11,1,0,0,0,1,1,0,0,0,1,aleatorio
46,1,6,0,0,0,0,0,1,0,0,0,0,aleatorio
31,2,40,0,0,0,1,1,0,0,0,0,1,aleatorio
42,1,57,0,0,0,0,1,0,0,0,0,0,aleatorio
67,6,3,1,0,1,1,1,1,1,0,0,2,aleatorio
58,2,18,1,1,0,0,1,0,0,1,2,2,aleatorio
36,3,4,1,1,0,1,0,0,1,2,3,2,aleatorio
41,2,82,0,0,0,1,0,0,1,0,0,1,aleatorio
24,1,205,0,0,0,0,0,1,0,0,0,0,aleatorio
38,2,41,0,0,0,1,0,0,1,0,0,1,aleatorio
26,1,15,0,0,0,0,1,0,0,0,0,0,aleatorio
38,3,10,1,0,0,1,0,1,0,0,0,2,aleatorio
51,3,7,1,1,0,0,0,0,1,0,0,2,aleatorio
56,1,41,0,0,1,0,0,0,0,1,2,2,aleatorio
37,4,0,1,1,0,1,1,0,0,0,0,2,aleatorio
67,2,13,1,0,0,0,1,0,0,0,0,1,aleatorio
60,2,15,1,0,1,0,0,1,0,0,0,2,aleatorio
22,2,6,1,0,1,0,1,0,0,2,2,2,aleatorio
41,3,15,1,0,1,0,1,0,0,0,0,2,aleatorio
26,2,36,0,0,0,0,1,0,1,1,1,1,aleatorio
26,1,5,0,0,0,0,0,1,0,0,0,0,aleatorio
46,4,2,1,1,0,0,1,1,0,1,1,2,aleatorio
50,1,13,0,0,0,0,0,0,1,0,1,0,aleatorio
38,6,7,1,1,0,1,1,0,1,1,3,2,aleatorio
37,1,53,0,0,0,0,0,1,0,0,0,0,aleatorio
44,2,30,1,0,1,0,0,0,0,1,1,2,aleatorio
29,1,8,0,0,0,0,1,0,0,3,4,2,aleatorio
28,1,31,0,0,0,1,0,0,0,2,2,1,aleatorio
38,3,7,1,1,0,1,0,0,0,0,0,2,aleatorio
42,1,36,0,0,0,0,1,0,0,0,0,0,aleatorio
18,0,999,0,0,0,0,0,0,0,2,2,1,aleatorio
26,1,49,0,0,0,0,0,0,1,1,4,1,aleatorio
52,5,3,1,1,0,1,0,1,1,0,0,2,aleatorio
25,3,3,1,0,0,1,0,1,1,0,0,2,aleatorio
58,3,56,0,0,0,1,0,0,1,0,0,1,aleatorio
27,0,999,0,0,0,0,0,0,0,2,2,1,aleatorio
32,1,313,0,0,0,0,1,0,0,0,0,0,aleatorio
65,1,14,0,0,0,0,1,0,0,0,0,0,aleatorio
62,1,32,0,0,0,1,0,0,0,0,0,1,aleatorio
47,5,25,1,0,1,1,1,1,0,2,3,2,aleatorio
69,1,10,0,0,0,0,1,0,0,0,0,0,aleatorio
65,1,7,0,0,1,0,0,0,0,0,0,2,aleatorio
30,4,26,1,0,0,0,1,1,0,0,0,1,aleatorio
24,1,198,0,0,0,1,0,0,0,0,0,1,aleatorio
37,3,10,1,0,0,0,0,1,1,0,0,1,aleatorio
20,1,369,0,0,0,0,1,0,0,1,2,1,aleatorio
18,3,29,1,0,0,0,1,1,0,1,1,1,aleatorio
49,1,214,0,0,0,0,0,1,0,0,0,0,aleatorio
37,3,39,0,1,0,1,1,0,0,0,0,2,aleatorio
31,1,12,0,0,0,0,1,0,0,0,0,0,aleatorio
44,4,0,1,0,1,0,1,0,1,0,0,2,aleatorio
70,1,159,0,1,0,0,0,0,0,0,0,2,aleatorio
48,1,26,0,0,0,0,0,0,1,1,1,1,aleatorio
30,1,46,0,0,0,0,0,1,0,0,1,0,aleatorio
31,2,0,1,0,1,1,0,0,0,1,1,2,aleatorio
42,1,291,0,0,0,0,1,0,0,1,1,1,aleatorio
29,1,333,0,0,0,0,0,1,0,3,4,1,aleatorio
65,2,239,0,0,0,0,1,0,0,0,0,0,aleatorio
21,1,57,0,0,0,1,0,0,0,0,0,1,aleatorio
64,2,55,0,0,0,0,1,0,1,0,0,0,aleatorio
57,1,14,0,0,0,1,0,0,0,0,1,1,aleatorio
59,2,46,0,0,0,0,1,1,0,0,0,0,aleatorio
49,1,59,0,0,0,1,0,0,0,1,1,1,aleatorio
46,1,45,0,0,0,0,0,0,1,0,0,0,aleatorio
61,2,175,0,1,0,0,1,0,0,0,0,2,aleatorio
18,2,1,1,0,0,0,1,1,0,0,0,1,aleatorio
67,5,8,1,1,1,0,0,1,1,1,2,2,aleatorio
29,4,32,0,0,0,1,1,0,1,0,0,1,aleatorio
58,3,4,1,0,1,0,1,0,0,0,1,2,aleatorio
25,1,15,0,0,0,1,0,0,0,0,0,1,aleatorio
60,4,0,1,1,0,1,0,0,1,1,1,2,aleatorio
46,1,12,0,0,0,1,0,0,0,0,1,1,aleatorio
39,0,999,0,0,0,0,0,0,0,3,3,1,aleatorio
70,2,39,0,0,0,0,1,0,1,0,0,0,aleatorio
49,6,6,1,1,1,1,0,1,1,0,0,2,aleatorio
41,3,3,1,0,1,0,1,0,0,0,0,2,aleatorio
53,1,9,0,0,0,0,1,0,0,0,0,0,aleatorio
23,3,2,1,1,1,0,1,0,0,0,0,2,aleatorio
28,2,47,0,0,0,0,1,0,0,0,0,0,aleatorio
45,3,0,1,1,0,0,0,1,1,0,0,2,aleatorio
52,2,0,1,1,0,0,1,0,0,0,0,2,aleatorio
47,1,399,0,0,0,0,0,1,0,0,0,0,aleatorio
38,2,4,1,0,0,0,1,0,1,0,1,1,aleatorio
55,1,56,0,0,0,1,0,0,0,1,1,1,aleatorio
68,2,7,1,0,0,0,1,1,0,0,0,1,aleatorio
56,0,999,0,0,0,0,0,0,0,2,3,1,aleatorio
39,2,3,1,0,0,0,0,1,1,0,0,1,aleatorio
54,1,307,0,0,0,0,0,0,1,1,1,1,aleatorio
56,4,2,1,0,1,0,1,0,1,3,3,2,aleatorio
46,1,54,0,0,0,1,0,0,0,0,1,1,aleatorio
47,2,2,1,0,0,0,1,1,0,0,0,1,aleatorio
33,1,14,0,0,0,0,0,0,1,0,0,0,aleatorio
36,2,0,1,0,0,0,1,1,0,0,0,1,aleatorio
39,2,7,1,0,0,1,0,0,0,1,1,2,aleatorio
69,1,43,0,0,0,0,1,0,0,0,0,0,aleatorio
52,1,23,0,0,0,0,0,1,0,0,1,0,aleatorio
33,2,4,1,0,0,0,0,1,1,0,0,1,aleatorio
66,4,16,1,0,0,0,1,1,1,0,0,1,aleatorio
44,2,8,1,0,0,0,0,1,0,0,0,1,aleatorio
50,3,59,0,0,0,1,0,1,0,0,0,1,aleatorio
70,1,3,0,0,0,0,0,1,0,0,0,0,aleatorio
54,1,193,0,0,0,0,0,0,1,0,0,0,aleatorio
37,2,38,0,1,0,0,0,1,0,1,1,2,aleatorio
57,2,11,1,0,1,0,1,0,0,0,0,2,aleatorio
62,1,189,0,0,0,0,1,0,0,0,0,0,aleatorio
36,1,253,0,0,0,0,0,1,0,0,0,0,aleatorio
37,1,3,0,0,0,0,0,1,0,0,0,0,aleatorio
67,4,11,1,1,1,0,1,0,1,0,0,2,aleatorio
19,3,40,0,0,0,1,0,1,1,0,0,1,aleatorio
65,6,3,1,1,1,1,1,1,0,1,1,2,aleatorio
56,1,53,0,1,0,0,0,0,0,1,1,2,aleatorio
68,1,22,0,0,0,0,0,0,1,0,0,0,aleatorio
35,2,54,0,0,0,0,1,1,0,2,2,1,aleatorio
27,1,16,0,0,0,0,0,0,1,0,1,0,aleatorio
43,1,57,0,0,0,0,0,1,0,0,0,0,aleatorio
49,2,362,0,0,0,1,0,0,0,0,0,1,aleatorio
41,4,0,1,1,0,0,0,1,1,1,1,2,aleatorio
52,3,26,1,0,0,1,0,1,0,0,0,2,aleatorio
42,1,43,0,0,0,0,0,0,1,2,2,1,aleatorio
29,1,32,0,0,0,0,0,1,0,1,2,1,aleatorio
59,1,3,0,0,0,1,0,0,0,0,0,1,aleatorio
56,1,186,0,0,0,0,1,0,0,0,0,0,aleatorio
64,4,3,1,1,1,0,0,1,0,0,0,2,aleatorio
38,2,56,0,0,0,0,1,0,1,0,0,0,aleatorio
54,1,14,0,0,0,0,1,0,0,0,0,0,aleatorio
32,3,7,1,0,1,1,1,0,0,2,2,2,aleatorio
44,1,147,0,0,0,0,0,1,0,0,0,0,aleatorio
25,3,2,1,0,1,0,0,1,0,2,2,2,aleatorio
64,1,328,0,0,0,0,0,0,1,0,0,0,aleatorio
56,6,6,1,0,0,1,1,0,1,1,1,2,aleatorio
37,2,5,1,0,0,0,1,0,1,1,1,2,aleatorio
25,1,48,0,0,0,0,0,1,0,0,0,0,aleatorio
50,2,222,0,0,0,0,1,0,0,0,0,0,aleatorio
28,3,18,1,0,1,0,1,0,0,1,1,2,aleatorio
55,1,201,0,0,0,0,1,0,0,0,1,0,aleatorio
63,2,10,1,0,0,1,0,0,0,1,1,2,aleatorio
18,4,2,1,0,0,0,1,1,1,0,0,1,aleatorio
21,1,26,0,0,0,0,0,0,1,0,0,0,aleatorio
19,1,37,0,0,0,0,1,0,0,1,1,1,aleatorio
59,1,27,0,0,0,0,0,1,0,0,0,0,aleatorio
52,1,52,0,0,0,0,0,0,1,0,1,0,aleatorio
37,4,9,1,1,0,1,0,0,1,0,0,2,aleatorio
64,2,165,0,0,0,0,1,0,0,0,0,0,aleatorio
53,1,129,0,0,0,0,0,1,0,2,3,1,aleatorio
22,1,0,0,0,1,0,0,0,0,3,3,2,aleatorio
52,1,306,0,0,0,0,0,0,1,0,0,0,aleatorio
37,2,2,1,0,0,0,1,0,0,0,0,1,aleatorio
61,1,99,0,0,0,0,0,1,0,0,0,0,aleatorio
52,1,12,0,0,0,0,1,0,0,0,0,0,aleatorio
25,3,2,1,1,0,0,0,0,1,0,0,2,aleatorio
44,1,3,0,0,0,0,1,0,0,0,0,0,aleatorio
68,4,13,1,1,1,0,1,0,0,0,0,2,aleatorio
35,2,32,0,0,0,0,0,1,1,0,0,0,aleatorio
70,1,79,0,0,0,0,0,1,0,0,0,0,aleatorio
65,1,348,0,0,0,0,0,0,1,0,0,0,aleatorio
26,1,317,0,0,0,0,0,1,0,0,0,0,aleatorio
19,1,288,0,0,0,0,0,0,1,0,0,0,aleatorio
60,0,999,0,0,0,0,0,0,0,1,1,1,aleatorio
39,4,1,1,0,0,0,0,1,1,0,0,1,aleatorio
64,3,4,1,0,0,0,1,0,1,0,0,1,aleatorio
40,3,1,1,0,0,1,1,1,0,0,1,2,aleatorio
58,2,2,1,0,1,0,1,0,0,0,0,2,aleatorio
45,6,0,1,0,0,1,1,0,1,0,0,2,aleatorio
22,3,37,0,0,0,1,0,1,1,1,1,1,aleatorio
40,1,117,0,0,0,0,0,0,1,0,0,0,aleatorio
58,5,4,1,0,1,1,1,0,0,0,0,2,aleatorio
67,4,24,1,1,0,0,1,0,1,0,0,2,aleatorio
37,2,3,1,0,1,0,0,0,0,0,0,2,aleatorio
35,2,53,0,0,0,0,0,1,1,0,0,0,aleatorio
51,2,3,1,0,0,1,1,0,0,0,0,2,aleatorio
65,3,16,1,1,0,0,0,1,1,0,2,2,aleatorio
38,6,0,1,1,1,0,0,1,0,0,0,2,aleatorio
53,1,254,0,0,0,1,0,0,0,0,0,1,aleatorio
41,1,54,0,0,0,0,1,0,0,0,0,0,aleatorio
62,5,16,1,1,1,0,0,1,1,0,0,2,aleatorio
61,2,40,0,0,0,0,1,1,0,0,1,0,aleatorio
32,3,5,1,1,0,0,0,0,1,0,0,2,aleatorio
43,3,10,1,0,0,0,0,1,1,1,1,2,aleatorio
28,4,6,1,0,1,1,1,0,1,1,3,2,aleatorio
49,3,6,1,1,1,1,0,0,0,0,0,2,aleatorio
52,1,30,0,0,0,0,0,1,0,0,0,0,aleatorio
27,1,84,0,0,1,0,0,0,0,0,0,2,aleatorio
52,1,49,0,0,0,0,0,1,0,0,0,0,aleatorio
44,1,25,0,0,0,0,1,0,0,0,0,0,aleatorio
63,2,4,1,0,0,1,0,1,0,3,3,2,aleatorio
18,2,35,0,0,0,1,0,1,0,3,3,1,aleatorio
49,1,209,0,0,0,0,1,0,0,2,2,1,aleatorio
24,1,8,0,0,0,0,0,1,0,0,0,0,aleatorio
52,2,37,0,0,0,1,0,0,1,0,0,1,aleatorio
21,1,30,0,0,0,1,0,0,0,0,0,1,aleatorio
26,4,0,1,1,0,1,0,1,0,1,1,2,aleatorio
51,3,4,1,1,0,1,0,1,0,1,1,2,aleatorio
52,1,33,0,0,0,0,0,1,0,2,2,1,aleatorio
51,1,11,0,0,0,0,0,0,1,0,0,0,aleatorio
65,4,40,0,1,1,0,0,1,0,1,1,2,aleatorio
59,2,3,1,0,0,0,1,0,0,0,0,1,aleatorio
20,5,10,1,0,1,0,1,1,0,3,4,2,aleatorio
25,5,9,1,0,1,1,1,0,0,1,1,2,aleatorio
18,3,6,1,1,1,1,0,0,0,0,0,2,aleatorio
29,2,9,1,0,0,1,0,1,0,0,0,2,aleatorio
23,1,8,0,0,0,0,0,1,0,3,4,2,aleatorio
59,2,15,1,0,0,0,1,0,0,0,0,1,aleatorio
35,1,393,0,0,0,0,0,1,0,0,0,0,aleatorio
53,3,33,0,1,1,0,1,0,0,0,0,2,aleatorio
57,1,48,0,0,0,0,0,1,0,3,4,1,aleatorio
40,2,10,1,0,0,0,0,0,1,0,0,1,aleatorio
45,3,47,0,0,0,0,1,1,0,0,0,0,aleatorio
58,5,6,1,0,0,1,1,1,1,0,1,2,aleatorio
47,1,25,0,0,0,0,0,1,0,0,1,0,aleatorio
38,1,189,0,0,0,1,0,0,0,1,2,1,aleatorio
56,4,38,0,0,0,1,1,1,0,0,0,1,aleatorio
57,2,149,0,0,0,0,1,0,1,1,1,1,aleatorio
39,1,244,0,0,0,0,1,0,0,1,1,1,aleatorio
30,3,10,1,0,0,1,1,1,0,0,0,2,aleatorio
69,1,4,0,0,0,0,0,1,0,0,0,0,aleatorio
51,1,18,0,0,0,0,1,0,0,0,1,0,aleatorio
47,3,0,1,0,1,1,0,1,0,0,0,2,aleatorio
27,3,1,1,0,1,0,1,0,0,1,1,2,aleatorio
54,4,24,1,0,0,0,1,1,0,0,0,1,aleatorio
40,3,10,1,0,0,0,0,1,1,2,2,2,aleatorio
59,1,8,0,0,0,0,0,1,0,0,0,0,aleatorio
19,1,10,0,0,0,0,0,1,0,0,0,0,aleatorio
42,1,24,0,0,0,0,1,0,0,2,2,1,aleatorio
46,1,56,0,0,0,0,0,1,0,0,0,0,aleatorio
64,1,353,0,0,0,0,0,1,0,0,0,0,aleatorio
59,1,50,0,0,0,0,0,0,1,0,0,0,aleatorio
52,1,33,0,0,0,0,1,0,0,0,0,0,aleatorio
47,1,51,0,0,0,0,0,1,0,1,1,1,aleatorio
37,2,22,1,0,0,0,0,0,1,1,1,1,aleatorio
29,1,40,0,0,0,0,0,0,1,1,3,1,aleatorio
70,1,47,0,0,0,0,1,0,0,0,0,0,aleatorio
70,2,6,1,0,0,1,0,1,0,1,2,2,aleatorio
48,1,35,0,0,0,0,1,0,0,3,4,1,aleatorio
20,2,9,1,0,0,0,0,1,1,0,0,1,aleatorio
32,2,20,1,0,0,0,1,0,1,1,1,1,aleatorio
62,2,9,1,0,0,1,1,0,0,2,2,2,aleatorio
62,1,1,0,0,0,0,0,1,0,0,0,0,aleatorio
19,3,15,1,0,0,1,0,1,0,1,2,2,aleatorio
62,3,82,0,0,0,0,0,1,1,0,0,0,aleatorio
70,3,13,1,1,0,0,0,0,1,1,1,2,aleatorio
22,4,6,1,1,1,1,0,1,0,2,3,2,aleatorio
19,1,5,0,0,0,0,0,0,1,0,0,0,aleatorio
49,6,9,1,0,1,1,1,1,1,0,0,2,aleatorio
20,3,196,0,0,0,1,1,0,0,0,0,1,aleatorio
61,2,2,1,0,1,0,0,1,0,1,2,2,aleatorio
22,3,8,1,1,0,0,1,0,1,0,0,2,aleatorio
37,1,391,0,0,0,0,0,0,1,0,3,0,aleatorio
30,3,55,0,0,0,1,0,1,0,0,0,1,aleatorio
55,1,13,0,0,0,0,1,0,0,0,0,0,aleatorio
45,1,33,0,0,0,0,1,0,0,0,0,0,aleatorio
37,1,177,0,0,0,0,0,0,1,2,3,1,aleatorio
49,1,249,0,0,0,0,0,1,0,0,0,0,aleatorio
51,3,5,1,1,0,1,0,0,0,0,0,2,aleatorio
63,3,12,1,0,1,0,1,0,1,0,0,2,aleatorio
28,1,2,0,0,0,0,0,1,0,1,1,2,aleatorio
52,1,8,0,0,0,0,0,0,1,0,0,0,aleatorio
38,2,144,0,0,0,0,0,0,1,0,0,0,aleatorio
38,2,14,1,0,0,0,1,0,1,1,1,2,aleatorio
59,1,10,0,0,0,0,1,0,0,0,0,0,aleatorio
48,2,3,1,0,0,1,0,1,0,0,0,2,aleatorio
33,2,10,1,0,0,0,1,0,1,1,2,2,aleatorio
34,5,8,1,1,1,1,0,0,1,0,0,2,aleatorio
43,1,276,0,0,0,0,0,1,0,0,0,0,aleatorio
21,1,179,0,0,0,0,0,1,0,0,0,0,aleatorio
55,1,33,0,0,1,0,0,0,0,1,1,2,aleatorio
38,1,5,0,0,0,0,1,0,0,0,0,0,aleatorio
20,2,53,0,0,0,1,1,0,0,0,0,1,aleatorio
42,1,14,0,0,0,0,1,0,0,3,3,2,aleatorio
39,1,50,0,0,0,1,0,0,0,3,3,1,aleatorio
36,1,53,0,0,0,0,1,0,0,1,1,1,aleatorio
57,2,5,1,0,0,0,0,1,1,0,0,1,aleatorio
22,3,50,0,0,0,0,1,1,0,0,0,0,aleatorio
66,2,7,1,1,0,0,1,0,0,3,3,2,aleatorio
20,4,8,1,1,0,0,0,1,1,0,0,2,aleatorio
31,3,10,1,0,0,0,1,0,1,0,0,1,aleatorio
52,4,0,1,0,1,1,0,0,1,0,0,2,aleatorio
23,1,15,0,0,0,0,0,0,1,0,0,0,aleatorio
66,1,44,0,0,0,0,1,0,0,0,1,0,aleatorio
51,6,8,1,1,1,1,0,0,1,0,0,2,aleatorio
37,1,241,0,0,0,0,1,0,0,2,2,1,aleatorio
58,2,199,0,1,0,0,0,1,0,2,2,2,aleatorio
70,5,3,1,1,0,1,1,0,1,0,0,2,aleatorio
57,1,41,0,0,0,0,1,0,0,0,0,0,aleatorio
57,1,27,0,0,0,0,1,0,0,0,0,0,aleatorio
35,1,11,0,0,0,0,0,1,0,0,1,0,aleatorio
35,1,357,0,0,0,0,0,1,0,0,1,0,aleatorio
30,1,358,0,0,0,0,0,1,0,1,1,1,aleatorio
53,6,0,1,1,0,1,1,0,0,0,0,2,aleatorio
59,1,96,0,0,0,0,0,1,0,2,3,1,aleatorio
41,1,91,0,0,0,0,0,1,0,0,0,0,aleatorio
43,2,43,0,0,0,1,1,0,0,0,1,1,aleatorio
64,1,304,0,0,0,0,1,0,0,0,2,0,aleatorio
60,2,274,0,0,0,1,0,1,0,0,0,1,aleatorio
30,3,23,1,0,0,1,1,0,1,0,0,2,aleatorio
61,2,18,1,0,1,0,0,1,0,0,0,2,aleatorio
33,1,312,0,0,1,0,0,0,0,0,1,2,aleatorio
27,5,11,1,1,0,1,1,1,0,0,0,2,aleatorio
42,1,20,0,0,0,0,1,0,0,0,0,0,aleatorio
46,6,6,1,0,0,0,1,0,1,0,1,1,aleatorio
60,1,107,0,0,0,0,1,0,0,0,0,0,aleatorio
41,1,188,0,0,0,0,0,1,0,0,2,0,aleatorio
56,1,29,0,0,0,0,0,1,0,1,1,1,aleatorio
69,3,13,1,0,0,0,1,1,0,2,2,2,aleatorio
34,2,44,0,0,0,0,0,0,1,0,0,0,aleatorio
27,3,48,0,1,0,1,0,0,0,3,3,2,aleatorio
59,1,6,0,0,0,0,0,1,0,0,1,0,aleatorio
26,2,43,0,0,0,1,0,0,1,0,1,1,aleatorio
28,1,217,0,1,0,0,0,0,0,0,0,2,aleatorio
24,1,370,0,0,0,1,0,0,0,0,0,1,aleatorio
22,4,2,1,1,1,0,0,0,1,3,3,2,aleatorio
22,1,44,0,0,0,0,0,0,1,0,0,0,aleatorio
65,1,6,0,0,0,0,0,1,0,0,0,0,aleatorio
54,3,1,1,0,0,1,1,0,0,1,1,2,aleatorio
40,2,76,0,0,0,0,0,1,1,0,0,0,aleatorio
47,2,2,1,0,0,1,0,0,1,0,0,2,aleatorio
46,1,31,0,0,1,0,0,0,0,0,0,2,aleatorio
18,1,20,0,0,0,1,0,0,0,0,0,1,aleatorio
22,3,11,1,0,0,1,1,1,0,0,0,2,aleatorio
57,2,193,0,0,0,0,1,0,1,0,0,0,aleatorio
59,2,6,1,1,0,0,0,1,0,0,0,2,aleatorio
34,2,9,1,1,0,0,1,0,0,2,2,2,aleatorio
52,2,41,0,0,0,0,1,0,1,0,0,0,aleatorio
36,5,5,1,0,1,1,1,0,0,1,1,2,aleatorio
50,1,27,0,0,0,0,0,0,1,0,1,0,aleatorio
56,3,5,1,1,0,1,0,1,0,0,0,2,aleatorio
54,1,76,0,0,0,0,0,0,1,0,0,0,aleatorio
33,1,6,0,0,0,0,0,1,0,0,0,0,aleatorio
66,1,21,0,0,0,0,1,0,0,0,0,0,aleatorio
33,4,1,1,0,0,0,1,1,1,0,0,1,aleatorio
21,0,999,0,0,0,0,0,0,0,2,4,1,aleatorio
33,5,6,1,1,0,1,1,0,0,1,1,2,aleatorio
24,3,89,0,0,0,0,1,1,0,1,2,1,aleatorio
67,2,43,0,0,0,1,0,0,1,0,0,1,aleatorio
56,4,73,0,1,1,0,0,1,0,1,1,2,aleatorio
29,1,300,0,0,0,0,0,1,0,0,0,0,aleatorio
19,4,15,1,0,0,0,1,0,0,0,0,1,aleatorio
65,1,7,0,1,0,0,0,0,0,0,0,2,aleatorio
53,1,260,0,0,0,0,0,0,1,2,4,1,aleatorio
22,6,0,1,0,0,0,1,1,1,0,0,1,aleatorio
46,2,248,0,0,0,0,0,1,1,0,0,0,aleatorio
51,5,29,1,1,0,1,1,1,0,0,0,2,aleatorio
68,2,54,0,1,0,1,0,0,0,0,0,2,aleatorio
53,5,2,1,0,1,1,1,0,1,1,2,2,aleatorio
66,2,13,1,0,0,0,1,1,0,0,0,1,aleatorio
34,6,10,1,1,1,0,1,0,0,0,0,2,aleatorio
47,2,58,0,0,0,1,0,0,1,0,0,1,aleatorio
70,1,10,0,0,0,0,0,0,1,0,0,0,aleatorio
22,1,244,0,0,0,0,0,0,1,0,0,0,aleatorio
62,4,4,1,1,1,0,0,1,0,0,1,2,aleatorio
45,3,22,1,0,1,1,1,0,0,0,0,2,aleatorio
56,4,1,1,0,0,1,0,1,1,0,0,2,aleatorio
68,4,3,1,0,1,1,1,1,0,0,0,2,aleatorio
68,3,33,0,0,0,0,0,0,1,0,0,0,aleatorio
32,2,1,1,0,0,0,1,0,0,0,0,1,aleatorio
48,3,52,0,0,0,0,0,1,0,0,0,0,aleatorio
69,1,5,0,0,0,0,1,0,0,0,0,0,aleatorio
38,2,5,1,0,0,0,1,0,1,0,0,1,aleatorio
58,1,259,0,0,0,0,0,0,1,0,0,0,aleatorio
18,1,115,0,0,0,0,0,1,0,2,4,1,aleatorio
59,1,286,0,0,0,0,0,0,1,0,0,0,aleatorio
56,2,33,0,0,0,1,0,0,1,1,1,1,aleatorio
49,2,43,0,0,0,1,1,0,0,0,0,1,aleatorio
41,2,13,1,0,1,0,0,1,0,0,0,2,aleatorio
50,3,28,1,0,0,0,1,1,0,0,0,1,aleatorio
43,1,6,0,0,0,1,0,0,0,0,0,1,aleatorio
61,1,31,0,0,0,0,1,0,0,0,0,0,aleatorio
42,1,338,0,0,0,0,0,0,1,0,0,0,aleatorio
39,1,36,0,0,0,0,0,1,0,0,0,0,aleatorio
70,1,57,0,0,0,0,0,0,1,0,0,0,aleatorio
53,2,25,1,0,1,0,0,0,0,0,0,2,aleatorio
34,1,14,0,0,0,0,1,0,0,0,0,0,aleatorio
61,4,0,1,1,1,0,0,1,0,0,0,2,aleatorio
69,2,13,1,0,0,0,1,0,0,0,0,1,aleatorio
56,1,15,0,0,0,0,0,1,0,0,2,0,aleatorio
46,4,16,1,1,1,0,0,1,1,0,0,2,aleatorio
64,1,15,0,0,0,1,0,0,0,2,2,2,aleatorio
63,3,3,1,0,0,0,1,1,1,0,1,1,aleatorio
47,1,38,0,0,0,0,0,1,0,0,0,0,aleatorio
62,4,33,0,0,0,0,0,1,1,0,0,0,aleatorio
40,1,33,0,0,0,0,0,1,0,3,4,1,aleatorio
29,5,3,1,1,0,0,1,1,1,2,2,2,aleatorio
45,3,15,1,0,1,0,1,0,1,2,2,2,aleatorio
49,1,142,0,0,0,0,0,1,0,1,1,1,aleatorio
23,3,358,0,0,0,1,0,1,0,0,1,1,aleatorio
57,1,266,0,0,0,0,0,0,1,0,1,0,aleatorio
68,1,73,0,0,0,0,0,0,1,0,0,0,aleatorio
53,1,33,0,0,0,0,1,0,0,0,0,0,aleatorio
67,4,0,1,0,0,1,1,0,1,2,4,2,aleatorio
22,1,59,0,0,1,0,0,0,0,0,0,2,aleatorio
26,1,43,0,0,0,0,0,0,1,0,0,0,aleatorio
48,2,9,1,1,0,0,1,0,0,3,3,2,aleatorio
34,0,999,0,0,0,0,0,0,0,1,1,1,aleatorio
55,2,193,0,0,0,1,1,0,0,0,0,1,aleatorio
60,1,45,0,0,0,0,0,1,0,0,0,0,aleatorio
64,1,4,0,1,0,0,0,0,0,0,0,2,aleatorio
26,0,999,0,0,0,0,0,0,0,3,3,1,aleatorio
20,1,38,0,0,0,0,0,1,0,1,1,1,aleatorio
48,3,12,1,1,1,0,1,0,0,0,0,2,aleatorio
62,4,5,1,0,0,0,1,0,1,2,2,2,aleatorio
52,1,25,0,0,0,0,1,0,0,0,0,0,aleatorio
57,4,4,1,1,0,1,1,0,0,0,1,2,aleatorio
24,1,6,0,1,0,0,0,0,0,0,0,2,aleatorio
61,1,48,0,0,0,0,1,0,0,0,0,0,aleatorio
44,1,286,0,0,0,0,0,1,0,0,0,0,aleatorio
63,4,38,0,0,1,0,1,0,1,0,0,2,aleatorio
22,1,46,0,0,0,0,0,1,0,0,0,0,aleatorio
48,3,39,0,0,1,0,1,0,1,0,0,2,aleatorio
65,2,58,0,1,0,1,0,0,0,0,0,2,aleatorio
67,1,218,0,0,0,0,0,1,0,1,1,1,aleatorio
47,3,51,0,1,1,0,0,0,1,2,2,2,aleatorio
64,1,49,0,0,1,0,0,0,0,2,3,2,aleatorio
53,3,4,1,0,1,0,0,0,0,1,4,2,aleatorio
63,2,149,0,0,0,0,0,1,1,0,0,0,aleatorio
27,2,27,1,0,0,1,0,0,0,2,3,2,aleatorio
40,4,14,1,1,1,0,1,0,0,0,0,2,aleatorio
50,1,29,0,0,0,0,1,0,0,0,0,0,aleatorio
42,1,8,0,0,0,1,0,0,0,0,0,1,aleatorio
25,1,59,0,0,0,0,0,0,1,0,0,0,aleatorio
37,1,22,0,0,0,0,0,0,1,0,0,0,aleatorio
41,6,26,1,1,1,1,0,1,1,0,0,2,aleatorio
55,1,394,0,0,0,0,0,0,1,0,0,0,aleatorio
68,2,9,1,0,1,1,0,0,0,0,0,2,aleatorio
59,2,13,1,1,0,0,0,0,1,1,4,2,aleatorio
42,1,8,0,0,0,0,0,1,0,0,0,0,aleatorio
30,5,1,1,0,0,1,1,0,1,0,0,2,aleatorio
41,1,10,0,0,0,0,0,0,1,0,0,0,aleatorio
40,4,5,1,0,0,1,1,1,1,0,0,2,aleatorio
41,5,3,1,1,1,0,1,0,1,0,0,2,aleatorio
70,1,233,0,0,0,0,0,0,1,1,1,1,aleatorio
33,3,19,1,1,1,0,1,0,0,0,0,2,aleatorio
54,6,28,1,0,0,0,1,1,1,0,0,1,aleatorio
22,1,286,0,0,0,0,0,0,1,1,2,1,aleatorio
47,3,36,0,1,0,0,0,1,1,1,2,2,aleatorio
29,5,14,1,0,0,0,1,1,1,1,1,2,aleatorio
50,1,385,0,0,0,0,0,0,1,0,0,0,aleatorio
58,3,165,0,0,0,0,1,1,0,0,0,0,aleatorio
27,1,1,0,0,0,0,0,1,0,0,0,0,aleatorio
30,3,11,1,1,0,0,0,1,0,0,0,2,aleatorio
58,1,226,0,0,0,0,1,0,0,0,0,0,aleatorio
25,5,6,1,0,1,1,1,1,0,0,0,2,aleatorio
62,1,300,0,0,0,0,0,0,1,0,0,0,aleatorio
40,2,3,1,0,0,1,0,0,1,1,2,2,aleatorio
41,3,3,1,1,0,1,0,0,1,1,1,2,aleatorio
32,1,50,0,0,0,0,1,0,0,0,1,0,aleatorio
66,2,23,1,0,0,0,1,1,0,0,0,1,aleatorio
54,5,2,1,0,0,0,1,1,0,0,0,1,aleatorio
47,2,10,1,1,1,0,0,0,0,1,1,2,aleatorio
46,1,34,0,0,0,0,1,0,0,0,0,0,aleatorio
33,4,4,1,1,0,0,0,0,1,0,0,2,aleatorio
29,3,15,1,0,0,0,1,1,0,0,0,1,aleatorio
62,2,65,0,0,0,0,0,1,0,0,1,0,aleatorio
44,3,2,1,1,0,1,0,0,1,1,1,2,aleatorio
64,1,284,0,0,0,1,0,0,0,0,0,1,aleatorio
64,2,35,0,0,0,0,0,1,0,0,0,0,aleatorio
70,1,2,0,0,0,0,0,1,0,0,0,0,aleatorio
69,4,1,1,0,1,0,1,1,0,2,2,2,aleatorio
47,1,32,0,0,0,0,0,1,0,0,0,0,aleatorio
21,2,42,0,0,0,0,1,0,0,0,1,0,aleatorio
25,5,3,1,0,1,0,0,0,1,0,0,2,aleatorio
47,1,20,0,0,0,0,0,1,0,0,0,0,aleatorio
25,1,165,0,0,0,0,1,0,0,0,0,0,aleatorio
23,1,178,0,0,1,0,0,0,0,2,2,2,aleatorio
51,2,99,0,0,1,1,0,0,0,0,0,2,aleatorio
42,1,360,0,0,0,0,1,0,0,0,1,0,aleatorio
61,1,28,0,0,0,0,1,0,0,0,0,0,aleatorio
31,1,7,0,0,0,0,1,0,0,0,0,0,aleatorio
67,1,95,0,1,0,0,0,0,0,0,1,2,aleatorio
22,2,32,0,0,0,1,0,1,0,1,1,1,aleatorio
38,1,42,0,0,0,1,0,0,0,1,1,1,aleatorio
60,2,58,0,1,0,0,1,0,0,0,0,2,aleatorio
18,3,13,1,1,1,0,1,0,0,1,3,2,aleatorio
27,0,999,0,0,0,0,0,0,0,3,4,1,aleatorio
26,1,172,0,0,0,0,0,0,1,0,0,0,aleatorio
41,1,11,0,0,0,0,1,0,0,0,0,0,aleatorio
24,1,9,0,0,0,0,0,1,0,0,0,0,aleatorio
40,3,53,0,1,0,0,1,0,0,2,2,2,aleatorio
31,1,246,0,0,0,0,1,0,0,0,0,0,aleatorio
22,5,0,1,0,0,0,1,1,1,0,0,1,aleatorio
20,2,39,0,0,0,1,0,0,1,0,0,1,aleatorio
56,6,6,1,1,0,1,1,0,1,1,1,2,aleatorio
26,1,55,0,0,0,0,0,0,1,0,0,0,aleatorio
61,2,29,1,0,0,0,0,1,0,1,1,1,aleatorio
45,1,48,0,0,0,0,0,0,1,0,0,0,aleatorio
46,0,999,0,0,0,0,0,0,0,1,1,1,aleatorio
51,3,13,1,0,1,1,1,0,0,3,3,2,aleatorio
62,3,44,0,0,0,1,1,1,0,0,0,1,aleatorio
38,3,6,1,0,0,0,1,0,1,0,0,1,aleatorio
64,5,3,1,1,1,1,0,1,0,0,0,2,aleatorio
52,2,8,1,0,0,1,0,1,0,0,0,2,aleatorio
18,1,3,0,0,0,0,0,1,0,0,0,0,aleatorio
62,1,59,0,0,0,0,0,1,0,3,3,1,aleatorio
28,2,0,1,0,0,0,0,1,1,0,0,1,aleatorio
34,4,5,1,1,0,0,0,1,1,0,0,2,aleatorio
44,1,350,0,0,0,1,0,0,0,1,2,1,aleatorio
59,6,1,1,0,0,1,1,1,1,0,3,2,aleatorio
62,1,2,0,0,0,0,0,1,0,0,0,0,aleatorio
25,4,7,1,1,1,0,0,0,1,0,0,2,aleatorio
67,2,28,1,0,0,0,1,0,0,0,0,1,aleatorio
66,3,5,1,1,0,0,0,1,0,0,1,2,aleatorio
48,1,6,0,0,0,1,0,0,0,0,0,1,aleatorio
30,4,1,1,0,0,1,1,1,0,0,0,2,aleatorio
21,1,16,0,0,0,0,1,0,0,0,0,0,aleatorio
29,3,5,1,0,0,0,0,1,0,0,1,1,aleatorio
68,3,12,1,1,0,0,1,1,0,0,0,2,aleatorio
65,1,10,0,0,0,0,0,0,1,0,0,0,aleatorio
70,1,10,0,0,0,1,0,0,0,0,0,1,aleatorio
23,3,12,1,0,0,1,0,1,1,0,0,2,aleatorio
44,1,37,0,0,0,0,1,0,0,0,0,0,aleatorio
26,1,0,0,0,0,0,1,0,0,0,0,0,aleatorio
38,1,277,0,0,1,0,0,0,0,1,1,2,aleatorio
37,1,267,0,0,0,0,0,1,0,0,0,0,aleatorio
21,1,13,0,0,0,0,1,0,0,0,0,0,aleatorio
28,1,9,0,0,0,0,0,0,1,0,0,0,aleatorio
34,1,60,0,0,0,0,0,0,1,0,0,0,aleatorio
46,2,3,1,1,0,0,0,1,0,0,0,2,aleatorio
65,5,4,1,0,1,1,1,1,0,0,1,2,aleatorio
41,1,171,0,0,0,0,0,0,1,1,1,1,aleatorio
63,1,30,0,0,0,0,0,1,0,1,1,1,aleatorio
33,1,18,0,0,0,0,1,0,0,0,0,0,aleatorio
36,3,10,1,0,0,1,0,1,1,0,0,2,aleatorio
40,1,0,0,0,0,0,1,0,0,0,0,0,aleatorio
20,1,14,0,0,0,0,0,1,0,0,0,0,aleatorio
51,2,1,1,0,0,0,0,1,0,0,0,1,aleatorio
60,2,10,1,0,0,0,1,0,0,0,0,1,aleatorio
38,3,9,1,0,0,0,1,1,0,0,0,1,aleatorio
24,1,1,0,0,0,0,1,0,0,0,0,0,aleatorio
67,1,1,0,0,0,0,0,0,1,0,0,0,aleatorio
20,2,5,1,0,0,0,0,1,1,0,0,1,aleatorio
45,1,88,0,0,0,0,1,0,0,0,0,0,aleatorio
43,2,1,1,0,0,1,1,0,0,1,1,2,aleatorio
23,1,71,0,0,0,0,1,0,0,0,0,0,aleatorio
26,1,49,0,0,0,1,0,0,0,0,0,1,aleatorio
49,1,15,0,0,1,0,0,0,0,1,2,2,aleatorio
25,3,13,1,0,0,0,0,1,1,0,0,1,aleatorio
41,1,78,0,0,0,0,0,1,0,0,0,0,aleatorio
58,2,197,0,1,0,0,0,1,0,0,0,2,aleatorio
47,3,15,1,0,1,0,1,0,0,0,0,2,aleatorio
20,2,43,0,0,0,1,0,0,0,2,2,1,aleatorio
20,4,5,1,1,0,0,1,0,1,1,1,2,aleatorio
44,5,0,1,0,1,1,1,1,0,0,0,2,aleatorio
56,3,1,1,1,0,1,0,0,1,1,1,2,aleatorio
43,5,6,1,1,1,0,1,1,0,0,0,2,aleatorio
29,2,44,0,0,0,1,1,0,0,0,1,1,aleatorio
35,2,30,1,0,0,0,0,1,0,0,0,1,aleatorio
34,2,11,1,1,0,0,1,0,0,2,3,2,aleatorio
56,1,132,0,0,0,0,0,1,0,0,0,0,aleatorio
29,3,60,0,0,1,0,1,0,1,0,0,2,aleatorio
70,4,2,1,0,0,0,1,1,0,0,0,1,aleatorio
20,1,318,0,0,0,0,0,1,0,0,3,0,aleatorio
52,1,14,0,0,0,0,0,0,1,0,0,0,aleatorio
53,2,4,1,0,0,0,1,0,0,0,0,1,aleatorio
50,3,0,1,0,0,0,1,1,1,0,0,1,aleatorio
46,3,1,1,1,1,0,1,0,0,0,0,2,aleatorio
43,1,262,0,0,0,0,1,0,0,3,3,1,aleatorio
21,1,4,0,0,1,0,0,0,0,0,0,2,aleatorio
38,1,341,0,0,0,1,0,0,0,0,1,1,aleatorio
50,3,8,1,0,0,1,0,0,1,0,0,2,aleatorio
31,1,48,0,0,0,0,0,0,1,0,0,0,aleatorio
33,3,27,1,1,0,0,1,1,0,2,2,2,aleatorio
62,2,13,1,0,1,0,0,0,1,0,0,2,aleatorio
68,3,4,1,1,1,0,0,0,1,0,0,2,aleatorio
69,4,15,1,0,0,1,1,1,1,0,0,2,aleatorio
34,3,31,0,0,0,0,1,0,1,0,0,0,aleatorio
58,6,11,1,1,0,1,0,1,1,1,1,2,aleatorio
66,3,8,1,1,1,0,0,0,1,1,1,2,aleatorio
35,2,2,1,0,0,1,0,0,1,0,0,2,aleatorio
45,4,9,1,1,0,1,0,1,0,2,3,2,aleatorio
25,1,354,0,0,0,0,1,0,0,1,1,1,aleatorio
44,3,3,1,0,0,0,1,1,0,0,0,1,aleatorio
59,2,3,1,0,0,0,0,0,1,2,4,2,aleatorio
41,6,6,1,0,0,1,1,1,0,0,1,2,aleatorio
18,2,3,1,0,1,1,0,0,0,1,2,2,aleatorio
63,5,51,0,0,0,1,0,1,1,0,0,1,aleatorio
28,6,20,1,0,0,0,1,1,1,0,0,1,aleatorio
63,1,147,0,0,0,0,1,0,0,0,0,0,aleatorio
28,1,73,0,0,0,0,0,0,1,0,0,0,aleatorio
66,2,31,0,0,0,0,1,0,0,0,0,0,aleatorio
33,3,35,0,0,0,0,1,1,0,0,0,0,aleatorio
61,1,41,0,0,0,0,1,0,0,0,0,0,aleatorio
56,1,322,0,0,0,0,1,0,0,0,0,0,aleatorio
33,3,8,1,0,0,0,1,1,0,0,0,1,aleatorio
52,1,124,0,0,0,0,0,1,0,0,0,0,aleatorio
22,2,52,0,0,0,1,1,0,0,0,0,1,aleatorio
31,2,42,0,0,0,1,0,1,0,1,1,1,aleatorio
59,3,6,1,0,1,1,0,0,1,0,0,2,aleatorio
58,3,52,0,0,0,1,0,1,0,4,4,1,aleatorio
33,1,59,0,0,0,0,0,1,0,0,0,0,aleatorio
33,0,999,0,0,0,0,0,0,0,3,4,1,aleatorio
32,1,255,0,0,0,0,1,0,0,0,0,0,aleatorio
52,2,31,0,0,0,0,0,0,1,0,0,0,aleatorio
37,3,8,1,0,0,0,1,1,0,0,0,1,aleatorio
47,1,138,0,0,0,0,0,0,1,0,1,0,aleatorio
58,4,7,1,0,0,0,1,1,1,0,0,1,aleatorio
40,1,12,0,1,0,0,0,0,0,1,1,2,aleatorio
22,2,2,1,0,0,0,0,0,1,0,0,1,aleatorio
61,1,91,0,0,0,0,0,1,0,0,0,0,aleatorio
45,1,10,0,0,0,0,0,0,1,0,0,0,aleatorio
54,1,15,0,0,0,0,0,1,0,1,1,2,aleatorio
60,6,2,1,0,1,0,1,1,1,0,0,2,aleatorio
62,1,53,0,0,0,0,0,0,1,0,0,0,aleatorio
39,1,9,0,1,0,0,0,0,0,3,3,2,aleatorio
32,2,31,0,0,0,0,1,1,0,0,0,0,aleatorio
49,1,358,0,0,0,0,0,0,1,0,0,0,aleatorio
36,1,15,0,0,0,0,0,0,1,0,0,0,aleatorio
66,1,378,0,0,0,0,1,0,0,0,0,0,aleatorio
56,1,53,0,0,0,0,0,0,1,0,0,0,aleatorio
31,2,9,1,0,0,1,1,0,0,0,0,2,aleatorio
31,2,32,0,0,0,1,1,0,0,0,0,1,aleatorio
21,1,10,0,0,0,0,0,1,0,0,0,0,aleatorio
55,1,3,0,0,0,0,0,0,1,0,0,0,aleatorio
33,1,13,0,0,1,0,0,0,0,1,1,2,aleatorio
27,1,382,0,0,0,0,1,0,0,0,0,0,aleatorio
61,2,15,1,0,1,0,1,0,0,0,0,2,aleatorio
37,2,33,0,0,0,1,1,0,0,0,0,1,aleatorio
52,1,15,0,0,1,0,0,0,0,0,0,2,aleatorio
61,1,19,0,0,0,0,0,1,0,0,0,0,aleatorio
23,3,27,1,0,0,0,1,1,1,1,1,1,aleatorio
57,3,1,1,1,0,0,1,1,0,0,0,2,aleatorio
67,1,29,0,0,0,0,1,0,0,0,0,0,aleatorio
33,2,5,1,0,0,1,0,0,1,0,0,2,aleatorio
28,4,7,1,0,0,0,1,0,1,2,2,2,aleatorio
57,1,277,0,0,0,0,1,0,0,0,0,0,aleatorio
22,2,29,1,0,0,0,1,0,0,1,2,1,aleatorio
70,1,1,0,0,0,0,1,0,0,0,0,0,aleatorio
44,1,13,0,0,0,0,1,0,0,0,0,0,aleatorio
24,1,53,0,0,0,0,1,0,0,2,4,1,aleatorio
31,1,64,0,0,0,0,0,1,0,0,0,0,aleatorio
22,3,40,0,0,0,0,1,1,1,0,0,0,aleatorio
69,3,20,1,0,0,0,0,1,0,0,0,1,aleatorio
70,1,44,0,0,0,0,1,0,0,0,0,0,aleatorio
68,3,34,0,0,0,0,1,0,1,0,0,0,aleatorio
50,1,14,0,0,0,0,0,0,1,0,0,0,aleatorio
32,5,24,1,1,0,0,1,0,1,0,0,2,aleatorio
50,1,2,0,0,0,0,0,1,0,0,0,0,aleatorio
41,1,45,0,0,0,0,0,0,1,0,0,0,aleatorio
38,4,16,1,1,1,1,0,0,0,0,0,2,aleatorio
36,4,124,0,0,0,1,1,0,0,0,0,1,aleatorio
63,2,9,1,0,0,0,1,0,1,0,0,1,aleatorio
36,1,57,0,0,0,0,1,0,0,0,0,0,aleatorio
40,2,40,0,1,0,1,0,0,0,1,1,2,aleatorio
23,2,86,0,0,0,0,0,0,1,2,2,1,aleatorio
51,1,324,0,0,0,0,1,0,0,0,0,0,aleatorio
54,3,13,1,0,0,0,1,1,1,4,4,2,aleatorio
37,1,50,0,0,0,0,0,1,0,1,2,1,aleatorio
67,1,241,0,0,0,0,0,0,1,0,0,0,aleatorio
39,5,4,1,0,0,1,0,1,1,0,0,2,aleatorio
18,2,24,1,0,0,1,0,0,1,1,2,2,aleatorio
22,1,182,0,0,0,0,1,0,0,0,1,0,aleatorio
54,1,4,0,0,0,0,0,0,1,0,0,0,aleatorio
62,4,32,0,1,0,0,0,1,1,0,1,2,aleatorio
42,1,16,0,0,0,0,0,0,1,0,0,0,aleatorio
56,2,7,1,1,0,0,0,1,0,0,0,2,aleatorio
41,5,9,1,1,1,1,1,0,1,2,3,2,aleatorio
37,3,9,1,0,0,0,0,1,1,0,0,1,aleatorio
50,2,18,1,1,0,0,0,1,0,0,0,2,aleatorio
46,5,13,1,1,0,0,1,1,0,0,0,2,aleatorio
33,4,10,1,0,1,1,0,0,1,1,1,2,aleatorio
41,2,8,1,1,0,0,0,1,0,0,0,2,aleatorio
57,3,5,1,0,1,0,0,1,1,0,0,2,aleatorio
70,1,383,0,0,0,1,0,0,0,1,1,1,aleatorio
20,1,1,0,1,0,0,0,0,0,1,1,2,aleatorio
67,3,73,0,0,0,1,0,0,1,0,0,1,aleatorio
45,1,3,0,0,0,0,0,0,1,0,0,0,aleatorio
30,3,44,0,0,0,0,0,1,0,0,0,0,aleatorio
21,1,10,0,0,0,0,1,0,0,0,0,0,aleatorio
68,4,40,0,0,1,0,1,1,1,0,0,2,aleatorio
26,2,11,1,0,0,0,1,0,0,0,1,1,aleatorio
30,1,132,0,0,0,0,0,0,1,0,0,0,aleatorio
18,1,7,0,0,0,1,0,0,0,0,0,1,aleatorio
63,1,18,0,0,0,0,0,1,0,2,4,1,aleatorio
31,2,2,1,0,0,0,0,1,0,0,0,1,aleatorio
52,1,37,0,0,0,1,0,0,0,0,0,1,aleatorio
28,1,34,0,0,0,0,0,1,0,0,0,0,aleatorio
54,2,34,0,0,1,0,0,1,0,0,0,2,aleatorio
44,6,0,1,1,0,0,1,0,1,1,2,2,aleatorio
19,3,43,0,0,0,1,1,1,0,0,0,1,aleatorio
49,1,286,0,0,0,0,0,0,1,0,0,0,aleatorio
47,1,48,0,0,0,0,0,0,1,2,2,1,aleatorio
21,1,85,0,0,0,0,1,0,0,0,0,0,aleatorio
42,1,118,0,0,0,0,1,0,0,0,0,0,aleatorio
36,2,30,1,0,0,0,1,1,0,0,0,1,aleatorio
61,1,207,0,0,0,0,0,1,0,0,0,0,aleatorio
35,1,167,0,0,0,0,1,0,0,0,0,0,aleatorio
22,4,8,1,0,1,0,1,0,0,0,0,2,aleatorio
29,2,12,1,1,1,0,0,0,0,1,2,2,aleatorio
55,2,14,1,0,0,0,1,1,0,0,0,1,aleatorio
24,3,19,1,0,0,1,0,1,0,1,2,2,aleatorio
22,3,27,1,0,0,0,0,1,1,1,2,1,aleatorio
37,1,17,0,0,0,0,0,1,0,0,0,0,aleatorio
27,2,13,1,0,1,0,0,0,1,0,0,2,aleatorio
65,4,6,1,1,1,0,1,0,0,1,2,2,aleatorio
61,2,72,0,0,0,0,0,1,1,1,1,1,aleatorio
40,2,15,1,0,0,0,0,1,1,0,0,1,aleatorio
44,1,55,0,0,0,1,0,0,0,1,1,1,aleatorio
63,1,13,0,0,0,0,0,0,1,0,0,0,aleatorio
30,1,18,0,0,0,1,0,0,0,0,0,1,aleatorio
53,1,289,0,0,0,0,0,1,0,1,1,1,aleatorio
20,2,58,0,0,0,0,0,1,0,0,0,0,aleatorio
52,1,56,0,0,0,0,0,0,1,0,0,0,aleatorio
38,1,352,0,0,0,0,1,0,0,0,0,0,aleatorio
63,1,60,0,0,0,1,0,0,0,0,0,1,aleatorio
49,2,11,1,0,0,1,1,0,0,0,0,2,aleatorio
19,0,999,0,0,0,0,0,0,0,1,1,1,aleatorio
31,1,55,0,0,0,0,0,1,0,0,0,0,aleatorio
29,3,49,0,0,0,1,1,1,0,2,2,1,aleatorio
52,2,11,1,0,1,1,0,0,0,1,2,2,aleatorio
31,2,47,0,0,1,0,0,0,1,3,3,2,aleatorio
68,3,30,1,0,0,0,1,1,1,1,1,1,aleatorio
46,3,15,1,0,1,0,1,0,1,0,0,2,aleatorio
59,3,34,0,0,1,0,0,0,1,0,0,2,aleatorio
37,2,12,1,1,1,0,0,0,0,1,3,2,aleatorio
20,1,1,0,0,0,0,1,0,0,0,1,0,aleatorio
38,1,52,0,0,0,0,0,1,0,0,2,0,aleatorio
47,3,31,0,0,0,0,1,1,0,0,0,0,aleatorio
38,3,1,1,1,0,1,0,0,1,0,1,2,aleatorio
28,3,37,0,0,0,1,1,0,0,0,0,1,aleatorio
51,2,3,1,1,0,0,0,1,0,1,1,2,aleatorio
22,1,5,0,0,0,0,0,1,0,0,0,0,aleatorio
30,1,1,0,0,0,0,0,0,1,0,1,0,aleatorio
60,2,43,0,0,0,0,0,1,0,0,0,0,aleatorio
49,1,11,0,0,0,1,0,0,0,0,0,1,aleatorio
44,6,6,1,1,1,1,0,1,0,3,3,2,aleatorio
26,4,30,1,0,0,0,0,1,1,2,2,1,aleatorio
24,2,0,1,0,0,0,0,1,0,0,0,1,aleatorio
36,1,30,0,0,0,0,1,0,0,2,2,1,aleatorio
63,4,13,1,1,0,1,1,0,1,1,1,2,aleatorio
43,3,7,1,0,0,0,1,1,0,0,0,1,aleatorio
58,1,34,0,0,0,0,1,0,0,0,0,0,aleatorio
40,1,26,0,0,0,0,0,0,1,0,1,0,aleatorio
54,5,0,1,0,1,0,1,1,0,0,1,2,aleatorio
34,2,4,1,0,0,0,0,1,1,1,1,2,aleatorio
48,1,49,0,0,0,1,0,0,0,0,0,1,aleatorio
33,1,310,0,0,0,0,1,0,0,0,0,0,aleatorio
53,1,50,0,0,0,0,1,0,0,1,1,1,aleatorio
36,1,27,0,0,0,0,0,1,0,0,0,0,aleatorio
42,1,47,0,0,0,0,0,1,0,0,0,0,aleatorio
32,1,347,0,0,0,0,0,0,1,0,0,0,aleatorio
51,5,7,1,1,1,0,1,0,1,0,0,2,aleatorio
67,3,15,1,0,0,0,1,0,1,0,0,1,aleatorio
46,3,2,1,0,1,0,0,1,1,0,0,2,aleatorio
36,1,12,0,0,0,0,0,1,0,0,0,0,aleatorio
36,2,145,0,0,0,0,1,0,0,0,0,0,aleatorio
46,3,1,1,0,0,0,1,1,1,0,0,1,aleatorio
23,1,33,0,0,1,0,0,0,0,0,1,2,aleatorio
61,2,48,0,0,0,1,1,0,0,0,1,1,aleatorio
37,1,37,0,0,0,0,0,0,1,0,0,0,aleatorio
47,2,10,1,0,0,0,0,0,1,0,0,1,aleatorio
18,4,4,1,0,0,1,0,1,1,0,0,2,aleatorio
51,4,0,1,0,0,1,1,1,1,0,0,2,aleatorio
68,5,1,1,1,1,1,0,1,0,0,0,2,aleatorio
23,1,386,0,0,0,0,0,0,1,1,3,1,aleatorio
22,2,14,1,0,0,0,0,1,1,2,2,2,aleatorio
47,4,19,1,0,0,0,1,1,1,2,2,1,aleatorio
25,1,359,0,0,0,0,1,0,0,1,3,1,aleatorio
34,4,3,1,0,0,1,0,0,1,3,3,2,aleatorio
44,1,144,0,0,0,0,0,0,1,0,0,0,aleatorio
34,1,2,0,0,0,0,1,0,0,0,0,0,aleatorio
37,2,78,0,0,0,1,0,0,1,1,1,1,aleatorio
57,1,82,0,0,0,1,0,0,0,1,2,1,aleatorio
68,1,43,0,0,1,0,0,0,0,0,0,2,aleatorio
62,1,158,0,0,0,0,0,1,0,0,0,0,aleatorio
48,1,15,0,0,0,0,0,1,0,0,0,0,aleatorio
64,1,2,0,0,0,0,0,1,0,0,0,0,aleatorio
26,2,34,0,0,0,1,1,0,0,0,0,1,aleatorio
35,4,26,1,1,0,1,1,1,0,0,0,2,aleatorio
36,1,167,0,0,0,1,0,0,0,0,1,1,aleatorio
40,1,45,0,0,0,0,1,0,0,0,1,0,aleatorio
45,1,24,0,0,0,0,1,0,0,0,0,0,aleatorio
50,3,10,1,0,0,0,1,0,1,1,1,2,aleatorio
56,2,12,1,0,0,0,0,1,1,0,0,1,aleatorio
67,3,7,1,1,0,0,1,1,0,0,0,2,aleatorio
57,4,7,1,1,0,0,1,1,0,1,1,2,aleatorio
46,1,128,0,0,0,0,0,1,0,0,0,0,aleatorio
63,5,3,1,1,1,1,0,0,1,1,1,2,aleatorio
28,2,280,0,0,0,0,0,1,0,1,1,1,aleatorio
20,3,0,1,0,0,0,1,1,0,0,0,1,aleatorio
41,5,2,1,1,1,1,1,0,0,0,0,2,aleatorio
51,1,185,0,0,0,0,1,0,0,0,0,0,aleatorio
51,1,31,0,0,0,0,0,0,1,1,2,1,aleatorio
62,1,37,0,0,0,0,0,0,1,0,0,0,aleatorio
56,4,44,0,0,0,1,1,0,0,0,0,1,aleatorio
46,3,55,0,0,0,0,0,1,1,0,0,0,aleatorio
31,1,49,0,0,0,0,0,1,0,1,1,1,aleatorio
24,4,50,0,0,0,1,0,1,1,0,0,1,aleatorio
24,3,16,1,0,0,0,0,1,1,0,0,1,aleatorio
42,2,14,1,0,0,1,0,1,0,0,0,2,aleatorio
63,2,119,0,0,0,0,1,0,1,0,0,0,aleatorio
54,3,133,0,0,0,1,1,0,1,0,0,1,aleatorio
38,1,113,0,0,0,1,0,0,0,0,0,1,aleatorio
40,2,21,1,0,1,0,0,1,0,0,0,2,aleatorio
25,4,9,1,1,0,0,1,0,1,0,0,2,aleatorio
60,4,3,1,0,0,1,1,0,1,0,0,2,aleatorio
60,1,56,0,0,0,1,0,0,0,1,1,1,aleatorio
21,6,7,1,1,1,1,0,1,0,0,0,2,aleatorio
29,1,219,0,0,0,1,0,0,0,0,0,1,aleatorio
33,5,5,1,0,1,0,0,1,1,0,1,2,aleatorio
31,1,252,0,0,0,0,1,0,0,0,0,0,aleatorio
46,2,11,1,0,0,1,0,1,0,0,0,2,aleatorio
45,1,11,0,0,0,0,1,0,0,0,0,0,aleatorio
44,2,4,1,0,0,0,0,0,1,0,1,1,aleatorio
19,3,45,0,0,0,0,1,1,1,1,1,1,aleatorio
18,1,37,0,0,0,0,0,1,0,2,2,1,aleatorio
70,2,2,1,0,1,1,0,0,0,1,1,2,aleatorio
51,4,0,1,0,0,0,1,1,1,0,0,1,aleatorio
65,3,6,1,1,1,0,1,0,0,0,0,2,aleatorio
38,2,8,1,0,0,0,1,1,0,0,0,1,aleatorio
29,3,4,1,0,0,1,0,1,1,1,1,2,aleatorio
35,1,17,0,0,0,0,0,1,0,1,1,1,aleatorio
26,2,7,1,0,0,0,0,0,1,0,0,1,aleatorio
43,1,24,0,0,0,0,1,0,0,0,0,0,aleatorio
69,5,3,1,0,0,0,0,1,1,0,0,1,aleatorio
53,4,8,1,0,1,1,0,1,1,0,0,2,aleatorio
21,2,10,1,0,0,0,0,0,1,0,0,1,aleatorio
48,6,6,1,0,1,1,1,0,1,0,0,2,aleatorio
55,4,23,1,1,1,0,0,1,0,0,0,2,aleatorio
43,5,1,1,1,0,1,0,0,1,0,0,2,aleatorio
24,3,46,0,0,0,0,0,1,1,0,0,0,aleatorio
20,1,15,0,0,0,0,0,0,1,0,1,0,aleatorio
63,1,4,0,0,0,0,1,0,0,0,0,0,aleatorio
38,1,2,0,0,0,1,0,0,0,0,1,1,aleatorio
18,2,2,1,0,0,0,1,1,0,0,1,1,aleatorio
63,3,0,1,1,0,1,0,1,0,0,0,2,aleatorio
51,3,46,0,0,0,0,0,0,1,0,0,0,aleatorio
50,5,11,1,0,0,0,1,1,1,0,0,1,aleatorio
52,1,2,0,0,0,0,0,1,0,0,0,0,aleatorio
39,6,7,1,1,0,1,1,1,0,1,1,2,aleatorio
31,2,59,0,0,0,0,1,1,0,0,0,0,aleatorio
35,0,999,0,0,0,0,0,0,0,1,2,1,aleatorio
21,1,12,0,0,0,0,0,0,1,0,0,0,aleatorio
48,3,10,1,1,0,0,1,0,1,0,0,2,aleatorio
61,2,8,1,0,1,0,0,0,0,0,1,2,aleatorio
39,1,16,0,0,0,0,0,1,0,0,0,0,aleatorio
45,1,219,0,0,0,1,0,0,0,0,0,1,aleatorio
65,5,2,1,0,1,1,1,1,0,0,0,2,aleatorio
32,1,6,0,0,0,0,1,0,0,0,0,0,aleatorio
57,1,5,0,0,0,0,1,0,0,0,0,0,aleatorio
55,1,196,0,0,0,0,0,1,0,0,0,0,aleatorio
61,1,46,0,0,0,0,1,0,0,0,0,0,aleatorio
39,2,50,0,0,0,0,1,0,1,1,2,1,aleatorio
45,1,5,0,0,0,1,0,0,0,0,0,1,aleatorio
67,6,5,1,1,1,0,1,0,1,1,1,2,aleatorio
48,6,7,1,1,1,1,0,1,0,1,1,2,aleatorio
32,2,146,0,0,0,0,0,1,1,0,0,0,aleatorio
65,2,8,1,0,0,0,1,0,1,0,0,1,aleatorio
69,4,44,0,0,0,1,1,0,0,0,0,1,aleatorio
28,3,0,1,0,0,0,1,0,1,0,0,1,aleatorio
35,1,75,0,0,0,0,0,1,0,0,0,0,aleatorio
33,4,14,1,0,0,0,1,1,1,0,0,1,aleatorio
60,1,176,0,0,0,1,0,0,0,0,0,1,aleatorio
33,2,13,1,0,0,0,1,1,0,0,0,1,aleatorio
62,2,9,1,0,0,0,0,1,1,0,0,1,aleatorio
38,2,9,1,0,0,0,1,0,1,0,0,1,aleatorio
63,2,114,0,0,0,0,0,1,1,1,1,1,aleatorio
28,5,1,1,0,0,1,1,1,0,0,0,2,aleatorio
56,4,19,1,0,0,0,1,1,0,0,0,1,aleatorio
58,1,109,0,0,0,1,0,0,0,0,0,1,aleatorio
67,3,1,1,0,0,1,0,1,0,1,1,2,aleatorio
47,6,1,1,1,1,0,1,1,0,0,0,2,aleatorio
69,5,5,1,1,0,0,1,0,1,0,0,2,aleatorio
38,1,187,0,0,0,0,1,0,0,0,0,0,aleatorio
48,1,66,0,0,0,0,1,0,0,2,3,1,aleatorio
68,0,999,0,0,0,0,0,0,0,2,4,1,aleatorio
67,3,44,0,0,0,0,1,1,1,1,1,1,aleatorio
69,5,1,1,1,0,1,1,1,1,0,0,2,aleatorio
40,5,31,0,1,1,1,1,1,0,0,0,2,aleatorio
54,1,184,0,0,0,0,0,0,1,0,0,0,aleatorio
44,3,5,1,0,0,0,1,0,1,0,0,1,aleatorio
52,4,11,1,0,0,0,0,1,1,0,0,1,aleatorio
33,2,38,0,0,1,0,0,0,0,2,2,2,aleatorio
32,1,3,0,0,0,0,0,1,0,0,0,0,aleatorio
38,2,8,1,0,1,0,0,1,0,1,1,2,aleatorio
23,3,105,0,0,0,1,0,1,1,1,1,1,aleatorio
52,2,11,1,0,0,0,0,0,1,0,0,1,aleatorio
38,4,2,1,0,1,0,1,0,1,2,2,2,aleatorio
67,6,37,0,1,1,1,1,1,0,3,3,2,aleatorio
47,2,39,0,0,0,0,0,0,1,0,0,0,aleatorio
43,2,39,0,0,0,1,0,1,0,0,0,1,aleatorio
37,1,30,0,0,0,0,0,1,0,2,2,1,aleatorio
61,5,10,1,0,1,1,1,1,1,0,1,2,aleatorio
64,3,222,0,0,0,0,1,1,0,0,0,0,aleatorio
41,3,14,1,0,0,0,1,1,0,0,0,1,aleatorio
55,3,154,0,0,0,1,0,1,0,0,1,1,aleatorio
18,1,259,0,0,0,0,1,0,0,0,0,0,aleatorio
62,2,180,0,1,0,0,0,0,1,0,2,2,aleatorio
55,1,198,0,0,1,0,0,0,0,1,1,2,aleatorio
61,1,57,0,0,0,1,0,0,0,0,0,1,aleatorio
45,3,24,1,0,0,0,0,1,1,1,1,1,aleatorio
44,1,43,0,0,1,0,0,0,0,0,1,2,aleatorio
48,1,55,0,0,0,0,0,0,1,1,1,1,aleatorio
58,1,197,0,0,0,0,0,0,1,0,0,0,aleatorio
40,5,8,1,0,0,0,1,1,1,0,0,1,aleatorio
58,1,21,0,0,0,0,1,0,0,0,0,0,aleatorio
44,2,160,0,0,0,1,0,1,0,0,0,1,aleatorio
57,5,9,1,0,0,0,1,1,1,0,0,1,aleatorio
30,1,20,0,0,0,0,0,0,1,0,0,0,aleatorio
41,3,2,1,0,0,0,1,1,0,0,1,1,aleatorio
26,2,18,1,0,0,0,1,1,0,1,1,1,aleatorio
46,6,1,1,0,0,1,1,1,1,0,0,2,aleatorio
36,5,2,1,0,0,1,0,1,1,0,0,2,aleatorio
57,2,52,0,0,0,0,1,1,0,0,0,0,aleatorio
38,1,26,0,0,0,0,1,0,0,0,0,0,aleatorio
28,1,26,0,0,0,0,1,0,0,3,3,1,aleatorio
40,2,85,0,0,0,0,1,1,0,0,0,0,aleatorio
31,1,299,0,0,0,0,0,0,1,0,0,0,aleatorio
52,3,44,0,0,0,1,1,1,0,0,1,1,aleatorio
59,6,4,1,0,1,0,1,1,1,0,0,2,aleatorio
49,1,6,0,0,0,0,0,1,0,1,2,2,aleatorio
45,1,239,0,0,0,1,0,0,0,1,2,1,aleatorio
39,1,14,0,0,0,0,1,0,0,0,0,0,aleatorio
20,2,50,0,0,0,0,1,0,1,0,0,0,aleatorio
21,4,2,1,0,1,0,1,1,0,0,0,2,aleatorio
60,5,2,1,1,0,0,0,1,1,0,0,2,aleatorio
55,2,12,1,0,0,0,1,1,0,0,0,1,aleatorio
18,2,36,0,0,0,1,1,0,0,3,4,1,aleatorio
22,1,400,0,0,0,0,0,0,1,0,0,0,aleatorio
60,1,73,0,0,0,0,0,0,1,0,0,0,aleatorio
39,2,4,1,0,0,0,1,0,0,0,0,1,aleatorio
67,4,11,1,0,0,1,1,0,1,0,0,2,aleatorio
38,1,310,0,0,0,0,1,0,0,1,2,1,aleatorio
64,1,0,0,0,0,0,1,0,0,0,0,0,aleatorio
32,3,3,1,1,0,0,0,1,1,0,0,2,aleatorio
29,2,14,1,0,0,1,1,0,0,1,2,2,aleatorio
40,4,12,1,0,0,0,1,1,1,0,0,1,aleatorio
34,1,32,0,0,0,1,0,0,0,2,2,1,aleatorio
47,1,3,0,0,0,0,0,1,0,0,0,0,aleatorio
41,5,0,1,0,1,1,0,0,1,1,1,2,aleatorio
66,1,38,0,0,0,0,0,0,1,0,0,0,aleatorio
46,3,11,1,1,0,1,0,0,1,0,0,2,aleatorio
32,2,10,1,0,0,0,0,1,1,0,0,1,aleatorio
48,1,15,0,0,0,1,0,0,0,0,0,1,aleatorio
41,2,4,1,0,0,0,0,1,1,0,0,1,aleatorio
41,4,27,1,0,1,1,0,1,1,0,0,2,aleatorio
64,1,50,0,0,0,0,0,1,0,2,3,1,aleatorio
32,1,66,0,0,0,0,0,1,0,0,0,0,aleatorio
33,1,0,0,0,0,0,1,0,0,0,0,0,aleatorio
66,2,14,1,1,0,0,0,0,0,0,1,2,aleatorio
56,2,39,0,0,0,0,1,1,0,0,0,0,aleatorio
61,1,349,0,0,0,0,1,0,0,0,0,0,aleatorio
48,2,43,0,0,0,1,0,0,1,0,0,1,aleatorio
69,6,4,1,1,1,1,0,1,1,0,0,2,aleatorio
39,1,169,0,0,0,0,0,1,0,0,0,0,aleatorio
36,3,29,1,1,1,1,0,0,0,0,0,2,aleatorio
61,2,254,0,0,0,0,0,1,1,0,2,0,aleatorio
60,1,286,0,0,0,0,0,0,1,0,0,0,aleatorio
31,3,34,0,0,1,0,1,1,0,0,0,2,aleatorio
25,1,10,0,0,0,0,0,1,0,0,0,0,aleatorio
29,3,5,1,0,0,0,1,0,1,0,0,1,aleatorio
50,1,126,0,0,0,0,0,0,1,1,1,1,aleatorio
59,3,11,1,0,1,0,0,0,0,0,1,2,aleatorio
56,3,215,0,0,0,0,1,0,1,0,0,0,aleatorio
39,5,0,1,0,1,1,1,0,1,1,1,2,aleatorio
29,1,4,0,1,0,0,0,0,0,0,0,2,aleatorio
29,1,105,0,0,0,0,1,0,0,0,0,0,aleatorio
47,4,1,1,0,1,1,1,0,0,0,0,2,aleatorio
42,4,4,1,0,1,0,0,1,1,3,4,2,aleatorio
51,1,100,0,0,0,0,0,0,1,0,0,0,aleatorio
66,5,9,1,0,1,0,1,0,1,0,0,2,aleatorio
40,1,32,0,0,0,1,0,0,0,0,0,1,aleatorio
40,1,37,0,0,0,0,0,0,1,0,0,0,aleatorio
66,2,272,0,0,0,0,0,1,1,0,0,0,aleatorio
18,2,1,1,0,0,1,0,0,1,1,1,2,aleatorio
32,1,71,0,0,0,0,0,1,0,0,0,0,aleatorio
43,1,46,0,0,0,0,1,0,0,0,0,0,aleatorio
62,2,10,1,0,0,0,1,1,0,0,0,1,aleatorio
63,2,117,0,0,0,1,0,1,0,0,0,1,aleatorio
58,1,8,0,0,0,0,1,0,0,0,0,0,aleatorio
48,2,328,0,0,0,0,1,0,1,1,2,1,aleatorio
55,2,6,1,0,0,1,1,0,0,0,0,2,aleatorio
20,1,19,0,0,0,0,0,1,0,0,0,0,aleatorio
36,1,5,0,0,0,0,1,0,0,0,0,0,aleatorio
61,1,400,0,0,0,0,0,0,1,0,0,0,aleatorio
53,6,8,1,1,0,1,1,0,0,1,1,2,aleatorio
32,1,15,0,0,0,1,0,0,0,0,0,1,aleatorio
67,1,99,0,0,0,0,0,1,0,2,2,1,aleatorio
32,1,218,0,0,0,1,0,0,0,0,0,1,aleatorio
59,4,39,0,0,1,0,1,0,1,0,2,2,aleatorio
20,1,39,0,0,0,0,1,0,0,0,0,0,aleatorio
44,4,0,1,0,0,1,1,0,1,0,0,2,aleatorio
26,1,3,0,0,0,0,0,0,1,0,0,0,aleatorio
47,3,23,1,0,1,0,1,0,1,0,0,2,aleatorio
44,2,283,0,0,0,0,0,1,0,0,0,0,aleatorio
29,1,15,0,0,0,0,1,0,0,0,0,0,aleatorio
47,2,1,1,0,0,1,1,0,0,0,0,2,aleatorio
31,1,54,0,0,1,0,0,0,0,0,0,2,aleatorio
52,2,47,0,0,0,0,1,0,1,2,3,1,aleatorio
66,2,3,1,0,0,0,1,0,0,0,0,1,aleatorio
57,1,257,0,0,0,0,0,1,0,1,1,1,aleatorio
67,3,10,1,0,1,0,0,1,0,0,0,2,aleatorio
29,1,69,0,0,0,0,0,1,0,0,0,0,aleatorio
42,6,33,0,1,1,1,1,1,0,0,0,2,aleatorio
46,2,14,1,0,0,1,0,1,0,0,0,2,aleatorio
34,2,39,0,0,0,1,0,1,0,0,0,1,aleatorio
40,1,71,0,0,0,0,1,0,0,0,0,0,aleatorio
67,6,9,1,0,1,0,1,1,1,2,2,2,aleatorio
60,6,3,1,0,1,0,1,1,1,2,2,2,aleatorio
23,1,5,0,0,0,1,0,0,0,0,0,1,aleatorio
47,1,9,0,0,1,0,0,0,0,1,2,2,aleatorio
54,2,3,1,0,0,0,0,1,0,0,0,1,aleatorio
27,4,1,1,0,0,0,1,1,0,0,0,1,aleatorio
48,1,105,0,0,0,0,0,1,0,1,2,1,aleatorio
63,1,41,0,0,0,1,0,0,0,1,2,1,aleatorio
41,2,0,1,0,0,0,0,1,1,0,0,1,aleatorio
57,2,19,1,0,0,0,0,1,1,0,0,1,aleatorio
43,5,1,1,0,0,0,1,1,1,0,0,1,aleatorio
54,1,303,0,0,0,0,0,1,0,0,0,0,aleatorio
25,2,12,1,0,0,0,0,1,1,0,0,1,aleatorio
32,1,36,0,0,0,0,0,0,1,0,0,0,aleatorio
18,1,275,0,0,0,1,0,0,0,0,1,1,aleatorio
68,3,58,0,0,0,1,1,1,0,0,0,1,aleatorio
18,4,2,1,0,1,1,0,0,1,0,0,2,aleatorio
21,2,13,1,0,1,0,0,0,1,0,0,2,aleatorio
65,3,0,1,0,0,0,0,1,1,0,0,1,aleatorio
33,1,13,0,0,0,1,0,0,0,1,1,2,aleatorio
23,1,0,0,0,0,0,0,1,0,0,1,0,aleatorio
43,1,16,0,0,0,0,0,1,0,2,2,1,aleatorio
47,1,24,0,0,0,0,1,0,0,0,0,0,aleatorio
18,1,128,0,0,0,0,0,1,0,0,0,0,aleatorio
66,1,78,0,0,0,0,1,0,0,0,0,0,aleatorio
52,1,1,0,0,0,0,0,1,0,1,2,2,aleatorio
62,1,50,0,0,0,0,0,1,0,2,2,1,aleatorio
61,2,42,0,0,0,0,0,1,1,1,1,1,aleatorio
47,1,5,0,0,0,0,0,1,0,2,2,2,aleatorio
63,2,202,0,1,0,0,1,0,0,0,0,2,aleatorio
67,1,11,0,0,0,0,0,1,0,0,0,0,aleatorio
29,2,45,0,0,0,0,1,1,0,0,0,0,aleatorio
66,6,0,1,1,1,0,1,0,0,0,0,2,aleatorio
25,1,5,0,0,0,0,1,0,0,0,0,0,aleatorio
37,3,1,1,0,0,0,1,1,0,0,0,1,aleatorio
24,6,6,1,1,0,1,1,1,1,0,0,2,aleatorio
25,2,14,1,0,0,0,1,0,1,1,1,2,aleatorio
67,3,17,1,0,0,0,0,1,1,0,1,1,aleatorio
56,2,22,1,1,0,0,0,0,1,0,0,2,aleatorio
19,1,18,0,0,0,0,1,0,0,2,2,1,aleatorio
67,1,21,0,0,0,0,0,0,1,0,0,0,aleatorio
18,1,280,0,0,0,0,0,1,0,0,0,0,aleatorio
30,1,2,0,0,0,0,1,0,0,1,1,2,aleatorio
29,3,3,1,0,0,0,1,1,0,0,0,1,aleatorio
48,1,41,0,0,0,0,0,1,0,0,0,0,aleatorio
23,1,44,0,0,0,0,0,0,1,0,0,0,aleatorio
54,2,16,1,0,0,0,0,0,1,4,4,1,aleatorio
26,1,1,0,0,0,0,1,0,0,0,0,0,aleatorio
63,6,5,1,0,1,1,0,1,1,0,0,2,aleatorio
21,1,3,0,0,0,0,1,0,0,0,0,0,aleatorio
68,1,0,0,0,0,0,0,1,0,0,0,0,aleatorio
54,2,11,1,0,0,0,1,1,0,1,1,2,aleatorio
49,3,2,1,0,1,0,0,1,1,0,0,2,aleatorio
22,1,396,0,0,0,0,1,0,0,0,1,0,aleatorio
53,1,18,0,0,0,0,1,0,0,2,3,1,aleatorio
49,2,1,1,0,0,0,1,1,0,0,0,1,aleatorio
43,5,17,1,1,1,0,0,1,1,0,0,2,aleatorio
62,1,136,0,0,0,0,0,1,0,0,1,0,aleatorio
37,5,0,1,0,1,1,1,1,0,0,0,2,aleatorio
29,5,5,1,0,1,1,0,1,0,1,1,2,aleatorio
62,5,10,1,1,0,0,1,1,0,1,1,2,aleatorio
66,3,46,0,0,0,1,1,1,0,0,0,1,aleatorio
28,3,52,0,0,0,0,0,0,1,0,0,0,aleatorio
51,1,44,0,0,0,0,1,0,0,0,0,0,aleatorio
46,1,115,0,0,0,0,0,0,1,0,0,0,aleatorio
26,3,235,0,1,0,1,0,1,0,0,0,2,aleatorio
44,3,1,1,0,0,0,1,1,0,0,1,1,aleatorio
67,1,360,0,0,0,0,0,1,0,1,1,1,aleatorio
70,4,40,0,1,1,0,1,0,0,0,0,2,aleatorio
69,6,0,1,1,0,1,1,1,1,0,1,2,aleatorio
20,1,15,0,0,0,0,0,1,0,0,0,0,aleatorio
60,1,23,0,0,0,0,1,0,0,1,1,1,aleatorio
25,1,22,0,0,0,0,0,1,0,0,0,0,aleatorio
29,3,9,1,0,0,0,1,0,1,0,0,1,aleatorio
18,2,16,1,0,1,1,0,0,0,1,1,2,aleatorio
30,2,1,1,0,0,1,1,0,0,0,0,2,aleatorio
62,1,83,0,0,0,0,1,0,0,0,0,0,aleatorio
68,1,10,0,0,0,0,0,1,0,0,0,0,aleatorio
46,1,57,0,0,0,0,0,0,1,1,2,1,aleatorio
62,1,43,0,0,0,0,0,1,0,0,0,0,aleatorio
26,2,34,0,0,0,0,1,0,0,0,0,0,aleatorio
19,4,10,1,0,0,0,1,1,0,0,0,1,aleatorio
65,2,12,1,0,0,0,0,1,1,0,0,1,aleatorio
57,2,38,0,0,0,0,0,1,0,0,0,0,aleatorio
40,2,10,1,0,0,0,0,1,1,0,0,1,aleatorio
36,1,18,0,0,0,0,1,0,0,0,0,0,aleatorio
54,3,34,0,0,0,0,1,1,1,1,1,1,aleatorio
34,6,2,1,1,0,1,1,0,0,1,1,2,aleatorio
57,1,4,0,0,0,0,1,0,0,0,0,0,aleatorio
39,3,14,1,0,0,0,1,1,0,0,0,1,aleatorio
21,1,100,0,0,0,0,1,0,0,0,0,0,aleatorio
36,6,43,0,0,0,1,1,1,1,0,0,1,aleatorio
53,3,11,1,0,0,0,0,1,0,0,0,1,aleatorio
55,1,324,0,0,0,0,0,1,0,0,0,0,aleatorio
68,2,57,0,0,1,0,1,0,0,1,2,2,aleatorio
42,2,37,0,0,0,1,0,0,1,0,0,1,aleatorio
28,0,999,0,0,0,0,0,0,0,2,2,1,aleatorio
23,4,7,1,1,1,0,1,0,1,2,2,2,aleatorio
51,1,15,0,0,0,0,1,0,0,0,0,0,aleatorio
41,3,2,1,0,1,0,0,0,1,2,3,2,aleatorio
67,1,41,0,0,0,1,0,0,0,0,1,1,aleatorio
45,1,1,0,0,0,0,0,1,0,0,0,0,aleatorio
33,5,1,1,0,0,0,1,1,1,0,0,1,aleatorio
31,1,336,0,0,0,0,0,1,0,1,2,1,aleatorio
59,5,10,1,1,1,1,0,1,0,4,4,2,aleatorio
21,3,6,1,0,0,0,1,0,1,0,0,1,aleatorio
66,2,53,0,0,0,0,1,0,1,1,1,1,aleatorio
28,3,0,1,1,0,0,0,1,0,0,0,2,aleatorio
49,1,44,0,0,0,0,0,0,1,0,0,0,aleatorio
31,2,17,1,0,0,0,0,1,0,0,0,1,aleatorio
41,5,40,0,1,0,1,1,0,0,0,0,2,aleatorio
52,2,59,0,0,0,1,0,1,0,0,1,1,aleatorio
47,1,152,0,0,0,0,0,1,0,0,0,0,aleatorio
64,6,6,1,1,0,1,1,1,0,0,0,2,aleatorio
48,3,11,1,0,1,0,1,0,0,0,0,2,aleatorio
49,4,9,1,0,0,0,1,1,1,0,0,1,aleatorio
23,1,24,0,0,0,0,0,0,1,0,0,0,aleatorio
42,3,3,1,0,0,0,0,1,1,0,0,1,aleatorio
30,1,4,0,0,0,0,0,1,0,0,0,0,aleatorio
39,3,30,1,1,0,1,0,0,0,0,0,2,aleatorio
30,3,5,1,0,0,0,1,1,0,0,0,1,aleatorio
26,2,33,0,0,0,0,0,0,1,0,0,0,aleatorio
43,3,55,0,0,0,1,1,0,0,0,0,1,aleatorio
39,1,294,0,0,0,0,0,1,0,0,0,0,aleatorio
37,1,224,0,0,0,0,0,0,1,0,0,0,aleatorio
59,5,1,1,0,1,1,1,0,1,0,0,2,aleatorio
19,1,334,0,0,0,0,0,0,1,0,0,0,aleatorio
53,1,19,0,0,0,0,0,1,0,0,0,0,aleatorio
40,1,5,0,0,0,0,0,1,0,0,0,0,aleatorio
60,1,253,0,0,0,0,0,1,0,0,0,0,aleatorio
27,1,343,0,0,0,0,0,0,1,0,0,0,aleatorio
60,4,3,1,0,0,0,1,1,1,0,1,1,aleatorio
62,1,41,0,0,0,0,1,0,0,2,3,1,aleatorio
37,3,0,1,0,0,0,1,0,1,0,0,1,aleatorio
18,3,2,1,1,0,0,0,1,0,0,1,2,aleatorio
35,3,2,1,1,0,0,0,1,1,0,0,2,aleatorio
21,0,999,0,0,0,0,0,0,0,1,1,1,aleatorio
59,2,3,1,0,0,0,1,0,1,0,1,1,aleatorio
27,6,5,1,1,1,1,0,0,0,1,1,2,aleatorio
48,2,22,1,0,0,0,0,1,0,2,2,1,aleatorio
45,1,78,0,0,0,0,0,1,0,0,0,0,aleatorio
58,2,3,1,1,0,1,0,0,0,1,1,2,aleatorio
22,4,8,1,1,0,0,1,0,1,0,2,2,aleatorio
24,1,275,0,0,0,1,0,0,0,2,3,1,aleatorio
53,4,0,1,0,1,1,1,0,1,0,0,2,aleatorio
52,3,15,1,0,0,1,0,0,1,0,0,2,aleatorio
42,4,1,1,0,1,1,0,0,1,2,4,2,aleatorio
48,1,20,0,0,0,0,0,1,0,0,0,0,aleatorio
68,4,4,1,0,1,0,0,1,1,0,0,2,aleatorio
40,3,1,1,0,1,0,0,1,1,0,0,2,aleatorio
68,1,29,0,0,0,0,0,0,1,0,2,0,aleatorio
41,1,113,0,0,0,0,0,1,0,1,1,1,aleatorio
28,1,168,0,0,0,0,0,0,1,0,0,0,aleatorio
56,1,71,0,0,0,0,0,1,0,0,0,0,aleatorio
63,1,4,0,0,0,0,0,0,1,1,1,2,aleatorio
53,2,122,0,0,0,0,1,0,1,0,0,0,aleatorio
36,1,11,0,0,0,0,0,1,0,0,0,0,aleatorio
52,5,3,1,1,0,1,1,1,1,1,1,2,aleatorio
54,3,4,1,0,0,1,0,1,1,0,1,2,aleatorio
65,1,48,0,0,0,1,0,0,0,0,0,1,aleatorio
59,1,4,0,0,0,0,1,0,0,0,0,0,aleatorio
64,1,7,0,0,0,0,0,1,0,0,1,0,aleatorio
35,1,48,0,1,0,0,0,0,0,1,1,2,aleatorio
47,1,91,0,0,1,0,0,0,0,0,0,2,aleatorio
50,3,6,1,0,0,0,1,1,0,0,0,1,aleatorio
45,3,13,1,1,0,0,1,1,0,0,0,2,aleatorio
70,3,6,1,1,0,0,0,1,0,1,1,2,aleatorio
66,5,33,0,1,0,0,1,1,0,4,4,2,aleatorio
66,1,8,0,0,0,0,1,0,0,1,1,2,aleatorio
42,2,13,1,0,1,1,0,0,0,0,0,2,aleatorio
60,4,13,1,0,0,0,1,1,1,0,0,1,aleatorio
60,5,50,0,0,0,1,1,1,1,0,0,1,aleatorio
27,3,3,1,0,0,0,0,1,1,0,0,1,aleatorio
59,5,13,1,1,1,0,1,1,0,1,2,2,aleatorio
47,3,16,1,0,1,0,1,0,0,0,0,2,aleatorio
59,2,0,1,0,1,0,0,1,0,1,1,2,aleatorio
56,2,8,1,0,0,0,0,1,1,0,0,1,aleatorio
24,1,58,0,0,0,0,0,1,0,0,1,0,aleatorio
65,1,162,0,0,0,0,0,1,0,0,0,0,aleatorio
46,1,256,0,0,0,0,0,0,1,1,1,1,aleatorio
63,6,12,1,1,0,0,1,1,0,0,0,2,aleatorio
43,2,2,1,0,0,0,1,1,0,0,0,1,aleatorio
45,3,7,1,1,0,1,0,1,0,2,2,2,aleatorio
26,1,10,0,0,0,1,0,0,0,2,2,2,aleatorio
44,1,6,0,0,0,1,0,0,0,0,0,1,aleatorio
35,1,49,0,0,0,0,1,0,0,2,4,1,aleatorio
53,2,1,1,0,1,0,0,0,1,1,1,2,aleatorio
62,3,16,1,0,0,1,1,1,0,0,0,2,aleatorio
64,0,999,0,0,0,0,0,0,0,3,3,1,aleatorio
35,4,6,1,0,0,1,0,1,1,1,1,2,aleatorio
50,4,4,1,1,1,1,1,0,0,3,3,2,aleatorio
46,1,37,0,0,1,0,0,0,0,0,0,2,aleatorio
34,2,1,1,0,0,0,0,0,1,0,0,1,aleatorio
67,1,50,0,0,0,1,0,0,0,1,1,1,aleatorio
65,2,103,0,0,0,0,0,1,1,0,0,0,aleatorio
62,1,12,0,0,0,0,0,0,1,0,0,0,aleatorio
33,3,5,1,0,1,0,1,1,0,1,1,2,aleatorio
27,1,17,0,0,0,0,1,0,0,1,1,1,aleatorio
47,1,35,0,0,0,0,1,0,0,0,1,0,aleatorio
28,3,27,1,0,1,0,0,1,0,0,0,2,aleatorio
59,6,4,1,0,1,1,1,0,1,0,0,2,aleatorio
59,4,207,0,0,0,1,0,1,1,1,1,1,aleatorio
52,1,44,0,0,0,0,0,1,0,0,0,0,aleatorio
60,3,56,0,0,0,0,1,0,0,0,0,0,aleatorio
37,2,9,1,1,0,0,0,1,0,1,1,2,aleatorio
45,1,74,0,0,0,0,1,0,0,0,0,0,aleatorio
58,6,10,1,1,0,1,1,0,1,0,0,2,aleatorio
37,4,0,1,0,0,1,1,0,1,0,0,2,aleatorio
43,3,1,1,0,0,0,1,0,1,0,0,1,aleatorio
41,2,2,1,0,1,0,0,1,0,2,2,2,aleatorio
62,1,236,0,0,0,0,0,1,0,0,0,0,aleatorio
66,3,12,1,0,0,0,1,1,0,0,0,1,aleatorio
55,5,21,1,0,0,1,0,1,1,2,3,2,aleatorio
70,1,333,0,0,0,0,1,0,0,0,0,0,aleatorio
64,0,999,0,0,0,0,0,0,0,2,3,1,aleatorio
21,1,39,0,0,0,0,1,0,0,0,0,0,aleatorio
18,1,180,0,0,0,0,0,1,0,1,1,1,aleatorio
65,4,9,1,0,1,0,1,1,1,0,0,2,aleatorio
53,1,15,0,0,0,1,0,0,0,3,4,2,aleatorio
23,2,31,0,0,0,0,1,0,1,1,1,1,aleatorio
61,4,7,1,1,0,1,0,1,1,4,4,2,aleatorio
40,1,228,0,0,0,0,0,1,0,0,0,0,aleatorio
31,1,49,0,0,0,0,1,0,0,0,0,0,aleatorio
29,1,94,0,0,0,0,1,0,0,2,3,1,aleatorio
63,1,36,0,0,0,0,0,0,1,0,0,0,aleatorio
70,1,7,0,0,0,0,0,0,1,0,0,0,aleatorio
55,2,9,1,1,0,0,1,0,0,0,0,2,aleatorio
57,2,17,1,0,0,0,0,1,0,2,3,1,aleatorio
35,4,5,1,0,1,0,0,1,1,0,1,2,aleatorio
20,3,5,1,1,1,0,0,0,0,0,0,2,aleatorio
32,1,71,0,0,0,0,0,0,1,0,0,0,aleatorio
31,2,56,0,0,0,1,1,0,0,0,0,1,aleatorio
26,4,36,0,0,0,0,1,1,0,0,0,0,aleatorio
66,4,5,1,1,0,1,0,1,1,2,2,2,aleatorio
69,3,3,1,0,0,1,1,0,0,2,2,2,aleatorio
34,5,4,1,1,0,0,1,1,1,1,1,2,aleatorio
29,1,46,0,0,0,0,1,0,0,0,0,0,aleatorio
57,5,0,1,1,1,0,1,0,0,0,0,2,aleatorio
28,1,4,0,0,0,0,0,0,1,0,0,0,aleatorio
44,1,13,0,0,0,0,0,0,1,0,0,0,aleatorio
64,2,4,1,0,0,0,1,1,0,1,1,2,aleatorio
51,1,2,0,0,0,0,1,0,0,0,0,0,aleatorio
57,1,59,0,0,0,0,1,0,0,0,0,0,aleatorio
36,1,24,0,0,0,0,0,1,0,0,0,0,aleatorio
47,3,27,1,0,0,1,0,1,1,1,1,2,aleatorio
30,1,346,0,0,0,0,1,0,0,1,1,1,aleatorio
63,4,5,1,0,1,0,1,1,1,0,1,2,aleatorio
23,2,46,0,0,0,0,0,1,1,0,0,0,aleatorio
33,1,8,0,0,0,0,0,1,0,0,0,0,aleatorio
56,2,7,1,0,0,0,0,1,1,0,0,1,aleatorio
51,3,3,1,1,0,0,1,1,0,1,2,2,aleatorio
23,5,5,1,0,1,0,1,0,1,1,1,2,aleatorio
37,3,38,0,1,1,0,1,0,0,0,0,2,aleatorio
42,0,999,0,0,0,0,0,0,0,1,1,1,aleatorio
58,4,7,1,1,0,1,1,1,0,1,1,2,aleatorio
45,1,0,0,0,0,0,0,0,1,1,1,2,aleatorio
68,5,1,1,1,1,0,0,1,1,0,0,2,aleatorio
54,5,28,1,0,0,0,1,1,1,0,0,1,aleatorio
66,1,270,0,0,0,0,1,0,0,0,2,0,aleatorio
32,5,9,1,1,0,0,0,1,0,0,0,2,aleatorio
47,1,13,0,0,0,0,1,0,0,0,1,0,aleatorio
51,6,9,1,1,0,1,1,1,1,2,3,2,aleatorio
36,6,6,1,1,1,1,0,1,1,1,1,2,aleatorio
57,1,24,0,0,0,0,1,0,0,0,0,0,aleatorio
39,1,15,0,0,0,0,1,0,0,0,0,0,aleatorio
33,5,10,1,1,1,0,0,1,1,0,0,2,aleatorio
18,1,2,0,0,0,1,0,0,0,0,0,1,aleatorio
63,5,25,1,1,1,0,0,0,1,0,0,2,aleatorio
70,6,0,1,1,1,0,1,1,0,0,0,2,aleatorio
18,1,50,0,0,0,0,0,0,1,1,1,1,aleatorio
26,0,999,0,0,0,0,0,0,0,1,1,1,aleatorio
34,2,42,0,0,0,0,0,1,1,0,0,0,aleatorio
66,3,0,1,1,1,0,0,1,0,0,0,2,aleatorio
31,3,18,1,0,0,0,1,1,0,0,1,1,aleatorio
29,2,40,0,0,0,0,0,1,1,0,0,0,aleatorio
59,3,25,1,1,1,0,1,0,0,0,0,2,aleatorio
28,2,30,1,0,0,0,0,1,1,1,1,1,aleatorio
58,4,2,1,0,0,0,0,1,1,0,0,1,aleatorio
28,2,3,1,0,0,0,0,1,1,0,0,1,aleatorio
28,1,157,0,0,0,0,0,1,0,0,0,0,aleatorio
32,1,5,0,0,0,0,1,0,0,0,2,0,aleatorio
59,3,57,0,1,0,0,0,0,0,0,0,2,aleatorio
19,3,3,1,1,1,0,1,0,0,0,1,2,aleatorio
26,1,55,0,0,0,0,1,0,0,0,1,0,aleatorio
44,2,277,0,0,0,0,1,0,1,0,0,0,aleatorio
26,3,7,1,0,0,1,1,0,0,0,0,2,aleatorio
19,3,11,1,1,0,0,0,0,1,2,2,2,aleatorio
29,4,0,1,0,1,1,0,1,0,0,0,2,aleatorio
28,1,45,0,0,0,1,0,0,0,0,0,1,aleatorio
37,1,180,0,0,0,0,0,1,0,0,0,0,aleatorio
43,2,56,0,0,0,1,1,0,0,2,3,1,aleatorio
43,2,6,1,0,1,0,1,0,0,0,0,2,aleatorio
31,2,38,0,0,0,0,1,1,0,0,0,0,aleatorio
26,2,23,1,0,0,1,1,0,0,0,0,2,aleatorio
63,1,10,0,0,0,0,1,0,0,0,1,0,aleatorio
39,3,9,1,1,0,0,0,1,1,0,0,2,aleatorio
25,1,15,0,0,0,0,0,1,0,0,0,0,aleatorio
55,5,4,1,0,1,1,1,0,0,0,0,2,aleatorio
38,3,12,1,0,1,1,0,0,0,0,0,2,aleatorio
36,4,1,1,0,1,0,1,1,0,0,0,2,aleatorio
61,1,3,0,0,0,0,1,0,0,0,0,0,aleatorio
48,3,8,1,0,0,0,1,1,0,0,0,1,aleatorio
58,5,5,1,0,0,0,1,1,0,0,0,1,aleatorio
42,2,56,0,1,0,0,0,0,1,0,0,2,aleatorio
19,4,50,0,0,1,0,1,1,1,1,1,2,aleatorio
66,2,8,1,0,0,0,0,1,1,0,0,1,aleatorio
45,3,2,1,0,1,1,0,1,0,0,0,2,aleatorio
35,2,29,1,0,0,0,1,0,1,2,2,1,aleatorio
19,1,354,0,0,0,1,0,0,0,0,2,1,aleatorio
37,2,6,1,0,1,0,0,0,1,0,1,2,aleatorio
46,2,138,0,0,0,0,1,0,1,0,0,0,aleatorio
58,5,12,1,0,0,0,1,1,1,1,1,2,aleatorio
65,1,255,0,0,0,1,0,0,0,0,0,1,aleatorio
44,5,9,1,0,1,1,1,0,1,1,1,2,aleatorio
66,3,48,0,0,0,0,1,1,0,0,1,0,aleatorio
20,1,343,0,0,0,0,1,0,0,0,0,0,aleatorio
47,1,47,0,0,0,1,0,0,0,0,0,1,aleatorio
36,1,42,0,0,0,0,1,0,0,0,0,0,aleatorio
25,3,31,0,0,0,1,0,1,0,1,1,1,aleatorio
26,2,36,0,0,0,0,1,1,0,0,0,0,aleatorio
69,2,21,1,1,1,0,0,0,0,0,0,2,aleatorio
63,3,15,1,0,0,0,0,1,1,0,0,1,aleatorio
66,1,312,0,0,0,0,0,1,0,0,0,0,aleatorio
34,1,50,0,1,0,0,0,0,0,0,0,2,aleatorio
30,2,10,1,1,0,1,0,0,0,0,0,2,aleatorio
23,4,1,1,0,1,1,0,0,1,0,0,2,aleatorio
24,1,396,0,0,0,0,0,1,0,1,1,1,aleatorio
24,1,124,0,0,0,0,0,0,1,0,0,0,aleatorio
27,1,40,0,0,0,0,0,1,0,0,0,0,aleatorio
63,3,3,1,1,0,0,1,1,0,0,0,2,aleatorio
58,1,122,0,0,0,0,0,1,0,3,3,1,aleatorio
64,2,19,1,1,0,0,1,0,0,0,0,2,aleatorio
49,1,192,0,0,0,0,0,0,1,0,0,0,aleatorio
54,4,98,0,1,0,1,0,1,1,0,0,2,aleatorio
60,2,30,1,0,0,0,0,1,0,0,0,1,aleatorio
68,2,6,1,1,0,0,1,0,0,0,0,2,aleatorio
58,3,86,0,0,0,0,1,1,1,0,0,0,aleatorio
57,1,3,0,0,0,0,0,0,1,0,0,0,aleatorio
58,5,2,1,1,1,0,0,1,1,0,0,2,aleatorio
68,1,17,0,0,0,0,0,0,1,0,0,0,aleatorio
45,2,22,1,0,0,0,0,1,1,0,0,1,aleatorio
23,1,19,0,0,0,0,0,1,0,0,0,0,aleatorio
38,5,3,1,0,0,1,1,1,0,1,1,2,aleatorio
25,5,2,1,1,1,1,1,1,0,1,1,2,aleatorio
24,1,23,0,0,0,1,0,0,0,0,0,1,aleatorio
19,3,9,1,0,0,1,1,1,0,0,0,2,aleatorio
60,3,22,1,1,0,0,1,1,0,2,3,2,aleatorio
63,1,3,0,0,0,0,0,1,0,0,0,0,aleatorio
66,4,4,1,0,1,0,1,1,0,1,1,2,aleatorio
27,2,14,1,1,0,0,1,0,0,0,0,2,aleatorio
21,5,4,1,0,1,0,1,0,1,0,0,2,aleatorio
68,2,8,1,0,0,0,0,1,0,0,0,1,aleatorio
43,1,59,0,0,0,0,0,0,1,0,0,0,aleatorio
65,5,0,1,0,0,1,1,1,1,0,0,2,aleatorio
39,3,1,1,1,1,0,1,0,0,1,2,2,aleatorio
21,1,244,0,0,0,0,0,0,1,0,1,0,aleatorio
35,1,121,0,0,0,0,0,0,1,2,2,1,aleatorio
21,6,1,1,0,0,0,1,1,1,0,0,1,aleatorio
29,2,84,0,0,0,0,0,1,0,0,0,0,aleatorio
25,2,10,1,0,0,0,1,0,0,4,4,2,aleatorio
28,1,7,0,0,0,0,1,0,0,1,1,2,aleatorio
64,2,2,1,0,0,0,1,1,0,0,0,1,aleatorio
58,2,72,0,0,0,1,1,0,0,0,0,1,aleatorio
56,2,26,1,0,0,0,1,0,0,0,0,1,aleatorio
54,4,6,1,1,0,0,0,1,1,0,0,2,aleatorio
69,3,34,0,0,0,1,1,0,0,0,0,1,aleatorio
45,2,5,1,0,0,0,1,1,0,0,0,1,aleatorio
39,3,18,1,0,0,1,1,0,0,0,0,2,aleatorio
47,5,5,1,1,0,0,1,1,1,2,2,2,aleatorio
30,2,22,1,0,0,0,0,1,0,0,0,1,aleatorio
59,1,190,0,0,0,0,1,0,0,0,0,0,aleatorio
32,3,7,1,0,0,0,0,1,1,1,1,2,aleatorio
20,1,34,0,0,0,0,0,0,1,0,0,0,aleatorio
53,3,9,1,0,1,1,0,0,1,0,0,2,aleatorio
50,2,13,1,0,0,0,1,1,0,0,0,1,aleatorio
43,2,261,0,0,0,0,1,0,0,1,1,1,aleatorio
53,1,233,0,0,0,1,0,0,0,1,1,1,aleatorio
38,1,398,0,0,0,0,0,0,1,0,1,0,aleatorio
19,1,56,0,0,0,1,0,0,0,0,0,1,aleatorio
34,1,56,0,1,0,0,0,0,0,0,0,2,aleatorio
58,1,22,0,0,0,1,0,0,0,0,1,1,aleatorio
35,1,14,0,0,0,0,0,0,1,0,0,0,aleatorio
54,1,25,0,0,0,0,1,0,0,0,0,0,aleatorio
22,1,273,0,0,0,0,0,1,0,0,0,0,aleatorio
18,1,21,0,0,0,0,1,0,0,0,0,0,aleatorio
31,1,20,0,0,0,0,1,0,0,0,0,0,aleatorio
44,3,119,0,0,0,1,0,0,1,0,0,1,aleatorio
25,1,129,0,0,0,0,0,1,0,2,2,1,aleatorio
32,6,2,1,0,1,1,0,0,1,0,0,2,aleatorio
26,1,367,0,0,0,0,0,1,0,0,0,0,aleatorio
20,5,8,1,0,1,0,1,1,1,2,2,2,aleatorio
27,2,41,0,0,0,0,0,1,0,0,0,0,aleatorio
42,1,48,0,0,0,0,1,0,0,2,2,1,aleatorio
65,3,31,0,0,0,1,1,1,0,0,0,1,aleatorio
30,3,32,0,0,0,1,0,1,1,0,0,1,aleatorio
21,1,6,0,0,0,0,0,1,0,0,0,0,aleatorio
68,1,399,0,0,0,0,1,0,0,0,0,0,aleatorio
60,5,15,1,0,0,1,0,1,1,0,0,2,aleatorio
62,1,336,0,0,0,0,0,0,1,2,4,1,aleatorio
52,1,24,0,0,0,0,0,1,0,1,1,1,aleatorio
50,2,4,1,0,1,0,0,0,0,0,0,2,aleatorio
23,6,12,1,1,0,0,1,1,1,0,0,2,aleatorio
30,1,10,0,0,0,0,0,1,0,0,0,0,aleatorio
57,1,250,0,0,0,0,1,0,0,1,1,1,aleatorio
44,1,12,0,0,0,0,0,1,0,0,1,0,aleatorio
24,5,2,1,0,1,1,0,1,1,0,0,2,aleatorio
43,1,240,0,0,0,0,0,0,1,1,1,1,aleatorio
42,1,2,0,0,0,0,1,0,0,0,0,0,aleatorio
24,3,1,1,0,0,0,0,1,1,2,2,2,aleatorio
29,2,219,0,1,0,1,0,0,0,0,1,2,aleatorio
23,1,3,0,0,0,0,1,0,0,0,0,0,aleatorio
59,1,24,0,0,0,0,0,0,1,1,1,1,aleatorio
28,4,2,1,0,1,0,1,1,1,0,0,2,aleatorio
63,2,31,0,0,0,0,1,0,0,0,0,0,aleatorio
50,1,85,0,0,0,0,0,0,1,0,0,0,aleatorio
22,2,57,0,0,0,0,1,1,0,1,1,1,aleatorio
44,2,39,0,0,1,0,0,0,1,0,0,2,aleatorio
43,5,0,1,1,0,1,1,1,0,0,0,2,aleatorio
37,1,3,0,1,0,0,0,0,0,1,1,2,aleatorio
41,5,12,1,1,1,0,1,0,1,0,0,2,aleatorio
20,1,8,0,0,0,0,1,0,0,0,0,0,aleatorio
68,5,9,1,1,1,1,1,0,0,0,0,2,aleatorio
28,2,31,0,1,0,1,0,0,0,0,0,2,aleatorio
46,1,19,0,0,0,0,0,0,1,0,0,0,aleatorio
42,1,173,0,0,0,0,1,0,0,3,3,1,aleatorio
69,5,26,1,0,1,0,1,1,1,0,0,2,aleatorio
23,1,51,0,0,0,0,0,1,0,3,4,1,aleatorio
55,1,370,0,0,0,0,0,1,0,1,1,1,aleatorio
31,1,4,0,0,0,0,1,0,0,0,0,0,aleatorio
18,6,10,1,0,1,0,1,1,1,0,0,2,aleatorio
43,3,9,1,0,0,0,0,1,0,0,0,1,aleatorio
20,2,10,1,0,0,0,0,1,0,0,0,1,aleatorio
67,1,306,0,0,0,1,0,0,0,1,1,1,aleatorio
58,2,0,1,1,0,0,0,0,1,2,3,2,aleatorio
49,2,307,0,0,0,0,1,1,0,0,1,0,aleatorio
54,1,3,0,0,0,0,0,0,1,0,1,0,aleatorio
24,2,210,0,0,0,0,1,1,0,0,0,0,aleatorio
59,1,76,0,0,0,0,0,1,0,0,0,0,aleatorio
68,1,1,0,0,0,0,0,1,0,0,0,0,aleatorio
42,1,83,0,0,0,0,0,1,0,2,2,1,aleatorio
52,1,1,0,0,0,0,1,0,0,0,0,0,aleatorio
26,1,57,0,0,0,1,0,0,0,0,0,1,aleatorio
66,1,54,0,0,0,1,0,0,0,1,1,1,aleatorio
69,2,8,1,0,0,1,1,0,0,1,2,2,aleatorio
65,5,5,1,0,0,1,1,1,1,0,0,2,aleatorio
63,1,144,0,0,0,1,0,0,0,1,1,1,aleatorio
52,1,36,0,0,0,0,0,1,0,0,0,0,aleatorio
68,3,37,0,0,0,0,1,1,0,4,4,1,aleatorio
51,1,54,0,0,0,0,0,1,0,0,0,0,aleatorio
54,4,21,1,1,0,0,0,0,1,2,2,2,aleatorio
49,4,6,1,0,1,0,1,1,0,1,1,2,aleatorio
46,1,273,0,0,0,1,0,0,0,0,0,1,aleatorio
65,2,49,0,0,0,0,1,0,1,2,2,1,aleatorio
50,2,5,1,0,0,1,0,1,0,0,0,2,aleatorio
56,1,2,0,0,0,0,1,0,0,0,0,0,aleatorio
33,1,24,0,0,0,0,1,0,0,0,0,0,aleatorio
70,1,13,0,0,0,0,1,0,0,0,0,0,aleatorio
25,2,3,1,0,1,0,0,1,0,2,2,2,aleatorio
46,2,11,1,0,0,0,0,1,1,0,0,1,aleatorio
52,1,222,0,0,0,0,0,1,0,0,0,0,aleatorio
66,2,4,1,0,0,0,1,0,1,0,0,1,aleatorio
58,1,26,0,0,0,1,0,0,0,1,2,1,aleatorio
62,2,13,1,0,0,0,0,0,1,0,0,1,aleatorio
62,2,4,1,1,1,0,0,0,0,0,0,2,aleatorio
43,1,19,0,0,0,0,0,0,1,2,2,1,aleatorio
27,1,6,0,1,0,0,0,0,0,0,1,2,aleatorio
21,1,347,0,0,0,0,0,1,0,0,0,0,aleatorio
37,2,5,1,0,1,0,1,0,0,1,1,2,aleatorio
30,6,1,1,0,1,1,1,1,0,0,0,2,aleatorio
57,1,58,0,0,0,1,0,0,0,0,0,1,aleatorio
65,3,17,1,0,1,0,0,1,1,2,2,2,aleatorio
51,2,3,1,0,0,0,0,1,0,0,0,1,aleatorio
51,1,343,0,0,0,0,0,1,0,0,0,0,aleatorio
47,3,5,1,1,0,1,0,1,0,1,1,2,aleatorio
58,4,24,1,0,0,0,0,1,1,0,0,1,aleatorio
70,4,4,1,0,0,1,0,1,1,1,1,2,aleatorio
56,2,1,1,0,0,0,1,0,1,0,0,1,aleatorio
38,1,176,0,0,0,0,0,0,1,0,0,0,aleatorio
52,4,25,1,0,0,1,1,0,1,1,1,2,aleatorio
62,2,148,0,0,0,0,1,0,1,0,0,0,aleatorio
40,6,0,1,1,1,0,0,1,0,1,1,2,aleatorio
39,2,11,1,1,0,0,0,0,1,0,2,2,aleatorio
40,3,10,1,1,1,0,1,0,0,0,0,2,aleatorio
63,2,134,0,0,0,1,0,0,1,0,1,1,aleatorio
48,3,14,1,1,0,0,0,1,0,0,0,2,aleatorio
40,1,281,0,0,0,1,0,0,0,0,0,1,aleatorio
20,2,47,0,0,0,0,0,1,1,0,0,0,aleatorio
34,1,6,0,0,1,0,0,0,0,0,0,2,aleatorio
60,4,10,1,0,0,1,1,0,1,0,0,2,aleatorio
67,1,132,0,0,0,1,0,0,0,0,0,1,aleatorio
22,1,3,0,0,0,0,0,1,0,0,0,0,aleatorio
47,6,3,1,0,1,1,1,1,0,0,0,2,aleatorio
61,1,275,0,0,1,0,0,0,0,2,3,2,aleatorio
23,3,4,1,0,0,0,1,1,0,0,0,1,aleatorio
57,1,247,0,0,0,0,1,0,0,0,0,0,aleatorio
19,1,356,0,0,0,0,0,0,1,0,1,0,aleatorio
31,1,205,0,0,0,1,0,0,0,0,0,1,aleatorio
64,1,14,0,0,0,0,1,0,0,0,0,0,aleatorio
68,1,36,0,0,0,0,0,0,1,0,0,0,aleatorio
47,1,0,0,0,0,0,1,0,0,0,0,0,aleatorio
27,1,34,0,0,0,1,0,0,0,0,0,1,aleatorio
60,1,44,0,0,0,0,1,0,0,0,0,0,aleatorio
62,1,5,0,0,0,0,1,0,0,0,0,0,aleatorio
29,2,27,1,0,1,0,0,1,0,0,0,2,aleatorio
34,1,0,0,0,0,0,0,0,1,0,0,0,aleatorio
35,2,244,0,0,0,0,1,0,1,0,0,0,aleatorio
39,2,50,0,0,0,0,0,1,1,0,0,0,aleatorio
50,3,49,0,0,0,1,0,0,0,0,0,1,aleatorio
24,1,396,0,0,0,1,0,0,0,0,0,1,aleatorio
57,3,26,1,0,0,0,1,0,0,0,0,1,aleatorio
36,1,217,0,1,0,0,0,0,0,0,0,2,aleatorio
27,4,8,1,1,0,1,0,1,0,0,0,2,aleatorio
61,1,385,0,0,0,1,0,0,0,0,0,1,aleatorio
48,3,56,0,0,0,0,1,0,1,0,0,0,aleatorio
20,1,51,0,0,0,0,0,0,1,0,0,0,aleatorio
46,2,32,0,1,0,0,0,0,1,0,0,2,aleatorio
52,1,4,0,0,0,0,1,0,0,0,0,0,aleatorio
59,4,32,0,0,0,0,1,1,1,0,1,0,aleatorio
37,3,26,1,0,0,0,1,1,0,1,3,1,aleatorio
29,4,0,1,0,0,0,1,1,0,1,1,2,aleatorio
48,1,27,0,0,0,0,1,0,0,2,3,1,aleatorio
69,1,33,0,0,0,0,1,0,0,0,0,0,aleatorio
28,5,46,0,0,0,1,1,1,1,2,3,1,aleatorio
25,1,28,0,0,0,0,0,0,1,2,2,1,aleatorio
43,1,5,0,0,0,0,0,0,1,0,0,0,aleatorio
45,3,6,1,0,1,0,1,0,0,0,0,2,aleatorio
23,1,6,0,0,0,1,0,0,0,0,0,1,aleatorio
22,4,5,1,0,0,0,0,1,1,0,0,1,aleatorio
69,1,124,0,1,0,0,0,0,0,0,0,2,aleatorio
41,4,1,1,0,0,0,1,1,1,0,2,1,aleatorio
23,1,12,0,0,0,0,1,0,0,0,0,0,aleatorio
66,2,47,0,1,1,0,0,0,0,0,0,2,aleatorio
49,2,43,0,0,1,0,0,1,0,0,0,2,aleatorio
31,1,43,0,0,0,0,0,1,0,0,0,0,aleatorio
36,3,20,1,0,0,0,0,0,1,0,0,1,aleatorio
60,2,5,1,1,0,0,1,0,0,0,0,2,aleatorio
37,4,14,1,0,1,1,0,1,0,0,0,2,aleatorio
37,2,34,0,0,0,0,0,1,1,0,0,0,aleatorio
48,1,3,0,0,0,0,0,1,0,0,0,0,aleatorio
44,1,4,0,0,0,0,0,0,1,0,0,0,aleatorio
63,1,29,0,0,0,0,0,1,0,0,0,0,aleatorio
36,1,15,0,0,0,0,0,1,0,0,0,0,aleatorio
59,1,24,0,0,0,0,1,0,0,0,2,0,aleatorio
34,3,44,0,0,0,1,0,0,1,0,0,1,aleatorio
56,2,10,1,0,0,1,0,1,0,0,0,2,aleatorio
37,2,15,1,1,0,0,0,0,0,0,0,2,aleatorio
18,2,58,0,0,0,0,0,1,1,0,0,0,aleatorio
49,1,5,0,0,0,0,1,0,0,0,1,0,aleatorio
35,3,26,1,1,0,1,0,1,0,0,0,2,aleatorio
22,5,15,1,0,1,0,1,1,0,0,1,2,aleatorio
51,1,180,0,0,0,0,1,0,0,0,0,0,aleatorio
19,3,3,1,1,0,1,0,0,0,1,1,2,aleatorio
47,1,3,0,0,1,0,0,0,0,1,1,2,aleatorio
36,1,23,0,0,0,0,0,0,1,0,0,0,aleatorio
38,1,42,0,0,0,0,1,0,0,0,1,0,aleatorio
47,3,3,1,1,0,0,1,0,1,0,0,2,aleatorio
59,4,10,1,1,0,0,1,1,1,2,3,2,aleatorio
32,1,2,0,0,0,1,0,0,0,0,0,1,aleatorio
19,3,53,0,0,0,0,1,1,0,0,0,0,aleatorio
63,4,8,1,1,0,0,0,1,1,0,0,2,aleatorio
60,3,3,1,0,0,0,0,0,1,2,2,2,aleatorio
27,5,9,1,0,1,1,1,0,0,0,0,2,aleatorio
18,5,6,1,1,0,0,1,1,1,0,1,2,aleatorio
47,3,0,1,0,0,1,1,1,0,0,0,2,aleatorio
20,1,309,0,0,0,0,1,0,0,0,0,0,aleatorio
70,0,999,0,0,0,0,0,0,0,2,2,1,aleatorio
45,2,14,1,0,1,0,0,0,0,0,0,2,aleatorio
48,2,7,1,0,1,0,0,0,1,1,1,2,aleatorio
46,5,2,1,0,1,0,0,1,1,1,1,2,aleatorio
30,2,163,0,0,0,0,1,1,0,0,0,0,aleatorio
21,2,257,0,0,0,0,1,1,0,0,0,0,aleatorio
19,2,43,0,0,0,0,1,1,0,1,1,1,aleatorio
34,1,314,0,0,0,0,1,0,0,0,0,0,aleatorio
45,4,35,0,0,1,1,1,0,1,0,0,2,aleatorio
37,1,41,0,0,0,0,0,1,0,0,0,0,aleatorio
31,1,11,0,1,0,0,0,0,0,4,4,2,aleatorio
20,1,11,0,0,0,1,0,0,0,0,0,1,aleatorio
25,4,2,1,0,0,0,0,1,1,0,0,1,aleatorio
50,4,7,1,1,1,1,0,0,0,2,2,2,aleatorio
48,5,11,1,1,0,0,1,0,1,2,3,2,aleatorio
45,1,214,0,0,0,0,0,1,0,1,1,1,aleatorio
18,1,7,0,0,0,0,0,1,0,0,1,0,aleatorio
40,2,21,1,0,0,0,1,0,1,0,0,1,aleatorio
20,1,333,0,0,0,0,1,0,0,0,0,0,aleatorio
29,1,44,0,0,0,0,0,0,1,0,0,0,aleatorio
18,6,7,1,1,1,0,1,0,1,0,0,2,aleatorio
52,1,283,0,0,0,0,1,0,0,1,1,1,aleatorio
46,1,14,0,0,1,0,0,0,0,0,0,2,aleatorio
19,2,21,1,0,0,0,1,0,1,1,1,1,aleatorio
67,1,327,0,0,0,0,0,0,1,1,2,1,aleatorio
67,3,12,1,0,0,1,0,1,1,0,0,2,aleatorio
64,4,9,1,0,1,0,1,1,1,0,0,2,aleatorio
58,2,21,1,0,0,0,1,1,0,2,2,1,aleatorio
51,6,13,1,0,0,1,1,1,1,0,0,2,aleatorio
57,1,208,0,0,0,0,1,0,0,0,0,0,aleatorio
67,2,7,1,0,0,0,0,1,0,0,0,1,aleatorio
59,2,11,1,0,0,0,0,1,0,0,0,1,aleatorio
60,1,19,0,0,0,0,1,0,0,1,1,1,aleatorio
54,2,12,1,0,0,0,1,0,0,0,0,1,aleatorio
59,1,85,0,0,0,1,0,0,0,0,0,1,aleatorio
55,1,45,0,0,0,0,0,0,1,1,1,1,aleatorio
54,4,9,1,1,1,1,0,0,1,1,1,2,aleatorio
39,1,49,0,0,0,1,0,0,0,0,0,1,aleatorio
61,6,5,1,1,1,0,1,1,1,0,0,2,aleatorio
69,1,6,0,0,0,0,0,1,0,0,0,0,aleatorio
40,4,1,1,0,0,0,0,1,1,0,0,1,aleatorio
21,1,13,0,0,0,1,0,0,0,0,0,1,aleatorio
29,3,9,1,0,0,0,1,1,1,0,1,1,aleatorio
60,1,181,0,0,0,1,0,0,0,1,1,1,aleatorio
47,2,2,1,0,0,0,0,1,1,0,0,1,aleatorio
57,1,51,0,0,0,0,0,1,0,0,0,0,aleatorio
42,6,27,1,1,1,0,0,1,1,1,1,2,aleatorio
30,0,999,0,0,0,0,0,0,0,4,4,1,aleatorio
55,4,33,0,0,1,1,1,1,0,0,0,2,aleatorio
20,3,18,1,0,0,0,1,1,0,0,0,1,aleatorio
27,1,240,0,0,0,0,0,1,0,1,1,1,aleatorio
70,2,5,1,0,1,0,1,0,0,2,3,2,aleatorio
20,1,370,0,0,0,0,0,0,1,0,0,0,aleatorio
56,5,6,1,0,0,0,0,1,1,1,1,2,aleatorio
59,1,191,0,0,0,0,1,0,0,0,1,0,aleatorio
37,4,14,1,1,0,1,1,1,0,1,2,2,aleatorio
69,4,0,1,0,0,0,1,1,1,1,1,2,aleatorio
54,2,46,0,0,0,1,0,0,1,0,0,1,aleatorio
30,1,34,0,0,0,0,1,0,0,0,0,0,aleatorio
22,1,54,0,0,0,0,0,0,1,0,0,0,aleatorio
50,0,999,0,0,0,0,0,0,0,2,4,1,aleatorio
50,5,36,0,0,0,0,1,1,0,0,0,0,aleatorio
23,5,11,1,1,0,1,1,1,0,0,0,2,aleatorio
52,1,23,0,0,0,1,0,0,0,0,3,1,aleatorio
53,2,4,1,1,1,0,0,0,0,0,0,2,aleatorio
44,5,10,1,0,0,1,0,1,1,0,0,2,aleatorio
46,2,134,0,0,0,0,1,1,0,0,0,0,aleatorio
48,4,2,1,0,0,0,1,1,0,0,0,1,aleatorio
60,1,343,0,0,0,0,0,1,0,2,2,1,aleatorio
61,2,28,1,0,0,0,1,1,0,1,1,1,aleatorio
20,1,19,0,0,0,1,0,0,0,2,2,1,aleatorio
70,1,49,0,0,1,0,0,0,0,0,0,2,aleatorio
64,1,266,0,0,0,0,1,0,0,0,1,0,aleatorio
27,5,1,1,1,0,1,0,1,0,0,0,2,aleatorio
23,2,0,1,0,0,0,1,0,0,0,0,1,aleatorio
31,1,12,0,0,0,0,0,1,0,0,0,0,aleatorio
62,0,999,0,0,0,0,0,0,0,2,2,1,aleatorio
35,1,13,0,0,0,0,1,0,0,0,0,0,aleatorio
61,2,7,1,0,0,0,0,1,0,0,0,1,aleatorio
64,2,46,0,0,0,0,0,1,1,0,0,0,aleatorio
26,1,60,0,0,0,0,0,0,1,0,0,0,aleatorio
26,1,25,0,0,0,0,0,1,0,1,3,1,aleatorio
41,1,24,0,0,0,0,0,0,1,0,0,0,aleatorio
64,2,26,1,0,0,0,0,0,1,0,1,1,aleatorio
62,3,14,1,1,1,0,0,1,0,0,0,2,aleatorio
30,1,134,0,0,0,0,0,0,1,0,0,0,aleatorio
50,1,45,0,0,0,0,1,0,0,0,0,0,aleatorio
42,1,41,0,0,0,0,0,0,1,0,0,0,aleatorio
26,1,11,0,0,0,0,0,1,0,0,0,0,aleatorio
64,1,2,0,0,0,0,1,0,0,2,3,2,aleatorio
48,3,3,1,0,0,0,1,0,1,0,0,1,aleatorio
43,0,999,0,0,0,0,0,0,0,1,1,1,aleatorio
34,1,30,0,0,0,0,0,1,0,0,0,0,aleatorio
23,3,13,1,0,1,0,0,0,1,0,0,2,aleatorio
70,2,43,0,0,0,0,1,0,1,0,0,0,aleatorio
66,1,387,0,0,0,0,1,0,0,0,0,0,aleatorio
28,3,3,1,0,0,0,0,1,1,0,0,1,aleatorio
60,3,4,1,0,1,1,1,0,0,1,4,2,aleatorio
48,1,377,0,0,0,1,0,0,0,1,1,1,aleatorio
47,1,5,0,1,0,0,0,0,0,0,0,2,aleatorio
38,2,22,1,0,0,0,1,0,1,0,0,1,aleatorio
47,2,0,1,0,0,1,0,0,1,0,0,2,aleatorio
25,3,4,1,0,1,0,0,1,0,0,0,2,aleatorio
32,1,12,0,0,0,0,0,1,0,0,0,0,aleatorio
63,1,360,0,0,0,0,0,1,0,0,1,0,aleatorio
50,1,29,0,1,0,0,0,0,0,1,1,2,aleatorio
38,0,999,0,0,0,0,0,0,0,3,4,1,aleatorio
20,1,171,0,0,1,0,0,0,0,0,0,2,aleatorio
61,4,3,1,0,1,0,1,0,1,2,2,2,aleatorio
45,3,2,1,1,1,0,0,0,0,0,0,2,aleatorio
50,3,31,0,0,0,0,1,0,1,2,3,1,aleatorio
70,4,32,0,0,0,1,0,1,0,1,1,1,aleatorio
30,1,10,0,0,0,0,1,0,0,0,0,0,aleatorio
68,1,379,0,0,0,0,0,1,0,0,0,0,aleatorio
39,1,15,0,0,0,0,0,0,1,0,0,0,aleatorio
56,1,251,0,0,0,0,0,1,0,0,0,0,aleatorio
23,1,154,0,0,0,0,1,0,0,0,0,0,aleatorio
61,1,58,0,0,0,1,0,0,0,0,0,1,aleatorio
29,2,13,1,0,0,0,1,1,0,0,0,1,aleatorio
52,2,50,0,1,1,0,0,0,0,1,1,2,aleatorio
67,5,5,1,1,0,1,0,1,0,1,1,2,aleatorio
62,4,13,1,1,0,1,1,0,0,0,0,2,aleatorio
18,1,18,0,0,0,0,0,0,1,0,0,0,aleatorio
52,5,1,1,0,0,1,0,1,0,0,0,2,aleatorio
50,3,4,1,0,0,0,1,1,0,0,0,1,aleatorio
64,2,49,0,1,1,0,0,0,0,0,0,2,aleatorio
33,5,5,1,1,0,0,1,1,1,0,0,2,aleatorio
54,2,3,1,0,0,0,1,1,0,0,0,1,aleatorio
64,1,41,0,0,0,0,0,1,0,0,0,0,aleatorio
58,1,21,0,1,0,0,0,0,0,0,1,2,aleatorio
55,3,14,1,0,0,0,0,1,1,0,0,1,aleatorio
28,4,15,1,0,0,1,0,0,1,1,3,2,aleatorio
18,3,7,1,0,0,0,1,0,1,0,1,1,aleatorio
33,2,21,1,0,0,0,1,0,1,3,3,1,aleatorio
18,1,183,0,0,0,0,0,0,1,0,0,0,aleatorio
32,2,1,1,0,0,0,0,0,1,0,0,1,aleatorio
53,3,0,1,0,0,0,0,1,1,0,0,1,aleatorio
57,3,1,1,1,0,1,0,1,0,0,0,2,aleatorio
65,1,27,0,0,0,1,0,0,0,0,0,1,aleatorio
42,2,35,0,1,0,0,1,0,0,0,1,2,aleatorio
24,3,58,0,0,0,0,0,1,1,0,0,0,aleatorio
52,1,281,0,0,0,0,0,0,1,0,0,0,aleatorio
63,3,8,1,0,0,0,1,0,1,0,0,1,aleatorio
51,2,0,1,1,0,0,0,0,1,1,1,2,aleatorio
38,1,57,0,0,0,0,1,0,0,0,0,0,aleatorio
30,2,22,1,1,0,0,0,0,0,2,3,2,aleatorio
62,1,9,0,0,0,1,0,0,0,0,0,1,aleatorio
31,1,24,0,0,0,0,0,1,0,0,0,0,aleatorio
24,3,17,1,0,0,1,1,0,1,0,0,2,aleatorio
38,2,56,0,0,1,1,0,0,0,0,0,2,aleatorio
46,3,37,0,1,0,1,0,1,0,0,0,2,aleatorio
50,3,45,0,0,0,1,1,0,0,0,0,1,aleatorio
25,3,22,1,0,0,0,1,1,0,0,1,1,aleatorio
53,3,56,0,0,0,1,0,1,1,1,1,1,aleatorio
68,1,36,0,0,0,1,0,0,0,1,1,1,aleatorio
67,2,3,1,1,0,0,0,0,1,2,3,2,aleatorio
70,1,347,0,0,0,1,0,0,0,0,0,1,aleatorio
64,1,47,0,0,0,0,1,0,0,0,0,0,aleatorio
67,2,100,0,0,0,0,1,0,1,0,0,0,aleatorio
70,2,43,0,0,0,0,0,1,0,0,0,0,aleatorio
45,2,2,1,0,0,1,1,0,0,1,2,2,aleatorio
64,2,11,1,0,0,0,1,1,0,0,0,1,aleatorio
22,2,10,1,0,0,0,1,0,1,0,0,1,aleatorio
59,1,11,0,0,0,0,1,0,0,2,2,2,aleatorio
46,4,20,1,0,1,1,1,0,1,0,0,2,aleatorio
41,3,59,0,0,0,0,1,1,1,0,1,0,aleatorio
26,2,14,1,0,0,0,0,1,1,0,0,1,aleatorio
34,1,38,0,0,0,0,0,1,0,0,0,0,aleatorio
29,2,6,1,1,0,0,0,0,0,0,0,2,aleatorio
41,4,0,1,0,0,0,1,1,0,0,0,1,aleatorio
56,1,9,0,0,0,0,0,1,0,0,0,0,aleatorio
54,2,6,1,0,1,0,1,0,0,0,0,2,aleatorio
37,1,58,0,0,0,0,1,0,0,0,1,0,aleatorio
39,1,182,0,0,0,0,0,1,0,1,1,1,aleatorio
39,2,58,0,0,0,0,0,1,1,1,2,1,aleatorio
52,2,6,1,0,0,0,0,1,0,0,0,1,aleatorio
32,1,160,0,0,0,0,0,0,1,0,0,0,aleatorio
26,1,44,0,0,1,0,0,0,0,1,1,2,aleatorio
53,3,2,1,0,0,0,0,1,1,0,0,1,aleatorio
21,1,47,0,0,0,1,0,0,0,0,0,1,aleatorio
69,1,165,0,0,0,0,1,0,0,0,1,0,aleatorio
39,2,12,1,0,0,0,1,0,1,0,0,1,aleatorio
67,1,9,0,0,0,0,1,0,0,0,0,0,aleatorio
25,4,15,1,1,1,0,1,1,0,0,0,2,aleatorio
64,1,1,0,0,0,0,1,0,0,0,0,0,aleatorio
24,5,12,1,0,0,0,1,1,0,0,1,1,aleatorio
42,5,6,1,1,0,1,0,1,0,0,0,2,aleatorio
35,1,2,0,0,1,0,0,0,0,2,3,2,aleatorio
28,4,5,1,1,0,1,1,0,0,0,0,2,aleatorio
41,5,37,0,1,1,0,1,0,1,1,1,2,aleatorio
44,5,8,1,1,0,0,1,0,1,1,1,2,aleatorio
49,1,9,0,0,0,0,0,1,0,0,1,0,aleatorio
53,1,392,0,0,0,0,0,1,0,0,0,0,aleatorio
62,1,295,0,0,0,0,0,1,0,0,0,0,aleatorio
47,5,0,1,1,1,0,1,0,0,0,0,2,aleatorio
49,1,144,0,0,0,0,0,1,0,1,1,1,aleatorio
40,1,60,0,0,0,0,0,0,1,0,1,0,aleatorio
58,1,0,0,1,0,0,0,0,0,2,2,2,aleatorio
19,1,142,0,0,0,0,0,1,0,2,2,1,aleatorio
66,3,6,1,0,0,0,1,1,0,0,4,1,aleatorio
28,1,57,0,0,0,0,0,1,0,0,0,0,aleatorio
69,1,22,0,0,0,0,1,0,0,0,0,0,aleatorio
38,2,6,1,0,0,0,1,0,0,0,0,1,aleatorio
57,1,11,0,0,0,0,0,1,0,1,1,2,aleatorio
21,5,14,1,1,0,0,1,1,0,1,2,2,aleatorio
27,1,168,0,0,0,0,1,0,0,0,0,0,aleatorio
69,3,17,1,0,0,0,0,1,1,2,3,1,aleatorio
69,6,2,1,0,0,0,1,0,1,0,1,1,aleatorio
68,1,31,0,0,0,0,0,1,0,0,0,0,aleatorio
68,2,2,1,1,1,0,0,0,0,0,0,2,aleatorio
54,3,15,1,0,1,0,0,1,0,1,1,2,aleatorio
58,1,15,0,0,0,0,0,1,0,0,0,0,aleatorio
65,1,6,0,0,0,0,0,0,1,0,0,0,aleatorio
64,2,19,1,1,1,0,0,0,0,0,1,2,aleatorio
29,1,10,0,1,0,0,0,0,0,0,0,2,aleatorio
67,3,0,1,0,0,0,0,1,1,0,0,1,aleatorio
48,1,327,0,0,0,0,0,0,1,3,4,1,aleatorio
41,2,125,0,1,0,0,1,0,0,0,0,2,aleatorio
30,1,30,0,0,0,0,0,1,0,2,3,1,aleatorio
36,3,14,1,0,1,0,1,0,0,0,0,2,aleatorio
23,1,5,0,0,0,0,1,0,0,0,1,0,aleatorio
42,1,50,0,0,0,0,0,1,0,0,1,0,aleatorio
51,2,7,1,0,0,0,0,1,1,0,0,1,aleatorio
62,1,206,0,0,0,0,1,0,0,0,0,0,aleatorio
54,1,87,0,0,0,0,0,1,0,0,0,0,aleatorio
48,2,44,0,0,0,0,0,1,0,0,0,0,aleatorio
50,2,183,0,0,1,1,0,0,0,1,1,2,aleatorio
52,1,1,0,0,0,1,0,0,0,0,0,1,aleatorio
36,4,10,1,0,0,0,1,1,1,0,0,1,aleatorio
29,3,16,1,0,0,0,1,1,1,1,1,1,aleatorio
60,1,8,0,0,0,0,0,1,0,3,4,2,aleatorio
41,1,2,0,0,0,1,0,0,0,0,0,1,aleatorio
56,2,2,1,0,0,0,0,0,1,0,0,1,aleatorio
38,4,2,1,1,0,1,1,0,0,0,0,2,aleatorio
20,3,0,1,0,1,0,0,1,1,0,0,2,aleatorio
50,1,32,0,0,0,1,0,0,0,0,0,1,aleatorio
43,1,79,0,0,0,1,0,0,0,0,1,1,aleatorio
36,1,132,0,0,0,0,1,0,0,1,2,1,aleatorio
27,2,0,1,0,0,0,0,0,1,0,0,1,aleatorio
53,1,45,0,0,0,0,1,0,0,1,2,1,aleatorio
30,1,6,0,0,0,0,0,1,0,0,0,0,aleatorio
60,4,10,1,1,0,0,1,1,1,2,2,2,aleatorio
41,1,172,0,0,0,0,0,0,1,0,0,0,aleatorio
25,1,30,0,0,0,0,0,0,1,0,0,0,aleatorio
35,0,999,0,0,0,0,0,0,0,2,2,1,aleatorio
69,1,219,0,0,0,0,0,0,1,0,1,0,aleatorio
24,3,13,1,1,0,1,0,0,0,3,3,2,aleatorio
49,4,10,1,1,1,0,1,0,1,0,0,2,aleatorio
50,1,42,0,0,0,0,1,0,0,0,0,0,aleatorio
53,1,57,0,0,0,0,0,0,1,0,0,0,aleatorio
30,1,16,0,0,1,0,0,0,0,3,3,2,aleatorio
54,1,4,0,1,0,0,0,0,0,0,0,2,aleatorio
69,1,300,0,0,0,0,0,0,1,1,1,1,aleatorio
59,5,0,1,1,0,1,1,1,1,0,0,2,aleatorio
58,3,19,1,1,0,0,1,1,0,0,0,2,aleatorio
38,1,165,0,0,0,0,0,1,0,0,0,0,aleatorio
64,6,10,1,0,0,1,1,1,1,0,0,2,aleatorio
24,2,37,0,0,0,0,0,0,1,0,0,0,aleatorio
53,2,9,1,0,0,0,0,1,0,0,0,1,aleatorio
43,1,11,0,0,0,1,0,0,0,0,0,1,aleatorio
27,2,40,0,0,0,0,0,0,1,0,0,0,aleatorio
60,1,42,0,0,0,0,0,0,1,0,0,0,aleatorio
25,1,9,0,1,0,0,0,0,0,1,2,2,aleatorio
43,1,282,0,0,0,1,0,0,0,2,2,1,aleatorio
59,1,382,0,0,0,1,0,0,0,0,0,1,aleatorio
53,4,7,1,0,1,1,0,1,0,0,1,2,aleatorio
21,1,255,0,0,0,0,0,1,0,0,0,0,aleatorio
23,1,57,0,0,0,0,1,0,0,0,0,0,aleatorio
62,2,227,0,0,1,0,0,1,0,1,1,2,aleatorio
66,1,14,0,0,0,1,0,0,0,0,0,1,aleatorio
57,1,55,0,0,0,0,0,0,1,1,3,1,aleatorio
42,2,57,0,0,0,1,0,0,1,4,4,1,aleatorio
32,1,0,0,0,0,0,0,1,0,0,0,0,aleatorio
37,2,1,1,0,0,0,1,0,0,0,1,1,aleatorio
47,1,12,0,0,0,0,0,0,1,2,2,2,aleatorio
30,1,259,0,0,0,0,0,0,1,0,0,0,aleatorio
56,1,23,0,0,0,0,1,0,0,1,1,1,aleatorio
38,1,8,0,0,0,0,0,0,1,0,0,0,aleatorio
54,3,14,1,0,0,1,1,0,0,0,0,2,aleatorio
29,1,359,0,0,0,0,0,1,0,0,0,0,aleatorio
31,5,9,1,0,0,0,1,0,1,0,0,1,aleatorio
36,4,10,1,0,1,0,1,0,1,0,0,2,aleatorio
69,1,19,0,0,0,0,0,0,1,0,0,0,aleatorio
70,1,18,0,0,0,0,0,0,1,0,0,0,aleatorio
45,1,358,0,0,0,1,0,0,0,0,1,1,aleatorio
47,2,0,1,1,0,1,0,0,0,0,0,2,aleatorio
41,1,113,0,0,0,0,1,0,0,0,1,0,aleatorio
57,4,12,1,1,1,0,0,0,0,0,0,2,aleatorio
32,1,45,0,0,0,1,0,0,0,0,0,1,aleatorio
35,1,76,0,0,0,0,0,1,0,2,3,1,aleatorio
38,4,34,0,1,1,1,0,0,0,2,3,2,aleatorio
18,1,41,0,0,0,0,0,1,0,2,2,1,aleatorio
56,0,999,0,0,0,0,0,0,0,1,2,1,aleatorio
39,3,9,1,0,1,1,1,0,0,0,0,2,aleatorio
68,1,77,0,0,0,0,0,0,1,0,0,0,aleatorio
52,1,184,0,0,0,0,0,1,0,0,0,0,aleatorio
38,3,14,1,0,0,0,1,1,0,0,0,1,aleatorio
29,1,30,0,0,0,0,0,1,0,1,1,1,aleatorio
44,3,5,1,0,1,0,0,1,0,0,0,2,aleatorio
31,3,35,0,0,0,0,1,0,1,0,0,0,aleatorio
39,1,9,0,0,0,0,0,0,1,0,0,0,aleatorio
33,3,1,1,0,1,1,0,0,0,1,1,2,aleatorio
63,1,34,0,0,0,0,1,0,0,0,0,0,aleatorio
47,1,32,0,0,0,1,0,0,0,0,0,1,aleatorio
18,6,9,1,1,0,1,1,1,0,1,1,2,aleatorio
64,1,43,0,0,0,0,0,1,0,0,0,0,aleatorio
19,1,13,0,0,0,0,0,0,1,0,0,0,aleatorio
63,1,7,0,0,0,1,0,0,0,0,0,1,aleatorio
31,2,44,0,0,0,0,1,1,0,2,3,1,aleatorio
27,1,5,0,0,0,0,0,1,0,0,0,0,aleatorio
35,3,12,1,0,0,0,1,1,0,0,0,1,aleatorio
56,1,48,0,0,0,0,0,0,1,0,0,0,aleatorio
50,1,6,0,0,0,0,1,0,0,0,0,0,aleatorio
28,3,3,1,0,1,0,1,0,1,0,0,2,aleatorio
32,1,16,0,0,0,0,1,0,0,1,1,1,aleatorio
67,2,224,0,0,0,1,0,0,1,0,0,1,aleatorio
23,1,43,0,0,0,0,1,0,0,0,2,0,aleatorio
43,1,1,0,0,0,1,0,0,0,2,3,2,aleatorio
34,5,15,1,0,0,0,1,0,1,0,0,1,aleatorio
38,1,310,0,0,0,1,0,0,0,0,0,1,aleatorio
37,1,153,0,0,0,0,0,0,1,0,0,0,aleatorio
22,3,34,0,0,0,1,0,1,1,1,1,1,aleatorio
57,3,13,1,0,1,1,1,0,0,0,0,2,aleatorio
51,1,224,0,0,0,0,0,0,1,0,0,0,aleatorio
53,2,7,1,0,0,0,1,0,1,1,1,2,aleatorio
56,6,0,1,1,1,0,1,1,1,1,1,2,aleatorio
21,2,34,0,0,0,0,0,1,0,0,0,0,aleatorio
28,2,18,1,0,0,0,1,0,0,0,0,1,aleatorio
21,3,1,1,0,0,0,1,0,1,0,0,1,aleatorio
67,2,15,1,0,0,0,0,1,0,0,0,1,aleatorio
66,2,27,1,0,1,0,0,1,0,0,1,2,aleatorio
35,1,2,0,0,0,0,1,0,0,0,0,0,aleatorio
32,1,6,0,0,0,1,0,0,0,0,0,1,aleatorio
59,3,36,0,0,0,1,0,0,1,0,0,1,aleatorio
52,2,65,0,0,0,0,1,0,1,1,1,1,aleatorio
35,1,112,0,0,0,0,1,0,0,1,2,1,aleatorio
55,1,15,0,0,0,0,0,0,1,1,1,2,aleatorio
58,2,61,0,0,0,1,0,1,0,0,0,1,aleatorio
30,2,1,1,0,1,0,1,0,0,2,2,2,aleatorio
66,3,3,1,0,1,0,0,0,1,0,0,2,aleatorio
70,2,14,1,0,0,0,1,1,0,0,0,1,aleatorio
31,2,279,0,0,0,0,1,0,0,0,1,0,aleatorio
68,1,7,0,0,0,0,1,0,0,0,0,0,aleatorio
21,1,2,0,0,0,0,1,0,0,2,3,2,aleatorio
27,5,0,1,1,0,1,1,0,1,0,0,2,aleatorio
28,3,20,1,0,0,1,0,1,1,1,2,2,aleatorio
34,3,16,1,0,1,0,1,1,0,2,3,2,aleatorio
33,3,1,1,0,0,1,1,0,1,0,0,2,aleatorio
48,2,41,0,0,0,0,0,1,0,0,0,0,aleatorio
64,1,292,0,0,0,0,0,1,0,1,1,1,aleatorio
26,1,9,0,0,0,0,0,1,0,0,0,0,aleatorio
29,3,6,1,0,0,0,1,1,0,0,0,1,aleatorio
66,3,39,0,1,0,1,0,0,1,0,0,2,aleatorio
38,2,48,0,0,0,1,0,0,1,3,4,1,aleatorio
41,1,28,0,0,0,0,0,1,0,0,0,0,aleatorio
65,4,5,1,0,1,1,0,1,0,0,0,2,aleatorio
32,2,1,1,1,0,0,0,1,0,3,3,2,aleatorio
68,2,34,0,0,0,1,1,0,0,0,0,1,aleatorio
65,1,258,0,0,0,0,0,0,1,1,1,1,aleatorio
38,6,12,1,0,1,1,1,0,1,0,0,2,aleatorio
39,1,10,0,0,0,1,0,0,0,0,0,1,aleatorio
60,3,44,0,0,0,0,1,1,1,0,1,0,aleatorio
48,3,3,1,0,0,1,0,1,1,0,0,2,aleatorio
28,2,9,1,0,0,0,0,1,1,0,0,1,aleatorio
22,1,32,0,0,0,0,0,0,1,0,1,0,aleatorio
38,1,378,0,0,0,0,0,1,0,0,0,0,aleatorio
29,2,16,1,1,0,0,1,0,0,0,0,2,aleatorio
29,6,1,1,1,1,1,0,1,1,0,1,2,aleatorio
35,2,15,1,0,0,1,0,1,0,0,0,2,aleatorio
42,6,13,1,0,0,1,1,1,0,0,0,2,aleatorio
43,2,202,0,0,0,0,0,1,1,0,0,0,aleatorio
65,5,0,1,0,0,1,0,1,1,0,0,2,aleatorio
60,1,357,0,0,0,0,0,1,0,0,0,0,aleatorio
51,2,59,0,0,0,1,0,1,0,0,0,1,aleatorio
40,1,8,0,0,1,0,0,0,0,0,0,2,aleatorio
54,2,6,1,0,0,0,0,1,0,0,0,1,aleatorio
25,1,333,0,0,0,0,0,0,1,3,3,1,aleatorio
66,3,2,1,1,0,1,1,0,0,0,1,2,aleatorio
68,2,181,0,1,0,0,0,1,0,4,4,2,aleatorio
26,3,47,0,1,0,0,1,1,0,0,0,2,aleatorio
42,1,54,0,0,0,0,1,0,0,0,0,0,aleatorio
34,1,136,0,0,0,0,0,1,0,0,0,0,aleatorio
58,1,18,0,0,0,0,0,1,0,0,0,0,aleatorio
35,3,7,1,0,0,1,0,0,1,1,1,2,aleatorio
43,5,11,1,0,0,0,1,1,1,0,0,1,aleatorio
61,5,9,1,1,0,1,1,1,1,0,0,2,aleatorio
31,1,160,0,0,0,0,0,1,0,2,3,1,aleatorio
64,1,60,0,0,0,1,0,0,0,1,3,1,aleatorio
22,1,251,0,0,0,0,0,0,1,0,0,0,aleatorio
46,2,6,1,0,0,0,1,1,0,0,0,1,aleatorio
50,2,33,0,0,0,0,1,1,0,3,3,1,aleatorio
46,6,3,1,0,0,1,0,1,1,1,1,2,aleatorio
20,2,3,1,0,0,1,0,0,1,0,0,2,aleatorio
19,2,5,1,0,0,0,0,1,1,0,0,1,aleatorio
22,2,9,1,1,0,1,0,0,0,1,1,2,aleatorio
19,2,4,1,0,1,0,0,0,1,0,1,2,aleatorio
21,1,251,0,0,0,0,1,0,0,0,1,0,aleatorio
53,1,360,0,0,0,0,0,0,1,1,1,1,aleatorio
28,2,338,0,1,0,0,1,0,0,0,0,2,aleatorio
43,2,37,0,0,0,0,1,1,0,1,1,1,aleatorio
58,1,396,0,0,0,0,1,0,0,0,0,0,aleatorio
57,3,15,1,0,0,0,1,1,0,0,0,1,aleatorio
18,4,13,1,1,0,1,0,1,0,0,1,2,aleatorio
57,1,94,0,0,0,1,0,0,0,1,2,1,aleatorio
61,1,6,0,0,0,0,1,0,0,0,0,0,aleatorio
38,3,57,0,1,1,0,0,0,0,0,0,2,aleatorio
43,1,46,0,1,0,0,0,0,0,2,3,2,aleatorio
26,1,13,0,0,1,0,0,0,0,0,0,2,aleatorio
60,1,7,0,0,0,1,0,0,0,0,0,1,aleatorio
65,1,137,0,0,0,0,1,0,0,1,2,1,aleatorio
40,3,8,1,0,0,0,1,0,1,0,0,1,aleatorio
28,2,58,0,0,0,0,1,0,1,0,1,0,aleatorio
43,6,3,1,1,1,0,0,1,1,0,0,2,aleatorio
62,6,10,1,1,1,1,1,1,0,0,2,2,aleatorio
67,1,51,0,0,0,0,0,0,1,0,0,0,aleatorio
55,1,181,0,0,0,0,0,1,0,0,0,0,aleatorio
26,5,2,1,1,0,0,1,1,0,0,0,2,aleatorio
53,3,10,1,0,0,0,0,1,0,0,0,1,aleatorio
67,2,9,1,0,1,0,1,0,0,0,0,2,aleatorio
37,1,13,0,0,0,0,0,1,0,0,0,0,aleatorio
60,2,1,1,0,0,0,0,1,1,0,0,1,aleatorio
28,4,15,1,0,0,0,1,1,1,0,0,1,aleatorio
40,3,31,0,0,0,0,0,1,1,0,0,0,aleatorio
26,1,240,0,0,0,0,0,1,0,0,0,0,aleatorio
39,2,70,0,0,0,1,1,0,0,2,2,1,aleatorio
36,2,7,1,0,0,0,1,0,0,0,0,1,aleatorio
53,5,0,1,0,0,0,1,1,1,0,0,1,aleatorio
59,1,281,0,0,0,0,1,0,0,0,1,0,aleatorio
24,2,107,0,0,0,0,0,0,1,0,0,0,aleatorio
44,3,23,1,0,0,0,1,1,1,0,0,1,aleatorio
58,1,146,0,0,0,1,0,0,0,0,0,1,aleatorio
30,5,2,1,0,0,0,1,1,1,0,0,1,aleatorio
33,2,164,0,0,0,0,1,0,0,0,0,0,aleatorio
30,1,5,0,0,0,0,0,0,1,0,0,0,aleatorio
42,2,42,0,0,0,0,1,0,1,1,2,1,aleatorio
66,2,11,1,0,0,0,0,1,0,0,0,1,aleatorio
26,1,70,0,0,0,0,0,1,0,0,1,0,aleatorio
57,1,46,0,0,0,0,0,1,0,0,0,0,aleatorio
27,1,209,0,0,0,0,0,0,1,0,0,0,aleatorio
49,2,49,0,1,0,1,0,0,0,2,3,2,aleatorio
20,3,93,0,0,0,1,0,0,1,0,0,1,aleatorio
28,1,45,0,0,0,0,0,0,1,0,0,0,aleatorio
58,1,132,0,0,0,0,0,1,0,0,0,0,aleatorio
67,1,129,0,0,0,0,0,1,0,1,1,1,aleatorio
62,1,47,0,0,0,1,0,0,0,3,3,1,aleatorio
63,1,153,0,0,1,0,0,0,0,2,4,2,aleatorio
68,2,0,1,1,0,0,0,0,0,0,0,2,aleatorio
52,2,170,0,0,0,0,1,0,0,0,0,0,aleatorio
62,2,7,1,0,0,0,1,1,0,0,0,1,aleatorio
24,2,33,0,0,0,0,0,1,1,0,0,0,aleatorio
22,1,17,0,0,0,0,0,0,1,0,0,0,aleatorio
18,4,34,0,0,0,0,1,1,1,0,0,0,aleatorio
70,6,1,1,0,0,1,0,1,1,0,0,2,aleatorio
28,1,2,0,0,0,0,1,0,0,0,0,0,aleatorio
37,1,368,0,0,0,0,0,0,1,2,3,1,aleatorio
63,2,37,0,0,0,1,1,0,0,2,2,1,aleatorio
18,6,5,1,0,0,1,1,0,0,0,0,2,aleatorio
46,1,24,0,0,0,0,0,1,0,0,0,0,aleatorio
58,1,7,0,1,0,0,0,0,0,0,0,2,aleatorio
69,3,0,1,0,0,0,1,1,0,0,0,1,aleatorio
58,2,42,0,0,0,0,1,0,1,0,0,0,aleatorio
70,2,112,0,0,0,0,1,0,0,0,0,0,aleatorio
41,1,15,0,1,0,0,0,0,0,0,0,2,aleatorio
60,1,35,0,0,0,0,0,1,0,0,0,0,aleatorio
31,2,111,0,0,0,0,0,1,1,0,0,0,aleatorio
46,1,4,0,0,0,0,0,1,0,0,1,0,aleatorio
66,2,3,1,0,0,1,0,0,0,0,0,2,aleatorio
68,1,34,0,0,0,0,0,1,0,0,0,0,aleatorio
64,6,0,1,1,1,0,0,1,0,1,2,2,aleatorio
35,1,58,0,0,0,0,1,0,0,0,0,0,aleatorio
56,2,15,1,0,0,1,0,1,0,0,2,2,aleatorio
69,3,20,1,0,0,1,0,0,1,0,1,2,aleatorio
57,2,0,1,0,0,0,0,1,1,1,1,2,aleatorio
41,6,7,1,1,0,1,0,1,1,0,0,2,aleatorio
69,3,255,0,0,0,1,1,0,1,0,0,1,aleatorio
46,1,59,0,0,0,0,0,1,0,0,0,0,aleatorio
24,5,11,1,0,0,1,1,1,1,0,0,2,aleatorio
61,1,40,0,0,0,1,0,0,0,0,0,1,aleatorio
24,3,11,1,0,0,0,1,0,1,0,2,1,aleatorio
59,1,16,0,0,0,0,0,0,1,0,0,0,aleatorio
65,1,244,0,0,0,0,0,0,1,0,1,0,aleatorio
47,1,330,0,0,0,0,0,1,0,0,0,0,aleatorio
26,6,13,1,1,0,0,1,1,1,1,1,2,aleatorio
51,1,34,0,0,0,0,0,1,0,0,1,0,aleatorio
25,1,20,0,0,0,1,0,0,0,0,0,1,aleatorio
53,1,318,0,0,0,0,1,0,0,0,0,0,aleatorio
54,3,43,0,0,0,1,0,1,0,0,0,1,aleatorio
52,1,99,0,0,0,0,0,1,0,0,0,0,aleatorio
30,2,11,1,0,1,0,0,0,1,1,1,2,aleatorio
42,2,8,1,0,0,0,1,1,0,0,1,1,aleatorio
41,3,34,0,0,1,0,1,0,1,0,0,2,aleatorio
23,1,66,0,0,0,0,0,1,0,0,0,0,aleatorio
62,2,5,1,0,0,0,1,0,0,1,1,2,aleatorio
24,3,0,1,0,0,0,1,0,0,0,0,1,aleatorio
52,2,0,1,0,0,0,1,1,0,0,0,1,aleatorio
37,3,7,1,1,0,0,1,0,1,0,0,2,aleatorio
41,3,4,1,1,0,0,0,1,0,2,2,2,aleatorio
61,1,4,0,0,0,1,0,0,0,0,0,1,aleatorio
50,1,35,0,0,0,0,0,1,0,0,0,0,aleatorio
68,3,4,1,0,1,1,1,0,0,1,1,2,aleatorio
24,1,24,0,0,0,0,1,0,0,0,1,0,aleatorio
21,1,16,0,0,0,0,0,1,0,1,2,1,aleatorio
62,1,31,0,0,0,0,1,0,0,0,0,0,aleatorio
62,1,45,0,0,0,0,1,0,0,0,0,0,aleatorio
19,3,10,1,0,1,0,1,1,0,1,1,2,aleatorio
44,5,4,1,0,1,1,0,1,1,3,3,2,aleatorio
60,3,1,1,1,0,0,0,1,0,0,0,2,aleatorio
64,4,0,1,1,0,0,1,1,1,0,1,2,aleatorio
40,2,244,0,0,0,0,1,1,0,0,0,0,aleatorio
37,1,31,0,0,0,0,0,1,0,0,0,0,aleatorio
70,1,4,0,0,0,0,0,1,0,0,0,0,aleatorio
47,1,210,0,0,0,0,0,1,0,0,0,0,aleatorio
33,1,362,0,0,0,1,0,0,0,0,0,1,aleatorio
31,1,168,0,0,0,0,1,0,0,0,0,0,aleatorio
22,1,47,0,0,0,0,0,1,0,0,0,0,aleatorio
54,6,5,1,0,1,1,1,1,1,0,0,2,aleatorio
32,3,26,1,1,0,0,0,1,1,0,0,2,aleatorio
65,2,26,1,0,0,0,1,1,0,0,0,1,aleatorio
65,2,39,0,0,0,0,0,1,1,4,4,1,aleatorio
59,1,10,0,0,0,0,0,1,0,0,0,0,aleatorio
45,5,5,1,1,0,0,0,1,0,1,1,2,aleatorio
24,3,60,0,0,0,0,0,1,1,0,0,0,aleatorio
64,4,11,1,0,0,1,0,1,1,1,2,2,aleatorio
61,1,226,0,0,0,0,0,0,1,2,2,1,aleatorio
64,1,9,0,0,0,0,1,0,0,0,1,0,aleatorio
34,1,47,0,0,0,0,0,1,0,2,2,1,aleatorio
58,2,110,0,0,0,0,0,1,0,1,1,1,aleatorio
54,2,40,0,0,0,1,0,1,0,0,1,1,aleatorio
70,6,8,1,0,0,1,1,1,0,1,3,2,aleatorio
27,2,102,0,0,0,0,1,1,0,1,1,1,aleatorio
65,1,347,0,0,0,0,0,1,0,0,0,0,aleatorio
51,1,11,0,0,0,0,0,1,0,0,0,0,aleatorio
53,1,261,0,0,0,0,1,0,0,0,0,0,aleatorio
37,2,0,1,0,0,0,0,1,0,0,0,1,aleatorio
33,0,999,0,0,0,0,0,0,0,2,3,1,aleatorio
31,1,350,0,0,0,0,1,0,0,0,0,0,aleatorio
32,3,17,1,0,0,0,0,1,0,0,0,1,aleatorio
22,2,28,1,0,0,0,0,1,1,0,0,1,aleatorio
45,6,15,1,0,0,1,0,1,1,0,0,2,aleatorio
21,5,8,1,0,0,0,1,1,0,0,0,1,aleatorio
52,2,49,0,0,0,1,1,0,0,0,0,1,aleatorio
29,1,25,0,0,0,1,0,0,0,0,0,1,aleatorio
60,4,10,1,1,0,1,0,0,1,0,0,2,aleatorio
54,4,48,0,0,1,0,1,1,0,0,0,2,aleatorio
19,1,1,0,0,0,0,0,1,0,0,0,0,aleatorio
70,1,321,0,1,0,0,0,0,0,0,0,2,aleatorio
31,1,14,0,0,0,1,0,0,0,0,1,1,aleatorio
46,5,0,1,1,0,1,1,1,1,3,3,2,aleatorio
59,1,36,0,0,0,0,0,1,0,1,1,1,aleatorio
28,1,252,0,0,0,0,0,1,0,0,0,0,aleatorio
62,5,8,1,1,1,0,1,1,1,0,0,2,aleatorio
50,3,2,1,0,1,0,1,0,0,0,0,2,aleatorio
64,1,8,0,0,0,0,0,0,1,0,0,0,aleatorio
30,1,395,0,0,0,0,0,0,1,0,0,0,aleatorio
34,2,4,1,0,0,0,1,1,0,0,0,1,aleatorio
23,1,200,0,0,0,0,0,0,1,0,0,0,aleatorio
68,1,395,0,1,0,0,0,0,0,0,0,2,aleatorio
60,1,54,0,0,0,1,0,0,0,0,0,1,aleatorio
56,3,10,1,0,0,1,1,0,1,1,1,2,aleatorio
22,6,0,1,1,0,1,1,0,0,1,1,2,aleatorio
22,3,0,1,1,0,0,1,0,1,0,0,2,aleatorio
56,1,44,0,0,0,0,0,1,0,0,0,0,aleatorio
38,4,6,1,0,1,1,0,0,0,1,1,2,aleatorio
29,1,5,0,0,0,0,1,0,0,1,1,2,aleatorio
55,4,5,1,1,0,1,1,1,0,0,0,2,aleatorio
51,1,206,0,0,0,0,0,1,0,0,0,0,aleatorio
69,1,13,0,0,0,0,0,0,1,2,3,2,aleatorio
34,2,13,1,0,1,0,0,0,0,2,2,2,aleatorio
27,2,21,1,0,0,1,0,1,0,1,1,2,aleatorio
21,4,21,1,0,0,0,0,1,1,0,0,1,aleatorio
32,1,1,0,0,0,0,0,1,0,0,0,0,aleatorio
37,2,1,1,0,0,0,0,1,0,0,0,1,aleatorio
65,6,9,1,0,1,1,1,1,1,2,2,2,aleatorio
30,3,8,1,0,0,0,1,1,1,0,0,1,aleatorio
63,4,0,1,1,1,0,0,1,1,0,0,2,aleatorio
56,1,259,0,0,0,0,0,0,1,0,0,0,aleatorio
69,1,103,0,0,0,0,0,1,0,0,2,0,aleatorio
37,2,6,1,0,0,0,1,0,0,0,0,1,aleatorio
35,1,22,0,0,0,1,0,0,0,0,0,1,aleatorio
67,1,10,0,0,0,1,0,0,0,0,0,1,aleatorio
59,2,9,1,0,0,0,0,1,0,0,0,1,aleatorio
48,6,9,1,1,1,1,1,0,0,0,0,2,aleatorio
59,2,13,1,0,0,0,1,1,0,0,0,1,aleatorio
37,1,30,0,0,0,0,1,0,0,0,0,0,aleatorio
19,5,16,1,0,1,1,1,1,0,0,0,2,aleatorio
37,3,13,1,0,1,1,0,0,0,0,0,2,aleatorio
46,3,8,1,1,0,1,1,0,0,0,0,2,aleatorio
21,2,8,1,0,0,0,0,0,1,0,0,1,aleatorio
21,3,10,1,0,0,0,1,1,1,0,1,1,aleatorio
30,2,60,0,1,0,0,0,0,1,1,1,2,aleatorio
56,2,2,1,0,1,0,0,1,0,0,2,2,aleatorio
66,1,257,0,0,0,0,0,0,1,0,0,0,aleatorio
31,2,217,0,0,0,0,1,1,0,0,0,0,aleatorio
64,2,4,1,0,1,0,0,1,0,0,1,2,aleatorio
47,2,8,1,1,0,0,0,1,0,0,0,2,aleatorio
48,1,31,0,0,0,0,1,0,0,0,0,0,aleatorio
37,2,30,1,0,0,0,0,1,1,0,0,1,aleatorio
19,1,174,0,0,0,0,0,0,1,3,3,1,aleatorio
31,2,179,0,0,0,0,0,1,0,2,4,1,aleatorio
43,2,125,0,0,0,1,0,0,1,0,0,1,aleatorio
60,2,75,0,0,0,0,1,1,0,0,0,0,aleatorio
40,1,41,0,0,0,0,0,1,0,0,0,0,aleatorio
67,3,28,1,0,1,0,1,0,0,0,0,2,aleatorio
47,1,60,0,0,0,1,0,0,0,0,0,1,aleatorio
69,1,13,0,0,0,0,0,0,1,0,1,0,aleatorio
24,1,4,0,1,0,0,0,0,0,0,0,2,aleatorio
48,6,13,1,0,0,0,1,1,0,1,1,2,aleatorio
57,1,313,0,0,0,0,1,0,0,0,0,0,aleatorio
48,1,184,0,0,0,0,0,0,1,1,2,1,aleatorio
25,2,43,0,0,0,0,0,1,1,0,0,0,aleatorio
60,0,999,0,0,0,0,0,0,0,2,2,1,aleatorio
47,3,31,0,0,0,1,0,1,0,0,0,1,aleatorio
22,2,12,1,0,0,0,0,1,0,0,0,1,aleatorio
54,3,42,0,1,0,1,1,0,0,0,0,2,aleatorio
