idade,qtd_ocorrencias_totais,dias_desde_ultima_ocorrencia,frequencia_aumentou,teve_viol_fisica,teve_viol_sexual,teve_ameaca,teve_viol_psicologica,teve_viol_moral,teve_viol_patrimonial,qtd_panico_acionado,qtd_panico_todos,nivel_risco,origem,nivel_gabarito
64,1,396,0,0,0,0,0,1,0,0,0,0,aleatorio,0
56,2,30,1,1,0,0,0,1,0,0,0,2,aleatorio,2
69,2,9,1,0,1,0,0,1,0,3,3,2,aleatorio,2
24,2,13,1,0,0,0,0,1,1,0,0,1,aleatorio,1
45,2,7,1,1,0,0,0,0,1,0,0,0,aleatorio,2
44,2,61,0,0,0,0,1,0,1,1,2,1,aleatorio,1
48,1,386,0,0,0,0,0,0,1,0,0,0,aleatorio,0
20,6,4,1,1,0,0,1,1,0,1,2,2,aleatorio,2
22,6,1,1,1,1,1,1,0,1,0,0,1,aleatorio,2
37,1,21,0,0,0,0,0,1,0,1,1,1,aleatorio,1
27,1,37,0,1,0,0,0,0,0,0,0,2,aleatorio,2
28,2,0,1,0,0,0,1,0,1,0,0,1,aleatorio,1
39,6,5,1,0,1,0,1,0,1,0,0,2,aleatorio,2
31,1,20,0,0,0,0,0,1,0,2,2,0,aleatorio,1
45,1,12,0,0,0,0,1,0,0,0,0,0,aleatorio,0
43,6,2,1,0,1,0,1,1,1,1,1,2,aleatorio,2
45,2,3,1,0,0,1,0,1,0,0,0,2,aleatorio,2
35,3,15,1,0,0,1,1,0,0,1,1,2,aleatorio,2
62,1,46,0,0,0,0,0,1,0,0,0,0,aleatorio,0
33,6,7,1,0,0,0,1,1,1,0,1,1,aleatorio,1
60,4,10,1,0,0,0,1,0,1,0,0,1,aleatorio,1
65,5,6,1,0,1,0,1,1,0,0,1,0,aleatorio,2
60,3,13,1,1,0,1,0,0,1,0,0,2,aleatorio,2
31,1,261,0,0,0,0,0,1,0,0,1,0,aleatorio,0
40,3,45,0,1,1,0,0,0,1,0,0,2,aleatorio,2
54,2,26,1,0,0,0,1,0,1,0,1,0,aleatorio,1
22,2,9,1,0,1,0,0,1,0,0,0,2,aleatorio,2
28,3,34,0,1,0,0,0,1,0,0,0,2,aleatorio,2
70,3,23,1,0,0,0,1,1,0,0,0,1,aleatorio,1
36,4,5,1,0,0,0,1,1,1,0,0,1,aleatorio,1
19,1,52,0,0,0,0,1,0,0,1,1,1,aleatorio,1
69,1,239,0,0,0,0,0,1,0,0,0,0,aleatorio,0
36,1,50,0,0,0,0,1,0,0,0,0,1,aleatorio,0
18,3,21,1,1,0,1,1,0,0,0,1,2,aleatorio,2
43,2,13,1,0,0,0,0,1,1,0,0,1,aleatorio,1
41,1,26,0,0,0,0,0,1,0,0,0,0,aleatorio,0
43,1,8,0,0,0,0,1,0,0,0,0,0,aleatorio,0
53,1,5,0,0,0,0,0,0,1,0,0,0,aleatorio,0
42,1,38,0,0,0,0,0,0,1,1,1,1,aleatorio,1
22,1,216,0,0,0,0,1,0,0,0,0,0,aleatorio,0
50,1,14,0,0,0,0,1,0,0,0,0,0,aleatorio,0
60,1,12,0,1,0,0,0,0,0,0,0,2,aleatorio,2
22,1,0,0,0,0,0,0,0,1,0,0,0,aleatorio,0
26,4,15,1,1,0,0,0,0,1,3,3,2,aleatorio,2
41,1,29,0,0,0,0,0,0,1,0,0,2,aleatorio,0
37,1,9,0,0,0,0,1,0,0,0,0,0,aleatorio,0
68,2,41,0,0,0,0,0,1,0,0,1,0,aleatorio,0
65,6,5,1,0,0,0,1,1,1,1,2,2,aleatorio,2
48,1,199,0,0,0,0,0,1,0,0,0,0,aleatorio,0
58,5,5,1,1,0,1,1,0,0,0,0,2,aleatorio,2
26,2,0,1,0,1,1,0,0,0,0,0,2,aleatorio,2
29,1,14,0,0,0,0,0,0,1,0,0,0,aleatorio,0
61,4,8,1,0,0,0,0,1,1,0,0,1,aleatorio,1
69,2,0,1,0,0,1,0,0,0,0,0,0,aleatorio,2
68,3,60,0,0,1,1,0,1,0,1,1,2,aleatorio,2
63,2,10,1,1,0,0,0,0,1,0,0,2,aleatorio,2
59,3,8,1,0,1,0,1,0,0,2,3,2,aleatorio,2
49,1,30,0,0,0,0,1,0,0,1,1,1,aleatorio,1
41,6,27,1,0,0,1,1,1,1,1,2,1,aleatorio,2
29,4,45,0,0,1,0,1,1,0,0,0,2,aleatorio,2
51,0,999,0,0,0,0,0,0,0,3,4,1,aleatorio,1
66,1,1,0,0,1,0,0,0,0,2,3,2,aleatorio,2
19,3,3,1,0,1,1,1,0,0,0,0,2,aleatorio,2
22,2,7,1,1,0,0,1,0,0,0,0,2,aleatorio,2
19,1,294,0,0,0,0,0,0,1,0,0,0,aleatorio,0
54,1,0,0,0,0,0,1,0,0,0,0,0,aleatorio,0
53,2,25,1,0,0,1,0,0,1,0,0,2,aleatorio,2
64,2,45,0,0,0,0,0,1,1,0,0,0,aleatorio,0
22,2,5,1,0,0,0,1,1,0,0,0,1,aleatorio,1
42,1,46,0,0,0,0,0,0,1,0,0,0,aleatorio,0
49,1,3,0,0,0,0,0,0,1,0,0,2,aleatorio,0
33,3,7,1,1,0,1,1,0,0,4,4,2,aleatorio,2
38,1,39,0,0,0,0,0,1,0,0,0,0,aleatorio,0
59,1,52,0,0,0,0,0,1,0,0,0,0,aleatorio,0
29,2,8,1,0,0,0,1,0,1,0,0,1,aleatorio,1
46,3,4,1,0,1,0,1,0,1,0,0,2,aleatorio,2
62,1,36,0,0,0,1,0,0,0,0,0,1,aleatorio,1
34,1,27,0,0,0,0,1,0,0,0,0,0,aleatorio,0
51,6,6,1,1,1,1,0,1,1,0,0,2,aleatorio,2
63,6,11,1,1,0,1,1,0,1,0,0,2,aleatorio,2
59,2,31,0,1,0,0,0,0,1,0,0,0,aleatorio,2
26,2,51,0,0,0,0,1,0,0,0,0,0,aleatorio,0
61,2,6,1,0,0,0,1,0,0,0,1,1,aleatorio,1
37,2,4,1,0,0,0,0,0,1,0,1,1,aleatorio,1
45,4,47,0,0,1,0,0,1,1,1,1,2,aleatorio,2
20,2,6,1,0,0,0,1,1,0,0,0,1,aleatorio,1
37,1,41,0,0,0,0,0,0,1,0,0,0,aleatorio,0
60,2,37,0,0,0,1,0,0,1,1,1,1,aleatorio,1
69,1,259,0,0,0,0,0,0,1,0,0,0,aleatorio,0
27,3,3,1,0,0,0,1,0,1,0,0,1,aleatorio,1
47,1,97,0,0,0,0,1,0,0,2,2,1,aleatorio,1
60,3,15,1,0,0,0,1,1,1,0,0,1,aleatorio,1
50,1,194,0,0,0,0,0,1,0,0,0,0,aleatorio,0
57,1,24,0,0,0,0,0,0,1,0,0,0,aleatorio,0
49,2,1,1,0,0,0,1,1,0,0,0,1,aleatorio,1
61,1,12,0,0,0,0,0,0,1,0,0,0,aleatorio,0
55,1,12,0,0,0,0,0,0,1,0,0,0,aleatorio,0
36,2,223,0,0,0,0,1,1,0,0,0,0,aleatorio,0
55,4,40,0,1,1,1,0,0,0,0,0,2,aleatorio,2
67,5,6,1,0,0,0,1,1,0,0,0,0,aleatorio,1
28,1,6,0,1,0,0,0,0,0,0,0,2,aleatorio,2
43,4,13,1,1,1,0,1,0,0,0,0,2,aleatorio,2
29,2,35,0,0,0,0,1,0,0,0,0,0,aleatorio,0
28,3,3,1,0,0,0,1,1,0,0,0,1,aleatorio,1
42,2,0,1,0,0,0,0,1,1,0,0,1,aleatorio,1
42,2,78,0,0,0,0,1,1,0,1,1,1,aleatorio,1
59,2,3,1,1,0,1,0,0,0,0,0,2,aleatorio,2
66,2,164,0,0,0,1,1,0,0,0,1,1,aleatorio,1
34,6,9,1,0,1,1,1,1,0,3,3,2,aleatorio,2
18,2,41,0,0,0,1,1,0,0,0,0,1,aleatorio,1
52,3,9,1,0,0,0,1,1,0,0,0,1,aleatorio,1
24,1,44,0,1,0,0,0,0,0,1,1,2,aleatorio,2
59,0,999,0,0,0,0,0,0,0,2,2,1,aleatorio,1
37,1,270,0,0,0,0,1,0,0,0,0,0,aleatorio,0
28,2,2,1,1,1,0,0,0,0,3,4,2,aleatorio,2
67,5,1,1,0,0,0,1,1,0,1,1,2,aleatorio,2
69,1,54,0,0,0,0,0,0,1,0,0,0,aleatorio,0
19,1,325,0,0,0,0,1,0,0,4,4,1,aleatorio,1
18,1,53,0,0,0,0,0,0,1,0,0,2,aleatorio,0
49,5,3,1,0,0,1,1,1,0,0,0,2,aleatorio,2
46,1,16,0,0,0,0,0,1,0,0,0,0,aleatorio,0
39,1,5,0,0,0,0,1,0,0,0,0,0,aleatorio,0
61,1,14,0,0,0,0,0,0,1,0,0,1,aleatorio,0
18,2,21,1,0,1,1,0,0,0,1,3,2,aleatorio,2
66,2,6,1,0,0,0,0,1,1,0,1,1,aleatorio,1
29,3,60,0,0,0,1,0,0,1,0,0,1,aleatorio,1
64,4,1,1,1,0,0,1,1,0,1,3,2,aleatorio,2
64,1,132,0,0,0,0,0,1,0,0,0,0,aleatorio,0
20,1,3,0,0,0,1,0,0,0,0,0,2,aleatorio,1
29,1,17,0,0,0,0,0,0,1,0,0,0,aleatorio,0
59,3,3,1,0,0,0,1,0,1,0,0,1,aleatorio,1
69,1,0,0,0,0,0,0,0,1,0,1,0,aleatorio,0
65,2,37,0,0,0,0,1,1,0,0,0,0,aleatorio,0
37,2,4,1,0,1,1,0,0,0,0,0,2,aleatorio,2
63,2,133,0,0,0,0,1,0,0,1,1,1,aleatorio,1
57,1,354,0,0,0,0,0,1,0,3,3,1,aleatorio,1
22,3,84,0,0,0,1,1,0,0,0,0,1,aleatorio,1
44,4,7,1,1,0,0,1,1,0,0,0,2,aleatorio,2
66,3,8,1,1,0,0,0,1,0,0,1,2,aleatorio,2
44,1,279,0,0,0,0,1,0,0,0,0,0,aleatorio,0
27,5,3,1,1,1,1,0,1,0,0,0,2,aleatorio,2
27,1,41,0,0,0,0,0,1,0,1,1,1,aleatorio,1
57,1,20,0,0,0,0,0,0,1,0,0,0,aleatorio,0
49,3,50,0,1,0,1,1,0,0,0,0,1,aleatorio,2
61,2,0,1,0,0,1,0,1,0,0,0,2,aleatorio,2
21,1,44,0,0,0,0,0,1,0,0,0,0,aleatorio,0
37,1,2,0,0,0,0,0,0,1,3,4,2,aleatorio,2
56,2,28,1,0,0,0,0,0,1,4,4,1,aleatorio,1
26,3,4,1,1,0,1,0,1,0,1,2,2,aleatorio,2
29,1,336,0,0,0,1,0,0,0,0,0,1,aleatorio,1
67,1,36,0,0,0,0,0,0,1,0,0,0,aleatorio,0
36,3,4,1,0,0,0,1,1,1,0,1,1,aleatorio,1
56,6,0,1,0,1,0,1,1,1,0,0,2,aleatorio,2
37,2,57,0,0,1,0,0,1,0,1,1,2,aleatorio,2
55,1,35,0,0,0,0,1,0,0,1,1,1,aleatorio,1
46,1,20,0,0,0,0,0,1,0,0,0,0,aleatorio,0
18,4,10,1,0,1,0,1,0,1,4,4,2,aleatorio,2
34,1,313,0,0,0,0,0,1,0,0,0,0,aleatorio,0
65,1,13,0,0,0,0,0,0,1,0,0,0,aleatorio,0
41,3,12,1,1,1,0,1,0,0,1,1,2,aleatorio,2
19,6,7,1,0,0,0,0,0,1,0,0,1,aleatorio,1
60,3,6,1,0,0,0,0,1,0,0,0,1,aleatorio,1
36,1,41,0,0,0,0,0,0,1,0,0,0,aleatorio,0
29,1,360,0,0,0,0,0,0,1,0,0,0,aleatorio,0
22,2,2,1,0,0,0,1,1,0,0,1,1,aleatorio,1
69,1,11,0,0,0,0,0,1,0,0,0,0,aleatorio,0
69,1,55,0,1,0,0,0,0,0,0,0,2,aleatorio,2
36,4,16,1,0,1,0,1,0,1,0,0,2,aleatorio,2
19,1,12,0,0,0,0,0,1,0,0,0,0,aleatorio,0
18,1,1,0,0,0,0,1,0,0,0,0,0,aleatorio,0
51,1,141,0,0,0,1,0,0,0,2,3,1,aleatorio,1
49,1,71,0,0,0,0,0,1,0,0,1,0,aleatorio,0
32,1,363,0,0,0,0,0,0,1,0,0,0,aleatorio,0
60,1,17,0,0,0,0,0,0,1,0,0,0,aleatorio,0
70,5,4,1,0,0,0,1,0,1,0,0,1,aleatorio,1
31,3,27,1,0,1,0,0,0,0,0,0,2,aleatorio,2
26,1,285,0,0,0,1,0,0,0,0,0,1,aleatorio,1
66,3,0,1,1,1,1,0,0,0,0,0,2,aleatorio,2
19,6,5,1,1,1,0,1,1,1,0,0,1,aleatorio,2
28,1,309,0,0,0,0,1,0,0,0,0,0,aleatorio,0
70,1,8,0,0,0,0,0,0,1,0,0,0,aleatorio,0
25,1,125,0,0,0,0,1,0,0,0,0,0,aleatorio,0
42,3,30,1,0,1,0,1,0,1,0,0,2,aleatorio,2
54,3,3,1,0,0,0,0,1,1,0,0,1,aleatorio,1
65,1,20,0,0,0,0,0,0,1,0,0,0,aleatorio,0
39,1,207,0,0,0,0,0,1,0,0,0,0,aleatorio,0
25,3,8,1,1,1,0,0,1,0,0,0,2,aleatorio,2
56,1,1,0,1,0,0,0,0,0,0,0,2,aleatorio,2
44,4,14,1,1,0,0,0,1,0,0,0,2,aleatorio,2
19,1,28,0,1,0,0,0,0,0,0,0,2,aleatorio,2
59,2,34,0,0,0,1,0,1,0,2,2,1,aleatorio,1
36,1,71,0,0,0,0,1,0,0,0,0,0,aleatorio,0
49,1,39,0,0,0,0,1,0,0,0,0,0,aleatorio,0
48,4,73,0,0,1,0,0,0,1,1,1,2,aleatorio,2
59,3,70,0,1,0,1,0,0,0,0,0,2,aleatorio,2
60,1,54,0,0,0,0,1,0,0,0,1,0,aleatorio,0
31,5,6,1,1,0,1,1,0,1,2,3,2,aleatorio,2
56,5,5,1,1,1,0,0,1,0,2,2,2,aleatorio,2
29,1,114,0,0,0,0,0,1,0,0,0,0,aleatorio,0
46,1,12,0,0,1,0,0,0,0,2,3,2,aleatorio,2
40,2,53,0,0,1,0,0,1,0,1,1,2,aleatorio,2
70,2,18,1,0,0,1,0,0,0,1,1,0,aleatorio,2
48,2,65,0,0,0,1,1,0,0,0,0,1,aleatorio,1
62,3,2,1,0,0,0,0,1,0,0,0,1,aleatorio,1
41,2,58,0,0,1,1,0,0,0,0,0,2,aleatorio,2
32,2,40,0,0,0,0,0,1,1,0,0,0,aleatorio,0
40,1,18,0,0,0,0,0,0,1,0,0,0,aleatorio,0
66,1,25,0,0,0,0,1,0,0,0,0,0,aleatorio,0
38,4,57,0,0,0,0,1,1,1,0,2,0,aleatorio,0
50,1,158,0,0,0,0,0,0,1,1,1,2,aleatorio,1
43,6,12,1,1,1,0,1,0,1,1,1,2,aleatorio,2
42,2,0,1,0,0,1,1,0,0,0,0,2,aleatorio,2
29,5,23,1,0,0,0,1,1,0,1,2,1,aleatorio,1
48,1,150,0,0,0,0,1,0,0,1,1,1,aleatorio,1
51,1,8,0,0,0,0,0,0,1,0,0,0,aleatorio,0
29,1,161,0,0,0,0,0,1,0,0,0,0,aleatorio,0
65,6,10,1,0,1,0,1,1,1,0,0,2,aleatorio,2
63,4,5,1,0,0,0,1,1,1,0,0,0,aleatorio,1
64,5,1,1,0,0,0,1,1,1,0,0,1,aleatorio,1
52,2,8,1,0,0,0,0,1,0,0,0,0,aleatorio,1
64,5,1,1,0,0,1,1,1,0,2,2,2,aleatorio,2
46,2,5,1,0,0,0,1,0,0,0,0,1,aleatorio,1
52,1,77,0,0,0,0,0,1,0,3,3,1,aleatorio,1
68,1,30,0,0,0,0,0,0,1,0,0,0,aleatorio,0
69,1,335,0,0,0,0,0,0,1,0,0,0,aleatorio,0
51,3,19,1,0,1,1,0,1,0,0,0,2,aleatorio,2
35,3,138,0,0,0,1,0,1,0,0,0,1,aleatorio,1
64,5,6,1,0,0,1,0,1,1,1,1,2,aleatorio,2
51,1,1,0,0,0,0,0,1,0,0,1,0,aleatorio,0
34,6,2,1,0,1,1,1,1,0,0,0,2,aleatorio,2
41,2,29,1,0,0,0,1,0,1,3,4,1,aleatorio,1
66,4,28,1,1,1,0,0,1,1,1,2,2,aleatorio,2
24,3,15,1,0,0,0,1,0,0,0,0,1,aleatorio,1
22,3,24,1,0,1,0,0,1,1,0,0,2,aleatorio,2
55,3,46,0,1,1,0,0,0,1,0,0,2,aleatorio,2
70,1,42,0,0,0,0,1,0,0,0,0,0,aleatorio,0
33,2,52,0,1,0,0,1,0,0,0,0,2,aleatorio,2
54,1,48,0,0,0,0,1,0,0,0,0,0,aleatorio,0
24,1,165,0,0,0,0,0,1,0,0,0,0,aleatorio,0
36,1,51,0,0,0,0,0,0,1,0,0,1,aleatorio,0
23,3,7,1,0,0,1,1,1,0,2,2,0,aleatorio,2
49,1,137,0,0,0,0,0,0,1,0,0,0,aleatorio,0
64,1,5,0,0,0,0,1,0,0,0,0,0,aleatorio,0
39,2,20,1,0,0,0,1,0,1,0,0,1,aleatorio,1
54,2,34,0,0,0,0,1,1,0,0,0,1,aleatorio,0
44,2,38,0,0,0,0,0,1,0,0,0,0,aleatorio,0
21,1,51,0,0,0,0,1,0,0,0,0,0,aleatorio,0
32,3,33,0,0,0,0,0,1,0,1,1,1,aleatorio,1
28,1,2,0,0,0,0,0,1,0,0,0,0,aleatorio,0
50,1,1,0,0,0,1,0,0,0,1,2,2,aleatorio,2
46,1,54,0,0,0,1,0,0,0,0,0,1,aleatorio,1
25,2,38,0,1,0,0,0,1,0,0,0,2,aleatorio,2
42,3,7,1,1,1,0,0,1,0,0,0,2,aleatorio,2
63,1,140,0,0,0,0,0,0,1,1,1,1,aleatorio,1
43,1,265,0,0,0,0,1,0,0,0,0,0,aleatorio,0
37,3,43,0,1,0,1,1,0,0,0,0,2,aleatorio,2
42,1,13,0,0,0,0,0,1,0,0,0,0,aleatorio,0
42,4,12,1,1,0,1,1,1,0,2,2,2,aleatorio,2
19,1,34,0,0,0,0,1,0,0,0,0,0,aleatorio,0
25,3,11,1,1,0,1,1,0,0,1,1,2,aleatorio,2
47,1,13,0,0,0,0,1,0,0,0,0,2,aleatorio,0
33,3,41,0,0,0,1,0,1,0,0,0,1,aleatorio,1
37,2,196,0,0,0,1,0,1,0,0,0,1,aleatorio,1
49,1,12,0,0,0,0,1,0,0,0,0,0,aleatorio,0
52,5,2,1,0,0,0,1,1,1,1,1,2,aleatorio,2
23,3,4,1,0,1,0,1,1,0,0,0,2,aleatorio,2
47,2,59,0,0,0,1,1,0,0,1,1,1,aleatorio,1
26,5,3,1,0,0,0,1,0,1,0,1,1,aleatorio,1
35,3,26,1,0,0,1,0,0,0,0,0,2,aleatorio,2
35,2,116,0,0,1,0,0,0,1,0,0,2,aleatorio,2
50,1,131,0,0,1,0,0,0,0,0,0,2,aleatorio,2
50,3,4,1,0,0,0,1,0,1,0,1,1,aleatorio,1
57,1,37,0,0,0,0,0,1,0,0,0,0,aleatorio,0
18,2,0,1,0,0,0,1,0,1,1,1,2,aleatorio,2
25,2,15,1,0,0,0,0,0,1,0,0,1,aleatorio,1
36,1,147,0,0,0,0,1,0,0,2,2,1,aleatorio,1
22,1,259,0,0,0,0,1,0,0,1,1,1,aleatorio,1
27,3,1,1,0,1,0,1,1,0,1,1,2,aleatorio,2
70,2,49,0,0,0,0,1,0,1,0,0,0,aleatorio,0
64,2,16,1,0,0,0,1,0,1,1,1,1,aleatorio,1
60,3,12,1,0,0,0,1,1,0,0,0,1,aleatorio,1
29,1,135,0,0,0,0,0,1,0,0,1,0,aleatorio,0
58,0,999,0,0,0,0,0,0,0,2,3,1,aleatorio,1
46,2,20,1,1,0,1,0,0,0,0,0,2,aleatorio,2
70,2,52,0,1,0,0,0,0,1,0,0,2,aleatorio,2
58,1,15,0,0,0,0,0,1,0,1,1,2,aleatorio,2
66,6,6,1,1,1,1,1,0,0,2,2,2,aleatorio,2
67,1,3,0,0,0,0,0,1,0,0,1,0,aleatorio,0
38,4,3,1,0,0,1,1,1,1,0,0,2,aleatorio,2
67,1,270,0,1,0,0,0,0,0,1,4,2,aleatorio,2
47,1,98,0,0,0,0,0,0,1,0,0,0,aleatorio,0
46,3,9,1,1,0,0,1,0,1,0,1,1,aleatorio,2
29,1,52,0,0,0,0,0,0,1,0,0,0,aleatorio,0
29,1,0,0,0,1,0,0,0,0,1,1,2,aleatorio,2
42,1,54,0,0,0,0,0,0,1,0,0,0,aleatorio,0
70,1,308,0,0,0,0,1,0,0,0,0,1,aleatorio,0
29,4,29,1,1,0,1,1,0,1,2,2,2,aleatorio,2
37,4,5,1,0,0,0,1,1,1,0,1,0,aleatorio,1
22,4,8,1,0,0,1,1,0,0,0,0,2,aleatorio,2
51,2,13,1,0,0,0,0,1,0,0,0,1,aleatorio,1
25,1,53,0,0,0,0,0,1,0,0,0,0,aleatorio,0
46,1,212,0,0,0,0,0,1,0,0,0,0,aleatorio,0
64,1,395,0,0,0,0,0,1,0,1,1,1,aleatorio,1
56,2,224,0,0,0,1,0,0,1,3,4,1,aleatorio,1
50,4,1,1,0,0,1,1,0,1,0,0,2,aleatorio,2
55,4,8,1,1,0,0,1,1,0,0,0,2,aleatorio,2
55,3,20,1,0,1,1,0,0,1,0,0,2,aleatorio,2
30,1,218,0,0,0,0,1,0,0,0,0,0,aleatorio,0
23,0,999,0,0,0,0,0,0,0,3,3,1,aleatorio,1
50,1,54,0,1,0,0,0,0,0,0,0,2,aleatorio,2
40,1,45,0,0,0,0,0,1,0,0,0,0,aleatorio,0
51,3,4,1,0,0,1,1,1,0,0,0,2,aleatorio,2
67,2,10,1,0,0,0,0,1,1,0,0,1,aleatorio,1
20,1,40,0,0,0,0,0,1,0,0,0,0,aleatorio,0
66,2,38,0,0,0,0,0,0,1,0,0,0,aleatorio,0
18,6,6,1,1,1,0,0,1,1,0,0,2,aleatorio,2
68,3,10,1,0,0,0,1,0,1,0,0,1,aleatorio,1
49,1,70,0,0,0,0,0,0,1,0,0,0,aleatorio,0
60,2,48,0,0,0,0,1,0,1,0,0,0,aleatorio,0
55,1,41,0,0,0,0,1,0,0,0,0,0,aleatorio,0
43,2,22,1,0,0,1,1,0,0,0,0,2,aleatorio,2
36,3,51,0,0,0,0,0,1,1,0,0,0,aleatorio,0
61,3,11,1,1,0,0,0,1,1,0,0,2,aleatorio,2
64,2,3,1,0,0,0,1,1,0,0,0,1,aleatorio,1
60,1,111,0,0,1,0,0,0,0,0,0,2,aleatorio,2
66,1,28,0,0,0,0,0,1,0,3,3,1,aleatorio,1
35,5,1,1,0,1,1,1,1,0,1,2,2,aleatorio,2
46,1,11,0,0,0,0,0,1,0,0,0,1,aleatorio,0
20,3,5,1,0,0,1,1,1,0,1,1,2,aleatorio,2
33,1,337,0,0,0,0,0,1,0,0,0,0,aleatorio,0
52,1,25,0,0,0,1,0,0,0,1,1,1,aleatorio,1
21,1,115,0,0,0,0,1,0,0,1,1,1,aleatorio,1
36,2,98,0,0,0,0,1,1,0,0,0,0,aleatorio,0
39,5,5,1,1,1,0,0,1,1,0,0,2,aleatorio,2
29,4,0,1,1,0,0,0,1,0,1,2,1,aleatorio,2
70,1,322,0,0,0,0,0,1,0,0,0,0,aleatorio,0
63,1,14,0,0,0,0,1,0,0,0,0,0,aleatorio,0
59,1,60,0,0,0,1,0,0,0,0,0,1,aleatorio,1
19,1,370,0,0,0,0,1,0,0,0,0,0,aleatorio,0
69,1,35,0,0,0,0,0,0,1,0,0,0,aleatorio,0
35,1,1,0,0,1,0,0,0,0,1,1,2,aleatorio,2
57,1,13,0,0,0,0,1,0,0,0,0,0,aleatorio,0
41,3,52,0,0,0,0,1,0,1,0,2,0,aleatorio,0
53,3,41,0,0,0,0,1,1,1,4,4,1,aleatorio,1
58,1,169,0,0,0,0,0,1,0,0,0,0,aleatorio,0
60,1,3,0,0,0,0,0,0,1,0,0,0,aleatorio,0
44,6,14,1,1,1,1,1,1,0,0,0,2,aleatorio,2
58,1,1,0,0,0,0,0,1,0,0,0,0,aleatorio,0
41,6,2,1,1,0,0,1,1,1,0,0,2,aleatorio,2
18,2,41,0,0,0,0,1,0,1,0,1,0,aleatorio,0
55,4,1,1,0,0,1,1,0,1,0,0,2,aleatorio,2
23,2,59,0,0,0,0,1,0,0,1,2,1,aleatorio,1
59,1,18,0,0,0,0,1,0,0,0,0,0,aleatorio,0
52,2,37,0,0,1,0,1,0,0,2,2,2,aleatorio,2
64,2,52,0,0,0,1,1,0,0,0,0,1,aleatorio,1
39,1,257,0,1,0,0,0,0,0,0,0,2,aleatorio,2
28,1,278,0,0,0,0,0,1,0,0,0,0,aleatorio,0
58,4,41,0,0,0,0,1,0,1,0,0,0,aleatorio,0
25,4,10,1,0,1,1,1,0,1,0,0,1,aleatorio,2
22,1,79,0,0,0,0,0,1,0,0,0,0,aleatorio,0
24,1,3,0,0,0,1,0,0,0,0,0,1,aleatorio,1
21,1,332,0,0,0,0,0,1,0,0,0,0,aleatorio,0
35,5,14,1,1,1,1,0,0,0,2,2,2,aleatorio,2
23,0,999,0,0,0,0,0,0,0,4,4,1,aleatorio,1
52,1,245,0,0,0,0,1,0,0,0,1,0,aleatorio,0
43,1,46,0,0,0,0,1,0,0,0,0,1,aleatorio,0
38,2,52,0,0,1,0,1,0,0,0,0,2,aleatorio,2
36,2,16,1,0,0,1,0,0,0,0,0,0,aleatorio,2
48,1,7,0,0,0,0,1,0,0,0,0,0,aleatorio,0
63,1,144,0,0,0,0,0,0,1,0,0,0,aleatorio,0
67,2,48,0,1,0,0,0,0,0,0,0,2,aleatorio,2
30,6,20,1,0,0,0,1,0,1,0,0,1,aleatorio,1
23,2,15,1,0,1,0,1,0,0,2,3,0,aleatorio,2
70,3,7,1,0,1,0,0,1,0,0,1,2,aleatorio,2
59,2,50,0,0,0,0,0,1,1,0,1,0,aleatorio,0
60,2,3,1,0,0,0,0,1,0,0,0,1,aleatorio,1
67,3,6,1,0,0,0,1,0,1,0,0,1,aleatorio,1
46,4,39,0,0,0,1,1,1,0,0,0,0,aleatorio,1
25,1,59,0,0,0,0,0,0,1,0,0,0,aleatorio,0
33,3,228,0,0,0,1,1,1,0,0,0,1,aleatorio,1
27,1,266,0,1,0,0,0,0,0,0,0,2,aleatorio,2
54,4,5,1,1,0,0,0,1,0,0,0,2,aleatorio,2
52,1,166,0,0,0,0,0,1,0,0,0,0,aleatorio,0
59,1,49,0,0,0,0,1,0,0,2,2,1,aleatorio,1
60,3,58,0,0,0,1,0,1,0,0,1,1,aleatorio,1
50,3,12,1,1,0,0,0,1,0,0,0,2,aleatorio,2
66,3,5,1,1,0,1,0,1,0,1,1,1,aleatorio,2
27,3,10,1,0,0,0,1,1,0,0,0,1,aleatorio,1
69,2,101,0,0,0,0,1,0,0,0,0,0,aleatorio,0
59,6,7,1,1,0,1,1,1,1,3,3,1,aleatorio,2
34,2,41,0,0,0,1,0,0,0,0,0,1,aleatorio,1
43,1,128,0,0,0,0,0,0,1,0,0,0,aleatorio,0
19,1,271,0,0,0,0,0,0,1,0,0,1,aleatorio,0
52,2,5,1,0,1,0,0,0,1,4,4,2,aleatorio,2
27,6,1,1,0,1,1,1,1,0,1,1,2,aleatorio,2
62,1,331,0,0,0,0,1,0,0,0,0,0,aleatorio,0
58,2,43,0,0,0,0,1,1,0,0,0,2,aleatorio,0
53,3,11,1,0,0,0,1,1,0,0,1,1,aleatorio,1
64,2,9,1,0,0,0,0,1,1,0,0,1,aleatorio,1
33,6,0,1,0,1,1,1,1,0,0,0,2,aleatorio,2
38,1,39,0,0,0,0,0,0,1,1,2,1,aleatorio,1
65,1,267,0,1,0,0,0,0,0,0,0,2,aleatorio,2
47,6,6,1,1,0,1,1,1,0,0,0,2,aleatorio,2
42,1,48,0,0,0,0,1,0,0,0,0,0,aleatorio,0
40,1,288,0,0,0,0,0,1,0,0,1,0,aleatorio,0
56,3,7,1,0,1,0,1,0,1,2,2,2,aleatorio,2
35,4,0,1,0,0,0,1,1,1,0,0,1,aleatorio,1
56,0,999,0,0,0,0,0,0,0,1,2,1,aleatorio,1
53,4,1,1,1,0,1,1,0,1,0,0,2,aleatorio,2
49,2,2,1,0,0,1,0,1,0,1,1,2,aleatorio,2
50,1,47,0,0,1,0,0,0,0,0,0,2,aleatorio,2
58,4,1,1,0,1,1,0,1,0,0,0,2,aleatorio,2
49,1,37,0,0,0,0,1,0,0,0,1,0,aleatorio,0
38,1,3,0,1,0,0,0,0,0,1,1,1,aleatorio,2
41,1,13,0,0,0,0,0,0,1,0,0,0,aleatorio,0
31,1,241,0,0,0,0,1,0,0,0,0,0,aleatorio,0
18,1,9,0,0,0,0,0,0,1,0,0,0,aleatorio,0
65,1,320,0,0,0,0,0,1,0,0,0,0,aleatorio,0
33,1,52,0,0,0,0,0,0,1,1,1,1,aleatorio,1
42,1,337,0,0,0,0,1,0,0,0,0,0,aleatorio,0
58,2,8,1,0,0,1,0,0,1,0,0,2,aleatorio,2
20,2,15,1,0,0,0,1,1,0,0,1,1,aleatorio,1
69,4,1,1,0,0,1,1,0,1,4,4,2,aleatorio,2
39,1,27,0,0,0,0,0,0,1,1,1,2,aleatorio,1
37,4,17,1,1,0,1,0,1,1,0,0,2,aleatorio,2
21,1,6,0,0,0,0,0,0,1,0,0,0,aleatorio,0
54,1,88,0,0,0,0,0,1,0,0,0,0,aleatorio,0
32,6,4,1,0,0,1,1,1,1,2,3,2,aleatorio,2
41,1,163,0,0,0,1,0,0,0,0,1,1,aleatorio,1
21,2,95,0,0,0,0,1,0,1,0,0,0,aleatorio,0
61,6,9,1,1,1,1,1,0,0,1,2,2,aleatorio,2
20,1,46,0,0,0,0,0,0,1,0,0,0,aleatorio,0
51,4,14,1,1,1,0,1,0,1,0,0,2,aleatorio,2
18,3,9,1,0,0,1,1,0,0,0,0,2,aleatorio,2
69,0,999,0,0,0,0,0,0,0,1,1,1,aleatorio,1
69,2,12,1,0,0,0,1,1,0,0,0,1,aleatorio,1
22,1,47,0,0,0,0,1,0,0,1,2,1,aleatorio,1
20,1,8,0,0,0,0,0,0,1,0,1,0,aleatorio,0
60,1,5,0,0,0,0,0,1,0,0,0,0,aleatorio,0
63,2,8,1,0,0,0,1,1,0,0,1,1,aleatorio,1
36,5,35,0,0,1,1,1,1,0,0,0,2,aleatorio,2
47,1,33,0,0,0,1,0,0,0,0,0,1,aleatorio,1
20,2,58,0,0,1,0,0,0,0,0,0,2,aleatorio,2
18,4,10,1,0,1,0,0,1,0,1,1,2,aleatorio,2
37,1,278,0,0,0,1,0,0,0,1,1,1,aleatorio,1
34,3,5,1,0,1,0,0,1,1,0,0,2,aleatorio,2
43,1,384,0,0,0,1,0,0,0,0,0,1,aleatorio,1
48,1,5,0,0,0,0,1,0,0,0,0,0,aleatorio,0
58,3,1,1,0,0,0,1,0,1,0,1,1,aleatorio,1
62,1,271,0,0,0,0,0,1,0,0,0,0,aleatorio,0
50,3,33,0,0,0,1,0,0,1,3,3,1,aleatorio,1
56,4,0,1,0,0,0,1,1,1,0,0,1,aleatorio,1
51,1,42,0,0,0,0,0,1,0,0,0,0,aleatorio,0
51,3,11,1,1,0,1,1,0,0,0,0,2,aleatorio,2
55,4,6,1,0,1,0,1,0,1,0,0,2,aleatorio,2
66,6,1,1,1,0,0,1,1,1,2,2,2,aleatorio,2
28,6,17,1,0,1,1,1,0,0,1,1,2,aleatorio,2
31,4,14,1,0,0,1,1,1,0,1,1,2,aleatorio,2
49,3,89,0,1,1,1,0,0,0,0,1,2,aleatorio,2
49,1,167,0,0,0,1,0,0,0,1,2,1,aleatorio,1
66,3,42,0,0,0,1,1,0,0,0,0,1,aleatorio,1
35,6,11,1,1,0,1,1,1,1,3,3,2,aleatorio,2
29,6,0,1,1,1,1,1,0,1,0,0,2,aleatorio,2
29,1,56,0,0,0,1,0,0,0,2,3,1,aleatorio,1
21,5,4,1,0,1,1,0,1,0,2,3,2,aleatorio,2
18,1,8,0,0,0,0,1,0,0,0,0,0,aleatorio,0
32,1,248,0,0,0,0,0,0,1,4,4,1,aleatorio,1
25,3,1,1,0,0,1,1,0,0,0,0,2,aleatorio,2
61,1,52,0,0,0,0,0,0,1,0,0,2,aleatorio,0
41,3,4,1,0,0,0,1,0,0,0,0,1,aleatorio,1
58,1,160,0,0,0,0,0,1,0,0,1,0,aleatorio,0
37,5,35,0,0,0,1,0,1,1,0,0,1,aleatorio,1
47,2,10,1,0,0,0,0,1,0,0,1,1,aleatorio,1
45,1,122,0,0,0,0,1,0,0,0,0,0,aleatorio,0
20,1,222,0,0,0,0,0,1,0,0,0,0,aleatorio,0
66,1,400,0,0,0,0,0,0,1,0,2,0,aleatorio,0
27,1,56,0,0,0,0,0,1,0,0,0,0,aleatorio,0
21,1,4,0,0,1,0,0,0,0,0,0,2,aleatorio,2
66,3,11,1,0,1,0,1,1,0,0,0,1,aleatorio,2
27,1,57,0,0,0,0,1,0,0,0,0,0,aleatorio,0
44,3,27,1,0,0,0,1,1,1,0,1,1,aleatorio,1
59,3,14,1,0,0,0,1,1,0,0,0,1,aleatorio,1
46,1,38,0,0,0,0,0,1,0,0,0,0,aleatorio,0
34,1,10,0,0,0,0,1,0,0,0,0,0,aleatorio,0
64,6,1,1,0,1,0,1,0,1,0,0,1,aleatorio,2
50,2,11,1,0,0,0,0,1,0,0,0,1,aleatorio,1
38,3,47,0,0,0,0,1,1,0,0,0,0,aleatorio,0
56,5,5,1,1,1,1,0,1,0,0,0,2,aleatorio,2
29,1,30,0,0,0,1,0,0,0,1,1,1,aleatorio,1
61,1,284,0,0,0,0,1,0,0,0,0,0,aleatorio,0
58,1,214,0,0,0,0,0,1,0,0,0,0,aleatorio,0
38,6,10,1,1,1,0,1,1,0,0,0,2,aleatorio,2
26,3,9,1,0,0,0,1,0,1,0,0,1,aleatorio,1
34,3,45,0,1,1,0,0,0,0,1,1,2,aleatorio,2
23,1,238,0,0,0,1,0,0,0,0,0,1,aleatorio,1
59,1,2,0,0,0,0,1,0,0,0,0,0,aleatorio,0
39,1,2,0,0,0,0,0,0,1,0,0,0,aleatorio,0
41,5,0,1,0,1,0,1,1,1,1,1,2,aleatorio,2
40,1,60,0,0,1,0,0,0,0,0,0,2,aleatorio,2
63,1,256,0,0,0,0,1,0,0,0,2,0,aleatorio,0
34,4,3,1,0,1,0,0,1,1,0,0,2,aleatorio,2
40,1,5,0,0,0,0,1,0,0,0,1,0,aleatorio,0
50,5,1,1,1,1,1,0,1,1,0,0,2,aleatorio,2
37,1,7,0,0,0,0,0,0,1,0,0,0,aleatorio,0
50,1,23,0,0,0,0,1,0,0,1,1,1,aleatorio,1
35,1,26,0,0,0,0,0,1,0,0,0,2,aleatorio,0
34,1,0,0,0,0,0,0,0,1,0,0,0,aleatorio,0
21,1,53,0,0,0,0,1,0,0,0,0,0,aleatorio,0
62,3,12,1,0,1,0,1,0,0,1,1,2,aleatorio,2
51,1,10,0,0,0,0,1,0,0,0,0,0,aleatorio,0
54,5,10,1,1,0,0,1,0,1,0,0,2,aleatorio,2
26,3,28,1,0,0,0,1,1,1,0,3,1,aleatorio,1
24,4,3,1,1,1,1,0,1,0,0,0,2,aleatorio,2
54,1,8,0,0,1,0,0,0,0,0,0,2,aleatorio,2
26,2,46,0,0,0,0,1,0,1,0,0,0,aleatorio,0
70,4,28,1,0,1,0,1,1,0,2,3,2,aleatorio,2
50,1,32,0,0,0,0,0,1,0,0,0,0,aleatorio,0
38,2,160,0,0,0,0,1,0,0,0,0,0,aleatorio,0
61,6,13,1,0,0,0,1,1,1,0,0,1,aleatorio,1
51,1,273,0,0,0,0,1,0,0,1,1,1,aleatorio,1
59,1,5,0,0,0,0,1,0,0,0,0,0,aleatorio,0
57,1,20,0,0,0,0,1,0,0,0,0,0,aleatorio,0
21,1,15,0,0,0,1,0,0,0,0,0,1,aleatorio,1
38,2,8,1,0,0,0,0,0,1,0,1,1,aleatorio,1
31,3,40,0,1,0,0,1,0,1,0,0,2,aleatorio,2
51,1,280,0,0,1,0,0,0,0,0,1,2,aleatorio,2
21,1,36,0,0,0,0,0,0,1,3,3,1,aleatorio,1
59,5,48,0,0,0,0,0,1,0,0,0,0,aleatorio,0
61,1,40,0,0,0,0,0,1,0,0,0,2,aleatorio,0
33,1,44,0,0,0,0,0,0,1,0,0,0,aleatorio,0
29,1,42,0,0,0,1,0,0,0,0,0,1,aleatorio,1
52,5,33,0,0,0,0,1,1,1,0,1,0,aleatorio,0
24,1,6,0,0,0,0,0,0,1,2,2,0,aleatorio,2
30,1,183,0,0,0,0,0,0,1,0,0,0,aleatorio,0
69,1,39,0,0,0,0,0,1,0,0,0,0,aleatorio,0
48,2,1,1,0,0,1,0,1,0,0,0,2,aleatorio,2
26,3,14,1,0,0,0,1,1,0,0,0,1,aleatorio,1
48,1,351,0,0,0,0,0,0,1,0,0,0,aleatorio,0
28,1,0,0,0,1,0,0,0,0,0,0,2,aleatorio,2
55,5,0,1,1,0,1,1,0,0,0,0,2,aleatorio,2
50,1,397,0,1,0,0,0,0,0,0,1,2,aleatorio,2
29,1,1,0,0,1,0,0,0,0,0,0,2,aleatorio,2
22,4,22,1,1,0,0,1,1,0,0,0,0,aleatorio,2
56,3,148,0,0,0,0,0,1,1,0,0,0,aleatorio,0
19,6,1,1,1,0,1,1,0,1,0,0,2,aleatorio,2
26,1,141,0,0,1,0,0,0,0,1,1,2,aleatorio,2
70,6,13,1,1,1,1,1,1,0,1,2,2,aleatorio,2
33,5,9,1,1,0,1,1,0,1,0,0,2,aleatorio,2
62,3,29,1,0,1,1,1,0,0,0,1,2,aleatorio,2
22,4,0,1,1,0,1,0,1,0,0,0,2,aleatorio,2
66,3,12,1,0,1,0,1,0,1,0,1,2,aleatorio,2
48,1,5,0,0,0,0,0,1,0,0,0,0,aleatorio,0
41,2,4,1,0,0,0,1,0,0,0,0,1,aleatorio,1
68,6,5,1,0,1,1,1,1,0,0,0,2,aleatorio,2
44,1,17,0,0,0,0,0,1,0,0,0,0,aleatorio,0
18,2,161,0,0,0,1,1,0,0,0,0,1,aleatorio,1
63,1,211,0,0,0,0,1,0,0,1,1,1,aleatorio,1
61,2,1,1,0,1,1,0,0,0,0,0,2,aleatorio,2
37,5,2,1,0,1,1,0,1,0,0,1,2,aleatorio,2
38,2,18,1,1,1,0,0,0,0,1,2,2,aleatorio,2
22,2,44,0,0,0,0,0,1,0,0,0,0,aleatorio,0
58,4,1,1,0,0,0,1,1,1,0,0,1,aleatorio,1
61,3,11,1,0,0,0,1,1,0,2,4,2,aleatorio,2
55,1,58,0,0,0,1,0,0,0,2,2,1,aleatorio,1
20,3,14,1,0,0,0,1,0,1,0,0,1,aleatorio,1
47,2,47,0,0,0,1,1,0,0,3,3,1,aleatorio,1
30,3,35,0,0,0,0,1,0,1,0,0,1,aleatorio,0
22,1,240,0,0,1,0,0,0,0,2,2,2,aleatorio,2
68,1,9,0,0,0,0,0,0,1,0,0,0,aleatorio,0
54,4,10,1,1,1,0,0,0,1,1,1,2,aleatorio,2
55,1,50,0,0,0,1,0,0,0,0,1,1,aleatorio,1
38,2,25,1,0,0,0,1,0,0,1,2,1,aleatorio,1
55,2,39,0,0,0,0,1,0,1,0,0,0,aleatorio,0
38,3,44,0,0,0,1,0,0,1,0,0,1,aleatorio,1
27,3,25,1,0,0,0,1,1,0,1,1,1,aleatorio,1
61,1,5,0,0,0,0,0,0,1,0,0,0,aleatorio,0
52,1,10,0,0,0,0,0,1,0,0,1,0,aleatorio,0
60,2,1,1,0,0,1,0,0,1,0,0,2,aleatorio,2
39,3,48,0,0,0,0,1,0,0,2,2,1,aleatorio,1
41,4,6,1,1,1,0,1,1,0,0,0,2,aleatorio,2
30,1,10,0,0,0,0,1,0,0,0,1,0,aleatorio,0
33,1,37,0,0,1,0,0,0,0,0,0,2,aleatorio,2
31,1,341,0,0,0,0,0,0,1,0,0,0,aleatorio,0
19,2,13,1,1,0,0,0,1,0,0,0,2,aleatorio,2
21,3,15,1,1,1,0,0,0,1,0,0,2,aleatorio,2
67,1,12,0,0,0,0,0,1,0,0,1,2,aleatorio,0
35,1,241,0,0,0,0,0,0,1,0,0,0,aleatorio,0
30,4,4,1,0,1,0,1,1,0,3,3,2,aleatorio,2
67,2,4,1,0,0,0,1,0,0,0,0,1,aleatorio,1
27,3,15,1,0,0,0,1,0,1,0,1,1,aleatorio,1
40,3,48,0,1,1,0,1,0,0,0,0,2,aleatorio,2
32,4,12,1,0,0,0,1,1,1,1,1,0,aleatorio,2
43,1,26,0,0,0,0,0,1,0,2,2,2,aleatorio,1
55,1,184,0,0,0,1,0,0,0,0,0,1,aleatorio,1
28,2,249,0,1,0,0,0,1,0,0,0,2,aleatorio,2
41,1,30,0,0,0,0,0,0,1,0,0,0,aleatorio,0
52,1,193,0,0,0,0,0,1,0,0,0,0,aleatorio,0
24,2,44,0,0,0,0,0,1,0,1,1,1,aleatorio,1
20,2,40,0,0,0,1,0,0,1,0,0,0,aleatorio,1
53,5,5,1,1,0,0,1,1,1,1,1,2,aleatorio,2
67,2,11,1,0,0,0,1,1,0,0,0,1,aleatorio,1
41,3,28,1,0,0,0,0,1,1,1,2,1,aleatorio,1
63,2,35,0,0,0,0,1,0,1,0,0,1,aleatorio,0
30,1,395,0,0,0,0,0,0,1,0,0,1,aleatorio,0
30,4,4,1,0,1,1,1,1,0,0,0,2,aleatorio,2
34,4,5,1,1,1,0,0,1,0,0,0,2,aleatorio,2
20,3,52,0,0,0,1,0,1,1,0,0,1,aleatorio,1
35,1,40,0,0,0,0,0,0,1,0,0,0,aleatorio,0
33,1,50,0,1,0,0,0,0,0,0,0,2,aleatorio,2
19,0,999,0,0,0,0,0,0,0,3,3,1,aleatorio,1
25,1,63,0,0,0,0,0,1,0,0,1,0,aleatorio,0
21,1,5,0,0,0,1,0,0,0,3,3,2,aleatorio,2
66,3,37,0,0,0,0,1,1,0,2,2,1,aleatorio,1
64,4,10,1,1,0,1,1,1,0,0,0,2,aleatorio,2
67,3,50,0,0,0,1,1,0,0,0,0,1,aleatorio,1
57,3,10,1,0,0,0,1,1,0,0,0,1,aleatorio,1
34,4,4,1,0,0,0,1,1,0,0,0,1,aleatorio,1
46,2,60,0,0,0,0,1,1,0,0,0,2,aleatorio,0
67,5,22,1,0,0,0,1,1,1,0,0,0,aleatorio,1
53,1,290,0,0,0,1,0,0,0,0,0,1,aleatorio,1
59,2,12,1,0,0,1,0,1,0,0,0,2,aleatorio,2
42,2,9,1,0,0,0,0,1,0,0,0,1,aleatorio,1
52,1,9,0,0,0,1,0,0,0,0,0,1,aleatorio,1
22,2,41,0,0,0,1,0,0,0,2,2,1,aleatorio,1
19,1,20,0,0,0,0,1,0,0,0,0,0,aleatorio,0
55,1,9,0,0,0,1,0,0,0,0,1,1,aleatorio,1
37,1,16,0,0,0,0,0,1,0,0,1,0,aleatorio,0
46,1,47,0,0,0,0,0,1,0,0,0,0,aleatorio,0
54,1,19,0,0,0,0,0,1,0,1,3,1,aleatorio,1
47,1,177,0,0,0,0,1,0,0,0,0,0,aleatorio,0
64,1,36,0,0,1,0,0,0,0,2,2,2,aleatorio,2
45,5,7,1,1,1,1,0,0,1,0,0,2,aleatorio,2
42,1,6,0,0,0,0,1,0,0,0,0,0,aleatorio,0
57,6,6,1,0,1,0,1,1,1,0,0,2,aleatorio,2
52,1,4,0,0,0,0,0,0,1,0,0,0,aleatorio,0
43,1,341,0,0,0,0,0,1,0,1,1,2,aleatorio,1
21,5,13,1,1,1,0,1,0,0,0,0,2,aleatorio,2
46,1,0,0,0,0,0,1,0,0,0,0,1,aleatorio,0
24,1,300,0,0,0,0,1,0,0,0,0,0,aleatorio,0
32,1,183,0,0,0,0,0,1,0,1,2,1,aleatorio,1
20,1,369,0,0,0,0,0,1,0,1,1,1,aleatorio,1
26,5,14,1,1,1,1,1,0,1,0,0,2,aleatorio,2
52,1,32,0,0,0,0,0,0,1,0,1,0,aleatorio,0
21,1,195,0,0,0,0,0,1,0,1,2,1,aleatorio,1
46,5,3,1,1,0,1,0,1,1,0,0,0,aleatorio,2
19,2,57,0,0,0,1,1,0,0,1,2,1,aleatorio,1
32,2,18,1,0,0,1,0,0,0,0,0,2,aleatorio,2
55,1,49,0,0,0,0,0,1,0,0,0,0,aleatorio,0
48,3,31,0,0,0,0,1,0,1,0,1,0,aleatorio,0
33,1,7,0,0,0,0,0,1,0,0,0,0,aleatorio,0
41,1,11,0,0,0,0,0,1,0,0,0,0,aleatorio,0
27,3,14,1,0,0,0,1,0,1,0,0,1,aleatorio,1
30,1,22,0,0,0,0,0,1,0,1,1,1,aleatorio,1
21,2,4,1,0,0,0,1,1,0,2,2,2,aleatorio,2
26,2,13,1,1,0,0,1,0,0,0,0,2,aleatorio,2
31,4,8,1,0,0,0,1,1,1,0,1,1,aleatorio,1
39,1,295,0,0,0,0,0,1,0,0,0,0,aleatorio,0
41,2,9,1,0,0,0,0,1,1,0,0,1,aleatorio,1
49,3,5,1,0,0,0,1,1,1,0,0,1,aleatorio,1
56,3,1,1,0,0,0,0,1,0,0,0,1,aleatorio,1
70,4,25,1,0,0,0,1,1,1,0,0,1,aleatorio,1
65,1,52,0,0,1,0,0,0,0,2,3,2,aleatorio,2
61,1,15,0,0,0,0,1,0,0,0,0,0,aleatorio,0
26,4,9,1,1,0,0,0,1,1,0,0,2,aleatorio,2
32,5,13,1,1,1,0,1,0,1,0,0,2,aleatorio,2
25,2,18,1,0,0,0,1,1,0,0,0,1,aleatorio,1
38,3,17,1,0,0,0,0,1,0,1,1,1,aleatorio,1
62,2,39,0,0,0,1,0,0,0,2,2,2,aleatorio,1
56,2,31,0,0,0,1,0,0,1,0,1,1,aleatorio,1
57,2,25,1,0,1,0,0,0,1,0,0,2,aleatorio,2
57,1,265,0,0,0,0,1,0,0,0,1,0,aleatorio,0
27,2,60,0,1,0,1,0,0,0,1,3,1,aleatorio,2
35,5,4,1,1,0,0,1,1,1,0,0,2,aleatorio,2
24,3,12,1,1,1,0,0,0,0,1,2,2,aleatorio,2
30,4,7,1,1,0,1,1,0,0,1,1,2,aleatorio,2
22,5,8,1,1,1,1,1,0,0,0,0,2,aleatorio,2
51,1,57,0,0,0,0,0,1,0,1,2,1,aleatorio,1
19,3,5,1,1,0,0,0,0,1,0,0,2,aleatorio,2
53,5,3,1,0,0,1,0,0,1,0,0,2,aleatorio,2
21,4,3,1,1,0,0,0,1,1,1,2,2,aleatorio,2
53,1,15,0,0,0,0,1,0,0,0,0,0,aleatorio,0
46,1,52,0,0,0,0,0,1,0,0,1,0,aleatorio,0
68,3,14,1,0,0,0,0,1,1,2,3,1,aleatorio,2
46,1,15,0,0,0,0,0,1,0,1,2,2,aleatorio,2
69,3,19,1,0,1,0,0,1,1,0,0,2,aleatorio,2
48,1,128,0,0,0,0,1,0,0,0,0,0,aleatorio,0
37,3,147,0,0,1,0,0,1,1,0,0,2,aleatorio,2
27,4,8,1,0,0,0,0,1,1,0,0,1,aleatorio,1
68,2,238,0,0,0,0,0,1,0,0,0,0,aleatorio,0
57,2,39,0,0,0,1,1,0,0,1,1,1,aleatorio,1
35,1,0,0,0,0,0,0,1,0,0,0,0,aleatorio,0
35,1,5,0,0,0,0,0,1,0,0,0,0,aleatorio,0
45,1,13,0,0,0,0,0,1,0,0,0,0,aleatorio,0
29,1,270,0,0,0,0,1,0,0,0,0,0,aleatorio,0
58,4,11,1,1,1,0,0,0,1,0,0,2,aleatorio,2
38,3,44,0,0,0,0,1,0,0,0,0,0,aleatorio,0
50,1,1,0,0,0,0,1,0,0,0,0,0,aleatorio,0
25,2,14,1,0,1,1,0,0,0,0,0,2,aleatorio,2
49,6,7,1,0,0,1,1,1,1,0,0,2,aleatorio,2
49,0,999,0,0,0,0,0,0,0,3,3,1,aleatorio,1
60,1,46,0,0,0,1,0,0,0,0,0,1,aleatorio,1
33,1,20,0,0,0,0,0,1,0,0,0,0,aleatorio,0
18,6,13,1,0,1,1,0,1,1,3,3,2,aleatorio,2
34,3,8,1,0,0,0,1,1,1,0,0,1,aleatorio,1
30,1,148,0,0,0,0,0,1,0,1,1,0,aleatorio,1
60,3,14,1,0,0,0,1,1,1,0,0,1,aleatorio,1
70,2,15,1,0,0,0,0,1,0,0,0,1,aleatorio,1
48,3,37,0,0,0,1,0,1,0,0,0,1,aleatorio,1
30,3,103,0,0,0,1,1,0,0,2,2,1,aleatorio,1
70,2,21,1,0,0,0,1,1,0,0,0,1,aleatorio,1
43,3,18,1,0,1,1,0,1,0,0,0,2,aleatorio,2
60,1,96,0,0,0,0,0,0,1,3,3,1,aleatorio,1
68,1,204,0,0,0,1,0,0,0,0,0,1,aleatorio,1
34,1,318,0,0,0,0,1,0,0,0,0,0,aleatorio,0
18,6,22,1,1,0,1,1,0,1,0,0,2,aleatorio,2
23,5,6,1,1,1,1,0,1,1,0,0,2,aleatorio,2
48,1,91,0,0,0,0,0,0,1,0,0,0,aleatorio,0
40,5,0,1,1,1,0,0,0,1,0,0,0,aleatorio,2
37,3,57,0,0,1,1,1,0,0,1,1,2,aleatorio,2
20,1,21,0,0,0,0,0,1,0,2,2,1,aleatorio,1
49,1,15,0,0,0,1,0,0,0,0,0,1,aleatorio,1
38,1,54,0,0,0,0,0,1,0,0,0,0,aleatorio,0
60,1,51,0,0,1,0,0,0,0,2,2,2,aleatorio,2
70,3,41,0,0,0,1,1,0,0,1,1,1,aleatorio,1
38,2,14,1,0,0,0,1,0,1,0,0,1,aleatorio,1
38,1,8,0,0,0,0,1,0,0,0,0,2,aleatorio,0
54,2,26,1,0,0,0,1,1,0,2,2,1,aleatorio,1
49,1,273,0,0,0,0,0,0,1,0,0,0,aleatorio,0
18,1,6,0,0,0,0,0,1,0,0,0,0,aleatorio,0
59,1,5,0,0,0,0,0,1,0,2,3,1,aleatorio,2
60,3,57,0,0,0,0,0,1,1,0,0,0,aleatorio,0
37,1,373,0,0,0,1,0,0,0,0,0,1,aleatorio,1
50,0,999,0,0,0,0,0,0,0,1,2,1,aleatorio,1
49,1,5,0,0,0,0,0,0,1,0,0,0,aleatorio,0
21,1,64,0,0,0,0,1,0,0,0,0,2,aleatorio,0
34,4,10,1,0,0,0,1,1,1,0,0,1,aleatorio,1
51,1,18,0,0,0,0,0,0,1,0,0,0,aleatorio,0
63,1,41,0,0,0,0,1,0,0,1,1,1,aleatorio,1
19,2,25,1,0,0,0,0,1,1,1,3,1,aleatorio,1
35,1,51,0,0,0,0,0,1,0,0,0,0,aleatorio,0
43,1,12,0,0,0,1,0,0,0,0,0,1,aleatorio,1
52,5,0,1,1,0,1,1,0,1,2,3,2,aleatorio,2
34,2,157,0,0,0,0,0,1,1,1,1,1,aleatorio,1
70,2,36,0,0,0,0,0,1,1,0,0,0,aleatorio,0
60,0,999,0,0,0,0,0,0,0,1,1,1,aleatorio,1
67,1,257,0,0,0,0,0,0,1,0,2,0,aleatorio,0
69,3,7,1,1,1,0,0,0,0,0,0,2,aleatorio,2
20,1,7,0,0,0,0,0,0,1,0,0,0,aleatorio,0
36,2,47,0,0,0,0,0,0,1,0,1,1,aleatorio,0
25,1,31,0,0,0,0,0,0,1,0,0,0,aleatorio,0
61,1,39,0,0,0,0,0,1,0,0,1,2,aleatorio,0
50,3,14,1,0,0,0,1,1,0,0,0,1,aleatorio,1
49,3,4,1,0,1,0,0,0,1,1,1,2,aleatorio,2
25,1,3,0,0,0,1,0,0,0,0,0,1,aleatorio,1
32,5,2,1,0,0,1,1,1,1,3,3,1,aleatorio,2
26,1,48,0,0,0,0,1,0,0,1,2,1,aleatorio,1
45,3,33,0,0,1,0,0,0,1,0,0,2,aleatorio,2
42,1,16,0,0,0,0,1,0,0,0,0,0,aleatorio,0
24,1,10,0,0,0,0,1,0,0,0,0,0,aleatorio,0
19,2,15,1,0,0,0,0,0,1,0,0,1,aleatorio,1
61,1,30,0,0,0,1,0,0,0,1,1,2,aleatorio,1
47,4,40,0,0,1,1,0,1,1,2,2,2,aleatorio,2
52,3,3,1,0,0,0,1,0,1,0,0,1,aleatorio,1
66,1,322,0,0,0,0,0,0,1,0,0,2,aleatorio,0
55,6,1,1,0,1,1,1,1,0,3,4,2,aleatorio,2
47,2,87,0,0,0,0,0,1,1,0,0,0,aleatorio,0
25,1,15,0,0,1,0,0,0,0,0,0,2,aleatorio,2
32,1,389,0,0,0,0,0,1,0,1,2,1,aleatorio,1
49,2,32,0,0,1,0,0,0,1,0,0,1,aleatorio,2
50,2,45,0,0,0,0,0,1,0,0,0,0,aleatorio,0
47,1,207,0,0,0,0,0,0,1,0,0,1,aleatorio,0
60,3,1,1,0,0,0,0,1,1,0,0,1,aleatorio,1
50,2,7,1,0,0,0,1,1,0,0,0,1,aleatorio,1
25,4,15,1,0,0,1,1,1,0,3,4,2,aleatorio,2
33,5,2,1,1,1,0,1,1,0,0,0,0,aleatorio,2
58,1,384,0,0,0,1,0,0,0,0,0,1,aleatorio,1
60,5,4,1,0,0,1,0,1,1,2,2,2,aleatorio,2
48,1,271,0,0,0,0,1,0,0,0,1,0,aleatorio,0
52,2,258,0,0,0,1,0,0,0,0,0,1,aleatorio,1
47,1,8,0,0,0,0,1,0,0,0,0,1,aleatorio,0
35,1,393,0,0,0,0,0,1,0,0,0,0,aleatorio,0
34,5,25,1,0,0,0,1,1,1,0,0,1,aleatorio,1
55,1,15,0,0,0,0,1,0,0,0,0,0,aleatorio,0
40,1,145,0,0,0,0,1,0,0,0,0,0,aleatorio,0
37,3,57,0,1,0,0,0,1,1,1,2,2,aleatorio,2
63,2,54,0,1,0,0,1,0,0,2,2,2,aleatorio,2
26,1,296,0,0,0,0,0,1,0,2,4,1,aleatorio,1
48,2,9,1,0,0,0,1,1,0,0,0,1,aleatorio,1
41,1,138,0,0,0,0,0,0,1,0,0,0,aleatorio,0
56,1,0,0,0,0,0,0,1,0,0,1,2,aleatorio,0
26,2,14,1,0,1,0,1,0,0,1,1,2,aleatorio,2
39,4,54,0,1,0,1,0,1,1,0,0,2,aleatorio,2
18,4,8,1,0,0,0,1,1,0,0,0,1,aleatorio,1
41,1,0,0,0,0,0,1,0,0,0,0,0,aleatorio,0
30,1,196,0,0,0,0,0,0,1,0,0,0,aleatorio,0
22,1,68,0,0,0,0,0,0,1,0,0,0,aleatorio,0
62,2,7,1,0,0,0,1,0,1,0,0,1,aleatorio,1
22,2,223,0,0,0,1,0,0,1,0,0,1,aleatorio,1
70,6,10,1,1,0,0,1,0,1,1,1,2,aleatorio,2
31,4,10,1,1,1,0,1,0,0,0,0,2,aleatorio,2
25,2,14,1,0,0,0,0,1,1,0,0,1,aleatorio,1
43,2,2,1,0,0,0,1,0,0,0,0,1,aleatorio,1
50,4,4,1,0,1,0,1,0,1,1,1,2,aleatorio,2
67,1,284,0,0,0,0,1,0,0,0,0,0,aleatorio,0
40,1,116,0,0,0,0,1,0,0,0,1,0,aleatorio,0
51,2,3,1,0,0,1,0,1,0,0,0,2,aleatorio,2
50,6,3,1,0,1,1,1,1,0,0,0,1,aleatorio,2
22,3,21,1,0,0,0,1,1,0,1,1,1,aleatorio,1
45,1,309,0,0,0,0,1,0,0,0,0,0,aleatorio,0
36,1,43,0,0,0,0,1,0,0,2,2,1,aleatorio,1
34,1,149,0,0,0,0,0,0,1,0,0,0,aleatorio,0
35,3,10,1,0,0,0,1,1,0,0,0,0,aleatorio,1
28,3,2,1,0,0,0,1,0,1,0,0,0,aleatorio,1
43,1,23,0,0,0,0,1,0,0,0,0,0,aleatorio,0
52,2,7,1,0,0,0,1,0,0,0,0,1,aleatorio,1
62,4,6,1,1,0,0,1,0,1,0,0,0,aleatorio,2
58,6,0,1,0,0,1,1,1,0,0,0,0,aleatorio,2
53,2,236,0,0,0,1,0,1,0,1,1,1,aleatorio,1
18,1,22,0,0,0,0,0,1,0,0,0,0,aleatorio,0
28,0,999,0,0,0,0,0,0,0,1,1,1,aleatorio,1
20,2,61,0,0,0,1,0,0,1,0,0,1,aleatorio,1
67,1,3,0,0,0,0,0,0,1,0,0,0,aleatorio,0
60,5,5,1,0,1,1,1,0,1,0,0,2,aleatorio,2
43,1,374,0,0,0,0,0,0,1,0,0,0,aleatorio,0
26,1,14,0,0,0,0,1,0,0,0,0,0,aleatorio,0
21,1,3,0,0,0,0,0,0,1,0,0,0,aleatorio,0
65,2,17,1,0,0,0,0,1,1,1,1,1,aleatorio,1
61,1,94,0,0,0,0,0,1,0,0,0,0,aleatorio,0
19,2,3,1,0,0,0,0,1,1,0,0,1,aleatorio,1
62,1,165,0,0,0,0,1,0,0,0,0,0,aleatorio,0
35,5,11,1,0,0,0,1,1,1,0,0,1,aleatorio,1
58,1,369,0,0,0,0,0,0,1,1,1,1,aleatorio,1
44,2,206,0,0,0,1,1,0,0,0,0,0,aleatorio,1
30,4,8,1,0,1,0,1,0,1,1,1,0,aleatorio,2
22,5,4,1,1,0,1,1,0,1,3,4,2,aleatorio,2
25,1,109,0,0,0,0,0,0,1,0,0,0,aleatorio,0
68,6,6,1,1,1,1,1,1,0,0,0,2,aleatorio,2
66,3,43,0,0,1,1,0,1,0,4,4,2,aleatorio,2
59,3,9,1,0,0,1,0,1,1,0,0,2,aleatorio,2
68,2,53,0,0,0,0,1,0,1,0,0,0,aleatorio,0
39,1,26,0,0,0,0,1,0,0,0,0,0,aleatorio,0
19,3,0,1,0,0,1,1,0,1,1,1,2,aleatorio,2
66,1,6,0,0,0,1,0,0,0,0,1,1,aleatorio,1
49,1,2,0,0,0,0,0,0,1,0,0,0,aleatorio,0
19,1,1,0,0,0,0,0,1,0,0,0,0,aleatorio,0
60,2,27,1,0,0,0,1,1,0,1,1,1,aleatorio,1
43,1,15,0,0,0,0,0,0,1,0,0,0,aleatorio,0
59,0,999,0,0,0,0,0,0,0,1,1,1,aleatorio,1
58,3,41,0,0,0,0,0,1,1,1,1,1,aleatorio,1
49,1,334,0,0,0,0,0,1,0,0,0,0,aleatorio,0
21,2,195,0,0,0,1,1,0,0,2,2,1,aleatorio,1
49,1,13,0,0,0,0,0,1,0,0,0,0,aleatorio,0
57,3,47,0,0,0,1,0,1,1,1,2,2,aleatorio,1
62,2,1,1,1,0,1,0,0,0,4,4,2,aleatorio,2
21,1,209,0,0,0,0,1,0,0,1,1,1,aleatorio,1
29,3,130,0,0,1,0,1,1,0,1,2,2,aleatorio,2
48,1,73,0,0,0,0,0,1,0,0,0,0,aleatorio,0
28,5,5,1,1,0,1,1,0,1,0,1,2,aleatorio,2
34,0,999,0,0,0,0,0,0,0,2,2,2,aleatorio,1
25,1,58,0,0,0,0,0,1,0,0,0,0,aleatorio,0
64,0,999,0,0,0,0,0,0,0,2,2,1,aleatorio,1
54,1,6,0,0,0,1,0,0,0,0,0,1,aleatorio,1
57,5,2,1,0,1,1,0,1,1,2,2,2,aleatorio,2
46,2,1,1,0,0,1,0,0,0,0,0,2,aleatorio,2
59,5,47,0,0,0,1,0,1,1,0,0,1,aleatorio,1
44,1,15,0,0,0,1,0,0,0,0,0,0,aleatorio,1
69,3,4,1,1,1,0,0,0,1,0,0,2,aleatorio,2
32,1,37,0,0,0,0,0,1,0,0,0,0,aleatorio,0
26,2,15,1,0,0,0,1,0,1,0,0,1,aleatorio,1
65,3,5,1,0,0,0,1,1,0,0,0,1,aleatorio,1
49,2,135,0,0,0,0,0,1,0,0,0,0,aleatorio,0
32,2,243,0,0,0,0,0,0,1,0,0,0,aleatorio,0
65,1,59,0,0,0,0,1,0,0,0,0,0,aleatorio,0
46,5,43,0,0,0,0,1,1,0,0,0,0,aleatorio,0
52,3,4,1,0,0,0,1,1,0,0,0,1,aleatorio,1
55,5,4,1,0,0,1,1,1,0,0,1,2,aleatorio,2
41,1,22,0,0,0,1,0,0,0,0,0,1,aleatorio,1
53,1,360,0,0,0,0,1,0,0,0,1,0,aleatorio,0
53,1,59,0,0,0,0,0,0,1,0,1,0,aleatorio,0
52,4,30,1,0,0,0,1,1,1,1,1,1,aleatorio,1
34,1,56,0,0,0,0,1,0,0,1,1,1,aleatorio,1
44,1,291,0,0,0,0,0,0,1,3,3,1,aleatorio,1
70,6,8,1,1,1,0,1,0,1,0,0,1,aleatorio,2
50,2,60,0,0,0,0,0,1,1,1,1,2,aleatorio,1
45,1,52,0,0,0,0,0,0,1,0,0,0,aleatorio,0
49,1,3,0,0,0,0,1,0,0,0,0,0,aleatorio,0
27,1,310,0,0,0,0,1,0,0,0,0,0,aleatorio,0
30,2,134,0,0,0,0,1,0,1,0,0,0,aleatorio,0
56,5,26,1,0,0,0,1,1,1,0,1,1,aleatorio,1
70,1,171,0,0,0,0,1,0,0,0,0,0,aleatorio,0
39,2,132,0,0,0,1,1,0,0,0,0,1,aleatorio,1
49,2,10,1,0,0,0,0,1,0,0,0,1,aleatorio,1
22,5,5,1,1,0,0,1,1,0,0,1,2,aleatorio,2
69,1,350,0,0,0,0,1,0,0,0,0,2,aleatorio,0
38,1,53,0,0,0,0,0,0,1,1,2,1,aleatorio,1
62,2,113,0,0,0,0,1,1,0,0,0,0,aleatorio,0
45,2,14,1,0,0,0,1,1,0,0,0,1,aleatorio,1
65,4,6,1,0,1,1,0,1,0,1,1,2,aleatorio,2
56,3,0,1,0,0,0,0,0,1,0,0,1,aleatorio,1
22,1,188,0,0,0,0,0,1,0,0,0,0,aleatorio,0
49,2,51,0,0,0,0,1,0,1,0,0,0,aleatorio,0
67,4,3,1,1,1,0,1,1,0,0,0,2,aleatorio,2
69,1,363,0,0,0,0,0,1,0,0,1,0,aleatorio,0
32,5,4,1,0,1,1,0,1,1,2,2,2,aleatorio,2
24,1,10,0,0,0,0,0,1,0,0,0,1,aleatorio,0
33,1,367,0,0,0,0,1,0,0,0,1,0,aleatorio,0
20,1,44,0,0,0,0,0,1,0,0,0,0,aleatorio,0
58,4,1,1,0,1,0,1,1,0,1,1,2,aleatorio,2
45,2,11,1,0,0,0,1,0,0,1,1,2,aleatorio,2
30,2,54,0,0,0,0,1,1,0,2,2,1,aleatorio,1
19,2,33,0,0,0,0,0,1,1,0,1,0,aleatorio,0
66,2,13,1,0,0,1,0,0,1,0,0,2,aleatorio,2
40,1,240,0,0,0,0,0,1,0,3,3,1,aleatorio,1
51,1,15,0,0,0,0,0,0,1,0,0,0,aleatorio,0
20,2,1,1,0,1,0,0,1,0,0,0,2,aleatorio,2
63,1,323,0,0,0,0,0,1,0,1,2,1,aleatorio,1
49,1,12,0,0,0,0,0,0,1,0,0,0,aleatorio,0
39,1,226,0,0,0,0,0,1,0,0,0,0,aleatorio,0
61,2,6,1,1,0,0,0,0,0,0,0,2,aleatorio,2
61,1,102,0,0,0,0,0,1,0,0,0,0,aleatorio,0
57,2,1,1,0,0,0,1,1,0,0,0,0,aleatorio,1
56,1,7,0,0,0,0,0,0,1,0,0,0,aleatorio,0
36,5,5,1,0,1,1,1,0,0,1,1,2,aleatorio,2
67,1,0,0,0,0,0,1,0,0,0,0,0,aleatorio,0
41,1,6,0,0,0,0,0,1,0,0,0,0,aleatorio,0
66,5,0,1,0,1,1,1,1,0,2,2,2,aleatorio,2
68,1,305,0,0,0,0,0,1,0,0,0,2,aleatorio,0
64,4,2,1,0,0,0,1,1,0,0,0,1,aleatorio,1
35,1,125,0,0,0,1,0,0,0,0,0,1,aleatorio,1
37,3,46,0,1,1,0,1,0,0,1,1,2,aleatorio,2
63,1,150,0,0,0,0,0,0,1,0,0,0,aleatorio,0
28,3,33,0,1,0,0,1,0,1,0,0,2,aleatorio,2
28,3,44,0,1,0,0,1,0,0,1,1,2,aleatorio,2
29,1,77,0,0,0,0,0,1,0,0,0,0,aleatorio,0
43,3,138,0,0,0,0,1,1,0,0,0,0,aleatorio,0
18,5,1,1,1,1,1,1,0,0,1,1,2,aleatorio,2
68,2,52,0,0,0,0,1,0,1,0,0,0,aleatorio,0
69,1,7,0,0,0,0,0,0,1,0,0,2,aleatorio,0
18,1,47,0,0,0,1,0,0,0,0,0,1,aleatorio,1
70,3,7,1,0,1,0,1,0,1,0,0,0,aleatorio,2
21,4,2,1,1,0,0,1,1,0,1,2,2,aleatorio,2
23,1,284,0,0,0,0,0,1,0,0,1,2,aleatorio,0
64,2,282,0,1,0,1,0,0,0,1,1,2,aleatorio,2
67,2,15,1,0,0,0,1,0,0,0,0,1,aleatorio,1
32,2,182,0,0,0,1,0,0,1,0,0,1,aleatorio,1
61,2,37,0,1,0,0,1,0,0,0,0,2,aleatorio,2
39,1,56,0,0,0,0,0,0,1,0,0,0,aleatorio,0
37,2,33,0,0,0,0,1,0,1,0,1,0,aleatorio,0
54,4,7,1,1,0,1,0,1,0,0,0,2,aleatorio,2
52,3,5,1,1,0,0,1,1,0,0,0,2,aleatorio,2
23,0,999,0,0,0,0,0,0,0,2,2,1,aleatorio,1
18,5,2,1,1,1,1,1,0,1,0,0,2,aleatorio,2
52,4,1,1,0,0,0,1,1,1,0,0,2,aleatorio,1
35,1,112,0,0,0,0,0,0,1,0,0,0,aleatorio,0
51,4,11,1,0,0,1,1,1,1,0,0,2,aleatorio,2
54,3,14,1,0,0,0,1,1,0,0,0,1,aleatorio,1
45,1,341,0,0,0,1,0,0,0,1,1,1,aleatorio,1
44,1,28,0,0,0,0,0,1,0,0,0,0,aleatorio,0
32,1,365,0,0,0,0,1,0,0,0,0,0,aleatorio,0
19,6,1,1,1,1,0,1,0,1,2,3,2,aleatorio,2
20,2,38,0,0,0,0,1,1,0,0,0,0,aleatorio,0
56,1,14,0,0,0,0,0,1,0,0,0,0,aleatorio,0
63,3,37,0,0,0,0,1,1,0,0,0,0,aleatorio,0
34,1,56,0,0,0,1,0,0,0,1,1,1,aleatorio,1
53,2,48,0,0,0,0,0,1,0,0,0,0,aleatorio,0
28,4,5,1,0,1,1,0,1,1,0,0,2,aleatorio,2
59,3,3,1,0,1,1,0,1,0,0,0,2,aleatorio,2
64,1,28,0,0,0,0,1,0,0,0,0,0,aleatorio,0
20,1,36,0,0,0,0,0,1,0,0,0,0,aleatorio,0
35,0,999,0,0,0,0,0,0,0,1,1,1,aleatorio,1
29,3,38,0,0,0,1,1,0,1,0,0,1,aleatorio,1
52,4,47,0,0,0,1,0,1,1,0,0,1,aleatorio,1
41,1,150,0,0,0,0,0,0,1,0,0,0,aleatorio,0
55,1,371,0,0,0,0,1,0,0,0,0,0,aleatorio,0
59,2,5,1,1,0,0,0,1,0,2,3,2,aleatorio,2
49,1,80,0,0,0,0,0,1,0,0,1,0,aleatorio,0
47,1,14,0,0,0,0,0,1,0,0,0,0,aleatorio,0
67,1,25,0,0,0,0,0,1,0,0,0,0,aleatorio,0
25,2,19,1,0,0,0,1,0,1,2,4,1,aleatorio,1
20,1,52,0,0,0,0,0,0,1,0,0,0,aleatorio,0
22,3,4,1,0,1,0,0,0,1,0,0,2,aleatorio,2
45,1,299,0,0,0,0,1,0,0,0,0,1,aleatorio,0
52,1,9,0,0,0,0,1,0,0,0,0,0,aleatorio,0
37,2,7,1,0,0,0,1,0,1,0,0,1,aleatorio,1
23,3,51,0,1,0,0,0,0,1,0,0,2,aleatorio,2
41,1,4,0,0,0,1,0,0,0,0,0,1,aleatorio,1
39,2,15,1,0,0,1,0,0,1,1,1,2,aleatorio,2
65,1,0,0,0,0,0,0,1,0,0,0,0,aleatorio,0
67,2,0,1,0,0,0,1,0,0,0,0,1,aleatorio,1
24,1,323,0,0,0,0,1,0,0,0,0,0,aleatorio,0
49,2,39,0,0,0,0,0,1,0,0,0,0,aleatorio,0
70,1,111,0,0,0,0,0,1,0,0,0,0,aleatorio,0
59,5,36,0,1,1,1,1,0,1,0,0,2,aleatorio,2
40,2,50,0,0,0,0,0,1,1,0,0,0,aleatorio,0
54,1,216,0,0,0,0,1,0,0,1,1,1,aleatorio,1
23,1,14,0,0,0,1,0,0,0,0,1,1,aleatorio,1
59,2,10,1,0,0,0,0,1,0,0,0,1,aleatorio,1
44,1,159,0,0,0,1,0,0,0,1,2,1,aleatorio,1
35,4,4,1,0,0,1,1,0,1,0,0,2,aleatorio,2
44,2,164,0,0,0,0,1,1,0,1,1,1,aleatorio,1
42,5,46,0,0,0,1,1,1,1,0,0,1,aleatorio,1
67,1,52,0,0,0,0,0,1,0,0,0,0,aleatorio,0
50,3,163,0,0,0,0,1,1,1,0,0,0,aleatorio,0
52,1,2,0,0,0,0,1,0,0,1,1,0,aleatorio,2
33,1,21,0,1,0,0,0,0,0,2,3,2,aleatorio,2
39,1,40,0,0,0,0,0,0,1,0,0,0,aleatorio,0
66,3,8,1,0,0,0,1,1,0,0,1,1,aleatorio,1
20,2,58,0,0,0,0,1,1,0,0,0,0,aleatorio,0
57,3,5,1,1,0,1,0,1,0,0,0,2,aleatorio,2
21,1,32,0,0,0,0,0,1,0,0,0,0,aleatorio,0
20,1,14,0,0,0,0,0,1,0,0,0,0,aleatorio,0
33,4,15,1,0,0,0,1,1,0,0,0,1,aleatorio,1
30,1,54,0,0,0,0,0,0,1,0,0,0,aleatorio,0
58,2,203,0,0,0,1,0,0,1,1,2,1,aleatorio,1
49,2,41,0,0,1,0,0,0,1,0,0,2,aleatorio,2
49,1,20,0,0,0,0,0,0,1,0,2,0,aleatorio,0
63,1,39,0,0,0,0,0,0,1,0,0,1,aleatorio,0
60,4,37,0,0,1,0,1,1,0,2,2,2,aleatorio,2
59,4,20,1,1,1,0,1,0,1,0,0,2,aleatorio,2
21,2,17,1,0,0,0,1,0,0,0,0,0,aleatorio,1
52,2,3,1,0,0,0,1,0,1,1,2,2,aleatorio,2
67,1,179,0,0,0,1,0,0,0,1,2,1,aleatorio,1
53,1,113,0,0,0,0,0,0,1,0,0,0,aleatorio,0
22,2,11,1,0,1,0,0,1,0,1,1,2,aleatorio,2
25,3,55,0,0,0,1,0,1,1,0,0,1,aleatorio,1
32,3,0,1,0,0,0,1,0,1,0,1,1,aleatorio,1
50,6,56,0,0,0,1,0,1,1,0,0,1,aleatorio,1
57,4,1,1,1,0,0,1,0,0,0,0,2,aleatorio,2
25,1,5,0,0,0,1,0,0,0,0,0,1,aleatorio,1
56,2,6,1,0,0,0,1,1,0,0,0,1,aleatorio,1
32,2,52,0,0,0,1,1,0,0,0,0,1,aleatorio,1
57,4,19,1,1,1,0,0,1,1,0,0,1,aleatorio,2
52,1,13,0,0,0,0,0,1,0,0,0,0,aleatorio,0
42,1,14,0,0,0,0,0,1,0,0,0,0,aleatorio,0
63,4,28,1,0,1,0,1,1,0,0,0,2,aleatorio,2
66,1,284,0,1,0,0,0,0,0,0,0,2,aleatorio,2
39,2,77,0,1,0,1,0,0,0,0,0,2,aleatorio,2
30,1,155,0,0,0,0,0,0,1,0,0,0,aleatorio,0
59,3,0,1,1,0,1,1,0,0,0,0,2,aleatorio,2
51,2,25,1,0,0,1,0,1,0,0,0,2,aleatorio,2
54,1,46,0,0,0,0,0,0,1,0,0,0,aleatorio,0
58,1,221,0,0,1,0,0,0,0,0,0,2,aleatorio,2
52,1,25,0,0,0,0,1,0,0,0,0,0,aleatorio,0
36,1,47,0,0,0,0,0,0,1,0,0,2,aleatorio,0
21,2,18,1,0,0,0,1,0,0,2,2,1,aleatorio,1
66,1,197,0,0,0,0,0,1,0,0,1,0,aleatorio,0
33,1,397,0,0,0,0,1,0,0,0,0,0,aleatorio,0
35,3,15,1,1,0,1,0,1,0,0,0,2,aleatorio,2
43,1,14,0,0,0,1,0,0,0,0,0,1,aleatorio,1
28,1,51,0,0,0,0,0,1,0,1,2,1,aleatorio,1
36,1,162,0,0,0,1,0,0,0,0,0,1,aleatorio,1
19,1,286,0,0,0,0,0,1,0,1,2,1,aleatorio,1
48,5,6,1,0,1,0,0,0,1,0,1,2,aleatorio,2
61,1,59,0,0,0,0,0,0,1,0,0,0,aleatorio,0
47,3,47,0,0,0,0,1,0,1,2,2,1,aleatorio,1
42,1,32,0,0,0,0,0,1,0,0,1,0,aleatorio,0
21,3,61,0,0,1,1,0,1,0,0,0,2,aleatorio,2
61,5,4,1,1,0,0,1,0,0,0,1,2,aleatorio,2
26,2,180,0,0,0,1,1,0,0,0,0,1,aleatorio,1
36,4,56,0,0,1,0,1,1,1,0,0,2,aleatorio,2
57,3,1,1,0,0,0,0,1,1,0,0,1,aleatorio,1
52,1,7,0,0,0,0,0,1,0,0,0,0,aleatorio,0
38,3,2,1,0,1,0,1,1,0,1,3,2,aleatorio,2
59,2,19,1,0,0,0,1,0,1,0,0,1,aleatorio,1
46,1,44,0,0,0,0,0,1,0,0,0,0,aleatorio,0
65,2,79,0,0,0,1,0,0,1,0,0,1,aleatorio,1
65,2,7,1,0,0,1,0,0,0,0,0,2,aleatorio,2
50,1,19,0,0,0,0,1,0,0,0,0,0,aleatorio,0
30,1,3,0,0,0,0,1,0,0,0,0,0,aleatorio,0
28,1,387,0,0,0,0,0,1,0,0,0,0,aleatorio,0
41,1,30,0,0,0,1,0,0,0,0,1,1,aleatorio,1
50,3,35,0,1,0,1,1,0,0,0,0,0,aleatorio,2
34,3,5,1,0,1,0,0,0,1,0,0,2,aleatorio,2
18,3,7,1,0,0,1,1,0,1,1,1,1,aleatorio,2
44,1,301,0,0,0,0,0,1,0,2,4,1,aleatorio,1
68,1,40,0,0,0,0,0,0,1,0,0,0,aleatorio,0
65,2,48,0,0,0,1,1,0,0,0,1,1,aleatorio,1
40,2,0,1,1,0,0,0,0,1,0,0,2,aleatorio,2
64,2,15,1,0,1,1,0,0,0,0,0,2,aleatorio,2
35,1,150,0,0,0,0,0,0,1,0,0,0,aleatorio,0
47,2,10,1,1,0,1,0,0,0,0,0,2,aleatorio,2
51,1,46,0,0,0,1,0,0,0,2,3,1,aleatorio,1
62,2,40,0,0,0,1,0,1,0,1,1,1,aleatorio,1
39,6,6,1,1,1,1,1,1,0,0,0,2,aleatorio,2
42,2,51,0,0,0,1,0,1,0,1,1,1,aleatorio,1
20,4,1,1,1,1,0,1,0,1,1,2,0,aleatorio,2
23,6,30,1,0,0,0,1,1,1,0,1,1,aleatorio,1
60,1,139,0,0,0,0,1,0,0,1,1,1,aleatorio,1
27,1,243,0,1,0,0,0,0,0,0,0,2,aleatorio,2
62,1,22,0,0,0,0,1,0,0,0,0,0,aleatorio,0
65,1,10,0,0,0,0,0,0,1,0,0,0,aleatorio,0
30,1,5,0,0,0,0,0,1,0,0,0,0,aleatorio,0
47,5,7,1,0,1,1,1,0,1,0,0,2,aleatorio,2
28,1,10,0,0,0,1,0,0,0,0,0,1,aleatorio,1
18,4,2,1,1,0,0,1,0,0,0,0,2,aleatorio,2
55,2,4,1,0,0,0,0,1,1,0,0,0,aleatorio,1
19,5,15,1,0,0,0,1,1,1,0,0,1,aleatorio,1
30,1,375,0,0,0,0,1,0,0,1,1,1,aleatorio,1
42,2,0,1,1,0,0,1,0,0,2,2,2,aleatorio,2
28,1,43,0,0,1,0,0,0,0,0,0,2,aleatorio,2
42,6,5,1,1,1,0,0,1,0,0,0,2,aleatorio,2
61,1,337,0,0,0,0,0,1,0,0,1,1,aleatorio,0
27,5,13,1,0,0,1,1,1,0,0,0,2,aleatorio,2
50,1,140,0,0,0,0,0,1,0,0,1,0,aleatorio,0
40,1,342,0,0,0,0,0,1,0,0,0,0,aleatorio,0
28,1,390,0,0,0,1,0,0,0,0,0,1,aleatorio,1
35,4,30,1,0,0,0,1,0,0,1,1,0,aleatorio,1
44,1,7,0,0,0,0,0,1,0,0,0,2,aleatorio,0
38,4,5,1,1,0,0,0,1,0,2,2,2,aleatorio,2
64,1,50,0,0,0,1,0,0,0,1,1,1,aleatorio,1
31,2,238,0,0,0,0,1,0,1,0,0,0,aleatorio,0
40,1,91,0,0,0,0,0,1,0,1,2,1,aleatorio,1
58,2,112,0,1,0,0,0,0,0,0,0,1,aleatorio,2
29,1,29,0,0,0,0,1,0,0,1,1,1,aleatorio,1
44,2,69,0,0,0,1,0,1,0,0,0,2,aleatorio,1
64,3,4,1,0,0,0,1,0,1,0,0,1,aleatorio,1
41,5,12,1,1,1,0,1,1,1,0,2,2,aleatorio,2
70,1,230,0,0,0,0,1,0,0,1,1,1,aleatorio,1
57,1,351,0,1,0,0,0,0,0,1,1,2,aleatorio,2
34,1,28,0,0,0,0,1,0,0,0,0,2,aleatorio,0
34,1,4,0,0,0,0,0,1,0,0,0,0,aleatorio,0
63,2,51,0,0,0,0,1,0,0,0,0,0,aleatorio,0
41,2,45,0,0,0,0,1,0,0,0,0,0,aleatorio,0
70,2,111,0,0,0,1,0,0,1,0,0,1,aleatorio,1
30,1,4,0,0,0,0,1,0,0,0,0,0,aleatorio,0
62,1,245,0,0,0,0,1,0,0,0,0,1,aleatorio,0
32,1,40,0,0,0,0,1,0,0,0,0,0,aleatorio,0
42,5,3,1,1,1,0,1,1,0,1,1,2,aleatorio,2
26,2,22,1,0,0,1,0,0,0,1,4,2,aleatorio,2
28,2,15,1,0,0,0,1,0,1,0,0,1,aleatorio,1
20,6,7,1,1,1,0,1,1,0,0,0,2,aleatorio,2
21,3,4,1,0,1,1,0,1,0,0,0,0,aleatorio,2
58,2,47,0,0,0,0,0,1,1,0,0,0,aleatorio,0
58,2,7,1,0,0,0,0,1,1,0,0,1,aleatorio,1
39,1,179,0,0,0,0,0,1,0,0,0,0,aleatorio,0
49,3,12,1,0,0,0,0,1,1,0,0,1,aleatorio,1
51,1,12,0,0,1,0,0,0,0,0,0,2,aleatorio,2
66,1,7,0,1,0,0,0,0,0,0,0,2,aleatorio,2
22,4,134,0,0,1,0,1,0,1,0,0,0,aleatorio,2
63,2,8,1,1,0,0,0,0,1,2,4,2,aleatorio,2
23,4,6,1,0,1,0,1,1,0,0,0,2,aleatorio,2
51,1,61,0,0,0,0,1,0,0,0,0,0,aleatorio,0
52,1,170,0,0,0,0,1,0,0,3,3,1,aleatorio,1
64,6,4,1,0,1,1,1,0,1,2,4,2,aleatorio,2
19,2,15,1,0,0,1,0,1,0,0,0,2,aleatorio,2
23,6,13,1,0,0,0,1,1,1,0,0,1,aleatorio,1
49,3,5,1,1,0,0,0,1,1,1,2,2,aleatorio,2
45,3,0,1,0,0,0,0,1,1,0,0,1,aleatorio,1
49,5,11,1,1,0,0,1,1,1,0,0,2,aleatorio,2
38,1,317,0,0,0,1,0,0,0,0,0,1,aleatorio,1
61,1,251,0,0,0,0,0,1,0,0,0,0,aleatorio,0
35,2,27,1,1,0,0,1,0,0,0,0,2,aleatorio,2
33,4,51,0,0,0,1,1,1,1,0,0,1,aleatorio,1
53,1,321,0,1,0,0,0,0,0,0,1,2,aleatorio,2
32,2,18,1,1,0,0,1,0,0,0,0,2,aleatorio,2
18,2,133,0,0,1,0,1,0,0,0,0,2,aleatorio,2
47,3,8,1,0,1,1,0,1,0,0,0,2,aleatorio,2
62,5,46,0,0,1,1,0,1,0,0,0,2,aleatorio,2
69,2,11,1,0,0,0,1,1,0,1,1,2,aleatorio,2
28,2,48,0,0,0,0,1,0,1,1,1,1,aleatorio,1
70,3,31,0,0,0,0,1,1,1,0,1,1,aleatorio,0
56,3,46,0,0,0,1,1,1,0,0,0,1,aleatorio,1
31,1,31,0,0,0,0,0,1,0,0,0,0,aleatorio,0
48,5,2,1,1,1,1,0,1,0,0,0,2,aleatorio,2
43,3,33,0,0,0,1,1,0,1,2,3,1,aleatorio,1
30,0,999,0,0,0,0,0,0,0,4,4,1,aleatorio,1
70,0,999,0,0,0,0,0,0,0,1,3,1,aleatorio,1
70,1,8,0,0,1,0,0,0,0,0,0,0,aleatorio,2
30,1,48,0,0,0,0,0,1,0,0,0,0,aleatorio,0
50,4,6,1,1,1,0,0,0,1,0,0,2,aleatorio,2
39,2,35,0,0,0,0,0,0,1,0,0,0,aleatorio,0
18,4,3,1,0,1,1,1,1,0,0,0,2,aleatorio,2
58,3,3,1,0,0,1,0,1,0,0,0,2,aleatorio,2
60,4,3,1,0,0,0,1,1,0,0,0,1,aleatorio,1
55,2,56,0,0,0,0,0,1,1,0,0,0,aleatorio,0
28,6,1,1,0,1,1,1,0,1,1,1,2,aleatorio,2
61,2,212,0,1,1,0,0,0,0,0,0,1,aleatorio,2
31,2,12,1,0,0,0,1,1,0,0,0,1,aleatorio,1
58,2,1,1,0,0,1,0,0,1,1,1,2,aleatorio,2
29,4,5,1,1,0,1,0,0,1,0,0,2,aleatorio,2
65,1,40,0,0,0,0,0,0,1,0,0,0,aleatorio,0
39,5,13,1,1,1,0,1,1,0,2,2,2,aleatorio,2
53,6,4,1,0,1,1,1,1,0,0,0,2,aleatorio,2
47,2,9,1,1,0,0,0,1,0,1,1,2,aleatorio,2
25,1,30,0,0,0,0,0,1,0,0,0,0,aleatorio,0
39,2,3,1,0,0,0,1,0,0,0,0,1,aleatorio,1
26,2,43,0,0,0,0,1,0,1,0,0,0,aleatorio,0
63,4,15,1,1,0,0,1,0,1,0,2,2,aleatorio,2
65,3,12,1,0,0,1,0,0,1,0,0,0,aleatorio,2
61,3,26,1,0,1,0,1,0,0,0,0,2,aleatorio,2
52,3,13,1,0,0,0,0,1,1,0,0,1,aleatorio,1
23,4,1,1,1,0,1,1,1,0,1,1,0,aleatorio,2
32,1,377,0,0,0,0,1,0,0,0,0,0,aleatorio,0
68,5,13,1,1,0,1,0,1,1,0,0,2,aleatorio,2
59,0,999,0,0,0,0,0,0,0,3,3,1,aleatorio,1
29,0,999,0,0,0,0,0,0,0,2,2,1,aleatorio,1
36,0,999,0,0,0,0,0,0,0,1,3,1,aleatorio,1
45,2,21,1,0,0,0,0,0,1,0,0,1,aleatorio,1
55,1,52,0,0,0,0,1,0,0,0,0,0,aleatorio,0
35,1,3,0,0,0,0,1,0,0,0,0,0,aleatorio,0
34,2,11,1,1,0,0,0,0,1,1,2,2,aleatorio,2
27,2,196,0,0,0,1,1,0,0,0,0,1,aleatorio,1
29,1,8,0,1,0,0,0,0,0,1,1,1,aleatorio,2
42,2,28,1,0,0,1,1,0,0,0,0,2,aleatorio,2
23,3,3,1,0,1,1,0,1,0,0,0,1,aleatorio,2
49,2,33,0,0,1,1,0,0,0,1,1,2,aleatorio,2
24,6,9,1,0,0,0,1,1,0,0,0,1,aleatorio,1
60,1,14,0,0,0,0,0,1,0,0,1,0,aleatorio,0
25,4,2,1,0,0,1,1,0,1,2,2,2,aleatorio,2
69,1,2,0,0,0,0,0,1,0,0,0,0,aleatorio,0
64,1,5,0,0,0,1,0,0,0,0,0,1,aleatorio,1
35,4,28,1,0,0,1,1,1,0,0,0,2,aleatorio,2
28,1,29,0,0,0,0,0,1,0,0,0,0,aleatorio,0
33,1,42,0,0,0,0,0,0,1,2,2,1,aleatorio,1
25,1,8,0,0,0,1,0,0,0,0,0,1,aleatorio,1
27,0,999,0,0,0,0,0,0,0,1,1,1,aleatorio,1
58,3,4,1,0,0,0,1,1,1,0,0,1,aleatorio,1
70,6,0,1,1,1,1,0,1,0,0,0,0,aleatorio,2
35,1,56,0,0,0,0,0,1,0,0,0,0,aleatorio,0
60,3,48,0,0,0,1,0,1,0,0,0,1,aleatorio,1
36,4,14,1,1,0,0,0,0,1,0,0,1,aleatorio,2
62,1,5,0,0,0,0,0,0,1,0,0,0,aleatorio,0
24,3,39,0,0,0,0,1,1,0,0,0,0,aleatorio,0
54,3,0,1,0,0,1,1,0,0,0,0,2,aleatorio,2
50,5,3,1,0,1,1,1,0,0,1,2,2,aleatorio,2
55,0,999,0,0,0,0,0,0,0,2,2,1,aleatorio,1
34,1,66,0,0,0,0,0,1,0,0,0,0,aleatorio,0
61,1,15,0,0,0,0,0,1,0,0,0,0,aleatorio,0
31,5,6,1,0,0,1,1,1,1,0,0,2,aleatorio,2
18,3,12,1,1,0,0,1,0,1,0,0,0,aleatorio,2
44,2,31,0,0,0,1,0,1,0,1,2,2,aleatorio,1
34,1,35,0,0,1,0,0,0,0,3,4,2,aleatorio,2
50,1,216,0,0,0,0,0,1,0,0,0,0,aleatorio,0
37,1,23,0,0,0,0,0,1,0,1,1,1,aleatorio,1
33,1,241,0,0,0,0,1,0,0,0,0,0,aleatorio,0
33,2,9,1,1,0,0,0,0,1,0,0,2,aleatorio,2
31,1,258,0,0,0,0,0,0,1,0,0,0,aleatorio,0
21,2,79,0,0,0,1,0,1,0,0,0,1,aleatorio,1
48,6,2,1,0,0,1,1,1,0,0,0,2,aleatorio,2
28,6,10,1,1,1,1,1,0,0,1,1,2,aleatorio,2
54,5,41,0,1,1,0,1,1,0,0,0,2,aleatorio,2
46,1,60,0,0,0,0,0,1,0,1,1,1,aleatorio,1
33,1,288,0,0,0,0,0,0,1,0,0,1,aleatorio,0
51,3,34,0,0,0,0,1,1,1,0,0,0,aleatorio,0
62,4,21,1,1,0,1,0,0,0,0,0,2,aleatorio,2
59,6,0,1,0,1,1,1,1,1,3,3,2,aleatorio,2
55,1,7,0,0,0,0,1,0,0,2,2,2,aleatorio,2
60,6,1,1,0,1,1,1,1,0,0,0,2,aleatorio,2
64,1,313,0,0,0,1,0,0,0,2,3,0,aleatorio,1
29,1,94,0,0,1,0,0,0,0,0,0,2,aleatorio,2
28,2,55,0,0,0,0,1,0,1,0,0,0,aleatorio,0
18,1,152,0,0,0,0,1,0,0,1,1,1,aleatorio,1
47,3,32,0,0,0,0,1,0,1,1,3,2,aleatorio,1
59,3,35,0,0,0,1,1,0,0,0,0,1,aleatorio,1
47,2,196,0,0,0,0,0,1,1,4,4,1,aleatorio,1
29,2,14,1,0,0,1,1,0,0,0,1,2,aleatorio,2
26,2,155,0,0,0,0,1,1,0,0,0,0,aleatorio,0
47,1,26,0,0,0,0,0,1,0,0,0,0,aleatorio,0
36,5,6,1,0,1,1,0,0,1,0,0,2,aleatorio,2
44,2,173,0,0,0,0,1,0,1,0,0,0,aleatorio,0
55,2,60,0,0,0,1,0,0,1,1,2,1,aleatorio,1
45,1,53,0,0,0,0,1,0,0,1,1,1,aleatorio,1
38,1,3,0,0,0,0,1,0,0,0,0,0,aleatorio,0
49,5,3,1,1,1,1,1,0,0,0,0,2,aleatorio,2
57,3,1,1,0,0,1,0,1,0,1,2,2,aleatorio,2
29,2,49,0,0,0,1,0,0,1,1,1,0,aleatorio,1
21,2,144,0,1,1,0,0,0,0,0,0,2,aleatorio,2
49,1,376,0,0,0,0,0,1,0,0,0,0,aleatorio,0
56,1,22,0,0,0,0,0,0,1,1,2,1,aleatorio,1
29,1,28,0,0,0,0,0,1,0,1,1,1,aleatorio,1
55,2,240,0,0,0,1,0,0,0,0,0,1,aleatorio,1
30,0,999,0,0,0,0,0,0,0,1,1,0,aleatorio,1
30,3,2,1,0,0,1,1,1,0,1,2,2,aleatorio,2
19,3,1,1,0,1,1,0,0,0,0,0,2,aleatorio,2
30,4,9,1,0,0,0,0,1,0,0,0,1,aleatorio,1
57,6,19,1,0,1,0,1,1,1,1,2,2,aleatorio,2
65,2,7,1,0,1,0,0,0,1,0,1,1,aleatorio,2
58,1,30,0,0,0,0,1,0,0,0,1,0,aleatorio,0
45,2,49,0,0,0,0,0,1,0,0,0,0,aleatorio,0
32,3,15,1,1,0,0,1,1,0,0,0,2,aleatorio,2
29,3,45,0,0,0,0,1,0,1,0,0,0,aleatorio,0
68,4,5,1,0,1,1,1,1,0,0,0,0,aleatorio,2
50,6,13,1,1,0,1,1,1,0,0,1,2,aleatorio,2
56,2,157,0,0,0,0,0,1,1,0,0,0,aleatorio,0
55,4,9,1,1,0,0,0,1,0,2,2,2,aleatorio,2
69,1,12,0,0,0,0,1,0,0,0,0,1,aleatorio,0
63,4,6,1,1,1,1,1,0,0,0,0,2,aleatorio,2
27,3,4,1,0,1,0,1,1,0,0,0,2,aleatorio,2
60,3,68,0,0,0,1,0,1,0,0,0,1,aleatorio,1
51,1,11,0,0,0,0,0,0,1,0,0,0,aleatorio,0
57,1,49,0,0,0,0,1,0,0,1,1,1,aleatorio,1
27,1,45,0,0,0,0,0,0,1,0,0,0,aleatorio,0
30,1,158,0,0,0,0,1,0,0,1,2,1,aleatorio,1
46,2,29,1,1,0,0,1,0,0,1,2,2,aleatorio,2
22,1,18,0,0,0,1,0,0,0,0,0,1,aleatorio,1
60,5,13,1,1,1,1,0,1,0,0,0,2,aleatorio,2
57,1,33,0,0,0,0,0,0,1,0,0,2,aleatorio,0
21,2,30,1,0,1,0,0,1,0,0,0,2,aleatorio,2
53,2,54,0,0,0,0,0,1,1,0,0,0,aleatorio,0
27,3,4,1,0,0,0,1,1,1,0,0,1,aleatorio,1
31,1,34,0,0,0,0,1,0,0,0,0,0,aleatorio,0
62,2,264,0,0,0,0,1,0,0,0,0,2,aleatorio,0
30,2,11,1,0,0,1,0,1,0,2,2,2,aleatorio,2
24,6,2,1,1,1,1,1,0,1,0,0,2,aleatorio,2
48,1,53,0,0,0,0,0,1,0,0,0,0,aleatorio,0
60,1,5,0,0,0,1,0,0,0,1,3,2,aleatorio,2
39,5,1,1,0,1,1,0,0,1,0,0,2,aleatorio,2
23,1,92,0,0,0,0,0,1,0,0,0,0,aleatorio,0
32,2,0,1,0,0,0,1,1,0,1,2,2,aleatorio,2
45,2,13,1,0,0,0,0,1,0,0,0,1,aleatorio,1
62,2,3,1,0,0,0,0,1,1,0,0,1,aleatorio,1
67,1,55,0,0,0,1,0,0,0,0,0,1,aleatorio,1
48,4,30,1,0,0,0,1,1,0,0,0,1,aleatorio,1
45,1,18,0,0,0,0,0,1,0,0,0,0,aleatorio,0
29,1,7,0,0,0,0,0,0,1,0,0,0,aleatorio,0
31,2,0,1,0,0,0,1,0,1,0,1,1,aleatorio,1
41,2,34,0,0,0,1,0,1,0,2,2,1,aleatorio,1
47,1,3,0,0,0,0,1,0,0,0,0,0,aleatorio,0
33,1,2,0,0,0,0,0,1,0,0,2,0,aleatorio,0
42,5,2,1,1,0,1,1,1,1,0,0,2,aleatorio,2
70,3,7,1,1,0,1,1,0,0,0,0,2,aleatorio,2
70,1,261,0,0,0,0,1,0,0,0,0,0,aleatorio,0
28,2,183,0,0,0,1,0,1,0,0,0,1,aleatorio,1
28,6,12,1,0,1,1,1,1,0,1,3,2,aleatorio,2
40,1,59,0,0,0,1,0,0,0,0,0,1,aleatorio,1
62,1,18,0,0,0,0,0,1,0,2,2,1,aleatorio,1
37,2,2,1,0,0,0,1,0,0,0,0,1,aleatorio,1
64,2,6,1,0,0,0,1,0,1,0,0,1,aleatorio,1
37,1,6,0,0,0,0,0,1,0,0,0,0,aleatorio,0
29,1,57,0,0,0,1,0,0,0,2,3,1,aleatorio,1
36,1,2,0,1,0,0,0,0,0,1,1,2,aleatorio,2
59,2,2,1,0,0,0,0,1,0,0,0,1,aleatorio,1
33,4,2,1,0,0,0,1,1,0,0,0,1,aleatorio,1
52,6,1,1,1,0,1,1,1,1,0,0,2,aleatorio,2
63,2,50,0,1,0,0,1,0,0,1,2,2,aleatorio,2
47,4,5,1,1,0,1,0,1,1,0,1,2,aleatorio,2
70,1,9,0,1,0,0,0,0,0,0,0,2,aleatorio,2
37,6,11,1,0,0,1,1,0,1,0,0,2,aleatorio,2
36,1,8,0,0,0,0,0,0,1,0,0,0,aleatorio,0
55,3,14,1,0,1,0,0,0,1,0,0,2,aleatorio,2
51,1,111,0,0,0,0,0,1,0,1,1,1,aleatorio,1
65,1,20,0,0,1,0,0,0,0,0,0,2,aleatorio,2
60,1,312,0,0,0,0,0,0,1,0,0,0,aleatorio,0
56,1,12,0,0,0,0,0,0,1,0,0,0,aleatorio,0
56,2,1,1,0,0,0,1,0,1,0,0,1,aleatorio,1
26,4,2,1,1,0,0,1,1,0,0,0,2,aleatorio,2
25,1,3,0,0,0,0,0,0,1,0,0,0,aleatorio,0
63,3,5,1,1,0,0,1,0,1,0,0,2,aleatorio,2
66,2,116,0,0,0,0,1,0,1,2,4,2,aleatorio,1
50,6,1,1,0,0,0,1,1,1,0,0,1,aleatorio,1
69,1,43,0,0,0,0,0,0,1,0,0,0,aleatorio,0
59,1,33,0,0,0,0,0,0,1,0,0,0,aleatorio,0
39,3,11,1,0,0,1,1,0,1,0,0,2,aleatorio,2
51,5,1,1,0,1,0,1,1,0,0,0,2,aleatorio,2
47,2,33,0,0,0,0,0,1,1,1,1,1,aleatorio,1
47,1,389,0,0,0,0,0,1,0,3,3,1,aleatorio,1
53,1,42,0,0,0,1,0,0,0,0,2,1,aleatorio,1
40,1,137,0,0,0,0,1,0,0,0,0,0,aleatorio,0
29,1,264,0,0,0,0,1,0,0,2,2,1,aleatorio,1
30,1,36,0,0,0,0,0,1,0,0,0,1,aleatorio,0
37,1,101,0,0,0,0,1,0,0,0,0,0,aleatorio,0
66,2,9,1,0,0,0,0,1,1,0,0,1,aleatorio,1
70,3,13,1,1,1,0,0,1,0,0,0,2,aleatorio,2
28,3,5,1,0,0,0,1,1,0,0,0,1,aleatorio,1
43,6,3,1,1,0,0,1,1,0,0,1,2,aleatorio,2
51,2,48,0,0,0,0,0,1,0,0,0,0,aleatorio,0
27,5,0,1,0,0,1,1,1,1,0,0,0,aleatorio,2
63,3,3,1,0,0,0,1,1,0,0,0,1,aleatorio,1
20,1,33,0,0,0,0,0,1,0,0,0,0,aleatorio,0
24,2,78,0,0,1,0,0,0,1,0,0,2,aleatorio,2
58,3,24,1,0,0,1,0,1,0,0,1,2,aleatorio,2
55,1,205,0,0,0,0,0,0,1,0,0,0,aleatorio,0
23,1,34,0,0,0,0,0,0,1,0,0,0,aleatorio,0
55,4,14,1,1,1,0,0,0,1,1,2,2,aleatorio,2
65,1,286,0,0,0,0,0,0,1,0,0,0,aleatorio,0
36,2,57,0,0,0,0,1,1,0,0,0,0,aleatorio,0
46,1,125,0,0,0,0,1,0,0,0,0,0,aleatorio,0
26,2,264,0,0,0,1,0,0,1,1,1,1,aleatorio,1
61,1,18,0,0,0,0,0,0,1,0,0,0,aleatorio,0
47,1,12,0,0,0,0,0,1,0,0,0,0,aleatorio,0
21,2,1,1,0,0,0,0,1,1,0,0,1,aleatorio,1
39,1,2,0,0,0,1,0,0,0,0,0,0,aleatorio,1
32,1,261,0,0,0,0,0,1,0,0,0,0,aleatorio,0
54,1,43,0,0,0,1,0,0,0,0,0,1,aleatorio,1
25,4,5,1,0,0,1,1,0,0,0,0,2,aleatorio,2
49,1,20,0,0,0,0,0,1,0,0,0,0,aleatorio,0
22,2,5,1,0,0,1,1,0,0,0,0,2,aleatorio,2
21,1,173,0,0,0,1,0,0,0,0,0,2,aleatorio,1
68,1,57,0,0,0,0,0,1,0,0,0,0,aleatorio,0
69,3,18,1,0,0,0,1,1,0,0,0,0,aleatorio,1
70,3,17,1,1,0,1,0,0,0,0,0,2,aleatorio,2
48,1,56,0,0,0,0,0,0,1,0,0,0,aleatorio,0
51,1,20,0,0,0,0,1,0,0,1,2,1,aleatorio,1
23,2,32,0,0,0,0,1,1,0,0,1,0,aleatorio,0
20,6,0,1,1,1,0,1,0,0,0,0,2,aleatorio,2
49,1,54,0,0,0,0,0,1,0,0,0,0,aleatorio,0
59,2,25,1,0,0,0,1,1,0,0,0,0,aleatorio,1
21,4,7,1,0,1,1,0,0,1,3,4,2,aleatorio,2
30,1,371,0,0,0,0,0,1,0,2,3,1,aleatorio,1
41,2,38,0,0,0,0,0,1,0,1,1,0,aleatorio,1
62,2,7,1,0,1,0,1,0,0,1,1,2,aleatorio,2
47,2,2,1,1,0,0,0,1,0,0,0,2,aleatorio,2
22,1,8,0,0,0,0,0,1,0,0,1,0,aleatorio,0
48,1,14,0,0,0,0,1,0,0,0,0,0,aleatorio,0
44,2,60,0,0,0,0,0,0,1,1,2,1,aleatorio,1
49,5,6,1,0,1,0,0,1,0,3,3,2,aleatorio,2
69,4,12,1,0,0,0,1,1,1,0,0,1,aleatorio,1
67,3,7,1,0,1,1,0,1,0,0,0,2,aleatorio,2
67,6,5,1,1,0,1,1,1,1,0,0,2,aleatorio,2
56,4,40,0,1,0,1,0,0,0,0,0,2,aleatorio,2
57,1,120,0,0,0,0,0,1,0,0,1,0,aleatorio,0
61,1,104,0,0,0,0,0,0,1,0,0,0,aleatorio,0
50,1,13,0,0,0,0,1,0,0,0,0,0,aleatorio,0
30,3,12,1,1,0,0,1,0,1,0,0,2,aleatorio,2
39,4,9,1,1,0,0,1,0,1,0,0,2,aleatorio,2
30,1,18,0,0,0,0,0,0,1,2,2,1,aleatorio,1
56,1,63,0,0,0,0,0,0,1,0,0,0,aleatorio,0
43,1,390,0,0,0,0,0,1,0,0,0,0,aleatorio,0
52,2,55,0,0,0,0,1,0,1,0,0,0,aleatorio,0
49,2,11,1,1,0,1,0,0,0,0,0,2,aleatorio,2
69,1,154,0,0,0,0,0,1,0,0,0,0,aleatorio,0
50,1,142,0,0,0,0,0,0,1,1,1,1,aleatorio,1
55,1,45,0,0,0,0,0,1,0,0,0,0,aleatorio,0
61,1,41,0,0,0,0,0,0,1,0,0,0,aleatorio,0
60,6,1,1,0,0,1,1,1,0,1,1,0,aleatorio,2
37,3,6,1,0,1,1,0,0,0,2,2,2,aleatorio,2
38,2,14,1,0,0,0,1,1,0,0,0,1,aleatorio,1
68,2,10,1,1,0,0,0,1,0,2,2,2,aleatorio,2
67,1,36,0,0,0,0,0,1,0,0,0,0,aleatorio,0
20,1,14,0,0,0,0,1,0,0,0,0,2,aleatorio,0
65,4,2,1,0,0,0,1,1,1,0,0,1,aleatorio,1
53,2,48,0,0,0,0,1,1,0,0,0,0,aleatorio,0
53,1,17,0,0,0,0,0,0,1,0,0,0,aleatorio,0
49,3,9,1,1,0,1,0,0,1,1,1,2,aleatorio,2
35,1,71,0,0,0,0,0,1,0,0,0,2,aleatorio,0
29,1,397,0,0,0,0,0,1,0,0,0,0,aleatorio,0
61,1,4,0,0,0,0,0,1,0,0,0,0,aleatorio,0
52,4,11,1,1,0,0,1,1,0,0,0,2,aleatorio,2
58,5,0,1,0,1,0,1,1,1,2,2,2,aleatorio,2
49,1,15,0,0,0,0,0,1,0,1,1,2,aleatorio,2
63,2,39,0,0,0,0,1,0,1,1,1,1,aleatorio,1
35,3,10,1,0,0,0,1,1,1,0,0,1,aleatorio,1
67,3,3,1,0,0,0,0,1,1,1,1,2,aleatorio,2
28,1,5,0,0,0,0,0,1,0,0,0,0,aleatorio,0
46,3,32,0,0,0,1,0,1,1,0,0,1,aleatorio,1
66,3,3,1,1,0,0,1,0,1,0,0,2,aleatorio,2
19,5,2,1,1,0,1,1,0,1,1,1,2,aleatorio,2
53,2,25,1,0,0,0,0,1,0,0,0,1,aleatorio,1
41,1,204,0,0,0,0,1,0,0,0,0,0,aleatorio,0
47,1,12,0,0,0,0,0,1,0,1,1,2,aleatorio,2
18,1,51,0,0,0,0,0,0,1,0,0,0,aleatorio,0
70,1,13,0,0,0,0,0,1,0,0,0,0,aleatorio,0
59,1,4,0,0,0,0,0,0,1,0,0,0,aleatorio,0
58,2,104,0,0,0,0,0,1,1,1,1,1,aleatorio,1
60,1,15,0,0,0,1,0,0,0,0,0,1,aleatorio,1
31,2,5,1,1,0,0,1,0,0,0,0,2,aleatorio,2
19,4,3,1,0,1,0,1,1,0,0,0,2,aleatorio,2
20,2,7,1,0,0,0,1,1,0,0,0,0,aleatorio,1
26,3,39,0,0,1,1,0,0,1,0,0,2,aleatorio,2
21,3,35,0,0,0,0,0,1,1,1,1,1,aleatorio,1
33,2,36,0,0,0,0,1,0,1,0,0,0,aleatorio,0
44,2,50,0,0,1,1,0,0,0,0,0,2,aleatorio,2
62,2,48,0,0,0,1,0,0,0,0,0,1,aleatorio,1
64,1,1,0,0,0,1,0,0,0,1,1,2,aleatorio,2
55,1,29,0,0,0,0,1,0,0,2,2,1,aleatorio,1
39,2,37,0,0,0,1,1,0,0,1,1,1,aleatorio,1
52,2,48,0,0,0,0,1,1,0,0,0,0,aleatorio,0
41,4,13,1,0,0,0,0,1,1,0,0,1,aleatorio,1
47,3,70,0,1,0,0,0,1,1,0,0,2,aleatorio,2
38,2,2,1,0,0,0,1,0,0,0,0,1,aleatorio,1
43,1,241,0,0,1,0,0,0,0,0,0,0,aleatorio,2
33,2,12,1,1,0,0,0,0,0,0,0,2,aleatorio,2
22,1,47,0,0,0,0,0,1,0,0,0,0,aleatorio,0
48,2,11,1,0,0,1,1,0,0,0,0,2,aleatorio,2
36,1,51,0,0,0,0,1,0,0,0,0,0,aleatorio,0
69,2,48,0,0,0,1,0,0,1,0,0,1,aleatorio,1
27,2,133,0,0,0,0,1,1,0,3,4,1,aleatorio,1
24,1,139,0,0,0,0,1,0,0,0,0,2,aleatorio,0
55,4,0,1,0,1,0,0,1,0,2,2,1,aleatorio,2
40,5,10,1,1,1,0,1,1,0,0,0,2,aleatorio,2
21,1,197,0,0,0,0,0,1,0,0,0,0,aleatorio,0
53,1,299,0,0,0,0,1,0,0,0,0,0,aleatorio,0
61,1,238,0,0,0,0,0,1,0,0,0,1,aleatorio,0
51,1,186,0,0,0,0,1,0,0,0,0,0,aleatorio,0
46,1,12,0,0,0,0,0,1,0,3,4,2,aleatorio,2
44,1,367,0,0,0,0,0,0,1,0,0,0,aleatorio,0
20,2,0,1,0,0,0,1,1,0,0,0,1,aleatorio,1
57,1,27,0,0,0,1,0,0,0,0,0,1,aleatorio,1
53,1,1,0,0,0,0,0,0,1,0,0,0,aleatorio,0
64,1,55,0,0,1,0,0,0,0,0,0,2,aleatorio,2
30,5,0,1,1,1,1,0,0,1,1,1,2,aleatorio,2
51,1,5,0,1,0,0,0,0,0,0,0,2,aleatorio,2
35,1,16,0,0,0,0,1,0,0,0,1,0,aleatorio,0
54,1,39,0,0,0,0,0,0,1,0,0,0,aleatorio,0
27,2,192,0,0,0,0,1,1,0,0,0,0,aleatorio,0
23,4,25,1,0,0,0,1,0,1,0,0,2,aleatorio,1
56,2,25,1,0,0,0,1,0,0,1,1,1,aleatorio,1
60,1,106,0,0,0,0,0,1,0,0,0,0,aleatorio,0
29,1,0,0,0,0,0,1,0,0,0,0,2,aleatorio,0
21,2,35,0,0,0,0,0,0,1,0,0,2,aleatorio,0
54,3,55,0,1,0,0,0,1,0,1,3,2,aleatorio,2
50,2,1,1,0,0,0,1,1,0,0,0,1,aleatorio,1
46,3,11,1,0,0,0,1,1,0,0,0,1,aleatorio,1
42,1,51,0,0,0,1,0,0,0,2,2,1,aleatorio,1
32,1,1,0,0,0,0,0,0,1,0,0,0,aleatorio,0
30,1,51,0,1,0,0,0,0,0,0,1,2,aleatorio,2
41,1,13,0,0,0,0,1,0,0,0,0,0,aleatorio,0
60,1,357,0,0,1,0,0,0,0,0,0,2,aleatorio,2
49,2,12,1,0,0,1,0,0,1,2,3,1,aleatorio,2
40,1,51,0,0,0,0,1,0,0,0,0,0,aleatorio,0
22,6,12,1,0,0,0,1,1,1,0,0,1,aleatorio,1
66,5,11,1,1,1,1,1,0,0,1,2,0,aleatorio,2
36,3,8,1,0,0,0,1,1,0,0,0,1,aleatorio,1
69,5,2,1,1,0,0,0,1,1,0,0,2,aleatorio,2
65,1,7,0,0,0,0,1,0,0,0,0,0,aleatorio,0
58,2,29,1,0,1,0,0,1,0,0,0,2,aleatorio,2
35,6,5,1,0,0,1,1,1,1,0,0,2,aleatorio,2
41,3,182,0,0,0,0,0,1,1,0,0,0,aleatorio,0
58,3,56,0,0,0,0,0,1,1,0,0,0,aleatorio,0
46,2,40,0,0,0,0,1,0,0,0,0,0,aleatorio,0
66,1,17,0,0,0,1,0,0,0,0,0,1,aleatorio,1
61,1,8,0,0,0,1,0,0,0,0,0,1,aleatorio,1
22,3,9,1,0,0,1,0,1,1,0,0,2,aleatorio,2
55,5,15,1,0,0,1,0,1,1,1,1,2,aleatorio,2
24,1,257,0,0,0,0,0,1,0,2,4,1,aleatorio,1
50,2,8,1,0,0,0,1,0,0,0,0,1,aleatorio,1
33,2,140,0,0,0,1,0,0,1,1,1,1,aleatorio,1
63,1,19,0,0,0,0,0,1,0,0,0,0,aleatorio,0
41,1,56,0,0,0,0,0,0,1,0,0,0,aleatorio,0
24,1,0,0,0,0,1,0,0,0,0,0,1,aleatorio,1
63,1,52,0,0,0,0,0,0,1,2,2,1,aleatorio,1
19,1,56,0,0,0,1,0,0,0,0,0,1,aleatorio,1
49,6,44,0,1,0,0,1,1,1,0,0,2,aleatorio,2
36,1,28,0,0,0,0,1,0,0,0,0,0,aleatorio,0
51,0,999,0,0,0,0,0,0,0,1,1,0,aleatorio,1
62,4,0,1,1,1,0,1,0,1,0,0,2,aleatorio,2
49,2,1,1,0,1,0,0,0,1,0,0,0,aleatorio,2
31,1,11,0,0,0,1,0,0,0,0,0,1,aleatorio,1
64,0,999,0,0,0,0,0,0,0,1,2,1,aleatorio,1
22,1,75,0,0,0,0,0,1,0,0,0,0,aleatorio,0
50,1,380,0,0,0,0,0,0,1,0,0,0,aleatorio,0
48,1,47,0,0,0,0,1,0,0,0,1,0,aleatorio,0
44,1,330,0,0,0,1,0,0,0,1,3,1,aleatorio,1
53,3,13,1,0,0,0,1,0,1,0,0,1,aleatorio,1
67,1,148,0,0,0,0,1,0,0,0,0,0,aleatorio,0
62,1,2,0,0,0,0,1,0,0,0,0,0,aleatorio,0
55,4,4,1,0,1,1,0,0,1,0,1,2,aleatorio,2
69,1,272,0,0,0,0,1,0,0,0,0,0,aleatorio,0
63,3,8,1,0,0,0,1,1,0,0,0,1,aleatorio,1
48,2,37,0,0,0,0,1,0,1,0,0,0,aleatorio,0
23,1,72,0,0,0,0,0,1,0,0,0,0,aleatorio,0
55,5,4,1,1,0,1,0,0,1,1,1,2,aleatorio,2
45,6,2,1,0,1,1,1,1,0,0,1,2,aleatorio,2
45,5,2,1,1,0,1,0,0,1,1,1,2,aleatorio,2
70,3,86,0,0,0,1,1,1,0,0,0,1,aleatorio,1
32,1,88,0,0,0,0,0,1,0,0,1,0,aleatorio,0
30,5,19,1,1,1,0,1,0,1,0,0,0,aleatorio,2
54,4,3,1,0,1,0,1,1,1,0,0,2,aleatorio,2
52,4,8,1,1,0,1,0,0,1,0,1,0,aleatorio,2
68,0,999,0,0,0,0,0,0,0,2,3,1,aleatorio,1
62,1,79,0,0,0,1,0,0,0,0,0,1,aleatorio,1
31,3,12,1,0,0,1,0,1,1,3,3,2,aleatorio,2
36,6,5,1,1,1,1,0,1,1,1,1,1,aleatorio,2
57,1,59,0,0,0,0,0,0,1,1,1,2,aleatorio,1
56,6,7,1,0,0,1,1,1,1,1,1,2,aleatorio,2
26,1,397,0,0,0,1,0,0,0,1,1,1,aleatorio,1
51,4,5,1,0,0,0,1,1,1,0,0,1,aleatorio,1
28,1,13,0,0,0,0,0,0,1,0,0,0,aleatorio,0
68,6,0,1,1,1,1,1,0,1,0,0,2,aleatorio,2
67,1,139,0,0,0,0,0,1,0,0,0,0,aleatorio,0
22,2,49,0,0,0,1,1,0,0,1,1,1,aleatorio,1
56,3,0,1,0,0,0,0,1,1,0,0,1,aleatorio,1
45,2,3,1,0,1,0,1,0,0,0,0,2,aleatorio,2
43,2,12,1,0,0,0,1,1,0,0,0,1,aleatorio,1
63,1,12,0,0,0,0,0,0,1,0,0,0,aleatorio,0
65,4,10,1,0,1,1,1,0,0,0,0,2,aleatorio,2
45,2,41,0,0,1,0,0,1,0,1,1,1,aleatorio,2
40,5,45,0,0,0,0,1,1,1,0,1,0,aleatorio,0
64,4,25,1,0,0,1,1,0,1,1,1,2,aleatorio,2
59,1,15,0,0,0,1,0,0,0,0,1,1,aleatorio,1
52,4,38,0,1,1,0,0,0,0,0,0,2,aleatorio,2
50,1,214,0,0,0,0,0,1,0,2,2,1,aleatorio,1
33,1,54,0,0,0,0,1,0,0,0,0,0,aleatorio,0
46,2,33,0,0,1,0,0,0,0,2,3,2,aleatorio,2
49,3,44,0,0,0,0,1,1,0,0,0,0,aleatorio,0
45,1,30,0,0,0,0,0,1,0,0,0,2,aleatorio,0
62,1,57,0,0,0,1,0,0,0,0,1,1,aleatorio,1
61,2,48,0,0,0,0,1,0,0,1,1,1,aleatorio,1
63,1,39,0,0,0,0,1,0,0,0,0,1,aleatorio,0
38,1,30,0,0,0,0,0,1,0,0,0,0,aleatorio,0
67,2,3,1,0,0,0,0,1,1,0,0,1,aleatorio,1
18,2,15,1,0,0,1,1,0,0,0,0,2,aleatorio,2
46,1,385,0,0,0,0,0,0,1,0,0,0,aleatorio,0
25,3,5,1,1,0,0,0,0,1,0,1,2,aleatorio,2
63,1,45,0,0,0,0,1,0,0,0,0,0,aleatorio,0
41,3,3,1,1,0,0,0,1,0,0,1,2,aleatorio,2
36,2,15,1,0,0,0,0,0,1,0,0,1,aleatorio,1
62,1,4,0,0,0,0,0,1,0,0,0,0,aleatorio,0
40,1,21,0,0,0,0,0,1,0,1,1,1,aleatorio,1
55,3,54,0,1,0,1,1,0,0,0,1,2,aleatorio,2
51,2,25,1,0,0,0,1,0,0,1,1,1,aleatorio,1
50,2,22,1,1,1,0,0,0,0,2,2,1,aleatorio,2
32,1,164,0,0,0,1,0,0,0,1,1,1,aleatorio,1
52,3,10,1,1,1,0,1,0,0,1,1,2,aleatorio,2
65,5,14,1,1,1,1,1,0,0,0,0,2,aleatorio,2
56,1,19,0,0,0,0,0,1,0,0,0,0,aleatorio,0
35,1,2,0,0,0,0,0,1,0,0,0,0,aleatorio,0
60,2,0,1,0,0,0,1,0,1,0,0,2,aleatorio,1
36,1,391,0,0,0,0,1,0,0,0,0,0,aleatorio,0
33,1,0,0,0,0,0,0,0,1,0,0,0,aleatorio,0
26,2,16,1,0,0,0,1,0,1,0,0,1,aleatorio,1
63,1,238,0,0,0,0,0,1,0,0,0,2,aleatorio,0
66,2,5,1,0,0,0,1,0,1,0,1,1,aleatorio,1
46,2,35,0,0,0,1,1,0,0,0,0,1,aleatorio,1
54,5,4,1,0,0,0,1,1,1,0,0,1,aleatorio,1
66,1,5,0,0,0,0,0,1,0,0,0,0,aleatorio,0
60,2,27,1,0,0,0,0,1,0,0,0,1,aleatorio,1
68,1,259,0,0,0,0,0,1,0,0,0,0,aleatorio,0
22,3,7,1,0,0,0,0,1,1,0,0,1,aleatorio,1
61,2,37,0,0,0,0,0,0,1,0,0,0,aleatorio,0
29,3,8,1,0,0,0,1,1,1,0,0,1,aleatorio,1
63,6,0,1,1,0,0,1,0,0,0,0,2,aleatorio,2
30,5,29,1,1,1,1,1,0,0,0,0,2,aleatorio,2
30,1,95,0,0,0,0,1,0,0,0,0,2,aleatorio,0
40,2,40,0,0,0,1,0,0,1,1,1,1,aleatorio,1
69,3,6,1,1,0,0,0,0,1,0,1,2,aleatorio,2
24,1,344,0,0,0,1,0,0,0,0,0,1,aleatorio,1
45,1,153,0,0,0,0,0,1,0,0,0,0,aleatorio,0
46,1,386,0,0,0,0,1,0,0,0,0,0,aleatorio,0
51,1,202,0,0,0,0,0,0,1,0,0,0,aleatorio,0
21,1,33,0,0,0,0,0,1,0,1,1,0,aleatorio,1
51,1,8,0,0,0,0,0,1,0,0,0,0,aleatorio,0
28,2,48,0,0,0,0,1,1,0,0,0,0,aleatorio,0
44,1,157,0,0,0,0,1,0,0,0,0,0,aleatorio,0
66,1,9,0,0,0,0,1,0,0,0,0,0,aleatorio,0
64,1,119,0,0,0,0,1,0,0,0,0,0,aleatorio,0
48,1,41,0,0,0,0,1,0,0,0,0,0,aleatorio,0
24,1,68,0,0,0,1,0,0,0,0,0,2,aleatorio,1
62,1,13,0,0,0,0,0,1,0,0,0,0,aleatorio,0
65,2,60,0,0,0,0,1,0,1,2,3,1,aleatorio,1
37,1,37,0,0,0,0,0,1,0,0,0,1,aleatorio,0
61,1,55,0,0,0,0,0,1,0,1,2,2,aleatorio,1
58,1,44,0,0,0,0,0,1,0,1,2,1,aleatorio,1
68,6,0,1,1,1,1,0,1,0,0,0,2,aleatorio,2
52,5,3,1,0,0,1,1,1,0,0,0,2,aleatorio,2
21,2,33,0,0,0,0,0,0,1,2,3,1,aleatorio,1
48,4,1,1,0,0,0,1,1,1,0,0,1,aleatorio,1
61,1,8,0,0,0,0,0,0,1,0,0,0,aleatorio,0
28,1,292,0,0,0,0,0,1,0,1,2,1,aleatorio,1
63,3,9,1,1,0,1,1,0,0,0,0,2,aleatorio,2
23,3,9,1,1,1,0,0,1,0,1,1,2,aleatorio,2
57,1,2,0,0,0,0,0,1,0,0,0,0,aleatorio,0
51,3,33,0,0,0,0,1,1,1,0,1,0,aleatorio,0
37,1,14,0,0,0,0,1,0,0,0,0,0,aleatorio,0
36,6,6,1,0,1,1,1,1,0,0,0,2,aleatorio,2
19,1,4,0,0,0,0,1,0,0,0,0,0,aleatorio,0
64,4,20,1,1,1,0,1,0,0,0,0,2,aleatorio,2
56,2,37,0,0,0,0,1,0,1,0,0,0,aleatorio,0
70,0,999,0,0,0,0,0,0,0,2,2,1,aleatorio,1
61,1,397,0,0,0,0,0,0,1,0,0,0,aleatorio,0
67,5,9,1,1,0,0,1,1,1,0,1,2,aleatorio,2
35,5,28,1,0,1,1,1,1,0,1,2,2,aleatorio,2
21,1,26,0,0,0,1,0,0,0,1,1,1,aleatorio,1
32,1,27,0,0,0,0,0,1,0,0,0,0,aleatorio,0
63,3,13,1,0,1,0,1,1,0,0,0,2,aleatorio,2
49,2,15,1,0,0,0,1,0,0,0,0,1,aleatorio,1
22,2,13,1,0,0,0,0,1,1,0,0,1,aleatorio,1
65,1,55,0,0,0,0,1,0,0,0,0,0,aleatorio,0
67,0,999,0,0,0,0,0,0,0,1,1,1,aleatorio,1
46,2,60,0,1,0,1,0,0,0,0,0,2,aleatorio,2
22,2,56,0,0,0,0,0,1,1,0,1,1,aleatorio,0
62,1,244,0,0,0,0,0,0,1,1,1,1,aleatorio,1
66,1,12,0,0,1,0,0,0,0,1,1,2,aleatorio,2
43,2,43,0,0,0,1,0,0,1,2,2,1,aleatorio,1
29,1,22,0,0,0,0,0,1,0,0,0,0,aleatorio,0
61,3,1,1,0,0,0,1,0,1,0,0,1,aleatorio,1
43,2,20,1,0,0,0,1,0,1,1,1,1,aleatorio,1
57,1,39,0,0,0,0,0,0,1,1,1,0,aleatorio,1
22,1,6,0,0,1,0,0,0,0,0,0,2,aleatorio,2
41,1,298,0,0,0,0,1,0,0,1,1,1,aleatorio,1
36,1,6,0,0,0,0,1,0,0,0,0,0,aleatorio,0
49,6,7,1,0,0,0,1,1,0,0,0,1,aleatorio,1
25,2,31,0,0,0,0,0,1,1,0,0,0,aleatorio,0
30,1,11,0,0,0,0,0,0,1,0,0,0,aleatorio,0
64,1,214,0,0,0,0,1,0,0,1,1,1,aleatorio,1
65,2,56,0,0,0,1,1,0,0,0,0,2,aleatorio,1
40,1,371,0,0,0,0,0,1,0,0,0,0,aleatorio,0
52,2,11,1,0,0,0,1,0,0,0,1,1,aleatorio,1
27,3,20,1,0,0,0,1,1,1,0,0,1,aleatorio,1
42,1,276,0,0,0,0,0,0,1,0,0,0,aleatorio,0
41,4,16,1,1,0,1,0,1,1,0,0,2,aleatorio,2
59,2,36,0,0,0,1,0,0,1,0,1,1,aleatorio,1
56,2,10,1,0,0,0,1,1,0,0,0,1,aleatorio,1
25,2,22,1,0,0,0,1,1,0,0,0,1,aleatorio,1
40,4,9,1,0,1,1,0,1,1,0,0,2,aleatorio,2
50,1,211,0,0,0,0,0,0,1,0,2,0,aleatorio,0
46,1,2,0,0,0,0,0,0,1,0,0,0,aleatorio,0
53,3,57,0,0,0,1,1,1,0,0,0,1,aleatorio,1
22,2,23,1,0,0,0,1,1,0,0,0,1,aleatorio,1
33,2,62,0,0,0,0,1,0,0,0,0,0,aleatorio,0
52,6,4,1,0,1,1,1,0,1,3,3,2,aleatorio,2
32,2,58,0,0,0,1,1,0,0,2,4,1,aleatorio,1
20,1,6,0,0,0,0,1,0,0,0,0,0,aleatorio,0
38,1,27,0,0,0,0,0,1,0,0,1,0,aleatorio,0
32,2,44,0,1,1,0,0,0,0,0,0,2,aleatorio,2
51,2,46,0,0,1,1,0,0,0,0,0,2,aleatorio,2
61,4,15,1,1,1,0,1,0,0,0,0,2,aleatorio,2
43,4,15,1,0,1,0,0,1,1,0,0,2,aleatorio,2
18,1,4,0,0,0,0,0,0,1,0,0,0,aleatorio,0
32,2,36,0,0,0,0,0,1,0,0,0,0,aleatorio,0
36,1,196,0,1,0,0,0,0,0,1,1,2,aleatorio,2
21,1,12,0,0,0,0,0,0,1,0,0,0,aleatorio,0
27,1,332,0,0,0,0,1,0,0,0,0,0,aleatorio,0
68,6,7,1,1,1,1,1,1,1,0,0,2,aleatorio,2
60,2,6,1,0,0,0,1,1,0,0,0,1,aleatorio,1
37,2,1,1,1,0,0,1,0,0,0,0,2,aleatorio,2
48,2,14,1,1,0,1,0,0,0,0,0,2,aleatorio,2
58,1,174,0,0,0,0,0,0,1,0,0,0,aleatorio,0
38,5,12,1,1,1,0,1,1,1,0,0,2,aleatorio,2
68,1,0,0,0,0,0,1,0,0,0,0,0,aleatorio,0
22,3,3,1,0,1,0,1,1,0,0,0,2,aleatorio,2
59,1,162,0,0,0,0,1,0,0,0,0,0,aleatorio,0
35,1,9,0,0,0,1,0,0,0,0,0,1,aleatorio,1
38,1,260,0,0,0,0,0,0,1,0,1,0,aleatorio,0
35,3,4,1,1,0,0,0,1,0,0,0,2,aleatorio,2
19,0,999,0,0,0,0,0,0,0,2,3,1,aleatorio,1
31,2,259,0,0,0,0,1,0,0,1,1,1,aleatorio,1
18,2,39,0,0,0,1,0,1,0,0,0,1,aleatorio,1
63,3,37,0,0,1,0,1,1,0,0,0,2,aleatorio,2
58,1,60,0,0,0,0,0,0,1,0,0,0,aleatorio,0
49,3,142,0,0,0,0,0,1,1,0,0,0,aleatorio,0
47,3,11,1,0,0,0,1,0,1,0,0,1,aleatorio,1
19,1,3,0,0,0,0,1,0,0,0,0,0,aleatorio,0
31,3,20,1,0,0,1,1,0,1,0,0,2,aleatorio,2
20,3,27,1,0,0,0,1,0,1,0,0,1,aleatorio,1
44,4,10,1,0,0,0,1,1,0,0,0,1,aleatorio,1
18,1,49,0,0,0,1,0,0,0,0,0,0,aleatorio,1
69,1,276,0,0,0,0,0,1,0,0,0,0,aleatorio,0
68,1,18,0,0,0,1,0,0,0,0,0,1,aleatorio,1
39,6,0,1,1,1,1,1,0,1,0,0,2,aleatorio,2
24,2,1,1,0,0,0,1,0,0,0,0,1,aleatorio,1
23,1,8,0,0,0,0,0,0,1,0,0,0,aleatorio,0
37,2,310,0,0,0,0,0,1,0,0,1,2,aleatorio,0
47,3,37,0,0,0,0,1,1,0,2,3,1,aleatorio,1
21,1,130,0,0,0,0,1,0,0,0,0,0,aleatorio,0
50,2,132,0,1,0,0,0,1,0,0,0,2,aleatorio,2
70,1,45,0,0,0,1,0,0,0,0,0,1,aleatorio,1
62,4,1,1,1,0,1,0,0,1,0,0,2,aleatorio,2
31,1,7,0,0,0,0,0,0,1,0,0,0,aleatorio,0
66,6,5,1,1,0,1,1,0,0,0,0,2,aleatorio,2
31,3,0,1,0,0,1,0,1,1,0,0,2,aleatorio,2
33,2,249,0,0,0,1,0,1,0,0,0,1,aleatorio,1
37,2,13,1,0,0,0,0,1,1,0,0,1,aleatorio,1
57,3,49,0,0,0,1,1,0,1,2,2,1,aleatorio,1
35,1,257,0,0,1,0,0,0,0,1,1,2,aleatorio,2
24,1,285,0,0,0,1,0,0,0,0,0,1,aleatorio,1
49,6,15,1,1,1,0,1,1,0,0,0,2,aleatorio,2
42,3,193,0,0,0,0,1,1,0,0,0,0,aleatorio,0
64,1,8,0,0,0,1,0,0,0,0,0,1,aleatorio,1
44,1,14,0,0,0,1,0,0,0,0,1,1,aleatorio,1
55,4,1,1,0,0,0,1,1,0,0,0,1,aleatorio,1
45,2,45,0,0,0,0,0,1,1,2,2,1,aleatorio,1
35,2,38,0,1,0,0,1,0,0,0,0,2,aleatorio,2
53,2,21,1,0,0,0,0,1,0,0,0,1,aleatorio,1
66,1,10,0,0,0,0,1,0,0,2,2,2,aleatorio,2
53,2,47,0,0,0,0,1,1,0,0,0,0,aleatorio,0
40,3,14,1,0,0,0,1,1,1,0,0,1,aleatorio,1
69,3,189,0,0,0,0,1,0,1,0,0,0,aleatorio,0
30,3,192,0,0,1,1,1,0,0,0,0,2,aleatorio,2
53,1,21,0,0,0,0,0,1,0,0,0,2,aleatorio,0
38,2,39,0,0,0,0,0,0,1,0,0,0,aleatorio,0
46,3,1,1,1,1,0,0,0,0,1,1,2,aleatorio,2
29,1,339,0,0,0,0,1,0,0,0,2,0,aleatorio,0
55,2,37,0,0,0,1,0,0,1,1,1,1,aleatorio,1
30,3,2,1,0,1,0,1,0,1,1,1,2,aleatorio,2
56,1,53,0,0,0,0,0,0,1,2,2,2,aleatorio,1
67,1,137,0,0,1,0,0,0,0,0,0,1,aleatorio,2
27,1,15,0,0,0,1,0,0,0,0,0,1,aleatorio,1
22,1,55,0,0,0,0,0,1,0,0,0,0,aleatorio,0
58,1,1,0,0,1,0,0,0,0,0,0,2,aleatorio,2
24,1,32,0,0,0,0,1,0,0,0,0,0,aleatorio,0
55,2,13,1,1,0,0,0,1,0,2,3,2,aleatorio,2
59,3,3,1,0,0,0,1,1,1,0,0,1,aleatorio,1
53,1,183,0,0,0,0,1,0,0,0,0,0,aleatorio,0
64,1,4,0,0,0,0,1,0,0,0,0,0,aleatorio,0
65,6,30,1,1,1,0,0,1,1,0,0,2,aleatorio,2
42,1,393,0,0,0,0,1,0,0,1,1,1,aleatorio,1
45,2,121,0,0,0,1,0,1,0,0,0,1,aleatorio,1
44,3,8,1,0,0,1,1,0,1,0,0,1,aleatorio,2
47,6,6,1,1,1,1,1,0,1,0,1,2,aleatorio,2
28,1,6,0,0,0,1,0,0,0,0,0,1,aleatorio,1
62,3,4,1,0,0,1,1,0,0,2,3,2,aleatorio,2
68,1,112,0,0,0,1,0,0,0,2,2,1,aleatorio,1
20,1,14,0,0,0,0,0,0,1,0,0,0,aleatorio,0
50,1,21,0,0,0,0,1,0,0,1,1,1,aleatorio,1
53,2,3,1,0,0,1,1,0,0,0,0,2,aleatorio,2
30,1,2,0,0,0,0,0,1,0,0,0,0,aleatorio,0
48,1,39,0,0,0,0,0,0,1,0,0,0,aleatorio,0
23,5,8,1,0,0,0,1,1,1,0,0,2,aleatorio,1
63,1,22,0,0,0,0,1,0,0,0,0,0,aleatorio,0
45,3,0,1,0,0,1,1,0,0,0,0,2,aleatorio,2
51,3,41,0,1,0,1,0,0,0,1,1,2,aleatorio,2
25,1,106,0,0,0,0,0,1,0,0,0,0,aleatorio,0
34,1,60,0,0,0,0,1,0,0,1,1,1,aleatorio,1
56,3,6,1,0,0,0,1,0,1,0,0,1,aleatorio,1
39,2,35,0,0,0,0,0,1,1,0,0,0,aleatorio,0
19,4,9,1,1,1,0,1,0,0,0,1,2,aleatorio,2
19,3,34,0,0,0,1,0,1,0,3,3,0,aleatorio,1
24,1,56,0,0,0,0,0,1,0,0,0,2,aleatorio,0
30,3,6,1,0,1,1,0,0,0,0,0,2,aleatorio,2
29,6,4,1,0,1,1,1,0,1,1,2,2,aleatorio,2
52,5,21,1,1,0,1,0,1,1,0,1,0,aleatorio,2
18,1,11,0,0,0,0,0,1,0,0,0,0,aleatorio,0
62,2,23,1,0,0,1,0,0,1,0,0,2,aleatorio,2
69,3,3,1,1,1,1,0,0,0,1,1,2,aleatorio,2
43,1,39,0,0,0,0,0,1,0,0,0,0,aleatorio,0
60,1,200,0,0,0,0,0,0,1,0,0,0,aleatorio,0
62,2,43,0,0,1,0,1,0,0,1,1,2,aleatorio,2
23,2,31,0,0,0,0,0,1,0,0,0,0,aleatorio,0
55,1,399,0,0,0,0,0,0,1,0,0,0,aleatorio,0
36,2,14,1,0,0,1,1,0,0,1,2,2,aleatorio,2
35,2,13,1,0,0,1,1,0,0,0,0,2,aleatorio,2
68,3,156,0,0,0,1,1,0,1,0,1,1,aleatorio,1
63,1,149,0,0,0,1,0,0,0,0,0,1,aleatorio,1
30,1,30,0,0,0,0,0,1,0,0,0,0,aleatorio,0
46,1,49,0,0,0,0,0,0,1,1,2,1,aleatorio,1
24,3,2,1,0,1,0,0,0,1,0,1,2,aleatorio,2
42,2,39,0,0,0,1,1,0,0,0,0,1,aleatorio,1
59,1,385,0,0,0,1,0,0,0,1,2,1,aleatorio,1
44,5,52,0,0,1,1,1,1,0,2,2,2,aleatorio,2
21,2,15,1,1,0,0,1,0,0,0,0,2,aleatorio,2
54,1,58,0,0,0,0,0,1,0,0,0,0,aleatorio,0
25,1,38,0,0,0,0,1,0,0,0,0,0,aleatorio,0
33,1,286,0,0,0,0,1,0,0,0,1,0,aleatorio,0
31,1,60,0,0,0,1,0,0,0,0,0,1,aleatorio,1
24,2,0,1,0,0,0,0,1,1,0,0,1,aleatorio,1
59,1,332,0,0,0,0,0,1,0,3,3,1,aleatorio,1
57,2,5,1,0,0,0,1,1,0,0,0,1,aleatorio,1
23,3,42,0,0,0,0,1,1,1,0,0,0,aleatorio,0
34,1,13,0,0,0,0,1,0,0,0,1,0,aleatorio,0
57,1,0,0,0,0,0,0,1,0,0,0,0,aleatorio,0
49,1,18,0,0,0,0,1,0,0,0,0,2,aleatorio,0
38,2,7,1,0,1,0,0,1,0,0,0,2,aleatorio,2
55,1,370,0,0,0,1,0,0,0,2,2,1,aleatorio,1
34,4,55,0,0,0,0,1,1,1,0,0,1,aleatorio,0
47,1,44,0,0,0,0,0,0,1,0,0,0,aleatorio,0
58,1,162,0,0,0,1,0,0,0,0,0,1,aleatorio,1
68,3,0,1,0,1,1,1,0,0,0,0,2,aleatorio,2
25,1,357,0,0,0,0,0,0,1,0,0,0,aleatorio,0
20,2,15,1,0,0,1,0,1,0,0,0,2,aleatorio,2
51,1,31,0,0,0,1,0,0,0,0,0,1,aleatorio,1
31,3,10,1,0,1,0,0,1,0,3,3,2,aleatorio,2
50,1,4,0,0,0,1,0,0,0,0,0,1,aleatorio,1
70,2,105,0,0,0,0,1,0,1,0,0,0,aleatorio,0
39,1,169,0,0,0,1,0,0,0,0,0,1,aleatorio,1
54,2,0,1,0,0,0,0,1,1,0,0,1,aleatorio,1
28,4,1,1,1,0,1,1,1,0,0,0,2,aleatorio,2
65,2,38,0,0,0,0,0,0,1,1,1,0,aleatorio,1
22,3,2,1,0,0,0,0,1,1,0,1,1,aleatorio,1
40,1,23,0,0,0,0,0,0,1,0,0,0,aleatorio,0
28,2,7,1,0,0,1,0,0,1,2,2,2,aleatorio,2
58,2,37,0,0,0,0,0,1,1,0,0,0,aleatorio,0
49,2,206,0,0,0,1,1,0,0,1,1,1,aleatorio,1
66,5,15,1,0,1,1,0,1,1,0,0,2,aleatorio,2
43,1,1,0,0,0,0,0,1,0,0,0,0,aleatorio,0
48,1,40,0,0,0,0,0,1,0,1,1,1,aleatorio,1
31,1,7,0,0,1,0,0,0,0,0,2,2,aleatorio,2
39,5,4,1,1,1,0,0,1,0,0,0,2,aleatorio,2
35,1,3,0,0,0,0,0,0,1,0,0,0,aleatorio,0
39,2,37,0,0,0,1,0,0,0,1,1,1,aleatorio,1
56,2,55,0,0,0,1,0,0,1,3,3,1,aleatorio,1
53,1,37,0,0,0,1,0,0,0,2,2,1,aleatorio,1
30,1,18,0,0,0,0,0,1,0,0,0,0,aleatorio,0
31,1,27,0,0,0,0,1,0,0,0,0,0,aleatorio,0
30,3,2,1,0,0,1,0,1,1,0,0,2,aleatorio,2
58,1,184,0,0,0,0,0,0,1,0,0,0,aleatorio,0
32,3,13,1,1,0,1,0,0,0,3,4,2,aleatorio,2
39,1,301,0,0,0,0,1,0,0,1,1,1,aleatorio,1
23,6,8,1,0,1,1,1,1,1,0,0,2,aleatorio,2
56,1,75,0,0,0,1,0,0,0,1,2,1,aleatorio,1
44,4,20,1,0,0,0,1,1,1,0,0,1,aleatorio,1
65,3,12,1,0,0,0,0,1,1,0,0,1,aleatorio,1
22,3,30,1,1,0,0,1,0,1,1,1,2,aleatorio,2
27,4,47,0,1,1,0,0,0,1,1,2,2,aleatorio,2
26,2,4,1,0,0,0,0,1,0,1,1,2,aleatorio,2
27,1,27,0,0,0,0,1,0,0,0,1,0,aleatorio,0
39,6,12,1,1,1,0,1,1,1,0,0,0,aleatorio,2
29,4,10,1,1,1,0,0,1,0,0,0,2,aleatorio,2
29,2,38,0,0,0,0,1,1,0,0,0,0,aleatorio,0
24,1,53,0,0,0,0,0,1,0,0,0,0,aleatorio,0
49,4,32,0,0,0,1,1,0,1,0,0,1,aleatorio,1
51,2,139,0,0,0,0,1,0,0,0,0,0,aleatorio,0
21,1,11,0,0,0,0,1,0,0,0,0,0,aleatorio,0
43,3,9,1,0,0,0,1,0,1,0,0,1,aleatorio,1
34,4,1,1,0,1,1,0,1,1,1,1,2,aleatorio,2
36,1,377,0,0,0,0,1,0,0,0,0,0,aleatorio,0
52,3,8,1,1,0,1,0,0,1,0,0,2,aleatorio,2
27,2,250,0,0,0,1,0,0,1,0,1,1,aleatorio,1
47,3,1,1,0,0,0,1,1,1,0,0,1,aleatorio,1
41,1,53,0,0,0,1,0,0,0,0,0,1,aleatorio,1
44,1,11,0,0,0,0,0,0,1,0,0,0,aleatorio,0
65,3,0,1,1,0,0,1,0,0,1,2,2,aleatorio,2
56,2,188,0,0,0,1,0,1,0,0,0,1,aleatorio,1
19,5,6,1,1,0,0,1,1,1,0,0,2,aleatorio,2
52,1,10,0,0,0,0,1,0,0,0,0,0,aleatorio,0
42,1,185,0,0,0,1,0,0,0,0,0,1,aleatorio,1
29,1,39,0,0,1,0,0,0,0,0,0,2,aleatorio,2
59,1,275,0,0,0,0,0,0,1,0,1,0,aleatorio,0
19,2,3,1,0,0,0,1,1,0,0,0,1,aleatorio,1
26,4,1,1,0,0,0,0,1,1,0,0,1,aleatorio,1
53,2,171,0,0,0,0,1,1,0,3,4,1,aleatorio,1
57,1,13,0,0,0,0,0,0,1,0,0,1,aleatorio,0
65,5,5,1,1,0,1,1,0,0,0,0,2,aleatorio,2
34,6,8,1,1,1,1,0,0,0,0,0,2,aleatorio,2
51,2,41,0,0,0,0,1,1,0,0,0,0,aleatorio,0
53,1,69,0,0,0,0,0,1,0,1,1,1,aleatorio,1
42,3,7,1,1,0,1,0,0,1,2,3,2,aleatorio,2
43,2,18,1,0,0,0,1,1,0,0,0,1,aleatorio,1
37,2,268,0,0,0,0,1,1,0,0,0,0,aleatorio,0
50,2,1,1,0,0,1,0,1,0,4,4,2,aleatorio,2
45,1,224,0,0,0,0,1,0,0,2,3,1,aleatorio,1
24,4,12,1,0,1,0,1,1,1,1,1,0,aleatorio,2
24,2,40,0,0,0,0,0,1,1,0,0,0,aleatorio,0
52,1,55,0,0,0,1,0,0,0,0,2,1,aleatorio,1
43,1,19,0,0,0,1,0,0,0,0,0,1,aleatorio,1
54,1,56,0,0,0,1,0,0,0,1,1,1,aleatorio,1
28,4,0,1,1,1,0,0,1,1,1,1,2,aleatorio,2
27,1,16,0,0,0,0,1,0,0,0,0,0,aleatorio,0
62,1,369,0,0,0,0,1,0,0,4,4,1,aleatorio,1
27,2,84,0,0,0,1,0,0,1,2,2,0,aleatorio,1
60,4,9,1,0,0,0,1,1,0,0,0,1,aleatorio,1
37,2,133,0,0,0,0,0,0,1,0,0,0,aleatorio,0
48,1,173,0,0,0,0,0,0,1,0,0,0,aleatorio,0
65,2,14,1,0,0,0,1,1,0,0,1,1,aleatorio,1
62,5,0,1,1,0,1,1,1,0,0,0,2,aleatorio,2
53,5,7,1,0,0,1,1,1,1,1,2,2,aleatorio,2
25,1,282,0,0,0,1,0,0,0,0,0,1,aleatorio,1
51,1,11,0,1,0,0,0,0,0,1,1,2,aleatorio,2
23,1,187,0,0,0,0,0,0,1,0,0,2,aleatorio,0
18,2,72,0,1,0,1,0,0,0,1,2,2,aleatorio,2
48,1,331,0,0,0,0,0,1,0,1,1,1,aleatorio,1
30,4,7,1,0,0,0,1,1,1,0,0,1,aleatorio,1
21,5,23,1,0,0,1,1,0,1,0,0,2,aleatorio,2
44,1,183,0,0,0,1,0,0,0,0,0,1,aleatorio,1
70,2,28,1,0,0,0,1,1,0,3,3,1,aleatorio,1
42,2,42,0,0,0,0,1,1,0,2,2,1,aleatorio,1
33,1,124,0,0,0,0,1,0,0,0,0,0,aleatorio,0
31,5,19,1,0,1,1,1,0,1,0,1,2,aleatorio,2
39,1,57,0,0,0,0,0,1,0,0,0,0,aleatorio,0
70,1,3,0,0,0,0,0,1,0,0,0,0,aleatorio,0
42,1,7,0,0,0,0,0,1,0,0,0,0,aleatorio,0
55,1,14,0,0,0,0,0,1,0,0,1,0,aleatorio,0
46,1,44,0,0,0,1,0,0,0,0,0,1,aleatorio,1
20,2,9,1,0,1,0,0,1,0,0,2,2,aleatorio,2
66,1,54,0,0,0,0,0,1,0,1,1,1,aleatorio,1
55,2,7,1,1,0,0,0,0,0,0,0,2,aleatorio,2
24,4,1,1,0,0,0,1,1,1,0,0,1,aleatorio,1
60,1,174,0,0,1,0,0,0,0,0,0,2,aleatorio,2
60,1,2,0,0,0,0,0,0,1,0,0,1,aleatorio,0
20,1,4,0,0,0,0,0,1,0,0,0,0,aleatorio,0
59,2,6,1,0,0,0,0,1,1,0,0,1,aleatorio,1
44,3,34,0,0,0,1,1,1,0,0,0,2,aleatorio,1
41,1,4,0,0,0,0,0,0,1,1,1,2,aleatorio,2
19,1,47,0,0,0,1,0,0,0,1,1,0,aleatorio,1
32,6,8,1,0,1,0,1,1,0,1,2,1,aleatorio,2
27,3,13,1,0,0,0,1,1,0,0,0,1,aleatorio,1
43,1,5,0,0,0,0,0,1,0,0,0,0,aleatorio,0
59,5,11,1,0,0,1,1,1,1,0,0,2,aleatorio,2
20,4,9,1,1,1,0,1,0,0,0,0,2,aleatorio,2
38,1,21,0,0,0,0,0,0,1,0,0,0,aleatorio,0
47,6,3,1,0,0,0,1,1,0,0,0,1,aleatorio,1
55,1,78,0,0,0,0,0,1,0,0,0,0,aleatorio,0
49,6,0,1,1,0,1,1,1,1,0,1,2,aleatorio,2
35,1,10,0,0,0,1,0,0,0,0,0,1,aleatorio,1
18,2,3,1,0,0,0,1,1,0,0,0,1,aleatorio,1
58,1,382,0,0,1,0,0,0,0,0,0,2,aleatorio,2
53,1,98,0,0,0,1,0,0,0,1,2,1,aleatorio,1
52,1,36,0,1,0,0,0,0,0,2,3,2,aleatorio,2
37,1,22,0,0,0,0,1,0,0,0,0,0,aleatorio,0
63,3,31,0,0,0,1,1,0,0,0,0,1,aleatorio,1
58,1,60,0,0,0,0,1,0,0,0,0,0,aleatorio,0
52,1,1,0,0,0,0,1,0,0,0,0,0,aleatorio,0
50,1,54,0,0,0,0,1,0,0,0,0,0,aleatorio,0
41,1,14,0,0,0,0,1,0,0,0,0,0,aleatorio,0
50,5,5,1,1,1,0,0,1,1,0,2,2,aleatorio,2
47,2,24,1,0,0,0,0,0,1,0,0,2,aleatorio,1
29,3,11,1,1,0,0,1,0,0,0,0,2,aleatorio,2
69,1,48,0,0,0,1,0,0,0,4,4,1,aleatorio,1
46,1,41,0,0,0,0,0,0,1,0,0,0,aleatorio,0
56,3,2,1,0,0,0,1,1,1,1,1,2,aleatorio,2
18,4,40,0,1,0,1,0,0,1,0,0,2,aleatorio,2
44,2,4,1,0,0,0,0,0,1,0,0,1,aleatorio,1
46,1,60,0,0,0,0,0,0,1,0,0,0,aleatorio,0
45,1,36,0,0,0,0,0,1,0,0,0,0,aleatorio,0
31,1,81,0,0,0,1,0,0,0,0,0,1,aleatorio,1
41,3,31,0,0,0,1,0,1,0,0,0,1,aleatorio,1
44,2,15,1,0,0,0,1,0,0,0,0,1,aleatorio,1
37,3,2,1,0,0,0,1,1,0,0,0,1,aleatorio,1
38,1,41,0,0,0,0,0,1,0,0,0,1,aleatorio,0
24,1,30,0,0,0,1,0,0,0,0,0,1,aleatorio,1
44,1,9,0,0,0,0,0,1,0,0,0,0,aleatorio,0
29,5,17,1,0,0,1,1,1,0,0,0,2,aleatorio,2
30,1,58,0,0,0,0,0,0,1,2,2,1,aleatorio,1
36,1,86,0,1,0,0,0,0,0,2,2,2,aleatorio,2
60,1,60,0,0,0,0,1,0,0,0,2,0,aleatorio,0
25,6,3,1,1,0,1,1,1,0,0,0,2,aleatorio,2
63,1,57,0,0,0,0,0,0,1,0,0,0,aleatorio,0
64,2,3,1,0,0,0,0,1,0,1,2,2,aleatorio,2
68,1,99,0,0,0,0,0,1,0,1,1,1,aleatorio,1
63,3,5,1,0,0,1,0,1,0,0,0,2,aleatorio,2
56,3,0,1,0,0,0,1,1,1,0,0,1,aleatorio,1
43,3,14,1,0,0,0,1,0,1,0,0,1,aleatorio,1
27,1,9,0,0,0,0,1,0,0,1,2,2,aleatorio,2
68,1,58,0,0,0,0,0,1,0,0,0,0,aleatorio,0
33,1,57,0,0,0,0,1,0,0,1,3,1,aleatorio,1
33,2,9,1,0,0,0,1,1,0,0,0,1,aleatorio,1
43,6,12,1,1,0,0,0,1,1,0,0,2,aleatorio,2
37,1,335,0,0,0,0,0,0,1,0,0,0,aleatorio,0
54,3,50,0,0,0,1,1,0,1,0,0,1,aleatorio,1
46,1,119,0,0,1,0,0,0,0,1,1,2,aleatorio,2
34,1,49,0,0,0,0,0,1,0,1,2,0,aleatorio,1
21,3,3,1,0,1,0,1,0,1,1,1,2,aleatorio,2
38,6,1,1,1,1,0,0,1,1,0,0,2,aleatorio,2
34,1,22,0,0,0,0,1,0,0,1,1,1,aleatorio,1
45,1,43,0,0,0,0,1,0,0,0,0,0,aleatorio,0
46,3,14,1,0,0,0,1,1,0,0,0,1,aleatorio,1
49,2,12,1,0,0,0,0,1,1,0,0,1,aleatorio,1
70,3,10,1,0,0,1,1,0,1,1,1,2,aleatorio,2
51,1,87,0,0,0,0,1,0,0,0,1,1,aleatorio,0
26,4,12,1,1,1,0,1,0,0,0,0,2,aleatorio,2
41,1,14,0,0,0,0,0,1,0,0,0,0,aleatorio,0
65,1,15,0,0,0,0,1,0,0,0,1,0,aleatorio,0
58,5,52,0,1,0,0,1,1,1,0,0,2,aleatorio,2
31,3,0,1,0,0,0,1,1,0,0,0,1,aleatorio,1
50,3,9,1,0,0,1,0,1,0,1,1,0,aleatorio,2
49,3,2,1,0,0,0,1,1,1,0,0,2,aleatorio,1
52,3,6,1,1,0,0,0,1,1,3,3,2,aleatorio,2
37,0,999,0,0,0,0,0,0,0,3,4,1,aleatorio,1
20,1,45,0,0,0,1,0,0,0,0,0,1,aleatorio,1
55,1,14,0,0,0,0,0,0,1,0,0,0,aleatorio,0
66,5,60,0,1,0,1,1,0,1,1,1,2,aleatorio,2
44,2,11,1,0,0,1,0,1,0,0,0,2,aleatorio,2
63,1,56,0,0,0,0,1,0,0,0,0,0,aleatorio,0
30,2,51,0,0,0,0,0,0,1,0,0,0,aleatorio,0
29,3,185,0,0,0,1,1,0,0,2,2,2,aleatorio,1
32,3,58,0,1,0,0,0,1,1,0,0,2,aleatorio,2
30,2,19,1,0,0,0,1,1,0,1,1,1,aleatorio,1
52,2,3,1,0,0,0,1,1,0,1,1,2,aleatorio,2
36,1,12,0,0,1,0,0,0,0,0,0,2,aleatorio,2
67,3,34,0,0,0,1,1,0,1,2,4,1,aleatorio,1
29,2,372,0,0,0,0,0,1,0,0,1,0,aleatorio,0
25,1,28,0,0,0,0,0,0,1,0,0,0,aleatorio,0
70,1,57,0,0,0,0,0,1,0,0,0,0,aleatorio,0
21,1,26,0,0,0,0,1,0,0,0,0,0,aleatorio,0
62,1,32,0,0,0,0,0,0,1,0,1,0,aleatorio,0
62,4,10,1,0,1,1,0,0,1,2,3,2,aleatorio,2
58,1,15,0,0,0,0,1,0,0,0,0,1,aleatorio,0
29,1,0,0,0,0,0,0,0,1,0,0,0,aleatorio,0
47,1,20,0,0,0,0,0,0,1,0,0,0,aleatorio,0
23,1,254,0,0,0,0,1,0,0,2,2,1,aleatorio,1
35,3,22,1,1,0,1,0,1,0,0,0,2,aleatorio,2
59,5,9,1,1,1,1,0,0,1,0,0,2,aleatorio,2
36,2,0,1,0,0,0,0,1,1,0,0,2,aleatorio,1
43,2,23,1,0,0,1,0,0,0,2,3,2,aleatorio,2
69,1,320,0,0,0,0,0,0,1,0,0,0,aleatorio,0
30,1,6,0,0,0,0,1,0,0,3,3,2,aleatorio,2
63,1,16,0,0,0,0,0,1,0,0,0,0,aleatorio,0
63,5,0,1,1,1,0,0,0,1,1,1,2,aleatorio,2
52,3,15,1,0,0,0,1,0,1,0,0,1,aleatorio,1
62,1,31,0,0,0,0,0,0,1,0,2,0,aleatorio,0
41,3,3,1,0,0,0,0,1,1,0,0,1,aleatorio,1
45,1,54,0,0,0,0,1,0,0,0,0,0,aleatorio,0
29,3,29,1,0,0,0,1,1,0,2,2,1,aleatorio,1
41,1,373,0,0,0,0,0,1,0,0,0,0,aleatorio,0
43,2,216,0,0,0,0,1,0,1,0,1,0,aleatorio,0
44,1,187,0,0,0,0,0,1,0,1,1,1,aleatorio,1
18,4,2,1,1,1,0,0,1,0,1,1,2,aleatorio,2
48,1,9,0,0,0,0,0,0,1,0,0,0,aleatorio,0
47,4,14,1,0,0,1,0,1,1,0,0,2,aleatorio,2
50,1,11,0,0,0,0,1,0,0,0,0,0,aleatorio,0
30,1,300,0,0,0,0,1,0,0,0,0,0,aleatorio,0
52,2,11,1,0,1,0,0,0,1,0,0,2,aleatorio,2
38,2,48,0,0,0,0,1,1,0,1,1,1,aleatorio,1
18,3,57,0,0,0,1,0,1,1,1,1,1,aleatorio,1
18,2,34,0,0,0,1,1,0,0,0,0,1,aleatorio,1
23,1,26,0,0,0,0,1,0,0,0,0,0,aleatorio,0
26,2,46,0,0,0,0,0,0,1,0,0,0,aleatorio,0
34,1,12,0,0,0,0,1,0,0,0,0,0,aleatorio,0
59,2,218,0,0,0,0,1,1,0,1,1,1,aleatorio,1
70,3,9,1,0,0,0,0,1,1,1,1,2,aleatorio,2
47,2,9,1,0,0,0,0,1,0,0,0,1,aleatorio,1
21,1,56,0,0,0,1,0,0,0,0,0,1,aleatorio,1
38,1,81,0,0,0,0,0,0,1,0,0,2,aleatorio,0
67,2,35,0,0,0,0,1,0,1,0,0,0,aleatorio,0
37,3,17,1,0,0,1,1,0,0,0,1,0,aleatorio,2
53,1,92,0,0,0,0,0,0,1,0,1,0,aleatorio,0
59,3,11,1,1,0,0,0,1,1,0,0,1,aleatorio,2
29,2,26,1,0,0,1,0,1,0,1,1,2,aleatorio,2
49,1,41,0,0,0,1,0,0,0,0,0,1,aleatorio,1
41,2,51,0,0,0,0,0,1,1,0,0,0,aleatorio,0
43,1,229,0,0,0,1,0,0,0,0,0,1,aleatorio,1
43,2,23,1,1,0,0,1,0,0,0,0,1,aleatorio,2
50,1,167,0,0,0,0,1,0,0,0,0,0,aleatorio,0
28,1,310,0,0,0,0,0,1,0,0,0,0,aleatorio,0
60,4,2,1,0,0,1,0,0,1,0,0,2,aleatorio,2
66,2,51,0,1,0,1,0,0,0,1,1,2,aleatorio,2
33,2,124,0,0,0,0,1,1,0,0,0,0,aleatorio,0
60,2,61,0,0,0,0,1,1,0,1,2,1,aleatorio,1
49,1,32,0,0,0,0,1,0,0,0,0,2,aleatorio,0
24,1,341,0,0,0,0,0,1,0,0,0,0,aleatorio,0
64,0,999,0,0,0,0,0,0,0,3,3,1,aleatorio,1
36,2,30,1,0,0,0,1,1,0,0,0,0,aleatorio,1
30,3,22,1,0,0,0,1,1,1,0,0,1,aleatorio,1
30,2,4,1,0,0,0,1,1,0,0,0,1,aleatorio,1
58,1,29,0,0,0,0,0,0,1,0,0,0,aleatorio,0
62,1,350,0,0,0,0,1,0,0,0,0,0,aleatorio,0
34,2,6,1,1,0,0,0,1,0,2,4,2,aleatorio,2
24,3,52,0,0,0,1,0,1,0,0,1,1,aleatorio,1
45,6,16,1,1,1,0,0,1,1,0,1,2,aleatorio,2
64,2,0,1,1,0,0,0,1,0,0,0,2,aleatorio,2
18,2,18,1,0,0,0,1,0,1,0,0,1,aleatorio,1
23,2,16,1,0,0,0,1,0,0,1,2,2,aleatorio,1
51,1,0,0,0,0,0,0,0,1,0,1,0,aleatorio,0
47,3,0,1,0,1,0,1,0,1,2,2,2,aleatorio,2
55,1,388,0,0,0,0,0,0,1,2,2,1,aleatorio,1
48,3,33,0,0,0,0,1,1,0,2,2,1,aleatorio,1
32,2,3,1,0,0,0,1,0,0,0,0,1,aleatorio,1
50,3,29,1,0,0,1,1,1,0,2,3,2,aleatorio,2
22,1,23,0,1,0,0,0,0,0,2,3,2,aleatorio,2
22,3,4,1,0,0,0,1,0,1,0,0,1,aleatorio,1
52,5,2,1,0,1,0,0,1,1,0,1,1,aleatorio,2
44,4,43,0,0,0,1,0,1,1,0,0,1,aleatorio,1
23,2,17,1,0,0,0,1,1,0,0,0,1,aleatorio,1
43,3,28,1,0,0,0,0,1,1,0,0,2,aleatorio,1
31,1,17,0,0,0,0,0,1,0,0,0,0,aleatorio,0
59,2,218,0,0,0,0,1,0,1,0,0,0,aleatorio,0
60,3,44,0,0,0,0,1,1,1,0,0,0,aleatorio,0
29,6,13,1,0,1,1,1,0,1,0,0,2,aleatorio,2
60,2,6,1,1,0,0,0,1,0,0,1,2,aleatorio,2
51,4,9,1,0,1,1,0,1,0,0,1,2,aleatorio,2
31,1,327,0,0,0,0,1,0,0,1,1,1,aleatorio,1
20,4,27,1,1,1,0,0,1,1,1,1,2,aleatorio,2
37,3,2,1,0,0,1,0,0,1,0,0,2,aleatorio,2
56,4,31,0,0,0,1,0,1,0,0,0,0,aleatorio,1
57,2,38,0,0,0,1,0,0,0,0,0,1,aleatorio,1
59,1,47,0,0,0,0,0,0,1,1,1,1,aleatorio,1
40,4,12,1,0,1,1,0,0,1,0,0,2,aleatorio,2
58,6,8,1,0,1,1,1,1,0,1,1,2,aleatorio,2
47,1,87,0,0,1,0,0,0,0,0,1,2,aleatorio,2
53,1,8,0,0,0,0,0,0,1,0,0,0,aleatorio,0
41,2,12,1,0,0,0,0,1,1,0,0,1,aleatorio,1
19,1,15,0,0,1,0,0,0,0,0,0,2,aleatorio,2
59,3,31,0,0,0,0,1,1,0,0,0,0,aleatorio,0
27,1,279,0,0,0,0,0,1,0,0,0,0,aleatorio,0
31,2,51,0,0,0,1,0,0,1,0,0,1,aleatorio,1
49,4,15,1,1,1,0,0,1,0,0,0,2,aleatorio,2
60,2,24,1,0,0,0,0,1,0,0,0,1,aleatorio,1
35,1,9,0,0,0,0,0,1,0,0,0,0,aleatorio,0
28,5,5,1,0,0,1,1,1,1,0,0,2,aleatorio,2
70,1,51,0,0,0,1,0,0,0,0,0,1,aleatorio,1
38,4,16,1,0,0,0,0,1,1,0,0,1,aleatorio,1
25,1,26,0,0,0,0,1,0,0,0,0,0,aleatorio,0
70,1,22,0,0,0,0,0,1,0,0,0,0,aleatorio,0
56,2,40,0,0,0,1,0,0,1,0,0,1,aleatorio,1
67,2,8,1,1,1,0,0,0,0,3,3,2,aleatorio,2
42,2,61,0,0,0,0,0,1,1,0,0,0,aleatorio,0
19,5,15,1,0,0,1,0,1,1,0,0,2,aleatorio,2
39,4,7,1,0,0,0,1,0,1,0,0,1,aleatorio,1
56,1,182,0,0,0,0,1,0,0,1,1,1,aleatorio,1
21,5,5,1,0,0,0,1,1,0,0,1,1,aleatorio,1
58,5,2,1,0,0,0,1,1,1,0,0,1,aleatorio,1
52,2,113,0,0,0,1,0,1,0,0,0,1,aleatorio,1
56,4,3,1,1,1,0,0,1,1,0,0,2,aleatorio,2
49,1,384,0,0,0,0,1,0,0,0,0,0,aleatorio,0
29,5,1,1,0,0,0,1,1,1,0,0,1,aleatorio,1
45,1,55,0,0,0,0,1,0,0,0,0,0,aleatorio,0
55,1,5,0,0,0,1,0,0,0,0,0,1,aleatorio,1
63,2,209,0,0,0,1,0,1,0,2,2,1,aleatorio,1
66,1,3,0,0,0,0,0,1,0,0,0,0,aleatorio,0
34,1,81,0,0,0,0,0,1,0,1,1,0,aleatorio,1
40,1,256,0,0,0,0,0,1,0,0,0,0,aleatorio,0
61,2,13,1,0,1,0,0,1,0,0,0,2,aleatorio,2
36,3,20,1,0,0,0,0,0,1,0,0,1,aleatorio,1
33,1,17,0,0,0,0,1,0,0,0,0,0,aleatorio,0
56,2,188,0,0,0,0,0,0,1,0,0,0,aleatorio,0
22,2,6,1,1,0,0,0,0,0,1,1,2,aleatorio,2
33,1,54,0,0,0,0,0,1,0,0,1,0,aleatorio,0
45,1,1,0,0,0,0,1,0,0,0,1,0,aleatorio,0
28,1,9,0,0,0,0,0,1,0,0,0,0,aleatorio,0
23,3,79,0,1,0,0,1,0,0,0,0,2,aleatorio,2
50,1,175,0,0,0,0,1,0,0,0,1,0,aleatorio,0
62,5,1,1,1,0,1,1,0,1,1,3,1,aleatorio,2
61,1,35,0,0,0,1,0,0,0,0,0,1,aleatorio,1
44,1,41,0,0,0,0,0,1,0,0,0,2,aleatorio,0
45,1,220,0,0,0,0,0,1,0,0,1,0,aleatorio,0
61,2,13,1,1,0,0,1,0,0,1,1,2,aleatorio,2
63,3,15,1,0,0,0,0,1,1,1,1,2,aleatorio,2
18,1,3,0,0,0,0,0,1,0,0,0,0,aleatorio,0
31,0,999,0,0,0,0,0,0,0,2,2,1,aleatorio,1
20,1,5,0,0,0,0,0,1,0,0,0,0,aleatorio,0
52,1,172,0,0,0,0,0,1,0,0,0,0,aleatorio,0
62,4,14,1,0,0,1,1,0,1,0,0,2,aleatorio,2
45,2,9,1,0,0,0,1,1,0,0,0,1,aleatorio,1
57,2,0,1,0,0,0,1,1,0,0,0,1,aleatorio,1
26,2,59,0,0,0,1,0,1,0,1,1,1,aleatorio,1
42,3,8,1,0,1,1,1,0,0,0,0,2,aleatorio,2
43,6,0,1,1,1,1,0,1,0,0,0,2,aleatorio,2
65,1,15,0,0,0,0,0,0,1,0,0,0,aleatorio,0
20,2,3,1,0,0,0,1,1,0,1,1,2,aleatorio,2
69,2,53,0,0,0,0,0,1,0,0,0,1,aleatorio,0
70,2,22,1,0,0,0,0,1,1,0,0,1,aleatorio,1
53,1,265,0,0,0,0,1,0,0,1,1,1,aleatorio,1
46,2,35,0,0,0,1,0,0,1,0,0,1,aleatorio,1
62,2,48,0,0,0,0,1,0,0,0,0,0,aleatorio,0
66,4,24,1,0,1,0,1,1,0,0,0,2,aleatorio,2
32,2,13,1,1,0,1,0,0,0,0,0,2,aleatorio,2
35,3,16,1,1,0,0,1,0,0,1,1,2,aleatorio,2
63,1,104,0,0,0,0,0,1,0,1,1,1,aleatorio,1
56,3,158,0,0,0,0,1,1,0,1,1,1,aleatorio,1
69,1,47,0,0,0,0,0,0,1,1,1,1,aleatorio,1
62,1,48,0,0,0,0,1,0,0,0,0,0,aleatorio,0
30,3,42,0,0,0,0,1,1,1,0,0,2,aleatorio,0
57,2,57,0,0,0,0,0,1,1,0,1,0,aleatorio,0
36,5,11,1,1,0,1,1,1,0,2,2,2,aleatorio,2
30,1,8,0,0,0,0,0,0,1,0,0,0,aleatorio,0
66,1,37,0,0,0,0,0,1,0,0,0,0,aleatorio,0
59,3,5,1,0,0,0,1,0,1,0,0,1,aleatorio,1
24,2,130,0,0,1,1,0,0,0,1,1,2,aleatorio,2
60,3,8,1,0,0,1,1,1,0,1,1,1,aleatorio,2
22,1,3,0,0,0,0,0,1,0,0,0,0,aleatorio,0
65,5,1,1,0,1,0,1,1,0,2,4,2,aleatorio,2
54,2,55,0,0,0,0,1,1,0,0,0,0,aleatorio,0
48,2,14,1,0,0,0,1,1,0,0,0,1,aleatorio,1
40,3,3,1,1,0,1,0,1,0,2,3,2,aleatorio,2
34,5,1,1,0,0,0,1,1,1,0,0,1,aleatorio,1
44,1,138,0,0,0,0,1,0,0,0,0,0,aleatorio,0
63,3,10,1,0,0,0,1,0,1,1,2,2,aleatorio,2
20,2,18,1,0,0,0,0,1,0,0,0,1,aleatorio,1
21,4,1,1,0,0,0,0,1,1,0,0,1,aleatorio,1
62,2,26,1,0,0,0,0,0,1,0,0,1,aleatorio,1
28,3,15,1,1,0,1,0,0,0,0,1,2,aleatorio,2
70,1,231,0,0,0,0,0,1,0,0,0,0,aleatorio,0
19,2,34,0,0,0,0,1,1,0,0,0,0,aleatorio,0
44,3,3,1,0,0,1,1,1,0,1,1,2,aleatorio,2
41,2,10,1,0,0,0,1,0,0,0,1,1,aleatorio,1
59,1,120,0,0,0,0,0,1,0,0,0,0,aleatorio,0
30,1,27,0,0,0,0,0,1,0,3,3,1,aleatorio,1
40,5,28,1,0,0,1,0,1,1,2,4,1,aleatorio,2
29,3,4,1,0,0,1,1,1,0,0,0,0,aleatorio,2
39,1,35,0,0,0,0,1,0,0,0,0,0,aleatorio,0
30,3,4,1,0,0,0,1,1,0,0,0,1,aleatorio,1
32,2,42,0,0,0,1,0,1,0,1,1,0,aleatorio,1
26,4,15,1,0,1,0,1,0,1,0,0,2,aleatorio,2
70,5,2,1,1,1,0,1,1,0,0,0,2,aleatorio,2
50,1,53,0,0,0,0,0,1,0,0,0,1,aleatorio,0
33,3,48,0,1,0,0,1,0,1,0,0,2,aleatorio,2
19,2,0,1,0,0,0,1,0,1,0,0,1,aleatorio,1
58,2,4,1,0,0,0,1,1,0,0,0,1,aleatorio,1
29,4,8,1,1,1,0,1,0,1,0,0,2,aleatorio,2
36,3,28,1,1,0,1,0,0,0,1,1,2,aleatorio,2
65,2,42,0,0,0,0,1,0,0,1,2,2,aleatorio,1
28,4,17,1,0,0,0,1,1,0,1,2,1,aleatorio,1
24,1,330,0,0,0,0,0,1,0,0,0,0,aleatorio,0
68,2,52,0,0,1,0,0,0,1,0,0,2,aleatorio,2
47,3,34,0,0,0,0,0,1,1,0,0,0,aleatorio,0
27,2,25,1,0,0,1,0,1,0,0,0,2,aleatorio,2
29,1,301,0,0,0,0,1,0,0,0,0,0,aleatorio,0
41,2,29,1,0,0,0,0,1,1,1,1,1,aleatorio,1
64,1,7,0,0,0,0,0,0,1,0,0,0,aleatorio,0
26,1,311,0,0,0,0,0,1,0,0,0,0,aleatorio,0
42,2,12,1,0,0,0,0,1,1,0,0,1,aleatorio,1
62,1,59,0,0,0,0,0,1,0,0,0,0,aleatorio,0
21,2,55,0,0,0,0,1,0,1,0,0,0,aleatorio,0
44,2,3,1,1,0,0,1,0,0,3,4,2,aleatorio,2
37,1,58,0,0,0,0,0,1,0,0,1,0,aleatorio,0
55,3,31,0,0,0,0,1,1,1,0,0,0,aleatorio,0
43,1,52,0,0,0,0,0,0,1,0,0,0,aleatorio,0
64,1,31,0,0,0,1,0,0,0,0,0,1,aleatorio,1
58,3,31,0,0,1,0,0,1,0,1,1,2,aleatorio,2
47,1,160,0,0,0,0,1,0,0,0,0,1,aleatorio,0
66,4,14,1,1,1,0,1,1,0,1,1,2,aleatorio,2
62,1,48,0,0,0,1,0,0,0,2,2,1,aleatorio,1
18,2,24,1,0,0,1,1,0,0,1,1,2,aleatorio,2
36,1,36,0,0,0,1,0,0,0,0,0,1,aleatorio,1
19,3,33,0,0,0,0,0,1,0,1,2,1,aleatorio,1
65,0,999,0,0,0,0,0,0,0,1,1,1,aleatorio,1
22,6,4,1,1,0,1,1,0,0,1,1,2,aleatorio,2
59,4,2,1,1,0,0,1,1,1,0,0,2,aleatorio,2
66,2,182,0,0,0,1,0,0,1,0,0,1,aleatorio,1
44,2,1,1,0,0,0,1,0,1,0,0,1,aleatorio,1
61,1,161,0,0,0,1,0,0,0,0,0,1,aleatorio,1
24,1,394,0,0,0,0,0,0,1,1,1,0,aleatorio,1
26,4,6,1,0,0,0,1,1,1,0,1,1,aleatorio,1
29,2,2,1,0,0,0,0,1,1,0,0,1,aleatorio,1
50,3,1,1,1,0,0,1,0,1,1,1,2,aleatorio,2
68,2,31,0,0,0,0,1,1,0,0,1,0,aleatorio,0
65,1,40,0,0,0,0,1,0,0,1,1,1,aleatorio,1
34,1,6,0,0,0,0,0,1,0,0,0,0,aleatorio,0
65,3,7,1,0,1,0,0,1,0,1,1,2,aleatorio,2
21,2,162,0,0,1,1,0,0,0,0,0,2,aleatorio,2
32,6,0,1,1,1,1,0,1,0,0,0,2,aleatorio,2
62,3,9,1,0,0,1,1,1,0,0,2,2,aleatorio,2
31,2,38,0,0,0,0,1,0,0,0,0,0,aleatorio,0
57,1,10,0,1,0,0,0,0,0,0,1,2,aleatorio,2
31,4,14,1,0,1,1,1,1,0,0,0,2,aleatorio,2
26,4,37,0,0,0,1,0,1,1,1,1,1,aleatorio,1
28,4,0,1,1,0,0,1,0,0,2,2,2,aleatorio,2
54,1,103,0,1,0,0,0,0,0,0,0,2,aleatorio,2
30,3,10,1,1,0,0,0,1,0,1,2,2,aleatorio,2
62,1,8,0,0,0,0,1,0,0,0,0,1,aleatorio,0
36,5,4,1,1,1,1,0,1,0,0,0,2,aleatorio,2
35,2,7,1,0,0,1,0,0,1,0,0,2,aleatorio,2
47,1,4,0,0,0,1,0,0,0,0,0,0,aleatorio,1
24,1,14,0,0,0,0,1,0,0,0,0,0,aleatorio,0
60,4,16,1,1,0,1,1,0,1,0,0,2,aleatorio,2
61,1,72,0,0,0,0,0,0,1,2,2,2,aleatorio,1
65,2,6,1,0,0,1,0,0,1,0,0,2,aleatorio,2
63,2,20,1,0,1,0,0,0,1,1,1,2,aleatorio,2
24,2,120,0,0,0,0,0,1,1,2,2,1,aleatorio,1
55,1,103,0,0,0,0,1,0,0,2,3,1,aleatorio,1
52,1,32,0,0,0,0,0,0,1,2,2,1,aleatorio,1
58,1,197,0,0,0,1,0,0,0,0,0,1,aleatorio,1
68,1,38,0,0,0,0,1,0,0,0,0,2,aleatorio,0
18,1,17,0,0,0,0,0,1,0,2,3,1,aleatorio,1
56,2,23,1,0,0,0,0,1,1,0,0,1,aleatorio,1
23,2,0,1,0,0,0,0,1,1,0,1,1,aleatorio,1
34,4,3,1,1,0,1,0,0,0,0,0,2,aleatorio,2
40,1,114,0,0,0,0,1,0,0,0,0,0,aleatorio,0
45,1,272,0,0,0,0,0,1,0,0,0,0,aleatorio,0
43,2,229,0,0,0,0,1,0,1,0,0,0,aleatorio,0
20,2,14,1,0,0,0,1,1,0,0,0,1,aleatorio,1
60,4,6,1,0,1,1,1,0,1,0,0,2,aleatorio,2
42,1,49,0,0,0,0,0,0,1,0,0,0,aleatorio,0
43,2,49,0,0,0,0,1,0,0,0,0,0,aleatorio,0
53,2,57,0,0,0,1,1,0,0,0,0,1,aleatorio,1
49,6,10,1,0,0,1,1,1,0,0,0,2,aleatorio,2
47,3,10,1,0,0,0,1,0,1,0,0,1,aleatorio,1
33,1,11,0,0,0,1,0,0,0,0,0,2,aleatorio,1
66,0,999,0,0,0,0,0,0,0,1,2,1,aleatorio,1
37,5,7,1,0,1,1,1,1,1,1,2,2,aleatorio,2
67,2,36,0,1,0,0,0,0,1,1,1,2,aleatorio,2
46,3,41,0,1,0,0,1,0,0,0,0,2,aleatorio,2
54,3,18,1,1,0,1,0,1,0,0,0,2,aleatorio,2
22,2,10,1,0,0,0,1,0,1,0,0,1,aleatorio,1
62,5,0,1,1,0,0,1,0,1,0,0,2,aleatorio,2
61,2,0,1,0,0,0,1,1,0,0,0,0,aleatorio,1
51,1,190,0,0,0,0,0,0,1,0,1,0,aleatorio,0
27,3,13,1,0,0,0,0,1,1,0,0,1,aleatorio,1
60,2,26,1,0,0,0,0,1,1,0,0,1,aleatorio,1
51,1,51,0,0,0,0,1,0,0,0,2,0,aleatorio,0
47,0,999,0,0,0,0,0,0,0,2,2,1,aleatorio,1
38,2,41,0,0,0,0,1,1,0,1,2,1,aleatorio,1
54,2,36,0,0,0,0,1,0,1,0,0,0,aleatorio,0
29,1,37,0,0,0,0,0,1,0,0,0,0,aleatorio,0
69,4,4,1,0,0,1,1,0,1,0,0,2,aleatorio,2
39,1,1,0,0,0,0,1,0,0,0,0,0,aleatorio,0
55,2,6,1,0,0,0,1,0,0,0,0,1,aleatorio,1
55,2,136,0,0,0,0,0,1,1,0,0,0,aleatorio,0
48,4,29,1,1,0,1,1,0,1,0,0,2,aleatorio,2
60,2,174,0,0,0,0,0,1,1,0,0,0,aleatorio,0
70,1,43,0,0,0,0,1,0,0,0,0,0,aleatorio,0
32,1,269,0,0,0,0,1,0,0,1,1,1,aleatorio,1
48,1,20,0,0,0,0,0,1,0,0,0,0,aleatorio,0
37,1,271,0,0,0,0,0,1,0,0,0,2,aleatorio,0
66,1,169,0,0,0,0,0,1,0,0,0,0,aleatorio,0
47,1,40,0,0,0,0,0,0,1,0,0,0,aleatorio,0
48,1,137,0,0,0,0,0,1,0,0,0,0,aleatorio,0
38,1,11,0,0,1,0,0,0,0,0,1,2,aleatorio,2
68,5,14,1,0,1,0,1,1,0,0,0,2,aleatorio,2
67,1,146,0,0,0,0,0,1,0,0,0,0,aleatorio,0
69,1,117,0,0,0,1,0,0,0,0,1,1,aleatorio,1
52,1,20,0,0,0,1,0,0,0,0,0,1,aleatorio,1
31,3,1,1,1,0,1,0,0,0,2,3,2,aleatorio,2
70,2,22,1,0,0,1,1,0,0,0,0,2,aleatorio,2
36,1,2,0,0,0,1,0,0,0,0,0,1,aleatorio,1
38,6,5,1,0,1,1,1,1,1,0,0,2,aleatorio,2
22,3,59,0,0,0,0,0,0,1,0,0,2,aleatorio,0
59,4,10,1,1,1,0,1,0,1,1,1,2,aleatorio,2
40,0,999,0,0,0,0,0,0,0,4,4,1,aleatorio,1
45,2,15,1,0,0,0,1,0,1,0,0,1,aleatorio,1
40,2,44,0,0,1,1,0,0,0,0,0,2,aleatorio,2
50,2,10,1,0,0,0,0,1,0,0,0,1,aleatorio,1
68,1,58,0,0,0,1,0,0,0,2,2,1,aleatorio,1
49,3,71,0,0,1,0,0,0,1,1,1,2,aleatorio,2
61,5,13,1,1,0,1,1,0,1,1,2,2,aleatorio,2
41,3,2,1,0,1,0,0,1,0,0,0,1,aleatorio,2
45,4,3,1,1,0,0,1,1,0,0,0,2,aleatorio,2
22,4,5,1,0,0,0,1,1,1,0,0,1,aleatorio,1
26,5,41,0,1,0,1,0,0,1,1,1,2,aleatorio,2
42,1,19,0,0,0,0,0,1,0,2,2,1,aleatorio,1
68,2,13,1,0,0,0,1,0,1,0,0,1,aleatorio,1
49,1,24,0,0,0,0,1,0,0,0,0,0,aleatorio,0
67,3,6,1,0,0,0,0,1,1,0,1,1,aleatorio,1
30,2,23,1,0,1,0,0,1,0,0,0,2,aleatorio,2
50,5,2,1,0,0,0,1,1,1,0,1,1,aleatorio,1
32,4,5,1,1,0,1,0,1,0,1,1,2,aleatorio,2
46,1,12,0,0,0,0,0,0,1,0,0,0,aleatorio,0
34,3,58,0,0,0,1,1,1,0,0,0,1,aleatorio,1
40,6,1,1,1,0,1,0,0,1,0,1,2,aleatorio,2
70,6,3,1,1,0,1,1,1,0,2,2,2,aleatorio,2
50,5,10,1,1,0,0,0,1,1,0,0,2,aleatorio,2
20,3,2,1,0,0,0,1,1,1,0,0,1,aleatorio,1
50,1,298,0,0,0,1,0,0,0,0,1,1,aleatorio,1
45,6,11,1,1,0,0,1,1,1,2,3,2,aleatorio,2
56,4,15,1,0,1,1,1,1,0,0,0,2,aleatorio,2
36,3,12,1,0,1,1,0,0,0,1,1,2,aleatorio,2
60,3,11,1,0,0,0,1,1,1,0,0,1,aleatorio,1
43,4,7,1,0,0,0,0,1,1,0,0,1,aleatorio,1
39,3,30,1,0,0,0,1,1,1,0,0,0,aleatorio,1
30,2,250,0,0,0,0,0,1,1,2,3,1,aleatorio,1
36,1,130,0,0,0,0,0,1,0,0,0,0,aleatorio,0
46,1,228,0,0,0,0,1,0,0,1,1,1,aleatorio,1
58,1,5,0,0,1,0,0,0,0,0,0,0,aleatorio,2
24,1,48,0,1,0,0,0,0,0,1,2,2,aleatorio,2
18,2,14,1,0,0,0,1,0,0,1,1,2,aleatorio,2
60,2,14,1,0,0,0,1,1,0,0,0,1,aleatorio,1
27,2,10,1,0,0,0,1,0,1,0,0,1,aleatorio,1
28,1,258,0,0,0,0,0,0,1,0,0,0,aleatorio,0
34,2,13,1,0,0,0,1,0,1,0,0,1,aleatorio,1
40,6,4,1,0,0,0,1,1,0,0,0,1,aleatorio,1
25,1,163,0,0,0,0,0,1,0,0,0,0,aleatorio,0
22,2,190,0,0,0,0,0,1,1,0,0,0,aleatorio,0
22,1,178,0,0,0,0,0,0,1,0,0,0,aleatorio,0
49,1,1,0,0,0,0,0,0,1,0,0,0,aleatorio,0
45,1,192,0,0,0,0,0,1,0,0,1,1,aleatorio,0
26,2,10,1,0,0,0,1,0,0,1,1,2,aleatorio,2
46,4,6,1,0,0,0,1,1,1,0,0,1,aleatorio,1
46,2,56,0,0,0,1,1,0,0,0,0,1,aleatorio,1
55,4,3,1,1,0,1,0,0,1,0,0,2,aleatorio,2
55,1,139,0,0,0,0,1,0,0,0,0,0,aleatorio,0
55,1,11,0,0,0,0,0,1,0,0,0,2,aleatorio,0
59,1,377,0,0,0,0,0,0,1,0,0,0,aleatorio,0
54,4,52,0,0,0,0,0,1,1,0,0,0,aleatorio,0
64,1,218,0,0,0,1,0,0,0,1,1,1,aleatorio,1
33,1,17,0,0,0,0,0,1,0,0,0,1,aleatorio,0
60,1,31,0,0,0,0,0,1,0,0,0,0,aleatorio,0
70,2,6,1,0,0,0,1,1,0,0,0,1,aleatorio,1
45,1,18,0,0,0,0,1,0,0,0,0,0,aleatorio,0
43,3,4,1,1,0,1,0,0,0,0,0,2,aleatorio,2
18,1,59,0,0,0,0,1,0,0,1,1,1,aleatorio,1
26,4,26,1,1,1,0,1,0,0,0,0,2,aleatorio,2
59,2,16,1,1,0,0,0,0,0,2,3,2,aleatorio,2
57,3,0,1,0,1,0,0,1,1,0,0,0,aleatorio,2
33,2,13,1,0,0,0,0,1,0,0,0,1,aleatorio,1
23,3,49,0,0,0,1,1,0,0,0,0,1,aleatorio,1
33,2,50,0,0,0,0,0,1,1,0,1,0,aleatorio,0
43,1,364,0,0,0,0,0,0,1,0,0,0,aleatorio,0
52,2,32,0,0,0,0,0,1,1,0,0,0,aleatorio,0
37,2,6,1,0,0,0,1,1,0,0,1,1,aleatorio,1
20,1,121,0,0,0,0,0,0,1,1,1,1,aleatorio,1
46,1,1,0,1,0,0,0,0,0,2,3,2,aleatorio,2
27,0,999,0,0,0,0,0,0,0,3,4,1,aleatorio,1
21,1,271,0,0,0,0,1,0,0,0,1,0,aleatorio,0
48,1,15,0,0,0,0,0,1,0,0,0,0,aleatorio,0
58,1,143,0,0,0,0,0,0,1,0,0,0,aleatorio,0
51,1,160,0,0,0,1,0,0,0,1,1,1,aleatorio,1
59,2,124,0,0,0,0,1,1,0,2,2,1,aleatorio,1
52,1,23,0,0,0,0,0,0,1,3,4,1,aleatorio,1
34,1,296,0,0,0,1,0,0,0,1,1,1,aleatorio,1
35,1,302,0,0,0,0,1,0,0,0,0,0,aleatorio,0
67,3,58,0,0,0,0,1,1,1,0,0,0,aleatorio,0
20,1,0,0,0,0,0,0,1,0,0,1,2,aleatorio,0
67,1,18,0,0,0,0,0,1,0,0,0,0,aleatorio,0
59,2,11,1,0,0,1,0,1,0,0,0,2,aleatorio,2
28,2,41,0,0,0,1,1,0,0,0,0,0,aleatorio,1
29,1,15,0,0,1,0,0,0,0,0,0,2,aleatorio,2
28,2,10,1,0,0,0,1,0,0,0,0,1,aleatorio,1
25,1,20,0,0,0,1,0,0,0,0,1,1,aleatorio,1
53,1,379,0,0,0,0,0,0,1,0,0,0,aleatorio,0
56,1,26,0,0,0,0,1,0,0,0,0,0,aleatorio,0
63,2,70,0,0,0,0,1,1,0,0,0,0,aleatorio,0
66,2,0,1,0,0,1,1,0,0,0,0,2,aleatorio,2
64,1,188,0,1,0,0,0,0,0,0,0,2,aleatorio,2
26,1,8,0,1,0,0,0,0,0,0,0,2,aleatorio,2
67,1,117,0,0,0,0,1,0,0,0,0,0,aleatorio,0
21,0,999,0,0,0,0,0,0,0,3,3,1,aleatorio,1
33,5,13,1,0,0,1,1,1,1,0,0,2,aleatorio,2
53,1,188,0,0,0,0,1,0,0,0,0,2,aleatorio,0
50,1,12,0,0,0,0,1,0,0,0,0,0,aleatorio,0
25,2,6,1,0,0,0,1,1,0,0,0,1,aleatorio,1
35,2,11,1,1,0,0,0,0,1,0,0,2,aleatorio,2
44,1,18,0,0,0,0,0,1,0,2,2,1,aleatorio,1
44,1,251,0,0,0,0,0,0,1,0,1,0,aleatorio,0
45,1,16,0,0,0,0,0,1,0,1,2,1,aleatorio,1
57,1,167,0,0,0,1,0,0,0,0,1,1,aleatorio,1
20,2,4,1,0,0,0,0,1,0,0,1,1,aleatorio,1
45,4,0,1,0,1,0,0,1,0,0,0,2,aleatorio,2
69,1,15,0,0,0,0,0,0,1,0,0,0,aleatorio,0
29,1,261,0,0,0,0,0,1,0,0,0,0,aleatorio,0
62,2,6,1,0,0,1,0,0,1,1,1,2,aleatorio,2
30,4,24,1,1,0,1,1,0,0,2,3,2,aleatorio,2
20,2,302,0,0,0,1,0,1,0,0,0,1,aleatorio,1
70,5,0,1,0,1,1,1,1,1,0,0,2,aleatorio,2
32,3,8,1,0,0,0,1,1,0,0,1,1,aleatorio,1
38,1,10,0,0,0,0,0,1,0,0,0,0,aleatorio,0
28,1,206,0,0,0,0,0,0,1,0,0,0,aleatorio,0
27,1,98,0,0,0,0,0,0,1,0,0,0,aleatorio,0
29,3,8,1,0,0,1,1,0,0,2,2,2,aleatorio,2
62,1,22,0,0,0,1,0,0,0,1,1,1,aleatorio,1
70,3,27,1,1,0,0,0,0,1,0,1,2,aleatorio,2
25,2,47,0,0,0,0,0,1,1,0,1,0,aleatorio,0
30,1,20,0,0,0,0,0,1,0,3,3,1,aleatorio,1
63,3,25,1,0,0,0,0,1,1,2,2,1,aleatorio,1
44,2,0,1,0,0,0,1,0,0,0,0,1,aleatorio,1
67,1,15,0,0,0,0,0,1,0,0,0,2,aleatorio,0
24,2,148,0,0,0,0,1,0,1,0,0,0,aleatorio,0
37,6,1,1,1,1,1,1,1,0,0,2,2,aleatorio,2
35,2,147,0,0,0,1,0,0,1,0,0,1,aleatorio,1
61,3,1,1,1,0,0,0,1,1,0,0,2,aleatorio,2
18,2,48,0,0,0,0,0,1,1,0,0,0,aleatorio,0
29,3,49,0,0,0,1,0,1,0,0,0,1,aleatorio,1
22,3,8,1,0,0,0,0,1,1,0,0,1,aleatorio,1
44,1,24,0,0,0,0,0,1,0,0,0,0,aleatorio,0
70,4,1,1,0,1,0,1,1,0,3,4,2,aleatorio,2
65,1,58,0,0,1,0,0,0,0,1,1,2,aleatorio,2
48,5,9,1,0,0,1,1,1,0,0,0,2,aleatorio,2
54,1,168,0,0,0,0,0,1,0,0,0,0,aleatorio,0
69,1,5,0,0,0,0,0,1,0,0,0,0,aleatorio,0
45,1,53,0,0,0,0,0,1,0,0,0,0,aleatorio,0
60,2,0,1,0,0,0,0,1,1,0,0,1,aleatorio,1
63,2,14,1,0,0,1,0,0,1,1,1,2,aleatorio,2
49,1,12,0,0,0,0,0,1,0,0,0,0,aleatorio,0
38,1,268,0,0,0,0,0,0,1,0,1,0,aleatorio,0
56,2,44,0,0,0,1,0,0,1,0,0,1,aleatorio,1
66,1,9,0,0,1,0,0,0,0,1,1,2,aleatorio,2
33,1,5,0,0,0,0,1,0,0,0,0,0,aleatorio,0
49,3,1,1,1,0,0,1,0,0,0,0,2,aleatorio,2
69,2,131,0,0,0,1,1,0,0,0,1,1,aleatorio,1
20,1,66,0,0,0,0,0,1,0,0,0,1,aleatorio,0
48,1,71,0,0,0,0,0,1,0,0,0,0,aleatorio,0
32,1,256,0,0,0,0,0,0,1,1,2,1,aleatorio,1
54,2,60,0,1,0,1,0,0,0,0,0,2,aleatorio,2
50,2,60,0,0,1,1,0,0,0,0,0,2,aleatorio,2
39,1,120,0,0,0,0,1,0,0,4,4,1,aleatorio,1
19,1,13,0,0,0,0,0,1,0,0,0,0,aleatorio,0
52,3,7,1,0,0,0,0,1,1,0,1,1,aleatorio,1
18,1,153,0,1,0,0,0,0,0,1,1,2,aleatorio,2
32,6,7,1,0,0,0,1,1,1,0,0,2,aleatorio,1
51,2,59,0,1,0,0,0,1,0,0,0,2,aleatorio,2
20,1,48,0,0,0,0,0,1,0,1,2,1,aleatorio,1
53,1,261,0,0,0,0,0,0,1,0,0,0,aleatorio,0
44,2,1,1,0,1,1,0,0,0,0,0,2,aleatorio,2
67,6,5,1,1,0,0,1,1,0,0,0,2,aleatorio,2
60,4,7,1,0,1,0,0,1,0,1,3,2,aleatorio,2
36,3,8,1,0,1,0,1,1,0,2,3,2,aleatorio,2
62,1,5,0,0,0,0,1,0,0,0,0,1,aleatorio,0
39,3,5,1,0,0,0,1,0,1,0,0,1,aleatorio,1
42,1,1,0,0,0,0,0,1,0,0,0,0,aleatorio,0
64,4,35,0,0,1,1,1,0,0,0,0,2,aleatorio,2
26,3,46,0,0,0,0,1,0,1,2,2,1,aleatorio,1
64,2,55,0,0,0,1,0,0,1,2,3,1,aleatorio,1
67,1,46,0,0,0,0,0,0,1,0,0,0,aleatorio,0
37,1,88,0,0,0,0,1,0,0,1,1,1,aleatorio,1
23,1,328,0,0,0,0,0,1,0,0,0,0,aleatorio,0
25,5,28,1,1,1,1,0,0,1,0,0,2,aleatorio,2
61,1,2,0,0,0,1,0,0,0,0,0,1,aleatorio,1
19,1,11,0,0,0,0,0,1,0,1,2,2,aleatorio,2
37,2,6,1,0,0,1,0,1,0,0,0,2,aleatorio,2
20,1,29,0,0,0,0,0,1,0,0,0,0,aleatorio,0
66,5,1,1,1,0,1,1,0,0,0,0,0,aleatorio,2
37,2,44,0,0,0,0,0,1,1,0,1,0,aleatorio,0
48,3,31,0,0,0,0,1,1,1,0,1,0,aleatorio,0
34,1,60,0,0,0,0,0,0,1,0,0,0,aleatorio,0
34,2,173,0,0,0,0,1,0,0,0,0,0,aleatorio,0
64,1,5,0,0,0,0,0,0,1,1,1,2,aleatorio,2
21,2,3,1,0,0,0,1,1,0,0,0,1,aleatorio,1
41,3,71,0,0,0,0,1,0,1,1,1,1,aleatorio,1
67,2,6,1,0,0,0,1,1,0,0,0,1,aleatorio,1
55,2,11,1,0,0,1,0,0,0,0,0,0,aleatorio,2
31,1,171,0,0,0,0,0,0,1,3,3,1,aleatorio,1
69,4,8,1,1,0,0,1,1,0,0,0,2,aleatorio,2
56,4,2,1,0,0,0,1,1,1,0,0,1,aleatorio,1
41,2,91,0,0,0,0,1,0,1,0,0,0,aleatorio,0
55,3,15,1,1,0,0,1,0,1,0,0,2,aleatorio,2
63,2,86,0,0,0,0,1,1,0,4,4,1,aleatorio,1
47,1,11,0,0,0,0,0,0,1,0,0,0,aleatorio,0
23,2,7,1,0,0,0,1,0,1,0,0,1,aleatorio,1
33,5,50,0,0,1,0,1,1,0,0,1,2,aleatorio,2
53,2,36,0,1,0,0,0,1,0,0,0,2,aleatorio,2
69,5,2,1,1,1,0,0,1,0,0,0,2,aleatorio,2
41,2,40,0,0,0,0,0,1,1,1,1,0,aleatorio,1
30,1,47,0,0,0,1,0,0,0,1,1,1,aleatorio,1
19,1,12,0,0,0,0,1,0,0,0,0,1,aleatorio,0
18,3,44,0,0,0,0,1,1,1,1,2,1,aleatorio,1
26,4,46,0,1,1,0,1,0,1,0,0,2,aleatorio,2
57,1,21,0,0,0,0,1,0,0,0,0,2,aleatorio,0
28,2,34,0,0,0,0,1,0,1,0,0,1,aleatorio,0
48,2,16,1,0,0,1,0,0,1,2,4,2,aleatorio,2
46,3,11,1,0,0,1,1,0,1,0,0,2,aleatorio,2
31,4,9,1,1,1,0,0,1,1,0,0,2,aleatorio,2
64,1,13,0,0,0,0,1,0,0,0,0,0,aleatorio,0
43,1,45,0,0,0,0,0,0,1,0,0,0,aleatorio,0
57,1,58,0,0,0,0,1,0,0,0,0,0,aleatorio,0
32,1,23,0,0,0,0,0,1,0,0,0,2,aleatorio,0
70,2,57,0,0,0,0,0,1,1,0,0,0,aleatorio,0
45,2,96,0,0,0,1,1,0,0,0,0,1,aleatorio,1
29,5,10,1,1,0,0,1,1,1,0,0,2,aleatorio,2
54,1,311,0,0,0,0,0,0,1,0,1,0,aleatorio,0
63,2,27,1,0,0,0,0,1,1,1,1,1,aleatorio,1
47,2,15,1,0,0,0,1,0,1,1,3,2,aleatorio,2
69,2,3,1,0,0,0,1,0,1,0,2,1,aleatorio,1
50,1,9,0,1,0,0,0,0,0,0,1,0,aleatorio,2
54,1,96,0,0,0,0,1,0,0,1,2,1,aleatorio,1
48,2,8,1,0,0,0,1,0,0,0,0,1,aleatorio,1
29,1,239,0,0,0,0,1,0,0,2,2,1,aleatorio,1
52,2,33,0,0,0,0,1,1,0,0,0,0,aleatorio,0
68,2,8,1,0,0,0,0,0,1,0,0,1,aleatorio,1
45,4,34,0,0,0,1,1,0,1,0,0,1,aleatorio,1
37,1,10,0,0,0,0,1,0,0,0,0,0,aleatorio,0
31,1,8,0,0,0,0,0,1,0,0,0,0,aleatorio,0
48,1,242,0,0,0,0,0,1,0,0,0,0,aleatorio,0
57,2,23,1,1,1,0,0,0,0,1,1,0,aleatorio,2
60,1,51,0,0,0,0,0,0,1,2,3,1,aleatorio,1
47,2,10,1,0,0,1,0,1,0,1,1,0,aleatorio,2
59,3,15,1,0,0,0,1,1,1,0,0,1,aleatorio,1
23,6,11,1,1,0,0,1,1,1,0,1,2,aleatorio,2
48,1,13,0,0,0,0,1,0,0,0,1,0,aleatorio,0
57,2,145,0,0,0,0,0,1,0,0,0,0,aleatorio,0
18,1,335,0,0,1,0,0,0,0,2,3,2,aleatorio,2
23,2,14,1,0,1,1,0,0,0,0,0,2,aleatorio,2
37,1,7,0,0,0,0,0,1,0,0,0,0,aleatorio,0
35,4,38,0,0,0,1,1,0,1,1,3,1,aleatorio,1
62,1,54,0,0,0,0,1,0,0,0,0,0,aleatorio,0
41,3,44,0,0,0,1,0,1,1,1,2,1,aleatorio,1
48,3,4,1,1,0,0,0,1,1,4,4,2,aleatorio,2
70,2,12,1,0,0,0,1,0,1,0,0,1,aleatorio,1
46,1,7,0,0,1,0,0,0,0,0,0,2,aleatorio,2
44,1,31,0,0,0,0,1,0,0,0,0,0,aleatorio,0
36,1,1,0,0,0,0,0,1,0,0,0,0,aleatorio,0
26,2,157,0,0,0,0,1,0,1,0,0,0,aleatorio,0
18,3,211,0,0,0,0,0,1,1,0,0,0,aleatorio,0
18,2,178,0,0,0,1,1,0,0,0,0,2,aleatorio,1
55,1,120,0,0,0,0,0,1,0,0,0,0,aleatorio,0
20,2,134,0,0,0,0,0,1,0,1,1,1,aleatorio,1
55,1,269,0,0,0,0,0,1,0,1,1,0,aleatorio,1
63,3,46,0,1,0,0,0,1,0,1,1,2,aleatorio,2
45,2,25,1,0,0,0,0,1,0,1,2,2,aleatorio,1
23,1,357,0,0,0,0,1,0,0,0,0,0,aleatorio,0
36,1,21,0,0,0,0,0,0,1,0,0,0,aleatorio,0
53,1,129,0,0,0,0,1,0,0,0,0,0,aleatorio,0
25,3,14,1,0,0,0,0,1,1,0,0,1,aleatorio,1
53,4,9,1,1,0,1,0,1,0,0,0,0,aleatorio,2
27,2,9,1,1,0,0,1,0,0,0,0,2,aleatorio,2
52,5,8,1,1,0,1,0,1,0,0,0,2,aleatorio,2
61,0,999,0,0,0,0,0,0,0,1,1,1,aleatorio,1
24,2,53,0,0,0,0,1,1,0,0,0,0,aleatorio,0
67,1,63,0,0,0,1,0,0,0,1,1,0,aleatorio,1
20,2,2,1,1,0,0,0,0,1,0,0,2,aleatorio,2
57,3,107,0,1,0,0,1,0,1,0,0,2,aleatorio,2
67,2,3,1,1,0,0,0,0,1,0,0,2,aleatorio,2
40,1,133,0,0,0,0,1,0,0,0,0,0,aleatorio,0
18,3,6,1,0,0,1,1,0,1,0,1,2,aleatorio,2
41,1,58,0,0,0,1,0,0,0,0,0,1,aleatorio,1
21,4,15,1,0,1,0,1,1,1,0,1,2,aleatorio,2
42,1,14,0,0,0,0,1,0,0,0,2,1,aleatorio,0
31,1,273,0,0,0,0,1,0,0,0,0,0,aleatorio,0
70,3,36,0,0,0,0,1,0,1,1,1,1,aleatorio,1
35,2,26,1,0,0,1,1,0,0,2,2,2,aleatorio,2
68,1,6,0,0,0,0,1,0,0,0,0,0,aleatorio,0
58,1,157,0,0,0,0,0,0,1,0,0,0,aleatorio,0
33,1,1,0,0,0,0,1,0,0,0,1,0,aleatorio,0
68,3,10,1,1,0,0,0,0,1,0,0,2,aleatorio,2
44,1,7,0,0,0,0,0,1,0,1,2,2,aleatorio,2
28,1,30,0,0,0,1,0,0,0,1,2,1,aleatorio,1
70,1,276,0,0,0,1,0,0,0,3,3,1,aleatorio,1
56,4,0,1,1,0,0,1,1,0,1,1,2,aleatorio,2
55,1,0,0,0,0,0,1,0,0,0,0,0,aleatorio,0
42,3,10,1,0,1,0,0,1,0,2,3,2,aleatorio,2
24,6,20,1,1,0,1,1,1,0,2,2,2,aleatorio,2
64,1,130,0,0,0,0,0,0,1,0,0,1,aleatorio,0
65,1,112,0,0,0,0,0,1,0,0,0,0,aleatorio,0
60,2,8,1,0,0,1,0,1,0,1,1,2,aleatorio,2
65,1,51,0,0,0,0,1,0,0,0,0,0,aleatorio,0
44,1,159,0,0,0,0,0,1,0,0,0,0,aleatorio,0
37,1,377,0,0,0,0,0,0,1,0,0,0,aleatorio,0
57,2,17,1,0,0,0,0,0,1,1,1,1,aleatorio,1
39,1,2,0,0,0,0,0,1,0,0,0,0,aleatorio,0
60,1,54,0,0,0,0,0,0,1,0,0,0,aleatorio,0
61,1,26,0,0,0,0,1,0,0,0,0,0,aleatorio,0
56,1,39,0,0,0,1,0,0,0,0,0,1,aleatorio,1
46,3,21,1,0,1,1,0,0,1,1,2,2,aleatorio,2
31,2,51,0,0,0,1,0,1,0,0,0,1,aleatorio,1
47,1,20,0,0,0,0,0,1,0,0,0,0,aleatorio,0
26,2,0,1,0,0,0,1,1,0,0,0,1,aleatorio,1
43,6,2,1,1,1,1,1,0,1,0,0,2,aleatorio,2
51,1,84,0,0,0,1,0,0,0,0,0,1,aleatorio,1
41,2,53,0,0,0,1,0,0,1,0,0,1,aleatorio,1
67,4,11,1,1,0,0,1,1,0,0,0,2,aleatorio,2
45,4,12,1,1,1,1,1,0,0,2,2,2,aleatorio,2
30,4,18,1,1,1,0,0,1,1,1,2,1,aleatorio,2
54,2,19,1,0,0,0,0,1,1,1,1,1,aleatorio,1
57,1,41,0,0,0,1,0,0,0,0,1,1,aleatorio,1
45,2,55,0,0,0,0,1,0,0,0,0,1,aleatorio,0
25,2,234,0,0,0,0,1,1,0,0,0,0,aleatorio,0
57,1,54,0,0,0,0,0,0,1,0,0,0,aleatorio,0
65,1,219,0,1,0,0,0,0,0,1,1,2,aleatorio,2
22,3,6,1,1,0,1,1,0,0,0,0,1,aleatorio,2
54,2,46,0,0,0,0,0,1,0,2,2,1,aleatorio,1
31,1,191,0,0,0,0,0,1,0,0,0,1,aleatorio,0
51,6,4,1,1,1,0,1,1,1,0,0,2,aleatorio,2
50,2,6,1,0,0,1,0,1,0,0,1,2,aleatorio,2
43,1,354,0,0,0,0,0,0,1,0,0,0,aleatorio,0
19,2,1,1,0,0,0,1,1,0,1,1,2,aleatorio,2
20,2,24,1,0,0,0,1,0,0,0,0,1,aleatorio,1
52,1,334,0,0,0,0,0,1,0,0,0,0,aleatorio,0
45,2,9,1,0,0,0,1,0,1,0,1,0,aleatorio,1
25,1,37,0,0,0,0,0,0,1,2,4,1,aleatorio,1
64,2,18,1,0,0,1,1,0,0,0,0,2,aleatorio,2
24,2,5,1,0,0,0,1,1,0,0,0,0,aleatorio,1
44,1,72,0,0,0,0,1,0,0,1,1,1,aleatorio,1
63,1,15,0,1,0,0,0,0,0,0,0,2,aleatorio,2
46,5,32,0,1,0,0,1,1,0,0,2,2,aleatorio,2
18,1,24,0,0,0,0,0,1,0,0,0,0,aleatorio,0
62,2,40,0,0,0,0,0,0,1,1,1,1,aleatorio,1
43,3,17,1,0,0,1,0,1,0,0,1,2,aleatorio,2
54,2,38,0,0,0,0,1,1,0,0,0,0,aleatorio,0
67,2,10,1,0,0,0,1,0,0,0,0,1,aleatorio,1
31,5,1,1,1,1,0,1,0,0,0,0,2,aleatorio,2
48,1,57,0,0,0,0,0,1,0,0,0,0,aleatorio,0
42,1,1,0,0,0,0,1,0,0,0,0,0,aleatorio,0
21,1,15,0,0,0,0,1,0,0,0,0,0,aleatorio,0
21,0,999,0,0,0,0,0,0,0,1,1,1,aleatorio,1
52,2,1,1,0,1,0,0,0,1,1,1,2,aleatorio,2
44,2,131,0,0,0,0,1,0,0,1,1,1,aleatorio,1
30,3,41,0,1,0,0,1,0,1,0,0,2,aleatorio,2
19,1,391,0,0,0,0,0,1,0,0,0,0,aleatorio,0
25,3,2,1,1,0,1,0,1,0,0,0,2,aleatorio,2
60,1,32,0,0,0,0,1,0,0,1,1,1,aleatorio,1
30,2,1,1,0,0,0,1,0,1,0,0,1,aleatorio,1
27,6,0,1,0,0,0,1,1,1,0,0,1,aleatorio,1
52,1,15,0,0,0,0,0,0,1,0,0,0,aleatorio,0
61,1,43,0,0,0,0,0,1,0,0,0,0,aleatorio,0
64,4,10,1,0,1,1,1,1,0,0,0,1,aleatorio,2
65,5,1,1,1,0,0,1,1,0,1,2,2,aleatorio,2
43,3,8,1,0,0,0,1,1,1,0,0,1,aleatorio,1
58,1,33,0,0,0,0,1,0,0,0,1,2,aleatorio,0
62,4,8,1,0,0,0,0,0,1,0,0,1,aleatorio,1
49,1,236,0,0,0,1,0,0,0,0,0,1,aleatorio,1
43,3,26,1,0,0,1,0,1,1,0,1,2,aleatorio,2
34,1,7,0,0,1,0,0,0,0,0,0,2,aleatorio,2
34,3,10,1,0,1,0,1,0,0,1,1,2,aleatorio,2
52,4,11,1,1,0,1,0,0,0,0,0,2,aleatorio,2
28,1,1,0,0,0,0,0,0,1,0,0,0,aleatorio,0
69,3,0,1,0,0,0,1,1,0,0,1,1,aleatorio,1
67,2,0,1,0,0,1,0,0,1,0,0,2,aleatorio,2
53,2,42,0,0,0,0,1,1,0,0,0,0,aleatorio,0
62,2,55,0,0,0,1,0,1,0,0,0,1,aleatorio,1
28,1,29,0,0,0,0,0,0,1,0,0,0,aleatorio,0
51,3,42,0,1,0,1,0,0,1,3,4,2,aleatorio,2
50,1,385,0,0,0,1,0,0,0,1,1,1,aleatorio,1
40,4,3,1,0,0,0,1,0,1,0,2,1,aleatorio,1
24,3,0,1,1,0,0,1,0,0,1,1,2,aleatorio,2
47,3,11,1,0,0,0,1,1,1,0,0,1,aleatorio,1
58,4,0,1,0,1,1,1,0,0,0,0,2,aleatorio,2
40,2,201,0,0,0,0,0,1,0,0,0,0,aleatorio,0
39,4,10,1,1,1,1,0,1,0,2,2,2,aleatorio,2
42,5,0,1,0,0,0,0,1,1,0,0,1,aleatorio,1
39,2,5,1,0,0,0,1,0,1,0,0,1,aleatorio,1
56,3,11,1,0,0,0,1,1,0,0,0,1,aleatorio,1
43,1,1,0,0,0,0,0,0,1,0,0,0,aleatorio,0
41,2,7,1,0,0,0,1,1,0,0,0,2,aleatorio,1
32,4,14,1,0,1,0,1,1,0,1,1,0,aleatorio,2
25,2,27,1,1,0,0,0,1,0,0,0,2,aleatorio,2
47,3,33,0,0,0,0,1,0,0,0,0,0,aleatorio,0
38,2,230,0,1,0,0,0,0,0,1,1,2,aleatorio,2
64,2,216,0,0,0,0,0,1,0,0,0,0,aleatorio,0
58,2,11,1,0,1,0,0,0,0,2,2,2,aleatorio,2
60,3,29,1,0,0,0,1,0,1,0,1,1,aleatorio,1
19,4,0,1,1,0,1,0,1,1,0,0,2,aleatorio,2
44,1,29,0,1,0,0,0,0,0,0,0,0,aleatorio,2
45,5,29,1,1,1,1,0,0,1,1,1,2,aleatorio,2
59,2,47,0,0,0,0,0,0,1,1,1,1,aleatorio,1
59,1,352,0,0,0,1,0,0,0,0,0,1,aleatorio,1
49,2,55,0,0,0,0,0,1,0,1,1,1,aleatorio,1
31,4,14,1,0,1,0,1,0,1,0,0,2,aleatorio,2
44,3,10,1,0,0,0,0,1,1,0,0,1,aleatorio,1
25,2,1,1,0,0,0,1,0,0,0,0,1,aleatorio,1
66,3,11,1,0,0,1,0,1,1,0,0,2,aleatorio,2
42,4,37,0,0,0,0,1,1,0,1,2,1,aleatorio,1
18,5,1,1,1,0,0,1,0,1,0,0,0,aleatorio,2
31,4,15,1,0,0,1,1,1,1,0,0,2,aleatorio,2
28,5,47,0,0,1,0,1,1,0,0,0,2,aleatorio,2
70,3,9,1,1,1,0,0,0,1,0,0,2,aleatorio,2
22,2,6,1,0,0,0,0,0,1,0,1,1,aleatorio,1
37,2,6,1,0,0,1,1,0,0,0,0,2,aleatorio,2
37,2,2,1,0,0,0,0,0,1,0,0,1,aleatorio,1
37,1,308,0,0,0,0,0,1,0,0,0,0,aleatorio,0
48,4,6,1,0,1,1,0,0,1,1,1,0,aleatorio,2
28,1,119,0,0,0,0,0,0,1,0,0,2,aleatorio,0
51,3,130,0,0,0,1,1,0,0,0,0,1,aleatorio,1
49,2,3,1,0,1,0,1,0,0,0,0,2,aleatorio,2
18,2,78,0,0,1,1,0,0,0,0,0,2,aleatorio,2
31,1,0,0,0,0,0,0,1,0,0,0,0,aleatorio,0
35,1,10,0,0,0,0,1,0,0,0,0,0,aleatorio,0
35,2,30,1,1,0,0,0,1,0,0,1,2,aleatorio,2
24,1,124,0,0,0,0,1,0,0,0,0,0,aleatorio,0
18,1,26,0,0,0,1,0,0,0,1,2,1,aleatorio,1
48,1,2,0,0,0,0,1,0,0,0,0,0,aleatorio,0
43,1,6,0,0,0,1,0,0,0,0,0,1,aleatorio,1
25,2,1,1,0,0,0,0,0,1,2,2,2,aleatorio,2
41,3,1,1,1,1,0,0,1,0,0,0,2,aleatorio,2
43,3,49,0,0,0,1,0,0,1,1,1,1,aleatorio,1
42,1,169,0,0,0,0,0,0,1,0,0,0,aleatorio,0
51,2,0,1,0,0,0,1,1,0,0,1,1,aleatorio,1
22,1,252,0,0,0,0,0,1,0,0,0,0,aleatorio,0
55,5,0,1,0,1,0,0,1,0,2,3,2,aleatorio,2
24,1,12,0,0,0,0,0,1,0,0,1,0,aleatorio,0
52,6,45,0,1,0,0,1,1,0,0,0,2,aleatorio,2
67,1,2,0,0,0,0,0,1,0,0,1,0,aleatorio,0
33,6,0,1,0,0,0,1,1,1,0,0,2,aleatorio,1
52,1,60,0,0,0,1,0,0,0,0,1,1,aleatorio,1
43,1,277,0,0,0,0,1,0,0,0,0,1,aleatorio,0
50,2,31,0,0,0,0,1,1,0,1,2,1,aleatorio,1
42,2,38,0,0,0,0,0,1,0,0,0,2,aleatorio,0
68,3,27,1,0,1,1,0,1,0,0,0,2,aleatorio,2
38,1,255,0,0,0,0,1,0,0,0,0,2,aleatorio,0
35,1,224,0,1,0,0,0,0,0,0,0,2,aleatorio,2
54,1,113,0,0,0,0,1,0,0,0,0,0,aleatorio,0
39,1,45,0,0,0,1,0,0,0,0,0,1,aleatorio,1
58,5,9,1,1,0,0,0,0,1,0,0,2,aleatorio,2
60,1,3,0,0,0,0,1,0,0,0,0,0,aleatorio,0
53,1,12,0,0,0,0,0,0,1,0,0,0,aleatorio,0
60,1,353,0,0,0,0,1,0,0,0,0,0,aleatorio,0
23,3,14,1,1,0,0,0,0,1,0,0,2,aleatorio,2
21,3,18,1,0,0,0,1,1,0,0,1,1,aleatorio,1
45,4,14,1,1,1,0,0,1,1,0,0,2,aleatorio,2
42,3,4,1,0,1,1,0,0,0,0,0,2,aleatorio,2
45,1,1,0,0,0,0,0,1,0,0,0,0,aleatorio,0
68,1,36,0,0,0,0,0,1,0,0,0,0,aleatorio,0
40,1,287,0,0,1,0,0,0,0,0,0,2,aleatorio,2
43,1,36,0,0,0,0,1,0,0,0,0,1,aleatorio,0
20,1,202,0,0,0,0,0,1,0,1,1,1,aleatorio,1
70,1,184,0,0,0,1,0,0,0,2,3,1,aleatorio,1
58,3,20,1,0,0,0,0,1,1,1,1,1,aleatorio,1
63,1,2,0,0,0,0,1,0,0,0,0,0,aleatorio,0
62,1,49,0,0,0,0,0,1,0,0,0,0,aleatorio,0
28,1,41,0,0,0,0,1,0,0,0,0,0,aleatorio,0
26,2,20,1,0,1,0,0,0,1,0,0,2,aleatorio,2
39,1,58,0,0,0,0,0,1,0,0,0,0,aleatorio,0
49,2,47,0,0,0,0,0,1,1,0,0,0,aleatorio,0
19,0,999,0,0,0,0,0,0,0,1,1,0,aleatorio,1
22,1,15,0,0,0,0,0,1,0,0,0,0,aleatorio,0
60,1,12,0,0,0,0,0,0,1,0,0,0,aleatorio,0
51,5,7,1,1,1,0,0,1,0,0,0,2,aleatorio,2
66,4,16,1,0,0,0,1,1,0,3,3,1,aleatorio,1
25,1,57,0,0,0,0,0,0,1,0,1,0,aleatorio,0
68,1,260,0,1,0,0,0,0,0,0,0,2,aleatorio,2
28,2,1,1,0,0,0,0,1,0,0,0,1,aleatorio,1
55,3,53,0,0,0,0,1,1,0,0,2,0,aleatorio,0
51,1,157,0,0,0,0,1,0,0,0,0,0,aleatorio,0
41,2,1,1,0,0,0,1,0,1,0,0,1,aleatorio,1
66,4,44,0,0,0,1,1,0,0,0,0,1,aleatorio,1
47,2,59,0,0,0,0,1,0,0,0,0,0,aleatorio,0
50,1,23,0,0,0,0,0,1,0,0,0,0,aleatorio,0
62,1,55,0,0,0,0,0,1,0,0,1,0,aleatorio,0
68,3,36,0,1,0,0,0,1,0,0,0,2,aleatorio,2
23,2,32,0,0,0,1,0,0,0,1,1,1,aleatorio,1
48,2,25,1,0,0,0,1,1,0,3,3,1,aleatorio,1
39,3,105,0,0,0,1,1,1,0,0,0,1,aleatorio,1
68,2,8,1,1,0,1,0,0,0,1,3,2,aleatorio,2
66,3,5,1,0,1,0,1,1,0,1,1,2,aleatorio,2
65,1,375,0,0,0,0,0,1,0,2,3,0,aleatorio,1
23,1,147,0,0,0,0,0,0,1,0,2,0,aleatorio,0
27,6,11,1,1,0,1,1,1,0,1,1,2,aleatorio,2
41,1,16,0,0,0,1,0,0,0,0,0,1,aleatorio,1
56,3,6,1,0,0,0,1,0,0,0,0,1,aleatorio,1
31,2,12,1,0,0,0,0,1,1,0,0,1,aleatorio,1
66,1,34,0,0,0,0,1,0,0,0,2,0,aleatorio,0
59,1,2,0,0,0,0,0,1,0,0,0,0,aleatorio,0
28,4,12,1,1,0,1,0,0,1,0,0,2,aleatorio,2
25,4,7,1,0,1,0,0,1,1,0,0,2,aleatorio,2
46,3,0,1,1,1,0,1,0,0,1,2,2,aleatorio,2
51,2,32,0,0,1,0,0,0,1,0,0,2,aleatorio,2
49,1,292,0,0,0,0,0,1,0,0,0,0,aleatorio,0
42,1,336,0,0,0,0,0,0,1,0,1,0,aleatorio,0
36,1,48,0,0,0,0,1,0,0,1,1,1,aleatorio,1
35,2,56,0,0,0,0,1,0,1,0,0,0,aleatorio,0
33,3,4,1,0,0,1,0,0,1,2,2,2,aleatorio,2
56,2,48,0,1,0,1,0,0,0,0,0,2,aleatorio,2
56,2,2,1,1,0,0,0,0,1,0,0,2,aleatorio,2
26,1,34,0,0,0,0,1,0,0,0,0,0,aleatorio,0
47,3,29,1,0,0,0,0,0,1,1,2,1,aleatorio,1
58,1,3,0,0,0,0,1,0,0,0,0,0,aleatorio,0
65,3,5,1,0,1,1,0,0,1,0,0,2,aleatorio,2
35,1,201,0,0,0,1,0,0,0,1,1,1,aleatorio,1
55,1,51,0,0,0,0,0,1,0,0,0,0,aleatorio,0
33,4,7,1,0,0,0,1,1,0,0,1,1,aleatorio,1
47,1,56,0,0,0,0,0,1,0,0,0,0,aleatorio,0
52,6,4,1,0,1,0,1,0,0,0,0,1,aleatorio,2
39,3,31,0,0,0,1,1,1,0,1,1,1,aleatorio,1
54,1,257,0,0,0,0,0,1,0,0,0,0,aleatorio,0
41,1,5,0,0,0,0,1,0,0,0,0,0,aleatorio,0
39,6,0,1,0,0,1,1,1,1,0,1,2,aleatorio,2
44,3,12,1,0,0,0,0,1,1,0,0,1,aleatorio,1
20,1,118,0,0,0,0,1,0,0,0,0,0,aleatorio,0
60,1,40,0,0,0,0,1,0,0,0,0,0,aleatorio,0
54,2,2,1,0,0,0,0,1,1,1,1,2,aleatorio,2
22,1,7,0,0,0,1,0,0,0,0,0,0,aleatorio,1
21,1,37,0,0,0,0,1,0,0,0,0,0,aleatorio,0
47,1,28,0,0,0,0,1,0,0,0,0,0,aleatorio,0
40,2,11,1,0,0,0,1,0,1,0,2,1,aleatorio,1
59,2,1,1,0,0,0,1,0,1,0,0,1,aleatorio,1
25,2,334,0,0,0,0,1,1,0,0,0,0,aleatorio,0
38,1,2,0,0,0,0,1,0,0,1,1,2,aleatorio,2
18,2,49,0,0,0,0,0,1,0,0,1,1,aleatorio,0
30,3,11,1,0,0,0,1,0,1,0,0,1,aleatorio,1
56,3,8,1,0,0,0,1,1,0,0,1,1,aleatorio,1
27,3,4,1,0,0,1,0,0,1,0,1,2,aleatorio,2
30,4,11,1,1,0,0,1,1,0,0,0,2,aleatorio,2
47,4,4,1,0,0,1,1,1,0,0,0,2,aleatorio,2
29,4,9,1,0,1,1,0,0,1,0,0,1,aleatorio,2
24,1,114,0,0,0,0,1,0,0,0,0,0,aleatorio,0
41,1,50,0,1,0,0,0,0,0,1,1,2,aleatorio,2
67,1,85,0,0,0,1,0,0,0,2,2,1,aleatorio,1
22,1,318,0,0,0,0,0,0,1,0,1,0,aleatorio,0
41,5,0,1,1,1,1,0,0,1,0,0,2,aleatorio,2
43,5,1,1,0,1,1,0,1,1,0,0,2,aleatorio,2
23,1,125,0,0,0,1,0,0,0,1,1,1,aleatorio,1
18,1,59,0,0,0,0,0,1,0,0,0,2,aleatorio,0
56,1,12,0,0,0,0,1,0,0,0,1,0,aleatorio,0
66,1,47,0,0,0,0,0,0,1,0,0,0,aleatorio,0
47,1,56,0,0,0,0,1,0,0,0,0,0,aleatorio,0
50,2,9,1,0,1,1,0,0,0,0,0,2,aleatorio,2
30,1,178,0,0,0,0,0,1,0,0,0,0,aleatorio,0
68,1,368,0,0,0,0,0,1,0,0,0,2,aleatorio,0
44,1,60,0,0,0,0,1,0,0,1,1,1,aleatorio,1
30,1,196,0,0,0,1,0,0,0,0,1,1,aleatorio,1
24,1,50,0,0,0,0,0,1,0,0,0,0,aleatorio,0
36,1,148,0,0,0,1,0,0,0,2,2,1,aleatorio,1
52,2,57,0,0,0,0,0,1,1,0,0,0,aleatorio,0
29,3,15,1,0,0,0,1,1,1,0,0,2,aleatorio,1
20,1,14,0,1,0,0,0,0,0,0,0,2,aleatorio,2
58,1,24,0,0,0,0,0,1,0,0,0,0,aleatorio,0
66,1,55,0,0,0,0,0,0,1,0,0,0,aleatorio,0
67,1,58,0,0,0,0,0,1,0,0,0,0,aleatorio,0
19,3,5,1,0,0,0,1,1,1,0,0,1,aleatorio,1
38,1,15,0,0,0,0,0,0,1,0,0,0,aleatorio,0
23,1,9,0,0,0,1,0,0,0,0,0,1,aleatorio,1
47,3,41,0,0,0,1,0,1,0,0,0,1,aleatorio,1
23,1,21,0,0,0,1,0,0,0,0,0,1,aleatorio,1
63,5,11,1,1,0,1,1,0,1,0,0,2,aleatorio,2
31,4,2,1,0,1,1,1,0,1,0,0,2,aleatorio,2
26,1,32,0,0,0,0,0,0,1,1,1,1,aleatorio,1
68,2,76,0,0,0,1,1,0,0,0,1,1,aleatorio,1
32,1,46,0,0,0,1,0,0,0,0,0,1,aleatorio,1
70,3,1,1,0,1,0,0,1,1,0,1,2,aleatorio,2
31,1,43,0,0,0,0,0,1,0,0,0,0,aleatorio,0
30,1,301,0,0,0,0,1,0,0,0,0,0,aleatorio,0
23,1,16,0,0,0,0,0,1,0,0,3,2,aleatorio,0
39,5,30,1,0,0,0,1,1,0,0,0,1,aleatorio,1
46,1,359,0,0,0,0,1,0,0,0,0,0,aleatorio,0
67,2,76,0,0,0,1,0,0,1,0,0,1,aleatorio,1
18,3,5,1,1,0,0,0,1,0,1,2,2,aleatorio,2
19,2,47,0,0,0,0,1,0,1,0,0,0,aleatorio,0
57,1,52,0,0,0,1,0,0,0,0,0,1,aleatorio,1
63,2,72,0,0,0,0,1,0,1,0,1,2,aleatorio,0
59,5,8,1,0,0,1,1,1,0,0,0,2,aleatorio,2
34,2,213,0,1,0,0,0,0,1,0,0,2,aleatorio,2
26,1,20,0,0,0,0,1,0,0,0,0,0,aleatorio,0
20,5,28,1,1,1,0,0,1,1,1,1,2,aleatorio,2
27,1,185,0,0,0,0,1,0,0,0,0,1,aleatorio,0
31,1,381,0,0,0,0,1,0,0,2,2,1,aleatorio,1
62,3,9,1,0,0,0,0,1,1,0,0,1,aleatorio,1
49,1,20,0,0,0,1,0,0,0,0,0,1,aleatorio,1
66,2,14,1,0,0,0,0,1,1,0,0,1,aleatorio,1
38,2,9,1,0,0,0,0,1,1,1,1,2,aleatorio,2
36,5,30,1,1,1,1,1,0,0,0,0,2,aleatorio,2
38,1,20,0,0,0,1,0,0,0,1,1,1,aleatorio,1
62,2,12,1,1,0,0,0,0,1,0,0,2,aleatorio,2
57,3,14,1,0,1,0,1,0,1,0,0,2,aleatorio,2
65,5,6,1,1,0,1,1,1,1,0,0,2,aleatorio,2
60,2,56,0,0,0,0,1,0,1,0,1,0,aleatorio,0
41,5,2,1,1,1,1,1,0,1,1,1,2,aleatorio,2
64,1,243,0,0,0,0,1,0,0,0,0,0,aleatorio,0
24,1,26,0,0,0,0,1,0,0,0,0,0,aleatorio,0
66,1,292,0,0,0,0,1,0,0,0,0,1,aleatorio,0
30,1,230,0,0,0,0,0,0,1,2,2,0,aleatorio,1
59,1,382,0,0,0,0,1,0,0,0,0,0,aleatorio,0
51,1,44,0,0,0,0,0,1,0,0,0,2,aleatorio,0
30,1,27,0,0,0,0,0,1,0,0,0,2,aleatorio,0
61,2,24,1,0,0,0,1,0,1,2,2,1,aleatorio,1
27,1,60,0,0,0,0,0,1,0,0,0,1,aleatorio,0
52,1,148,0,0,0,0,1,0,0,1,1,1,aleatorio,1
57,2,40,0,0,0,0,1,1,0,0,0,0,aleatorio,0
38,1,25,0,0,0,1,0,0,0,0,1,1,aleatorio,1
55,1,151,0,0,0,0,1,0,0,0,1,0,aleatorio,0
65,1,360,0,0,0,0,0,1,0,0,0,1,aleatorio,0
70,5,5,1,1,1,0,1,0,1,0,0,2,aleatorio,2
50,1,67,0,1,0,0,0,0,0,0,0,2,aleatorio,2
66,2,8,1,0,0,1,1,0,0,0,0,2,aleatorio,2
43,1,12,0,0,0,0,1,0,0,0,0,0,aleatorio,0
59,3,37,0,1,1,0,0,0,1,1,1,2,aleatorio,2
60,2,55,0,0,0,1,0,0,1,0,0,1,aleatorio,1
23,2,28,1,0,0,0,0,1,1,1,1,1,aleatorio,1
28,1,373,0,0,0,0,0,0,1,2,3,1,aleatorio,1
35,2,257,0,0,0,0,0,1,1,0,0,0,aleatorio,0
59,1,38,0,0,0,0,1,0,0,0,0,0,aleatorio,0
33,1,173,0,0,0,1,0,0,0,0,0,1,aleatorio,1
35,1,246,0,0,0,0,1,0,0,1,2,1,aleatorio,1
32,1,10,0,0,0,0,0,1,0,3,4,2,aleatorio,2
59,1,102,0,0,0,0,0,1,0,0,0,0,aleatorio,0
38,1,57,0,0,0,1,0,0,0,0,0,1,aleatorio,1
45,2,2,1,0,0,1,0,0,0,0,0,2,aleatorio,2
69,1,343,0,0,0,0,0,0,1,1,1,1,aleatorio,1
69,1,161,0,0,0,0,1,0,0,0,0,0,aleatorio,0
67,4,2,1,0,0,1,1,1,0,3,3,2,aleatorio,2
69,3,40,0,0,0,0,0,1,0,0,0,0,aleatorio,0
50,2,8,1,0,1,0,1,0,0,3,4,2,aleatorio,2
48,3,3,1,1,1,0,0,1,0,0,0,2,aleatorio,2
63,1,253,0,0,1,0,0,0,0,1,2,2,aleatorio,2
57,3,2,1,0,0,1,0,1,0,0,0,2,aleatorio,2
68,2,14,1,0,0,0,0,1,1,0,0,1,aleatorio,1
21,3,3,1,0,1,0,0,0,1,0,0,2,aleatorio,2
55,1,286,0,0,0,0,0,1,0,0,0,0,aleatorio,0
32,1,7,0,0,0,0,1,0,0,0,0,0,aleatorio,0
70,1,29,0,0,0,1,0,0,0,0,0,0,aleatorio,1
48,1,140,0,0,0,0,0,0,1,1,1,1,aleatorio,1
22,1,10,0,0,1,0,0,0,0,0,0,2,aleatorio,2
25,2,13,1,0,0,0,0,1,0,0,0,1,aleatorio,1
36,3,4,1,0,0,0,1,0,1,2,2,2,aleatorio,2
41,3,44,0,0,0,1,0,1,0,0,0,1,aleatorio,1
28,1,335,0,0,0,0,0,1,0,0,0,0,aleatorio,0
20,1,373,0,0,0,0,1,0,0,0,0,0,aleatorio,0
25,2,2,1,0,1,0,1,0,0,0,0,2,aleatorio,2
63,2,0,1,1,0,0,0,1,0,0,0,2,aleatorio,2
63,3,1,1,0,0,0,1,1,0,0,0,1,aleatorio,1
30,2,362,0,0,0,0,0,0,1,0,0,0,aleatorio,0
63,1,342,0,0,0,0,1,0,0,1,1,1,aleatorio,1
46,4,2,1,0,1,1,1,0,0,3,3,2,aleatorio,2
54,3,13,1,0,1,0,1,0,0,1,1,2,aleatorio,2
52,1,6,0,0,0,0,1,0,0,0,0,0,aleatorio,0
52,2,6,1,0,0,0,0,1,1,0,0,1,aleatorio,1
55,3,11,1,0,0,1,1,0,0,0,0,2,aleatorio,2
38,2,10,1,0,0,0,1,0,1,0,0,0,aleatorio,1
39,1,69,0,0,0,0,0,1,0,0,0,2,aleatorio,0
30,1,122,0,0,0,0,0,1,0,0,0,0,aleatorio,0
38,1,314,0,0,0,0,0,1,0,1,1,1,aleatorio,1
55,4,7,1,1,0,0,1,1,0,1,3,0,aleatorio,2
22,1,329,0,0,0,0,0,0,1,0,0,0,aleatorio,0
60,2,8,1,0,0,0,1,1,0,0,0,0,aleatorio,1
33,2,13,1,0,0,1,0,0,1,0,0,2,aleatorio,2
18,2,11,1,0,0,1,1,0,0,0,0,2,aleatorio,2
25,1,27,0,0,0,0,0,0,1,0,1,0,aleatorio,0
34,2,5,1,0,0,1,0,0,1,0,0,1,aleatorio,2
40,1,357,0,0,0,0,0,0,1,0,0,0,aleatorio,0
70,2,6,1,0,0,1,0,1,0,1,3,2,aleatorio,2
35,1,55,0,0,0,0,0,0,1,0,0,1,aleatorio,0
37,1,40,0,0,0,1,0,0,0,2,2,1,aleatorio,1
35,6,8,1,1,0,1,0,1,1,0,0,2,aleatorio,2
59,1,11,0,0,0,0,0,0,1,1,2,2,aleatorio,2
67,2,13,1,0,0,0,0,0,1,0,0,1,aleatorio,1
27,4,16,1,1,1,1,1,0,0,1,1,2,aleatorio,2
31,1,41,0,0,0,1,0,0,0,1,1,1,aleatorio,1
68,2,32,0,0,0,0,1,1,0,0,0,0,aleatorio,0
44,1,15,0,0,0,0,0,0,1,0,0,0,aleatorio,0
60,3,3,1,0,0,0,1,1,0,0,0,1,aleatorio,1
60,3,7,1,0,0,0,1,1,1,0,0,1,aleatorio,1
25,3,10,1,0,0,0,1,1,1,0,0,1,aleatorio,1
52,1,42,0,0,0,0,1,0,0,0,0,2,aleatorio,0
49,2,5,1,0,1,0,0,1,0,1,2,2,aleatorio,2
20,3,33,0,0,0,0,0,1,1,1,1,1,aleatorio,1
42,0,999,0,0,0,0,0,0,0,4,4,1,aleatorio,1
66,5,2,1,0,0,0,1,1,1,0,0,1,aleatorio,1
36,2,9,1,0,0,0,0,1,0,0,0,1,aleatorio,1
70,2,47,0,0,0,0,1,0,0,0,1,0,aleatorio,0
61,1,7,0,0,0,0,0,1,0,0,0,0,aleatorio,0
45,1,16,0,0,0,0,0,1,0,0,1,0,aleatorio,0
31,4,7,1,1,0,0,1,0,1,0,0,2,aleatorio,2
23,2,18,1,0,0,0,0,1,1,1,1,1,aleatorio,1
35,1,15,0,0,0,1,0,0,0,0,0,1,aleatorio,1
65,3,25,1,0,1,1,1,0,0,0,1,2,aleatorio,2
51,2,11,1,0,0,0,1,1,0,0,0,1,aleatorio,1
43,4,28,1,0,0,1,0,1,1,1,1,2,aleatorio,2
40,4,5,1,1,0,0,1,0,1,2,3,2,aleatorio,2
52,4,41,0,1,0,1,1,0,1,0,0,2,aleatorio,2
29,1,80,0,0,0,0,0,0,1,0,1,0,aleatorio,0
28,2,127,0,0,0,0,0,0,1,0,0,0,aleatorio,0
57,2,12,1,0,0,0,1,0,0,0,0,1,aleatorio,1
58,2,32,0,1,0,0,1,0,0,0,0,0,aleatorio,2
18,3,47,0,1,0,0,0,1,0,1,1,2,aleatorio,2
35,1,51,0,0,0,1,0,0,0,0,0,1,aleatorio,1
70,1,8,0,1,0,0,0,0,0,0,0,2,aleatorio,2
20,1,336,0,0,0,1,0,0,0,0,0,1,aleatorio,1
23,1,50,0,0,0,0,0,1,0,0,0,0,aleatorio,0
43,4,61,0,0,0,1,1,0,0,2,3,1,aleatorio,1
30,3,1,1,0,1,0,0,1,1,0,0,2,aleatorio,2
48,4,30,1,0,1,1,1,0,0,0,0,2,aleatorio,2
37,2,285,0,0,0,1,1,0,0,0,0,1,aleatorio,1
51,6,25,1,1,1,0,1,0,1,0,1,2,aleatorio,2
35,1,191,0,0,0,0,0,0,1,0,0,0,aleatorio,0
48,2,266,0,0,0,1,0,0,1,0,0,1,aleatorio,1
67,1,324,0,0,0,0,1,0,0,0,1,0,aleatorio,0
51,1,31,0,0,0,0,0,1,0,0,0,0,aleatorio,0
53,1,348,0,0,0,0,0,1,0,1,1,1,aleatorio,1
42,0,999,0,0,0,0,0,0,0,1,1,0,aleatorio,1
51,1,336,0,0,0,0,0,1,0,0,0,0,aleatorio,0
26,1,0,0,0,0,0,0,0,1,2,2,2,aleatorio,2
32,6,4,1,1,1,1,1,1,0,0,0,2,aleatorio,2
34,1,42,0,0,0,0,1,0,0,1,1,1,aleatorio,1
54,1,15,0,0,0,1,0,0,0,0,0,1,aleatorio,1
18,3,6,1,1,0,0,0,1,0,0,0,2,aleatorio,2
22,6,1,1,1,1,1,0,1,0,1,1,0,aleatorio,2
58,4,32,0,0,1,0,1,1,0,0,1,2,aleatorio,2
70,5,5,1,0,1,1,1,1,1,0,0,2,aleatorio,2
56,3,4,1,1,0,0,0,1,0,0,0,2,aleatorio,2
65,2,0,1,1,0,0,0,0,1,1,1,2,aleatorio,2
56,2,2,1,1,0,0,1,0,0,0,0,2,aleatorio,2
53,1,11,0,0,0,0,0,1,0,0,0,0,aleatorio,0
69,1,154,0,0,0,0,1,0,0,0,0,0,aleatorio,0
57,3,4,1,0,0,0,1,1,1,0,0,1,aleatorio,1
58,4,13,1,0,0,0,1,0,1,0,0,1,aleatorio,1
59,2,15,1,0,0,0,0,1,1,0,0,1,aleatorio,1
24,2,12,1,1,0,0,1,0,0,0,0,2,aleatorio,2
42,1,308,0,0,0,0,0,1,0,0,1,0,aleatorio,0
41,4,5,1,0,0,0,1,1,1,0,0,1,aleatorio,1
25,1,22,0,0,0,0,0,1,0,0,0,0,aleatorio,0
43,2,54,0,0,0,0,1,0,0,0,0,0,aleatorio,0
28,4,9,1,0,0,0,1,1,0,2,2,2,aleatorio,2
60,1,342,0,0,0,0,1,0,0,0,0,0,aleatorio,0
19,2,4,1,0,0,0,0,0,1,1,1,2,aleatorio,2
57,3,1,1,0,1,0,1,0,1,0,0,2,aleatorio,2
42,2,14,1,0,0,0,0,1,1,0,0,1,aleatorio,1
50,1,352,0,0,0,0,0,1,0,1,1,1,aleatorio,1
19,3,9,1,0,0,0,1,1,0,0,0,1,aleatorio,1
58,1,53,0,0,0,0,0,1,0,0,0,0,aleatorio,0
66,1,72,0,0,0,0,1,0,0,0,0,0,aleatorio,0
55,3,54,0,1,1,0,0,0,0,0,0,2,aleatorio,2
69,1,48,0,0,0,1,0,0,0,2,3,2,aleatorio,1
26,5,1,1,1,0,0,1,0,1,0,1,2,aleatorio,2
58,2,12,1,1,0,0,0,0,1,0,0,2,aleatorio,2
35,1,32,0,0,0,0,0,1,0,1,1,1,aleatorio,1
53,0,999,0,0,0,0,0,0,0,4,4,1,aleatorio,1
20,2,16,1,0,0,0,1,0,1,1,1,1,aleatorio,1
22,3,44,0,0,0,1,1,0,0,0,1,1,aleatorio,1
47,6,0,1,0,0,1,1,1,1,2,4,2,aleatorio,2
48,2,13,1,0,0,1,1,0,0,0,0,2,aleatorio,2
51,3,23,1,0,0,0,1,0,1,0,0,1,aleatorio,1
48,2,42,0,0,0,1,0,0,0,3,4,1,aleatorio,1
57,5,5,1,0,1,1,1,0,1,0,0,2,aleatorio,2
27,3,1,1,0,0,1,0,0,1,0,0,0,aleatorio,2
63,2,4,1,0,0,1,1,0,0,0,0,2,aleatorio,2
67,3,16,1,1,0,1,1,0,0,0,0,2,aleatorio,2
25,3,25,1,0,1,0,0,0,1,0,1,2,aleatorio,2
59,1,387,0,0,0,0,0,0,1,0,0,0,aleatorio,0
45,1,313,0,0,0,0,0,1,0,0,0,0,aleatorio,0
48,6,6,1,1,0,0,1,0,1,1,1,2,aleatorio,2
53,3,6,1,1,0,0,1,0,0,0,0,2,aleatorio,2
56,1,262,0,0,0,0,1,0,0,1,1,1,aleatorio,1
70,1,18,0,0,0,0,0,1,0,0,0,0,aleatorio,0
65,0,999,0,0,0,0,0,0,0,2,2,1,aleatorio,1
59,3,4,1,0,1,1,0,1,0,0,0,2,aleatorio,2
47,6,8,1,0,1,1,1,1,1,0,1,2,aleatorio,2
27,5,0,1,1,0,0,1,1,1,0,0,2,aleatorio,2
40,5,4,1,0,0,0,1,1,1,0,0,1,aleatorio,1
57,1,249,0,0,0,0,0,1,0,0,0,0,aleatorio,0
68,1,158,0,0,0,0,0,1,0,1,1,2,aleatorio,1
53,2,4,1,0,1,0,0,1,0,0,0,2,aleatorio,2
63,4,51,0,0,0,0,1,1,1,0,0,0,aleatorio,0
19,3,9,1,0,0,0,1,1,1,0,0,1,aleatorio,1
56,2,0,1,1,0,0,0,0,0,2,2,2,aleatorio,2
54,1,183,0,0,0,0,0,0,1,0,1,0,aleatorio,0
25,2,0,1,0,1,0,0,1,0,0,0,2,aleatorio,2
67,3,4,1,1,0,0,0,0,1,1,2,2,aleatorio,2
25,1,7,0,0,1,0,0,0,0,1,1,2,aleatorio,2
40,2,8,1,0,0,0,1,1,0,0,0,1,aleatorio,1
44,5,1,1,0,1,1,1,0,0,0,0,2,aleatorio,2
29,0,999,0,0,0,0,0,0,0,3,3,1,aleatorio,1
47,2,50,0,0,1,1,0,0,0,0,0,1,aleatorio,2
46,1,11,0,0,0,0,0,0,1,0,0,0,aleatorio,0
50,3,2,1,0,1,1,1,0,0,0,0,2,aleatorio,2
45,6,0,1,1,0,1,0,1,0,0,0,2,aleatorio,2
44,3,11,1,0,0,0,1,1,0,0,0,1,aleatorio,1
21,6,5,1,0,1,0,1,1,1,0,0,0,aleatorio,2
36,3,7,1,0,0,0,0,0,1,0,1,1,aleatorio,1
20,3,39,0,0,0,0,1,0,1,0,0,0,aleatorio,0
29,2,55,0,0,0,0,0,1,1,0,0,0,aleatorio,0
42,2,34,0,0,0,0,1,1,0,0,0,0,aleatorio,0
22,1,29,0,0,0,0,0,1,0,1,1,1,aleatorio,1
26,1,3,0,0,0,0,0,0,1,0,0,0,aleatorio,0
24,1,16,0,0,0,1,0,0,0,0,0,1,aleatorio,1
51,3,10,1,0,0,1,1,0,1,1,3,2,aleatorio,2
48,2,187,0,0,1,0,0,0,0,0,0,2,aleatorio,2
42,3,7,1,0,0,0,0,1,1,1,1,1,aleatorio,2
46,2,4,1,0,0,1,0,1,0,0,0,2,aleatorio,2
50,1,44,0,0,1,0,0,0,0,0,0,2,aleatorio,2
50,2,13,1,0,1,0,0,0,1,0,0,2,aleatorio,2
64,2,3,1,0,0,1,0,0,0,0,1,2,aleatorio,2
51,1,185,0,0,1,0,0,0,0,0,0,2,aleatorio,2
58,6,13,1,1,1,1,0,1,0,1,1,1,aleatorio,2
54,2,298,0,0,0,1,1,0,0,2,3,1,aleatorio,1
21,1,55,0,0,0,0,0,0,1,0,0,1,aleatorio,0
66,1,12,0,0,0,0,0,1,0,0,1,0,aleatorio,0
67,2,7,1,0,1,0,0,1,0,2,2,2,aleatorio,2
24,1,87,0,0,0,1,0,0,0,0,0,1,aleatorio,1
33,3,26,1,0,0,0,0,1,1,0,0,1,aleatorio,1
61,1,39,0,0,0,0,0,0,1,0,0,0,aleatorio,0
70,5,1,1,0,1,0,1,0,1,1,1,2,aleatorio,2
48,2,49,0,0,0,0,1,1,0,2,2,1,aleatorio,1
29,1,133,0,0,0,0,0,1,0,1,2,0,aleatorio,1
53,2,9,1,0,0,0,1,1,0,3,3,2,aleatorio,2
46,1,41,0,0,0,1,0,0,0,0,0,1,aleatorio,1
43,1,157,0,0,0,0,1,0,0,0,0,0,aleatorio,0
42,1,212,0,0,0,0,0,1,0,0,0,0,aleatorio,0
22,2,96,0,0,0,1,0,1,0,1,3,1,aleatorio,1
47,1,223,0,0,0,0,1,0,0,0,1,0,aleatorio,0
46,2,5,1,0,0,1,0,1,0,2,3,2,aleatorio,2
18,1,226,0,0,0,0,0,0,1,2,2,1,aleatorio,1
38,1,193,0,0,0,0,0,0,1,0,1,0,aleatorio,0
29,2,35,0,0,0,0,0,1,1,2,4,1,aleatorio,1
32,6,0,1,1,0,0,1,1,0,0,0,2,aleatorio,2
41,5,4,1,1,0,1,1,1,0,0,1,2,aleatorio,2
69,1,39,0,0,0,0,0,1,0,1,4,1,aleatorio,1
19,1,6,0,0,0,0,0,1,0,0,0,0,aleatorio,0
59,1,11,0,0,0,0,0,1,0,0,0,0,aleatorio,0
25,2,80,0,0,0,1,0,0,0,0,0,2,aleatorio,1
58,1,7,0,0,0,0,0,1,0,0,0,0,aleatorio,0
34,1,334,0,0,0,0,0,1,0,1,1,1,aleatorio,1
50,4,3,1,0,1,0,0,1,1,2,2,2,aleatorio,2
70,3,27,1,0,1,1,1,0,0,0,0,1,aleatorio,2
69,1,4,0,0,0,1,0,0,0,0,0,0,aleatorio,1
42,1,112,0,0,0,0,1,0,0,0,0,0,aleatorio,0
54,3,148,0,0,0,0,1,1,0,0,0,0,aleatorio,0
39,3,1,1,0,0,0,0,1,1,0,0,1,aleatorio,1
23,1,7,0,0,0,0,1,0,0,0,0,0,aleatorio,0
59,1,50,0,0,0,0,0,1,0,0,0,0,aleatorio,0
66,3,2,1,0,0,0,1,0,1,0,0,0,aleatorio,1
39,4,3,1,0,0,0,1,1,1,2,3,2,aleatorio,2
45,3,14,1,0,0,0,1,0,1,0,3,1,aleatorio,1
38,1,116,0,0,0,0,0,1,0,0,0,0,aleatorio,0
19,1,17,0,0,0,0,1,0,0,2,3,1,aleatorio,1
66,5,19,1,0,1,1,1,0,1,4,4,2,aleatorio,2
31,3,6,1,0,1,0,0,1,0,0,0,0,aleatorio,2
22,3,13,1,0,1,0,0,1,0,0,0,2,aleatorio,2
29,1,297,0,0,0,0,0,0,1,0,0,1,aleatorio,0
27,2,8,1,0,0,0,0,0,1,0,0,1,aleatorio,1
56,2,173,0,0,0,1,1,0,0,0,0,1,aleatorio,1
45,2,47,0,0,1,0,0,0,0,1,1,2,aleatorio,2
59,1,285,0,0,0,0,1,0,0,1,1,0,aleatorio,1
46,2,11,1,0,0,0,0,1,1,0,0,1,aleatorio,1
51,6,3,1,0,1,0,1,1,0,0,0,2,aleatorio,2
23,1,49,0,0,0,0,1,0,0,0,0,0,aleatorio,0
42,4,19,1,0,1,1,0,0,1,0,0,2,aleatorio,2
24,1,54,0,0,0,0,0,1,0,0,1,0,aleatorio,0
70,3,20,1,1,0,1,0,1,0,1,1,2,aleatorio,2
27,2,30,1,0,0,0,0,1,0,1,2,1,aleatorio,1
66,2,60,0,1,0,1,0,0,0,0,0,2,aleatorio,2
39,1,43,0,0,0,0,0,0,1,2,2,1,aleatorio,1
43,4,37,0,0,0,1,1,1,1,0,0,1,aleatorio,1
57,1,19,0,0,0,0,1,0,0,0,1,0,aleatorio,0
70,1,236,0,0,0,0,1,0,0,1,1,1,aleatorio,1
55,2,111,0,0,0,1,1,0,0,0,0,1,aleatorio,1
51,2,50,0,0,0,0,1,1,0,2,2,2,aleatorio,1
28,2,35,0,0,0,1,1,0,0,0,0,1,aleatorio,1
22,1,11,0,0,0,0,1,0,0,0,0,0,aleatorio,0
50,1,126,0,0,0,1,0,0,0,0,0,1,aleatorio,1
57,1,49,0,0,0,0,0,1,0,0,0,0,aleatorio,0
33,1,67,0,0,0,0,0,1,0,0,0,0,aleatorio,0
21,2,16,1,1,0,0,0,0,0,0,0,2,aleatorio,2
45,2,18,1,0,1,0,0,0,1,0,0,2,aleatorio,2
43,4,18,1,1,0,0,1,1,0,0,0,2,aleatorio,2
21,1,14,0,0,0,0,0,1,0,0,0,0,aleatorio,0
47,3,47,0,0,0,0,1,0,1,0,0,0,aleatorio,0
35,2,1,1,0,0,1,1,0,0,0,0,2,aleatorio,2
59,6,23,1,0,0,0,1,1,1,0,0,1,aleatorio,1
46,6,6,1,0,1,1,0,0,0,1,1,2,aleatorio,2
46,1,51,0,0,0,0,0,0,1,0,0,0,aleatorio,0
51,3,38,0,0,0,0,1,1,0,1,1,2,aleatorio,1
58,1,11,0,0,0,0,1,0,0,0,0,0,aleatorio,0
41,2,184,0,1,0,1,0,0,0,0,0,2,aleatorio,2
44,2,26,1,0,0,0,1,0,0,0,0,1,aleatorio,1
61,1,2,0,0,0,0,0,0,1,0,1,2,aleatorio,0
22,1,234,0,0,0,0,1,0,0,0,0,0,aleatorio,0
55,1,386,0,0,0,0,0,1,0,0,0,0,aleatorio,0
24,0,999,0,0,0,0,0,0,0,1,1,1,aleatorio,1
43,3,19,1,0,0,0,1,1,1,0,0,1,aleatorio,1
21,4,12,1,0,1,1,0,1,0,0,0,2,aleatorio,2
44,2,21,1,0,0,0,0,1,1,0,0,1,aleatorio,1
32,1,26,0,0,0,0,0,1,0,0,0,2,aleatorio,0
40,2,9,1,0,0,0,1,0,1,0,0,1,aleatorio,1
63,1,5,0,0,0,1,0,0,0,0,0,1,aleatorio,1
56,6,22,1,0,0,0,1,1,0,2,2,1,aleatorio,1
51,1,154,0,0,0,1,0,0,0,0,0,1,aleatorio,1
65,4,0,1,1,0,0,0,0,1,0,0,2,aleatorio,2
64,3,10,1,0,1,0,0,1,1,4,4,2,aleatorio,2
67,1,21,0,0,0,1,0,0,0,1,3,1,aleatorio,1
45,1,4,0,0,0,0,0,0,1,0,0,0,aleatorio,0
51,3,0,1,0,0,1,0,1,1,0,0,2,aleatorio,2
42,2,42,0,0,0,1,1,0,0,1,1,1,aleatorio,1
49,3,1,1,0,0,0,1,0,1,0,0,1,aleatorio,1
28,4,18,1,1,1,0,1,0,1,0,1,2,aleatorio,2
21,3,19,1,1,0,1,0,1,0,0,0,2,aleatorio,2
65,1,38,0,0,0,1,0,0,0,1,1,1,aleatorio,1
62,6,3,1,0,1,1,1,1,0,0,0,2,aleatorio,2
36,1,244,0,0,0,0,0,0,1,0,0,2,aleatorio,0
45,1,145,0,0,0,0,0,1,0,0,1,0,aleatorio,0
63,1,45,0,0,0,0,0,1,0,0,1,0,aleatorio,0
28,2,29,1,0,0,0,1,1,0,0,1,1,aleatorio,1
38,1,0,0,0,0,0,0,1,0,0,0,0,aleatorio,0
66,2,41,0,0,0,1,0,0,1,0,0,1,aleatorio,1
25,2,46,0,0,0,1,1,0,0,0,0,1,aleatorio,1
54,3,250,0,0,0,1,0,1,1,0,0,1,aleatorio,1
53,3,5,1,0,1,1,0,0,1,4,4,1,aleatorio,2
50,1,34,0,0,0,0,0,1,0,0,1,0,aleatorio,0
49,1,25,0,0,0,0,0,1,0,0,0,0,aleatorio,0
18,1,12,0,0,0,0,0,0,1,1,2,2,aleatorio,2
47,2,5,1,0,0,0,1,0,0,0,0,1,aleatorio,1
37,2,2,1,1,0,1,0,0,0,1,1,2,aleatorio,2
45,2,202,0,0,0,0,1,0,1,0,0,0,aleatorio,0
48,1,327,0,0,0,0,0,0,1,0,0,0,aleatorio,0
31,4,13,1,0,1,0,0,0,1,4,4,2,aleatorio,2
18,1,105,0,0,0,0,0,0,1,1,1,1,aleatorio,1
57,1,49,0,0,0,0,0,1,0,1,2,1,aleatorio,1
38,1,24,0,0,1,0,0,0,0,0,0,2,aleatorio,2
42,1,46,0,1,0,0,0,0,0,0,0,2,aleatorio,2
23,6,3,1,0,0,1,1,1,1,1,1,2,aleatorio,2
59,1,9,0,0,0,0,1,0,0,0,0,0,aleatorio,0
38,3,29,1,0,1,0,1,1,0,0,0,2,aleatorio,2
68,2,297,0,1,1,0,0,0,0,1,1,2,aleatorio,2
68,2,59,0,0,0,0,1,0,1,0,0,2,aleatorio,0
21,1,276,0,0,0,0,0,1,0,0,0,0,aleatorio,0
57,1,38,0,0,0,0,0,1,0,0,0,0,aleatorio,0
28,2,5,1,0,1,0,1,0,0,0,1,2,aleatorio,2
41,1,44,0,1,0,0,0,0,0,0,1,2,aleatorio,2
23,2,249,0,0,0,1,0,0,1,1,1,1,aleatorio,1
23,3,4,1,0,0,0,1,0,1,0,1,1,aleatorio,1
64,1,49,0,0,0,0,0,1,0,0,0,0,aleatorio,0
35,1,4,0,0,0,0,0,1,0,0,0,0,aleatorio,0
52,2,60,0,0,0,0,0,0,1,0,0,0,aleatorio,0
70,2,10,1,0,0,0,1,0,1,0,0,2,aleatorio,1
27,1,49,0,0,1,0,0,0,0,0,0,2,aleatorio,2
27,3,9,1,0,0,0,0,1,1,0,1,1,aleatorio,1
63,1,10,0,0,0,1,0,0,0,0,0,1,aleatorio,1
63,2,53,0,0,0,1,1,0,0,0,0,1,aleatorio,1
65,2,25,1,0,0,0,0,1,0,0,0,1,aleatorio,1
50,5,10,1,1,1,0,1,0,1,0,0,2,aleatorio,2
46,0,999,0,0,0,0,0,0,0,3,4,1,aleatorio,1
34,5,9,1,1,0,1,0,0,1,0,0,2,aleatorio,2
47,6,5,1,0,1,1,1,0,1,0,0,1,aleatorio,2
40,1,155,0,0,0,0,0,1,0,0,0,0,aleatorio,0
35,3,8,1,0,0,0,1,0,1,0,0,2,aleatorio,1
57,1,207,0,0,0,0,1,0,0,0,0,0,aleatorio,0
39,1,4,0,0,0,0,0,1,0,0,0,0,aleatorio,0
68,1,292,0,0,0,0,0,0,1,1,2,1,aleatorio,1
60,1,17,0,0,0,0,1,0,0,0,1,0,aleatorio,0
70,1,127,0,0,0,0,0,0,1,0,0,0,aleatorio,0
60,2,59,0,0,0,0,1,0,0,0,0,0,aleatorio,0
55,1,10,0,0,0,0,1,0,0,2,2,2,aleatorio,2
70,2,34,0,0,0,0,1,0,0,0,0,0,aleatorio,0
36,3,6,1,0,0,0,0,1,1,1,1,2,aleatorio,2
35,1,4,0,0,0,0,1,0,0,0,1,2,aleatorio,0
68,3,12,1,0,1,1,0,0,0,0,0,2,aleatorio,2
68,1,163,0,0,0,0,1,0,0,0,0,0,aleatorio,0
58,3,40,0,0,0,1,1,0,1,0,0,1,aleatorio,1
29,5,1,1,0,1,1,1,0,1,2,2,2,aleatorio,2
35,4,29,1,0,0,0,1,1,0,0,0,2,aleatorio,1
67,1,194,0,0,0,0,1,0,0,0,1,2,aleatorio,0
68,1,368,0,0,0,0,0,0,1,0,0,0,aleatorio,0
57,1,108,0,0,0,0,0,1,0,0,0,0,aleatorio,0
37,3,0,1,0,0,0,1,0,1,0,0,1,aleatorio,1
40,1,4,0,0,0,0,0,1,0,0,0,0,aleatorio,0
49,5,27,1,0,1,0,1,1,1,0,0,2,aleatorio,2
52,1,300,0,0,0,1,0,0,0,2,2,1,aleatorio,1
52,1,14,0,0,0,0,0,0,1,0,0,0,aleatorio,0
21,3,34,0,1,0,0,1,0,0,0,1,2,aleatorio,2
60,5,11,1,1,0,1,1,0,0,0,1,2,aleatorio,2
45,4,13,1,1,1,0,1,0,0,0,0,2,aleatorio,2
32,4,35,0,0,1,1,1,0,0,0,0,2,aleatorio,2
43,2,6,1,0,0,0,1,0,0,0,0,1,aleatorio,1
53,1,2,0,0,0,0,0,1,0,0,0,0,aleatorio,0
64,6,1,1,1,0,1,1,1,0,0,0,2,aleatorio,2
47,1,46,0,0,0,0,1,0,0,0,0,0,aleatorio,0
31,1,191,0,0,0,0,1,0,0,0,0,0,aleatorio,0
37,3,14,1,1,0,1,1,0,0,0,0,2,aleatorio,2
50,1,34,0,0,0,1,0,0,0,0,1,1,aleatorio,1
59,1,35,0,0,0,1,0,0,0,2,2,2,aleatorio,1
34,2,13,1,0,0,0,1,0,0,0,0,1,aleatorio,1
66,2,60,0,0,0,1,0,1,0,1,1,1,aleatorio,1
65,4,10,1,0,0,0,0,0,1,0,0,1,aleatorio,1
53,6,4,1,1,0,0,1,1,1,0,1,2,aleatorio,2
18,3,4,1,0,1,1,1,0,0,1,2,2,aleatorio,2
26,3,12,1,0,0,0,1,1,0,0,0,1,aleatorio,1
31,6,6,1,1,1,0,1,0,0,0,0,2,aleatorio,2
50,3,2,1,0,0,0,0,1,1,0,0,1,aleatorio,1
56,1,14,0,0,0,0,1,0,0,0,1,0,aleatorio,0
23,3,11,1,0,1,1,1,0,0,0,0,2,aleatorio,2
55,1,107,0,0,0,0,0,1,0,1,1,1,aleatorio,1
52,2,15,1,0,0,0,0,1,0,2,3,2,aleatorio,2
23,1,15,0,0,0,0,0,0,1,0,0,0,aleatorio,0
40,2,23,1,0,0,0,1,0,1,0,0,1,aleatorio,1
37,1,41,0,0,0,0,0,1,0,1,1,1,aleatorio,1
27,1,58,0,0,0,0,0,0,1,0,0,0,aleatorio,0
68,1,8,0,0,0,0,0,1,0,0,0,0,aleatorio,0
50,4,5,1,1,0,1,0,1,0,0,1,2,aleatorio,2
35,1,10,0,0,0,0,0,1,0,0,0,0,aleatorio,0
63,1,2,0,0,0,1,0,0,0,1,2,2,aleatorio,2
21,2,59,0,0,1,1,0,0,0,0,0,2,aleatorio,2
39,1,24,0,0,0,0,0,1,0,1,1,1,aleatorio,1
53,5,10,1,0,0,0,1,1,1,0,0,1,aleatorio,1
39,5,14,1,1,1,1,0,1,1,0,0,1,aleatorio,2
31,2,7,1,0,0,0,1,1,0,0,0,1,aleatorio,1
70,2,7,1,0,0,0,0,1,1,0,0,2,aleatorio,1
53,5,0,1,1,1,1,0,1,0,0,0,2,aleatorio,2
20,5,8,1,0,1,0,1,0,1,2,3,1,aleatorio,2
48,1,5,0,1,0,0,0,0,0,0,0,2,aleatorio,2
49,5,13,1,0,1,1,0,1,1,0,0,0,aleatorio,2
37,0,999,0,0,0,0,0,0,0,2,2,1,aleatorio,1
60,4,0,1,0,1,1,1,0,0,0,0,2,aleatorio,2
65,1,60,0,0,0,0,0,1,0,0,0,0,aleatorio,0
34,2,55,0,0,0,0,1,0,1,0,1,0,aleatorio,0
36,6,3,1,0,0,0,1,1,1,0,0,2,aleatorio,1
18,2,0,1,0,0,0,1,0,1,0,0,1,aleatorio,1
53,1,9,0,0,0,0,0,0,1,0,0,0,aleatorio,0
21,1,305,0,0,0,1,0,0,0,1,1,1,aleatorio,1
25,4,3,1,0,0,0,1,1,1,0,0,1,aleatorio,1
44,3,10,1,0,0,0,1,1,1,2,3,2,aleatorio,2
65,2,25,1,0,0,0,0,1,1,2,2,1,aleatorio,1
44,6,4,1,0,1,0,0,1,1,0,0,2,aleatorio,2
45,1,51,0,0,0,0,0,1,0,0,0,0,aleatorio,0
26,1,9,0,0,0,0,1,0,0,0,1,0,aleatorio,0
22,5,11,1,0,1,1,0,0,1,4,4,2,aleatorio,2
39,1,190,0,0,1,0,0,0,0,0,0,2,aleatorio,2
41,1,218,0,0,0,0,1,0,0,0,0,0,aleatorio,0
31,5,8,1,1,0,0,1,1,1,0,2,2,aleatorio,2
46,1,16,0,0,0,1,0,0,0,0,0,0,aleatorio,1
51,1,303,0,0,0,0,0,0,1,4,4,1,aleatorio,1
44,1,1,0,0,0,0,0,1,0,0,0,0,aleatorio,0
25,3,18,1,1,0,0,1,0,1,0,0,2,aleatorio,2
25,1,46,0,0,0,1,0,0,0,2,2,1,aleatorio,1
62,1,42,0,0,0,0,1,0,0,0,0,0,aleatorio,0
51,2,34,0,0,0,1,0,1,0,0,0,1,aleatorio,1
25,4,3,1,0,0,0,1,1,1,1,1,2,aleatorio,2
52,2,46,0,0,0,1,0,0,1,0,0,1,aleatorio,1
27,3,3,1,0,0,0,1,1,0,0,0,0,aleatorio,1
19,2,75,0,0,0,0,1,1,0,0,2,0,aleatorio,0
40,4,59,0,0,0,0,1,1,1,0,0,0,aleatorio,0
46,1,14,0,0,0,0,1,0,0,0,0,0,aleatorio,0
27,2,0,1,0,0,0,1,1,0,1,1,2,aleatorio,2
53,5,5,1,0,1,0,1,1,0,0,0,2,aleatorio,2
41,4,8,1,1,0,1,0,1,0,2,3,2,aleatorio,2
24,3,41,0,0,0,1,0,1,1,0,0,1,aleatorio,1
32,1,85,0,0,0,0,1,0,0,2,2,1,aleatorio,1
69,2,9,1,0,0,0,1,0,1,0,0,1,aleatorio,1
42,1,33,0,0,0,0,1,0,0,0,0,0,aleatorio,0
57,1,43,0,1,0,0,0,0,0,0,0,2,aleatorio,2
48,4,0,1,1,0,1,0,1,1,0,0,2,aleatorio,2
42,2,5,1,1,0,0,0,0,1,0,1,2,aleatorio,2
39,1,51,0,0,0,0,1,0,0,0,0,0,aleatorio,0
27,2,13,1,0,0,0,1,0,1,1,1,2,aleatorio,2
29,5,1,1,0,1,0,0,1,1,0,0,1,aleatorio,2
43,0,999,0,0,0,0,0,0,0,1,1,1,aleatorio,1
58,3,284,0,0,0,0,1,1,0,0,0,2,aleatorio,0
59,1,6,0,0,0,0,1,0,0,0,0,0,aleatorio,0
57,1,380,0,0,0,1,0,0,0,0,0,1,aleatorio,1
19,4,2,1,0,0,0,1,0,1,0,0,1,aleatorio,1
37,2,14,1,1,0,1,0,0,0,0,0,2,aleatorio,2
31,1,24,0,0,0,0,0,0,1,0,0,2,aleatorio,0
34,1,24,0,0,0,1,0,0,0,0,0,1,aleatorio,1
56,2,40,0,0,0,0,0,0,1,0,0,0,aleatorio,0
55,3,28,1,0,0,0,0,1,1,0,1,1,aleatorio,1
45,3,57,0,0,0,0,1,1,0,0,0,0,aleatorio,0
29,1,8,0,0,0,0,1,0,0,0,0,0,aleatorio,0
56,6,3,1,1,0,1,1,1,0,2,4,2,aleatorio,2
50,1,31,0,0,0,0,0,1,0,0,0,1,aleatorio,0
62,1,352,0,0,0,0,0,0,1,0,0,0,aleatorio,0
27,3,32,0,0,0,0,1,1,0,0,0,0,aleatorio,0
39,2,4,1,0,0,0,0,1,0,0,0,1,aleatorio,1
21,4,5,1,0,1,0,0,1,0,0,0,2,aleatorio,2
65,1,351,0,0,0,0,0,1,0,0,0,0,aleatorio,0
39,2,28,1,0,0,0,1,1,0,0,0,1,aleatorio,1
57,1,9,0,0,0,0,1,0,0,0,2,0,aleatorio,0
35,1,29,0,0,0,0,1,0,0,2,3,1,aleatorio,1
61,1,9,0,0,0,0,0,1,0,0,0,1,aleatorio,0
36,3,26,1,0,1,0,1,0,1,0,0,2,aleatorio,2
44,1,353,0,0,0,0,1,0,0,0,0,0,aleatorio,0
33,5,41,0,1,1,0,1,1,1,0,0,2,aleatorio,2
20,1,8,0,0,0,0,1,0,0,0,0,0,aleatorio,0
61,1,197,0,0,0,1,0,0,0,0,0,1,aleatorio,1
33,1,18,0,0,0,0,0,1,0,0,0,0,aleatorio,0
34,2,8,1,0,0,0,1,0,1,0,0,1,aleatorio,1
58,1,8,0,0,0,0,0,0,1,2,2,2,aleatorio,2
68,5,5,1,0,1,0,1,0,1,0,0,2,aleatorio,2
30,2,54,0,0,0,0,0,1,1,0,0,0,aleatorio,0
40,1,4,0,0,0,0,1,0,0,0,0,0,aleatorio,0
22,1,315,0,0,0,1,0,0,0,2,2,1,aleatorio,1
64,4,8,1,0,1,0,1,0,0,1,1,2,aleatorio,2
49,1,269,0,0,1,0,0,0,0,0,0,2,aleatorio,2
48,1,316,0,0,0,0,0,1,0,0,0,0,aleatorio,0
29,2,121,0,0,0,0,0,1,1,0,1,0,aleatorio,0
26,4,0,1,0,0,1,1,1,1,0,0,1,aleatorio,2
44,1,77,0,0,0,0,1,0,0,2,2,1,aleatorio,1
39,1,289,0,0,0,0,0,0,1,0,0,0,aleatorio,0
59,1,14,0,0,0,0,1,0,0,0,0,0,aleatorio,0
69,2,11,1,0,0,0,0,1,1,0,0,1,aleatorio,1
33,6,2,1,1,0,1,0,1,0,0,0,2,aleatorio,2
29,1,37,0,0,0,1,0,0,0,2,2,1,aleatorio,1
23,1,12,0,0,0,0,0,0,1,0,0,0,aleatorio,0
20,1,32,0,0,1,0,0,0,0,0,0,2,aleatorio,2
53,1,60,0,0,0,0,1,0,0,0,0,0,aleatorio,0
59,1,4,0,0,0,0,0,1,0,0,0,0,aleatorio,0
54,3,3,1,0,0,0,1,1,1,0,0,1,aleatorio,1
42,1,192,0,0,0,0,1,0,0,0,0,0,aleatorio,0
46,1,299,0,0,0,0,1,0,0,0,0,2,aleatorio,0
69,2,1,1,0,0,0,0,1,0,0,0,1,aleatorio,1
50,3,15,1,1,0,0,0,1,1,0,0,2,aleatorio,2
31,5,7,1,1,1,0,0,1,1,0,1,2,aleatorio,2
70,5,2,1,0,0,1,1,1,1,1,1,2,aleatorio,2
19,1,121,0,0,0,1,0,0,0,0,0,1,aleatorio,1
66,1,198,0,0,0,0,0,1,0,1,1,1,aleatorio,1
66,2,11,1,0,1,0,1,0,0,1,1,2,aleatorio,2
18,2,1,1,0,0,0,1,1,0,0,0,1,aleatorio,1
22,1,65,0,0,0,0,0,1,0,0,0,0,aleatorio,0
30,2,152,0,0,1,0,1,0,0,0,0,2,aleatorio,2
24,3,6,1,0,0,1,1,0,0,1,1,2,aleatorio,2
30,1,210,0,0,0,0,0,0,1,0,0,0,aleatorio,0
50,5,2,1,0,1,1,0,1,0,0,0,2,aleatorio,2
43,2,235,0,0,0,1,1,0,0,3,4,1,aleatorio,1
34,1,208,0,0,0,0,0,0,1,0,0,0,aleatorio,0
25,3,2,1,1,1,0,0,0,1,0,0,2,aleatorio,2
58,3,15,1,1,0,0,0,0,1,0,0,2,aleatorio,2
50,1,23,0,0,0,0,0,0,1,0,0,0,aleatorio,0
62,2,31,0,0,0,1,0,0,0,0,0,1,aleatorio,1
39,2,6,1,0,1,0,0,1,0,0,0,2,aleatorio,2
43,1,4,0,0,0,0,0,0,1,0,0,0,aleatorio,0
20,1,55,0,0,0,0,1,0,0,0,0,0,aleatorio,0
52,3,11,1,0,1,0,1,0,1,0,0,2,aleatorio,2
35,4,7,1,1,1,0,1,0,0,0,0,2,aleatorio,2
53,1,106,0,0,0,0,0,1,0,0,0,0,aleatorio,0
62,1,8,0,0,0,0,0,1,0,0,2,0,aleatorio,0
28,1,48,0,0,0,0,0,1,0,0,0,0,aleatorio,0
33,2,43,0,0,0,0,1,0,1,0,1,0,aleatorio,0
37,2,1,1,0,0,0,0,1,1,0,0,1,aleatorio,1
34,2,3,1,0,0,1,1,0,0,0,0,2,aleatorio,2
58,1,50,0,0,0,0,0,1,0,0,0,0,aleatorio,0
33,3,31,0,0,0,0,1,0,1,0,0,0,aleatorio,0
43,2,9,1,0,0,0,0,1,1,1,2,2,aleatorio,2
59,1,58,0,1,0,0,0,0,0,0,1,2,aleatorio,2
44,4,15,1,1,0,1,0,1,1,1,1,2,aleatorio,2
62,1,3,0,0,0,1,0,0,0,0,0,1,aleatorio,1
26,1,33,0,0,0,0,0,1,0,1,1,1,aleatorio,1
67,2,34,0,0,0,0,1,0,1,0,0,0,aleatorio,0
25,6,0,1,0,1,0,0,1,1,0,0,2,aleatorio,2
40,1,12,0,0,0,0,0,0,1,0,0,0,aleatorio,0
68,1,392,0,0,0,0,0,1,0,0,0,0,aleatorio,0
44,4,27,1,1,1,0,0,1,0,0,0,2,aleatorio,2
38,3,1,1,0,0,0,1,1,1,0,0,1,aleatorio,1
49,2,7,1,0,0,1,0,1,0,2,2,2,aleatorio,2
20,3,0,1,0,0,1,1,0,1,0,0,2,aleatorio,2
57,3,20,1,1,0,0,1,1,0,0,0,2,aleatorio,2
35,3,15,1,0,0,0,1,1,0,0,0,1,aleatorio,1
23,1,0,0,0,0,1,0,0,0,0,0,1,aleatorio,1
62,3,10,1,1,0,0,1,0,0,0,0,2,aleatorio,2
29,1,374,0,0,0,1,0,0,0,0,0,1,aleatorio,1
26,3,17,1,0,0,0,0,1,0,0,1,1,aleatorio,1
55,2,21,1,0,0,0,1,0,0,0,0,1,aleatorio,1
60,1,37,0,0,0,0,0,1,0,0,0,2,aleatorio,0
42,5,11,1,1,1,1,1,0,1,2,2,2,aleatorio,2
50,1,202,0,0,0,0,1,0,0,0,0,0,aleatorio,0
26,4,1,1,1,1,0,1,0,0,2,4,2,aleatorio,2
58,3,8,1,1,1,0,0,1,0,0,0,2,aleatorio,2
37,0,999,0,0,0,0,0,0,0,1,1,1,aleatorio,1
65,1,174,0,0,0,0,0,0,1,0,0,0,aleatorio,0
64,2,140,0,0,0,0,1,1,0,0,0,0,aleatorio,0
63,3,24,1,0,1,1,0,0,1,1,1,2,aleatorio,2
53,3,17,1,0,0,0,1,1,0,0,0,1,aleatorio,1
20,1,6,0,0,0,0,0,0,1,0,0,0,aleatorio,0
31,1,327,0,0,0,0,1,0,0,0,0,0,aleatorio,0
25,6,13,1,0,0,1,1,1,0,0,0,2,aleatorio,2
35,2,18,1,0,0,1,1,0,0,0,0,2,aleatorio,2
70,1,216,0,0,0,0,0,1,0,0,0,0,aleatorio,0
22,2,32,0,0,0,1,0,0,1,0,1,1,aleatorio,1
68,1,6,0,1,0,0,0,0,0,4,4,2,aleatorio,2
21,1,48,0,0,0,0,1,0,0,0,0,0,aleatorio,0
32,3,41,0,0,1,1,0,0,1,0,0,2,aleatorio,2
25,4,2,1,0,1,1,0,0,1,0,0,2,aleatorio,2
37,1,178,0,0,0,0,0,0,1,0,0,0,aleatorio,0
62,3,7,1,0,0,0,1,0,1,0,0,1,aleatorio,1
46,1,172,0,1,0,0,0,0,0,0,0,0,aleatorio,2
26,2,197,0,0,0,1,0,0,1,1,2,1,aleatorio,1
24,1,8,0,0,0,1,0,0,0,0,2,1,aleatorio,1
22,2,47,0,0,0,1,0,1,0,2,2,1,aleatorio,1
50,2,44,0,0,0,0,1,0,0,0,0,0,aleatorio,0
31,6,3,1,1,0,1,1,0,1,0,0,2,aleatorio,2
28,1,376,0,0,0,0,0,1,0,0,0,0,aleatorio,0
68,1,293,0,0,0,0,1,0,0,0,0,0,aleatorio,0
64,5,8,1,0,1,0,1,1,0,0,0,2,aleatorio,2
52,1,51,0,0,0,0,0,0,1,0,0,0,aleatorio,0
56,1,33,0,0,0,0,1,0,0,0,0,0,aleatorio,0
31,1,117,0,0,0,0,0,1,0,0,0,0,aleatorio,0
41,2,50,0,0,0,1,0,0,0,0,0,1,aleatorio,1
21,1,1,0,0,0,0,1,0,0,0,0,0,aleatorio,0
70,1,392,0,0,0,0,1,0,0,0,0,0,aleatorio,0
35,1,250,0,0,0,0,1,0,0,0,1,0,aleatorio,0
66,3,11,1,0,0,0,1,0,0,0,0,1,aleatorio,1
43,1,14,0,0,0,0,0,0,1,0,0,0,aleatorio,0
20,2,30,1,0,0,0,1,0,0,0,0,1,aleatorio,1
63,2,321,0,0,0,0,0,1,1,0,0,0,aleatorio,0
48,4,45,0,0,0,0,1,0,1,0,0,0,aleatorio,0
34,2,6,1,0,1,0,0,0,1,0,0,2,aleatorio,2
61,1,308,0,0,0,0,0,1,0,0,0,0,aleatorio,0
55,2,2,1,0,0,0,1,0,0,0,0,1,aleatorio,1
34,5,11,1,1,0,0,0,1,1,0,0,2,aleatorio,2
62,1,104,0,0,0,0,1,0,0,0,0,0,aleatorio,0
27,3,25,1,0,0,0,1,0,1,0,0,1,aleatorio,1
63,1,0,0,0,0,0,0,0,1,0,0,0,aleatorio,0
19,3,193,0,1,1,1,0,0,0,0,0,1,aleatorio,2
37,2,43,0,0,0,0,1,0,0,0,0,0,aleatorio,0
52,1,47,0,0,0,0,1,0,0,0,0,0,aleatorio,0
32,2,313,0,0,0,1,0,0,0,0,0,1,aleatorio,1
40,1,55,0,0,0,0,0,1,0,1,1,1,aleatorio,1
26,1,41,0,0,0,0,1,0,0,0,0,0,aleatorio,0
25,1,273,0,0,1,0,0,0,0,0,0,2,aleatorio,2
26,2,51,0,0,0,0,0,0,1,0,0,0,aleatorio,0
33,3,36,0,1,1,0,0,1,0,0,0,2,aleatorio,2
20,2,3,1,1,0,0,0,1,0,0,0,2,aleatorio,2
22,1,44,0,0,0,0,0,1,0,1,1,1,aleatorio,1
62,3,4,1,0,0,0,1,1,1,0,1,1,aleatorio,1
29,2,4,1,0,0,0,1,1,0,0,0,1,aleatorio,1
67,1,270,0,1,0,0,0,0,0,0,0,1,aleatorio,2
64,5,4,1,0,1,0,0,1,1,0,0,2,aleatorio,2
64,2,11,1,0,0,0,1,0,1,0,0,0,aleatorio,1
18,1,0,0,0,0,0,0,1,0,0,0,0,aleatorio,0
32,3,42,0,0,0,0,1,0,0,0,0,2,aleatorio,0
41,1,16,0,0,0,0,1,0,0,0,1,0,aleatorio,0
51,1,173,0,0,0,0,0,1,0,0,0,2,aleatorio,0
34,4,14,1,0,0,1,1,0,1,0,0,0,aleatorio,2
19,1,47,0,0,0,0,0,0,1,0,0,0,aleatorio,0
64,2,8,1,0,1,0,1,0,0,0,0,2,aleatorio,2
50,2,3,1,0,0,0,1,1,0,0,0,1,aleatorio,1
32,2,47,0,0,0,1,0,0,1,0,0,1,aleatorio,1
46,1,102,0,0,0,0,0,1,0,1,1,1,aleatorio,1
51,5,1,1,1,0,1,0,1,0,0,0,2,aleatorio,2
53,1,47,0,0,0,0,0,1,0,0,0,2,aleatorio,0
38,2,38,0,0,0,0,1,0,1,2,4,1,aleatorio,1
49,6,6,1,1,0,1,1,1,0,0,0,2,aleatorio,2
26,3,5,1,0,0,0,1,0,1,0,0,1,aleatorio,1
68,1,14,0,0,0,1,0,0,0,0,0,1,aleatorio,1
43,2,266,0,0,0,1,0,0,0,0,0,1,aleatorio,1
62,1,0,0,0,0,0,0,0,1,0,0,0,aleatorio,0
27,2,10,1,0,0,1,0,1,0,3,3,2,aleatorio,2
45,1,90,0,0,0,0,1,0,0,0,0,0,aleatorio,0
30,3,4,1,0,0,1,1,0,0,0,0,2,aleatorio,2
37,4,6,1,1,0,0,0,1,1,0,0,2,aleatorio,2
64,2,35,0,0,0,1,0,0,0,0,0,1,aleatorio,1
37,2,41,0,0,0,1,0,0,1,0,0,1,aleatorio,1
30,1,156,0,0,0,0,0,1,0,0,0,0,aleatorio,0
51,1,50,0,0,0,0,1,0,0,0,0,1,aleatorio,0
35,2,40,0,0,0,0,0,1,1,0,1,0,aleatorio,0
29,3,51,0,0,0,0,1,0,1,1,2,1,aleatorio,1
39,4,5,1,0,1,0,0,1,1,0,2,2,aleatorio,2
69,1,57,0,0,0,0,1,0,0,2,2,1,aleatorio,1
28,2,153,0,0,0,0,0,1,0,0,0,0,aleatorio,0
32,2,29,1,0,0,0,0,1,1,0,0,1,aleatorio,1
23,1,379,0,0,0,0,0,1,0,0,0,0,aleatorio,0
44,1,371,0,0,0,0,0,1,0,0,0,0,aleatorio,0
35,0,999,0,0,0,0,0,0,0,2,3,1,aleatorio,1
43,3,3,1,0,0,1,1,0,1,0,0,2,aleatorio,2
59,1,179,0,0,0,1,0,0,0,0,0,1,aleatorio,1
43,1,341,0,0,0,0,0,1,0,0,0,0,aleatorio,0
56,1,1,0,0,0,0,1,0,0,0,0,0,aleatorio,0
68,6,3,1,0,0,1,1,1,1,0,0,2,aleatorio,2
43,4,14,1,1,0,1,0,1,1,1,1,2,aleatorio,2
50,2,32,0,0,0,1,1,0,0,1,1,1,aleatorio,1
67,1,1,0,0,0,0,0,0,1,0,0,0,aleatorio,0
67,3,6,1,1,0,1,1,0,0,0,0,2,aleatorio,2
24,1,159,0,0,0,0,0,0,1,0,1,1,aleatorio,0
38,2,162,0,0,0,1,0,0,1,0,0,1,aleatorio,1
21,1,5,0,0,0,0,0,1,0,0,0,0,aleatorio,0
50,2,48,0,0,0,1,1,0,0,0,0,1,aleatorio,1
49,6,13,1,1,0,1,0,0,0,0,0,2,aleatorio,2
42,1,146,0,0,0,0,1,0,0,0,1,2,aleatorio,0
21,1,7,0,0,0,0,0,1,0,0,0,1,aleatorio,0
52,1,11,0,0,1,0,0,0,0,0,0,2,aleatorio,2
69,2,107,0,0,0,0,1,1,0,0,0,0,aleatorio,0
52,4,5,1,1,0,0,0,1,1,0,0,2,aleatorio,2
38,1,168,0,0,0,0,1,0,0,0,1,0,aleatorio,0
26,4,4,1,1,0,0,1,1,0,1,1,2,aleatorio,2
20,2,301,0,0,0,1,0,0,0,0,1,1,aleatorio,1
48,3,4,1,0,0,0,1,1,1,0,2,1,aleatorio,1
25,0,999,0,0,0,0,0,0,0,2,3,1,aleatorio,1
40,4,12,1,0,1,0,1,0,1,1,1,2,aleatorio,2
53,4,6,1,0,1,1,0,0,0,3,4,2,aleatorio,2
50,3,6,1,1,0,1,1,0,0,1,1,2,aleatorio,2
63,5,0,1,0,1,1,1,0,1,0,0,2,aleatorio,2
64,4,11,1,0,1,1,0,0,1,0,0,2,aleatorio,2
57,1,275,0,0,0,0,1,0,0,0,0,0,aleatorio,0
29,3,37,0,1,0,0,1,1,0,0,0,2,aleatorio,2
34,1,46,0,0,1,0,0,0,0,1,1,1,aleatorio,2
67,3,6,1,0,0,1,1,1,0,0,0,2,aleatorio,2
64,6,12,1,0,0,0,1,1,1,0,0,1,aleatorio,1
25,1,60,0,0,0,0,1,0,0,0,0,0,aleatorio,0
35,6,3,1,1,0,1,0,0,1,0,0,2,aleatorio,2
18,1,74,0,0,0,0,0,1,0,0,0,0,aleatorio,0
18,1,46,0,0,0,0,0,1,0,0,0,0,aleatorio,0
67,0,999,0,0,0,0,0,0,0,2,3,1,aleatorio,1
30,1,4,0,0,0,0,0,1,0,0,0,0,aleatorio,0
67,1,31,0,0,0,0,0,0,1,0,0,0,aleatorio,0
34,2,23,1,0,0,0,1,1,0,0,1,1,aleatorio,1
22,3,1,1,0,0,1,1,1,0,1,1,2,aleatorio,2
70,5,42,0,0,1,1,0,1,0,0,0,2,aleatorio,2
48,1,147,0,0,0,0,0,1,0,2,3,0,aleatorio,1
66,2,42,0,0,1,0,0,0,1,0,0,2,aleatorio,2
51,1,335,0,0,0,0,0,0,1,0,1,0,aleatorio,0
67,2,14,1,0,0,0,1,0,0,0,0,1,aleatorio,1
19,5,7,1,0,0,1,1,1,0,0,0,2,aleatorio,2
33,2,23,1,0,0,0,1,0,1,0,0,2,aleatorio,1
39,1,41,0,0,0,0,0,1,0,1,1,1,aleatorio,1
58,1,58,0,0,0,0,0,1,0,0,0,0,aleatorio,0
55,4,2,1,1,0,1,1,0,0,1,1,2,aleatorio,2
21,1,53,0,0,0,0,0,0,1,2,4,1,aleatorio,1
23,3,60,0,0,1,0,1,0,1,2,2,2,aleatorio,2
37,2,35,0,0,0,0,0,0,1,0,0,0,aleatorio,0
18,1,291,0,0,0,0,1,0,0,0,0,0,aleatorio,0
52,2,14,1,0,0,0,1,0,1,0,0,1,aleatorio,1
46,1,55,0,1,0,0,0,0,0,2,3,2,aleatorio,2
31,1,14,0,0,0,0,1,0,0,0,0,1,aleatorio,0
31,2,6,1,0,0,0,0,1,1,0,0,1,aleatorio,1
43,3,1,1,0,0,0,1,0,1,3,4,2,aleatorio,2
44,2,6,1,0,0,0,0,1,0,0,0,1,aleatorio,1
27,1,93,0,0,0,1,0,0,0,0,0,1,aleatorio,1
30,5,0,1,1,0,0,1,1,0,1,1,2,aleatorio,2
35,1,24,0,0,0,0,1,0,0,0,0,0,aleatorio,0
40,2,34,0,0,0,1,0,1,0,0,0,1,aleatorio,1
31,3,35,0,1,1,0,1,0,0,1,1,2,aleatorio,2
20,2,60,0,1,0,0,0,0,1,0,0,2,aleatorio,2
19,1,3,0,0,0,1,0,0,0,0,0,1,aleatorio,1
47,2,46,0,0,0,0,1,0,1,0,0,0,aleatorio,0
70,1,48,0,0,0,0,0,0,1,0,0,0,aleatorio,0
23,1,29,0,0,0,0,0,1,0,0,0,1,aleatorio,0
46,6,0,1,0,0,1,0,0,1,0,0,2,aleatorio,2
33,1,363,0,0,0,0,0,1,0,1,1,1,aleatorio,1
33,1,33,0,0,0,0,1,0,0,0,0,0,aleatorio,0
35,3,7,1,0,0,0,0,1,1,0,0,1,aleatorio,1
67,2,293,0,0,1,0,1,0,0,0,0,1,aleatorio,2
54,1,46,0,0,0,0,0,1,0,0,0,0,aleatorio,0
40,4,2,1,0,1,0,1,1,0,1,1,2,aleatorio,2
35,5,15,1,0,1,0,1,1,1,0,0,2,aleatorio,2
31,6,8,1,0,0,0,1,1,1,0,0,1,aleatorio,1
23,1,399,0,0,0,0,0,1,0,0,0,0,aleatorio,0
25,2,176,0,0,0,0,1,0,0,1,1,1,aleatorio,1
39,6,0,1,1,1,0,0,1,1,0,0,0,aleatorio,2
44,1,15,0,0,0,0,0,1,0,0,0,0,aleatorio,0
70,2,44,0,0,0,0,1,0,0,0,0,0,aleatorio,0
37,3,252,0,0,0,0,1,1,0,0,0,0,aleatorio,0
56,3,2,1,0,0,0,1,0,0,0,0,1,aleatorio,1
50,1,298,0,0,0,0,0,1,0,0,0,2,aleatorio,0
68,2,13,1,0,0,0,0,1,0,0,0,1,aleatorio,1
35,3,10,1,0,0,0,1,0,0,0,0,1,aleatorio,1
58,2,55,0,0,0,0,1,0,0,0,0,1,aleatorio,0
43,1,67,0,0,0,0,0,1,0,0,0,0,aleatorio,0
27,1,269,0,0,0,0,1,0,0,0,0,0,aleatorio,0
70,1,29,0,0,0,0,0,0,1,0,0,0,aleatorio,0
62,1,3,0,0,0,0,1,0,0,0,0,1,aleatorio,0
68,1,25,0,0,0,1,0,0,0,0,0,1,aleatorio,1
63,3,14,1,0,0,0,1,0,1,0,0,1,aleatorio,1
67,0,999,0,0,0,0,0,0,0,3,3,1,aleatorio,1
43,4,20,1,1,0,0,1,0,0,0,0,1,aleatorio,2
45,1,5,0,0,0,0,1,0,0,0,0,0,aleatorio,0
50,1,384,0,0,0,0,1,0,0,0,0,0,aleatorio,0
55,2,47,0,0,0,0,1,1,0,0,0,0,aleatorio,0
24,2,38,0,0,0,0,1,1,0,0,1,0,aleatorio,0
41,5,6,1,0,1,1,0,1,1,0,0,2,aleatorio,2
32,1,0,0,0,0,0,0,0,1,0,0,0,aleatorio,0
59,3,22,1,0,0,0,1,1,0,1,2,1,aleatorio,1
48,1,25,0,0,0,0,0,0,1,0,0,0,aleatorio,0
45,4,4,1,0,0,1,1,1,0,0,0,2,aleatorio,2
50,1,37,0,0,0,0,1,0,0,3,3,1,aleatorio,1
35,1,47,0,0,0,1,0,0,0,0,0,1,aleatorio,1
58,1,30,0,0,0,0,0,1,0,0,0,2,aleatorio,0
23,1,54,0,0,0,0,0,1,0,0,0,0,aleatorio,0
58,6,0,1,0,0,0,1,1,0,0,0,1,aleatorio,1
58,1,12,0,0,0,1,0,0,0,0,0,1,aleatorio,1
26,5,3,1,1,0,1,1,1,0,0,0,2,aleatorio,2
66,1,30,0,0,0,1,0,0,0,1,1,1,aleatorio,1
52,1,152,0,0,0,0,0,0,1,0,0,0,aleatorio,0
18,1,242,0,0,0,0,0,0,1,0,0,0,aleatorio,0
38,3,0,1,0,0,1,0,1,1,0,0,2,aleatorio,2
38,2,24,1,0,0,0,1,0,1,2,2,1,aleatorio,1
57,5,4,1,1,0,1,1,1,1,0,0,2,aleatorio,2
32,4,2,1,1,0,0,1,0,1,1,1,2,aleatorio,2
36,1,56,0,0,0,0,0,1,0,0,0,0,aleatorio,0
66,1,0,0,0,0,0,1,0,0,0,0,0,aleatorio,0
23,1,11,0,0,0,0,0,0,1,0,1,0,aleatorio,0
55,2,8,1,0,0,0,0,1,0,0,0,1,aleatorio,1
24,1,198,0,0,0,1,0,0,0,0,0,1,aleatorio,1
42,1,10,0,0,0,1,0,0,0,0,0,1,aleatorio,1
51,2,16,1,0,1,0,0,0,0,0,0,1,aleatorio,2
50,2,13,1,1,0,0,0,1,0,1,1,2,aleatorio,2
58,3,15,1,0,0,0,1,1,0,0,1,0,aleatorio,1
58,2,3,1,0,0,1,1,0,0,2,2,2,aleatorio,2
38,1,20,0,0,0,0,1,0,0,4,4,1,aleatorio,1
42,3,50,0,0,0,1,0,0,1,0,1,1,aleatorio,1
43,1,36,0,0,0,0,0,0,1,0,0,0,aleatorio,0
26,1,178,0,0,0,1,0,0,0,0,0,1,aleatorio,1
26,2,21,1,0,0,0,1,1,0,1,1,1,aleatorio,1
30,2,1,1,0,0,0,0,1,1,0,1,2,aleatorio,1
28,2,10,1,0,0,0,1,0,1,0,0,1,aleatorio,1
58,3,5,1,0,0,0,0,1,0,1,1,2,aleatorio,2
61,1,6,0,0,0,0,1,0,0,0,0,0,aleatorio,0
22,1,214,0,0,0,1,0,0,0,0,0,1,aleatorio,1
44,2,277,0,0,0,1,0,1,0,0,0,1,aleatorio,1
34,1,184,0,0,0,0,0,1,0,0,1,0,aleatorio,0
39,1,77,0,0,0,1,0,0,0,0,0,1,aleatorio,1
33,0,999,0,0,0,0,0,0,0,3,4,1,aleatorio,1
69,1,20,0,0,0,0,0,0,1,0,0,0,aleatorio,0
63,6,1,1,1,0,1,0,1,0,1,1,2,aleatorio,2
69,5,0,1,0,1,1,0,1,0,0,0,2,aleatorio,2
54,5,1,1,0,0,1,1,1,1,0,0,2,aleatorio,2
38,1,17,0,0,0,1,0,0,0,1,1,0,aleatorio,1
45,5,5,1,0,0,0,1,1,1,0,0,1,aleatorio,1
54,6,9,1,0,0,0,1,1,1,0,0,1,aleatorio,1
19,2,14,1,0,0,1,0,1,0,0,0,2,aleatorio,2
68,2,16,1,0,0,0,0,0,1,1,1,2,aleatorio,1
66,1,18,0,0,0,0,1,0,0,0,0,0,aleatorio,0
51,2,34,0,0,0,0,1,0,1,0,0,0,aleatorio,0
65,3,3,1,0,0,1,0,0,1,4,4,2,aleatorio,2
22,3,18,1,0,0,0,1,1,0,0,0,1,aleatorio,1
49,3,33,0,0,0,1,1,0,1,0,0,1,aleatorio,1
58,3,2,1,1,0,0,0,1,0,0,0,2,aleatorio,2
42,1,6,0,0,0,1,0,0,0,0,0,1,aleatorio,1
38,3,2,1,0,1,1,0,0,0,2,2,2,aleatorio,2
63,0,999,0,0,0,0,0,0,0,2,2,1,aleatorio,1
22,1,31,0,0,0,0,1,0,0,0,0,1,aleatorio,0
59,1,28,0,0,0,0,1,0,0,0,0,0,aleatorio,0
34,3,11,1,0,1,0,1,0,0,0,0,2,aleatorio,2
59,3,245,0,0,0,0,1,0,1,0,0,0,aleatorio,0
31,1,14,0,0,0,1,0,0,0,0,0,1,aleatorio,1
55,5,7,1,0,1,0,1,1,0,0,0,2,aleatorio,2
33,3,1,1,1,0,0,0,1,0,1,2,2,aleatorio,2
33,1,5,0,0,0,0,0,0,1,0,1,0,aleatorio,0
39,2,1,1,0,0,0,0,1,1,0,0,1,aleatorio,1
30,3,12,1,0,0,0,1,1,0,0,0,1,aleatorio,1
35,6,37,0,1,0,1,1,1,1,0,1,1,aleatorio,2
64,5,2,1,1,0,0,1,0,1,2,2,2,aleatorio,2
55,1,10,0,0,0,0,0,1,0,0,0,0,aleatorio,0
21,4,3,1,1,0,0,1,0,0,0,0,2,aleatorio,2
37,2,37,0,0,0,1,1,0,0,1,4,1,aleatorio,1
52,2,3,1,1,1,0,0,0,0,0,1,2,aleatorio,2
33,1,2,0,0,0,0,1,0,0,0,0,0,aleatorio,0
41,1,145,0,0,0,1,0,0,0,0,0,1,aleatorio,1
53,2,47,0,0,0,0,1,0,1,1,2,1,aleatorio,1
24,1,32,0,0,0,0,0,0,1,0,0,0,aleatorio,0
29,2,11,1,0,0,0,1,1,0,0,0,1,aleatorio,1
65,1,39,0,0,0,0,0,0,1,0,0,0,aleatorio,0
58,4,9,1,1,0,0,1,1,0,2,2,2,aleatorio,2
68,1,13,0,0,0,0,0,0,1,0,0,0,aleatorio,0
52,1,5,0,0,0,1,0,0,0,0,0,1,aleatorio,1
30,1,1,0,0,0,0,0,1,0,2,4,2,aleatorio,2
26,1,15,0,1,0,0,0,0,0,0,0,2,aleatorio,2
61,3,293,0,0,1,1,0,0,0,0,0,2,aleatorio,2
53,4,2,1,0,1,1,1,0,0,2,2,1,aleatorio,2
31,1,166,0,0,0,0,0,0,1,0,0,2,aleatorio,0
32,1,15,0,0,0,0,1,0,0,0,0,0,aleatorio,0
50,3,5,1,0,0,0,1,1,1,0,0,1,aleatorio,1
32,1,393,0,0,0,0,0,0,1,0,0,0,aleatorio,0
56,1,47,0,0,0,0,1,0,0,0,0,0,aleatorio,0
25,6,5,1,1,0,0,0,1,1,0,0,2,aleatorio,2
35,2,18,1,0,0,0,0,0,1,0,0,1,aleatorio,1
37,5,9,1,0,0,1,1,1,1,0,0,2,aleatorio,2
60,2,12,1,0,0,1,0,1,0,1,2,2,aleatorio,2
56,1,1,0,0,0,0,0,0,1,0,0,0,aleatorio,0
42,2,28,1,0,0,0,1,0,1,0,0,1,aleatorio,1
40,1,7,0,0,0,0,0,1,0,0,0,0,aleatorio,0
45,3,13,1,0,0,1,0,1,0,0,0,2,aleatorio,2
58,3,10,1,0,0,0,1,1,0,0,1,1,aleatorio,1
24,6,0,1,0,0,1,1,1,1,1,1,2,aleatorio,2
34,3,0,1,0,1,0,1,1,0,0,0,2,aleatorio,2
35,2,165,0,0,0,1,1,0,0,1,1,1,aleatorio,1
52,1,344,0,0,0,0,0,0,1,0,0,0,aleatorio,0
20,3,3,1,0,1,1,0,1,0,0,0,1,aleatorio,2
33,3,19,1,0,0,0,1,1,0,0,0,1,aleatorio,1
62,1,39,0,0,0,0,0,0,1,0,0,0,aleatorio,0
69,1,58,0,0,0,1,0,0,0,0,0,1,aleatorio,1
41,4,8,1,0,1,0,1,0,1,0,0,2,aleatorio,2
32,1,41,0,0,0,0,1,0,0,1,1,1,aleatorio,1
19,1,334,0,0,0,0,0,0,1,0,0,0,aleatorio,0
66,1,21,0,0,0,0,1,0,0,2,3,1,aleatorio,1
30,2,33,0,0,0,0,0,1,1,2,2,1,aleatorio,1
65,2,39,0,0,0,1,1,0,0,0,0,1,aleatorio,1
66,2,34,0,1,0,1,0,0,0,0,0,2,aleatorio,2
64,1,271,0,0,0,0,1,0,0,0,0,2,aleatorio,0
27,1,88,0,0,0,1,0,0,0,3,4,1,aleatorio,1
52,1,54,0,0,0,0,0,1,0,0,0,0,aleatorio,0
59,1,176,0,0,0,0,1,0,0,0,0,0,aleatorio,0
31,4,47,0,0,0,1,0,0,1,1,1,1,aleatorio,1
65,6,9,1,0,1,0,1,1,1,0,0,2,aleatorio,2
50,1,14,0,0,0,0,0,0,1,0,0,0,aleatorio,0
48,1,27,0,0,0,0,1,0,0,0,0,0,aleatorio,0
50,2,13,1,0,0,0,0,1,1,0,0,1,aleatorio,1
42,0,999,0,0,0,0,0,0,0,2,3,1,aleatorio,1
45,2,60,0,0,0,0,0,1,0,0,0,0,aleatorio,0
56,1,369,0,0,0,0,0,1,0,1,1,1,aleatorio,1
57,6,0,1,1,1,0,1,0,0,0,0,2,aleatorio,2
22,1,15,0,0,0,1,0,0,0,1,1,2,aleatorio,2
59,1,8,0,0,0,0,0,1,0,0,0,1,aleatorio,0
52,3,25,1,0,0,0,1,1,1,0,0,1,aleatorio,1
52,1,229,0,0,0,0,1,0,0,0,0,0,aleatorio,0
62,2,99,0,0,0,1,1,0,0,0,0,1,aleatorio,1
39,1,51,0,0,0,1,0,0,0,0,0,1,aleatorio,1
31,1,315,0,1,0,0,0,0,0,0,0,2,aleatorio,2
21,1,15,0,0,1,0,0,0,0,0,0,2,aleatorio,2
32,3,9,1,0,0,0,0,1,1,0,0,1,aleatorio,1
48,2,89,0,0,1,0,0,0,0,4,4,2,aleatorio,2
68,2,55,0,0,0,1,0,0,0,0,0,1,aleatorio,1
69,1,16,0,0,0,1,0,0,0,0,1,1,aleatorio,1
62,5,2,1,1,1,1,0,1,0,0,0,2,aleatorio,2
19,2,23,1,0,0,0,0,1,0,0,0,1,aleatorio,1
61,3,33,0,0,0,0,1,1,0,0,1,0,aleatorio,0
32,2,49,0,0,0,0,0,1,1,0,0,0,aleatorio,0
28,2,14,1,0,0,0,0,0,1,0,0,2,aleatorio,1
34,2,56,0,0,0,0,1,1,0,0,0,0,aleatorio,0
52,1,224,0,0,0,0,0,1,0,1,1,1,aleatorio,1
65,1,188,0,0,0,1,0,0,0,0,0,1,aleatorio,1
30,2,137,0,0,0,0,0,1,1,0,0,0,aleatorio,0
31,5,6,1,0,1,1,1,1,0,0,0,0,aleatorio,2
44,1,9,0,0,0,0,1,0,0,2,2,2,aleatorio,2
25,1,37,0,0,0,1,0,0,0,0,0,1,aleatorio,1
61,1,21,0,0,0,1,0,0,0,0,0,1,aleatorio,1
70,3,4,1,0,0,0,1,1,1,1,1,0,aleatorio,2
54,2,11,1,0,0,1,0,0,1,0,0,2,aleatorio,2
27,3,1,1,0,1,0,0,1,1,0,0,2,aleatorio,2
27,3,28,1,0,0,0,0,1,1,0,0,0,aleatorio,1
20,2,33,0,0,0,0,1,0,1,1,1,1,aleatorio,1
61,2,4,1,0,0,1,0,0,1,0,0,2,aleatorio,2
51,2,2,1,0,0,0,1,1,0,0,0,1,aleatorio,1
61,1,12,0,0,0,0,0,1,0,0,0,2,aleatorio,0
42,1,24,0,0,0,1,0,0,0,0,0,1,aleatorio,1
19,1,60,0,0,0,0,0,1,0,0,1,0,aleatorio,0
67,1,2,0,0,0,0,0,0,1,0,0,0,aleatorio,0
58,1,103,0,0,0,0,0,0,1,0,0,0,aleatorio,0
25,4,8,1,0,0,1,1,0,1,0,0,2,aleatorio,2
56,2,22,1,0,0,0,0,0,1,3,4,1,aleatorio,1
37,6,2,1,1,1,1,1,0,0,0,0,2,aleatorio,2
54,2,44,0,0,0,0,1,1,0,0,0,0,aleatorio,0
47,3,12,1,0,1,1,0,0,1,0,0,2,aleatorio,2
23,1,39,0,0,0,0,1,0,0,2,2,1,aleatorio,1
57,5,6,1,0,1,1,1,0,1,0,0,2,aleatorio,2
66,3,42,0,0,0,0,1,1,1,0,1,0,aleatorio,0
49,1,19,0,0,0,0,0,1,0,1,1,1,aleatorio,1
51,1,34,0,0,0,0,0,0,1,0,0,0,aleatorio,0
63,6,6,1,1,1,1,0,1,1,0,0,2,aleatorio,2
29,1,56,0,0,0,0,0,0,1,0,0,0,aleatorio,0
37,3,36,0,1,0,1,0,0,0,1,1,2,aleatorio,2
70,1,32,0,0,0,0,0,1,0,0,0,0,aleatorio,0
60,1,248,0,0,0,0,0,0,1,0,0,0,aleatorio,0
49,1,14,0,0,0,0,1,0,0,0,2,0,aleatorio,0
44,1,321,0,0,0,0,1,0,0,0,0,0,aleatorio,0
55,3,10,1,1,0,1,0,1,0,0,1,1,aleatorio,2
22,6,2,1,0,1,0,1,1,1,0,0,2,aleatorio,2
44,2,2,1,0,0,0,1,1,0,0,0,1,aleatorio,1
30,5,1,1,1,1,1,1,0,1,0,0,0,aleatorio,2
65,5,6,1,1,1,0,0,1,0,0,0,2,aleatorio,2
60,2,9,1,1,0,0,0,1,0,1,1,2,aleatorio,2
18,6,1,1,0,1,1,1,1,1,0,0,2,aleatorio,2
60,3,13,1,0,0,0,0,1,0,1,1,2,aleatorio,2
63,6,14,1,0,1,1,1,0,1,1,2,2,aleatorio,2
58,2,29,1,0,0,1,0,0,0,0,0,2,aleatorio,2
45,1,19,0,0,0,0,1,0,0,0,0,0,aleatorio,0
39,1,51,0,0,0,0,0,1,0,0,0,0,aleatorio,0
20,1,142,0,0,0,0,1,0,0,0,0,1,aleatorio,0
24,5,32,0,0,0,1,1,1,0,0,0,1,aleatorio,1
32,1,47,0,0,0,0,1,0,0,0,0,2,aleatorio,0
27,1,90,0,0,0,0,0,1,0,0,0,0,aleatorio,0
33,5,8,1,0,0,0,1,1,1,0,0,1,aleatorio,1
28,5,34,0,0,0,0,1,1,0,0,0,0,aleatorio,0
20,6,7,1,1,0,1,1,1,0,1,1,2,aleatorio,2
42,1,7,0,1,0,0,0,0,0,1,1,0,aleatorio,2
61,3,6,1,0,0,1,1,0,0,0,0,2,aleatorio,2
58,1,15,0,0,0,0,0,1,0,0,0,0,aleatorio,0
58,1,196,0,0,0,0,0,0,1,2,3,1,aleatorio,1
30,2,43,0,0,0,0,1,1,0,0,0,0,aleatorio,0
48,2,0,1,0,0,1,0,1,0,1,1,1,aleatorio,2
36,3,14,1,0,1,1,0,0,1,0,0,2,aleatorio,2
46,1,106,0,0,0,0,1,0,0,0,0,0,aleatorio,0
63,5,5,1,0,1,0,1,0,1,0,0,2,aleatorio,2
36,5,4,1,1,0,0,1,1,0,0,0,2,aleatorio,2
59,1,19,0,0,0,0,1,0,0,0,0,0,aleatorio,0
48,2,43,0,0,0,0,1,1,0,0,0,0,aleatorio,0
62,1,107,0,0,0,0,0,0,1,0,1,0,aleatorio,0
20,2,55,0,0,0,1,1,0,0,0,0,1,aleatorio,1
28,1,262,0,0,0,0,0,0,1,0,1,0,aleatorio,0
47,1,14,0,0,0,0,1,0,0,0,0,0,aleatorio,0
26,3,2,1,1,0,1,1,0,0,0,0,2,aleatorio,2
69,1,278,0,0,0,0,0,1,0,0,0,0,aleatorio,0
19,1,26,0,0,0,0,0,1,0,0,0,0,aleatorio,0
54,1,254,0,1,0,0,0,0,0,0,0,2,aleatorio,2
33,0,999,0,0,0,0,0,0,0,2,2,1,aleatorio,1
57,2,3,1,1,0,0,0,0,1,0,0,2,aleatorio,2
42,3,44,0,0,0,1,1,0,0,0,0,1,aleatorio,1
38,2,0,1,1,1,0,0,0,0,0,0,1,aleatorio,2
54,1,7,0,0,0,0,1,0,0,0,0,0,aleatorio,0
28,1,6,0,0,0,0,1,0,0,4,4,2,aleatorio,2
59,2,7,1,0,0,0,0,1,0,0,0,1,aleatorio,1
66,4,40,0,0,0,0,0,1,1,0,0,0,aleatorio,0
41,3,5,1,1,0,0,1,0,0,1,2,2,aleatorio,2
55,1,31,0,0,0,1,0,0,0,0,0,1,aleatorio,1
51,1,41,0,0,0,1,0,0,0,0,1,1,aleatorio,1
25,1,57,0,0,0,0,1,0,0,0,0,0,aleatorio,0
38,2,55,0,1,0,1,0,0,0,0,0,2,aleatorio,2
61,5,24,1,1,1,1,0,0,0,1,1,2,aleatorio,2
50,2,6,1,0,0,0,1,1,0,0,1,1,aleatorio,1
55,1,34,0,0,0,0,0,0,1,2,4,1,aleatorio,1
50,1,3,0,0,0,0,0,0,1,1,1,2,aleatorio,2
30,1,36,0,0,0,0,0,1,0,2,2,1,aleatorio,1
46,0,999,0,0,0,0,0,0,0,1,2,1,aleatorio,1
25,1,54,0,0,0,0,0,0,1,0,2,1,aleatorio,0
47,3,11,1,1,0,1,0,0,1,3,4,2,aleatorio,2
54,1,18,0,0,0,0,1,0,0,0,0,0,aleatorio,0
69,2,35,0,0,0,1,1,0,0,0,0,1,aleatorio,1
65,1,4,0,0,0,0,0,1,0,0,0,0,aleatorio,0
69,6,1,1,1,1,1,1,0,1,0,0,2,aleatorio,2
56,1,10,0,0,0,0,0,1,0,3,3,2,aleatorio,2
29,3,7,1,0,0,0,1,0,1,0,1,1,aleatorio,1
39,4,10,1,0,0,1,0,0,1,0,0,2,aleatorio,2
35,2,3,1,0,0,0,0,1,1,0,1,0,aleatorio,1
55,2,0,1,1,0,0,0,0,1,0,0,2,aleatorio,2
25,2,51,0,0,0,1,0,0,1,0,1,1,aleatorio,1
59,1,147,0,0,0,0,0,1,0,2,2,1,aleatorio,1
32,4,0,1,0,1,1,1,1,0,3,4,2,aleatorio,2
62,1,4,0,0,0,0,1,0,0,0,0,0,aleatorio,0
19,2,35,0,0,0,0,1,0,1,0,0,1,aleatorio,0
51,2,2,1,0,0,1,0,1,0,0,1,2,aleatorio,2
36,3,27,1,1,0,0,0,1,1,0,0,2,aleatorio,2
53,1,5,0,0,0,0,0,0,1,3,3,2,aleatorio,2
29,1,10,0,0,0,0,1,0,0,0,0,0,aleatorio,0
40,2,24,1,1,0,0,0,1,0,0,0,2,aleatorio,2
66,3,5,1,0,0,0,1,0,1,1,2,1,aleatorio,2
49,2,31,0,0,0,0,1,0,0,0,0,0,aleatorio,0
70,2,38,0,0,0,0,1,1,0,1,1,1,aleatorio,1
44,1,12,0,0,0,0,0,1,0,0,0,0,aleatorio,0
45,0,999,0,0,0,0,0,0,0,1,1,1,aleatorio,1
59,2,15,1,1,0,0,1,0,0,0,0,2,aleatorio,2
30,1,264,0,0,0,0,0,1,0,0,0,0,aleatorio,0
18,3,2,1,0,0,0,1,1,0,0,0,1,aleatorio,1
69,1,24,0,0,0,0,0,0,1,0,0,0,aleatorio,0
63,1,3,0,0,0,0,0,1,0,0,0,0,aleatorio,0
37,1,43,0,0,0,0,0,1,0,0,0,0,aleatorio,0
22,1,26,0,0,0,0,0,0,1,1,2,1,aleatorio,1
35,3,3,1,0,0,0,1,1,0,1,1,2,aleatorio,2
56,1,269,0,0,0,0,0,1,0,0,0,0,aleatorio,0
22,1,28,0,0,0,1,0,0,0,0,0,1,aleatorio,1
39,2,67,0,0,0,0,1,0,0,0,0,0,aleatorio,0
63,1,8,0,0,0,0,1,0,0,0,1,0,aleatorio,0
43,1,50,0,0,0,0,0,0,1,0,0,0,aleatorio,0
40,1,42,0,0,0,0,1,0,0,0,0,0,aleatorio,0
25,3,32,0,0,0,1,0,1,1,0,0,1,aleatorio,1
45,3,32,0,1,0,0,1,0,0,0,0,2,aleatorio,2
64,1,238,0,0,0,0,0,0,1,0,0,0,aleatorio,0
36,1,334,0,0,0,0,0,1,0,0,0,1,aleatorio,0
59,1,60,0,1,0,0,0,0,0,0,0,2,aleatorio,2
68,2,5,1,0,0,1,0,0,0,1,3,2,aleatorio,2
20,1,4,0,0,0,0,1,0,0,2,2,2,aleatorio,2
49,2,8,1,0,0,1,1,0,0,2,3,2,aleatorio,2
65,5,21,1,0,1,0,1,1,0,0,0,2,aleatorio,2
34,3,21,1,0,1,0,1,1,0,0,0,2,aleatorio,2
68,2,1,1,1,1,0,0,0,0,1,1,2,aleatorio,2
68,3,76,0,0,0,0,1,1,1,0,0,0,aleatorio,0
36,1,7,0,0,0,0,0,1,0,0,0,0,aleatorio,0
60,2,6,1,0,0,0,1,0,1,0,0,1,aleatorio,1
34,3,60,0,0,0,0,1,1,1,0,0,0,aleatorio,0
28,2,31,0,0,0,0,0,1,1,0,0,0,aleatorio,0
63,2,1,1,0,1,0,0,1,0,2,2,2,aleatorio,2
49,3,2,1,0,1,1,0,0,0,0,0,2,aleatorio,2
22,1,20,0,0,0,0,0,1,0,1,1,1,aleatorio,1
32,6,0,1,1,1,0,1,1,0,0,0,2,aleatorio,2
60,1,313,0,0,0,1,0,0,0,0,1,1,aleatorio,1
52,1,111,0,0,0,1,0,0,0,0,0,1,aleatorio,1
18,4,1,1,0,0,0,1,1,0,2,2,2,aleatorio,2
45,2,91,0,0,0,1,0,0,1,2,2,1,aleatorio,1
67,1,14,0,0,0,0,0,1,0,0,1,0,aleatorio,0
52,3,38,0,0,0,0,1,1,0,0,0,0,aleatorio,0
65,2,6,1,0,0,0,0,1,0,0,0,1,aleatorio,1
47,1,24,0,0,0,0,0,0,1,1,1,1,aleatorio,1
59,1,56,0,0,0,0,1,0,0,0,0,0,aleatorio,0
33,2,11,1,0,1,0,1,0,0,1,1,2,aleatorio,2
54,3,7,1,0,1,0,0,1,0,0,0,2,aleatorio,2
40,3,1,1,0,1,0,0,1,0,0,0,2,aleatorio,2
27,2,0,1,1,1,0,0,0,0,0,1,2,aleatorio,2
25,1,280,0,0,0,0,0,0,1,0,0,0,aleatorio,0
30,3,10,1,0,1,1,0,0,1,0,0,2,aleatorio,2
65,5,8,1,1,0,0,1,1,0,1,4,2,aleatorio,2
48,1,253,0,0,0,0,0,1,0,0,0,1,aleatorio,0
40,1,40,0,0,0,0,0,1,0,0,0,0,aleatorio,0
56,1,365,0,0,0,0,0,1,0,0,0,0,aleatorio,0
59,1,239,0,0,0,1,0,0,0,0,0,1,aleatorio,1
23,1,138,0,0,0,0,1,0,0,0,0,0,aleatorio,0
69,5,2,1,0,0,0,1,1,1,0,0,1,aleatorio,1
54,6,11,1,0,0,1,1,1,1,0,0,2,aleatorio,2
61,2,6,1,0,0,0,0,1,1,0,2,1,aleatorio,1
29,1,1,0,0,0,0,0,1,0,0,0,1,aleatorio,0
38,3,11,1,0,0,0,1,1,0,0,0,1,aleatorio,1
45,1,362,0,0,0,0,0,0,1,3,3,1,aleatorio,1
54,1,4,0,0,0,0,1,0,0,0,0,0,aleatorio,0
39,3,9,1,0,0,0,1,1,1,2,3,2,aleatorio,2
26,1,197,0,0,0,0,0,0,1,0,1,0,aleatorio,0
20,4,19,1,0,0,0,1,1,1,0,0,1,aleatorio,1
70,1,37,0,0,0,0,1,0,0,0,0,0,aleatorio,0
66,1,40,0,0,0,0,1,0,0,0,0,0,aleatorio,0
70,4,2,1,0,0,0,1,1,1,0,0,1,aleatorio,1
39,2,6,1,0,0,0,1,0,0,0,0,1,aleatorio,1
60,3,93,0,0,0,0,1,1,0,0,0,1,aleatorio,0
57,6,13,1,1,0,1,1,1,1,0,0,2,aleatorio,2
20,1,37,0,0,0,0,1,0,0,0,0,0,aleatorio,0
53,1,12,0,0,0,1,0,0,0,0,0,1,aleatorio,1
70,2,12,1,0,0,0,0,1,1,0,0,1,aleatorio,1
43,5,19,1,0,0,0,1,1,1,0,0,1,aleatorio,1
32,2,8,1,0,0,0,1,0,1,0,0,1,aleatorio,1
55,1,0,0,0,0,0,0,1,0,0,1,1,aleatorio,0
29,4,2,1,1,0,1,1,0,0,1,1,2,aleatorio,2
70,3,4,1,0,0,1,0,1,0,0,0,2,aleatorio,2
25,4,28,1,0,0,1,0,1,0,0,0,2,aleatorio,2
56,2,5,1,1,1,0,0,0,0,1,1,2,aleatorio,2
40,1,55,0,0,0,1,0,0,0,0,0,1,aleatorio,1
34,1,5,0,0,0,0,0,1,0,0,0,0,aleatorio,0
20,5,3,1,1,1,0,1,1,0,1,1,2,aleatorio,2
33,3,0,1,1,0,1,0,0,1,1,1,2,aleatorio,2
64,3,11,1,0,0,0,0,1,1,1,2,1,aleatorio,2
51,2,0,1,0,0,1,1,0,0,0,0,2,aleatorio,2
70,1,36,0,0,0,0,0,1,0,0,0,0,aleatorio,0
44,2,115,0,0,0,0,1,0,1,0,0,2,aleatorio,0
31,1,46,0,0,0,0,0,1,0,3,3,1,aleatorio,1
53,5,9,1,1,1,1,1,0,0,1,1,2,aleatorio,2
45,1,7,0,0,0,0,1,0,0,0,0,0,aleatorio,0
67,2,6,1,1,0,0,0,1,0,1,2,2,aleatorio,2
59,1,24,0,0,0,0,1,0,0,0,0,0,aleatorio,0
39,2,43,0,0,0,1,0,0,1,0,0,1,aleatorio,1
47,1,13,0,0,0,0,0,1,0,0,0,0,aleatorio,0
69,2,17,1,0,0,0,0,0,1,0,0,1,aleatorio,1
69,2,57,0,0,0,0,0,1,1,0,0,0,aleatorio,0
27,1,51,0,0,1,0,0,0,0,0,0,1,aleatorio,2
59,1,384,0,0,0,1,0,0,0,0,0,0,aleatorio,1
69,2,12,1,1,0,0,1,0,0,1,1,2,aleatorio,2
61,3,0,1,0,0,0,1,0,1,0,0,1,aleatorio,1
64,2,58,0,0,0,1,0,0,1,1,1,1,aleatorio,1
26,1,38,0,0,0,0,0,1,0,0,0,0,aleatorio,0
70,2,14,1,0,0,0,1,0,1,0,2,1,aleatorio,1
25,1,280,0,0,0,0,1,0,0,0,0,0,aleatorio,0
27,6,4,1,1,0,1,0,0,1,0,0,2,aleatorio,2
33,2,18,1,0,0,0,1,1,0,0,0,1,aleatorio,1
42,1,38,0,0,0,1,0,0,0,1,1,1,aleatorio,1
31,2,3,1,0,1,0,0,0,1,2,4,2,aleatorio,2
39,2,6,1,1,0,0,0,1,0,0,0,2,aleatorio,2
53,1,38,0,0,0,1,0,0,0,1,1,0,aleatorio,1
27,3,73,0,0,0,1,0,1,1,3,3,1,aleatorio,1
47,1,349,0,0,0,0,1,0,0,0,0,0,aleatorio,0
43,5,6,1,0,0,0,1,1,1,0,0,1,aleatorio,1
57,3,20,1,0,1,0,0,0,1,1,1,2,aleatorio,2
21,4,18,1,0,1,1,0,1,0,0,0,1,aleatorio,2
60,1,0,0,0,0,0,0,0,1,0,0,0,aleatorio,0
23,1,87,0,0,0,0,0,1,0,0,0,0,aleatorio,0
57,1,350,0,0,0,1,0,0,0,0,0,1,aleatorio,1
54,1,14,0,0,0,0,1,0,0,0,0,0,aleatorio,0
65,1,207,0,0,0,0,0,1,0,0,0,0,aleatorio,0
68,2,11,1,0,0,0,1,0,0,0,0,0,aleatorio,1
61,2,14,1,1,0,0,0,1,0,1,1,2,aleatorio,2
42,2,7,1,0,0,0,0,1,1,0,1,1,aleatorio,1
39,1,188,0,0,0,0,0,0,1,0,0,0,aleatorio,0
20,1,23,0,0,0,0,0,0,1,0,1,0,aleatorio,0
48,5,44,0,1,0,0,1,1,1,0,0,2,aleatorio,2
46,4,3,1,0,0,0,0,1,1,0,0,1,aleatorio,1
59,1,53,0,0,0,0,0,0,1,0,0,0,aleatorio,0
24,1,88,0,0,0,0,0,1,0,1,1,1,aleatorio,1
24,3,8,1,0,0,0,1,1,0,0,0,1,aleatorio,1
63,1,11,0,0,0,0,0,1,0,0,0,0,aleatorio,0
56,3,10,1,0,0,0,1,1,0,1,1,2,aleatorio,2
66,1,3,0,0,1,0,0,0,0,1,1,2,aleatorio,2
23,2,37,0,0,0,0,0,1,1,0,0,0,aleatorio,0
50,4,4,1,0,1,0,0,1,1,0,0,2,aleatorio,2
67,1,275,0,1,0,0,0,0,0,2,2,1,aleatorio,2
48,1,31,0,0,0,0,0,0,1,1,3,1,aleatorio,1
60,1,47,0,0,0,0,0,1,0,1,1,1,aleatorio,1
62,1,3,0,0,0,0,0,1,0,0,0,1,aleatorio,0
57,3,6,1,1,1,0,0,1,0,0,0,2,aleatorio,2
53,2,10,1,0,0,0,1,1,0,0,0,1,aleatorio,1
34,5,9,1,1,0,1,1,0,1,0,0,2,aleatorio,2
62,2,45,0,0,0,1,0,0,1,0,0,1,aleatorio,1
29,1,0,0,0,0,1,0,0,0,0,0,2,aleatorio,1
65,1,174,0,0,0,1,0,0,0,0,0,2,aleatorio,1
47,3,13,1,1,1,0,1,0,0,0,0,2,aleatorio,2
35,2,49,0,0,0,1,0,0,1,0,0,1,aleatorio,1
52,3,23,1,1,1,0,0,0,0,0,0,2,aleatorio,2
61,6,19,1,0,1,0,1,1,1,0,0,2,aleatorio,2
32,1,216,0,0,0,0,0,1,0,1,2,1,aleatorio,1
53,4,0,1,0,1,1,0,1,0,0,0,2,aleatorio,2
53,0,999,0,0,0,0,0,0,0,1,1,1,aleatorio,1
45,6,2,1,0,0,1,1,0,1,0,0,2,aleatorio,2
44,5,3,1,1,0,1,0,0,0,0,0,2,aleatorio,2
59,3,29,1,1,0,0,1,0,1,4,4,2,aleatorio,2
19,1,26,0,0,1,0,0,0,0,0,0,2,aleatorio,2
42,1,31,0,0,0,0,0,0,1,0,0,0,aleatorio,0
31,2,4,1,0,0,1,0,1,0,0,0,0,aleatorio,2
34,4,23,1,1,0,1,0,1,0,0,0,2,aleatorio,2
32,3,2,1,0,0,0,0,1,1,0,0,1,aleatorio,1
65,1,60,0,0,0,0,0,1,0,4,4,1,aleatorio,1
37,2,103,0,0,0,1,1,0,0,0,0,1,aleatorio,1
25,4,8,1,1,1,0,0,1,0,1,1,2,aleatorio,2
20,1,73,0,0,0,1,0,0,0,0,0,1,aleatorio,1
39,1,9,0,0,0,1,0,0,0,0,0,1,aleatorio,1
32,4,13,1,1,0,0,1,1,1,0,0,2,aleatorio,2
26,3,9,1,0,0,0,0,1,1,0,0,1,aleatorio,1
37,6,6,1,1,0,1,1,0,0,0,0,2,aleatorio,2
31,2,19,1,1,0,0,0,0,0,2,2,2,aleatorio,2
18,4,8,1,0,1,0,1,0,1,0,0,2,aleatorio,2
29,1,60,0,0,0,0,0,0,1,0,0,0,aleatorio,0
29,1,68,0,0,0,0,0,1,0,0,0,0,aleatorio,0
53,1,33,0,0,0,0,1,0,0,0,0,1,aleatorio,0
27,4,23,1,1,0,0,1,1,0,0,0,2,aleatorio,2
60,1,286,0,0,0,0,0,0,1,0,0,0,aleatorio,0
34,1,50,0,0,0,0,1,0,0,1,1,1,aleatorio,1
43,2,1,1,0,0,0,0,1,1,0,0,1,aleatorio,1
41,1,116,0,0,0,0,0,1,0,0,0,0,aleatorio,0
48,1,2,0,0,0,0,0,1,0,0,0,0,aleatorio,0
24,1,9,0,0,0,0,1,0,0,0,0,0,aleatorio,0
42,1,7,0,0,0,1,0,0,0,0,0,1,aleatorio,1
40,1,33,0,0,0,1,0,0,0,2,2,1,aleatorio,1
69,3,9,1,0,1,0,0,0,1,0,0,2,aleatorio,2
41,1,2,0,0,0,0,0,0,1,0,0,0,aleatorio,0
55,3,3,1,1,0,0,0,1,0,0,0,2,aleatorio,2
43,3,11,1,0,0,0,0,1,1,0,0,1,aleatorio,1
30,2,11,1,0,0,0,1,1,0,0,0,1,aleatorio,1
53,5,12,1,1,0,1,1,0,1,0,0,2,aleatorio,2
38,3,12,1,0,1,1,0,0,1,0,0,2,aleatorio,2
38,5,9,1,0,1,0,1,1,0,2,2,2,aleatorio,2
53,2,56,0,0,0,1,0,1,0,0,0,1,aleatorio,1
33,4,35,0,0,0,0,1,1,0,1,2,0,aleatorio,1
23,2,50,0,0,0,0,0,0,1,0,0,0,aleatorio,0
28,3,3,1,0,1,1,1,0,0,0,0,2,aleatorio,2
36,1,50,0,0,0,0,0,0,1,0,0,0,aleatorio,0
45,3,19,1,0,1,0,0,0,1,0,0,2,aleatorio,2
24,4,25,1,0,1,1,1,1,0,0,0,2,aleatorio,2
21,1,319,0,0,0,0,0,1,0,0,0,0,aleatorio,0
67,1,250,0,0,1,0,0,0,0,0,0,2,aleatorio,2
26,1,199,0,0,0,0,0,1,0,0,0,0,aleatorio,0
27,4,10,1,0,1,1,1,0,0,0,0,2,aleatorio,2
60,1,10,0,0,0,0,0,0,1,0,0,0,aleatorio,0
25,1,79,0,0,0,0,1,0,0,1,1,1,aleatorio,1
62,3,50,0,0,1,1,0,0,0,1,1,2,aleatorio,2
67,3,146,0,0,0,0,1,1,0,0,0,0,aleatorio,0
30,1,60,0,0,0,0,1,0,0,0,0,0,aleatorio,0
45,3,9,1,1,1,0,0,1,0,0,0,2,aleatorio,2
20,2,1,1,0,0,0,1,0,1,0,0,1,aleatorio,1
19,3,8,1,0,1,1,1,0,0,1,1,2,aleatorio,2
37,6,0,1,0,1,1,1,1,0,0,0,0,aleatorio,2
37,1,10,0,0,0,0,0,0,1,0,0,0,aleatorio,0
61,5,17,1,1,0,0,1,0,1,1,1,2,aleatorio,2
68,1,180,0,0,0,0,0,1,0,0,0,0,aleatorio,0
69,2,47,0,0,0,1,0,1,0,0,0,1,aleatorio,1
36,1,394,0,0,0,1,0,0,0,0,0,1,aleatorio,1
25,1,10,0,0,0,0,1,0,0,0,0,2,aleatorio,0
40,0,999,0,0,0,0,0,0,0,2,2,1,aleatorio,1
45,2,14,1,1,0,0,0,0,1,0,0,2,aleatorio,2
55,1,164,0,0,0,0,0,0,1,0,0,0,aleatorio,0
37,1,0,0,0,0,0,0,1,0,0,0,0,aleatorio,0
33,1,9,0,0,0,0,1,0,0,0,0,0,aleatorio,0
21,1,159,0,0,0,0,0,1,0,0,0,0,aleatorio,0
20,1,312,0,0,0,0,0,0,1,0,0,0,aleatorio,0
25,2,14,1,0,0,0,1,0,0,0,0,1,aleatorio,1
26,2,42,0,1,0,0,0,0,0,1,1,2,aleatorio,2
38,1,58,0,0,0,0,1,0,0,0,0,0,aleatorio,0
53,3,113,0,1,0,0,0,1,1,1,1,2,aleatorio,2
52,5,8,1,0,1,1,1,1,0,0,0,2,aleatorio,2
23,2,4,1,0,0,0,0,1,0,0,0,2,aleatorio,1
30,4,7,1,0,1,1,1,1,0,2,2,2,aleatorio,2
55,1,49,0,0,0,1,0,0,0,0,0,1,aleatorio,1
38,2,51,0,0,0,1,0,0,1,2,3,1,aleatorio,1
46,5,14,1,1,0,1,0,1,1,0,0,2,aleatorio,2
41,2,41,0,0,0,1,0,0,0,0,0,1,aleatorio,1
49,1,302,0,0,0,0,0,1,0,2,3,1,aleatorio,1
39,4,4,1,0,1,0,1,1,1,0,0,2,aleatorio,2
34,3,9,1,1,0,0,1,1,0,0,0,2,aleatorio,2
37,1,61,0,0,0,0,0,1,0,0,0,0,aleatorio,0
53,1,126,0,0,0,0,0,1,0,0,0,0,aleatorio,0
65,1,374,0,0,0,0,1,0,0,0,0,0,aleatorio,0
45,2,8,1,0,0,0,1,0,1,0,0,2,aleatorio,1
62,3,13,1,1,0,0,1,0,1,1,1,0,aleatorio,2
25,5,0,1,0,0,0,1,1,1,0,0,1,aleatorio,1
27,3,43,0,0,0,0,0,1,1,1,1,1,aleatorio,1
35,1,76,0,0,0,0,0,0,1,0,0,0,aleatorio,0
33,1,132,0,0,0,0,1,0,0,0,0,0,aleatorio,0
46,6,1,1,1,0,1,0,1,1,2,3,0,aleatorio,2
64,1,302,0,0,1,0,0,0,0,0,0,2,aleatorio,2
65,3,16,1,0,0,1,0,0,1,2,2,2,aleatorio,2
64,4,7,1,1,0,1,1,0,0,0,0,2,aleatorio,2
58,1,154,0,0,0,1,0,0,0,2,2,1,aleatorio,1
31,2,4,1,0,0,0,0,1,0,0,0,1,aleatorio,1
37,1,48,0,0,0,0,0,0,1,1,1,1,aleatorio,1
28,5,6,1,0,1,1,0,0,1,0,1,2,aleatorio,2
58,1,55,0,0,0,0,0,0,1,0,0,0,aleatorio,0
50,1,255,0,0,0,0,0,0,1,0,1,0,aleatorio,0
20,2,8,1,0,0,0,0,1,1,4,4,0,aleatorio,2
42,5,0,1,1,0,0,0,1,1,3,3,2,aleatorio,2
65,2,3,1,1,1,0,0,0,0,0,0,2,aleatorio,2
25,1,14,0,0,0,0,1,0,0,0,0,0,aleatorio,0
52,1,4,0,0,0,0,1,0,0,1,1,2,aleatorio,2
35,2,29,1,0,0,0,1,1,0,0,1,1,aleatorio,1
25,2,50,0,0,0,1,0,0,0,0,0,1,aleatorio,1
48,4,42,0,0,0,1,1,1,1,3,3,1,aleatorio,1
36,1,3,0,1,0,0,0,0,0,0,0,2,aleatorio,2
68,2,36,0,0,0,0,1,1,0,0,1,0,aleatorio,0
54,5,27,1,1,0,1,1,1,0,0,1,2,aleatorio,2
66,6,8,1,1,1,0,1,1,0,2,2,2,aleatorio,2
56,1,307,0,0,0,0,0,1,0,0,1,0,aleatorio,0
42,1,21,0,0,0,0,0,1,0,0,0,1,aleatorio,0
36,3,3,1,0,0,0,1,0,1,0,0,1,aleatorio,1
43,2,11,1,0,0,0,0,1,1,0,0,0,aleatorio,1
51,2,46,0,0,0,0,0,0,1,0,0,0,aleatorio,0
19,1,32,0,0,0,0,0,0,1,0,2,0,aleatorio,0
61,3,6,1,0,0,0,1,0,1,0,0,1,aleatorio,1
31,3,28,1,0,0,0,0,1,1,0,0,1,aleatorio,1
18,1,43,0,0,0,1,0,0,0,0,0,1,aleatorio,1
40,1,286,0,0,0,0,0,0,1,0,0,0,aleatorio,0
64,2,2,1,1,0,0,1,0,0,0,0,2,aleatorio,2
67,3,27,1,0,0,0,1,0,0,2,2,1,aleatorio,1
45,1,54,0,0,0,0,0,1,0,0,0,0,aleatorio,0
43,2,9,1,0,0,0,1,1,0,0,0,1,aleatorio,1
44,1,1,0,0,1,0,0,0,0,1,1,2,aleatorio,2
46,6,9,1,1,0,1,0,1,1,0,0,2,aleatorio,2
69,1,93,0,0,0,0,0,0,1,0,1,2,aleatorio,0
28,2,58,0,0,0,0,1,0,0,0,0,0,aleatorio,0
31,5,4,1,1,0,1,1,1,0,1,1,1,aleatorio,2
28,2,5,1,0,0,0,0,1,1,0,0,1,aleatorio,1
50,5,10,1,0,0,1,1,0,1,0,0,2,aleatorio,2
59,1,48,0,0,0,0,1,0,0,0,0,0,aleatorio,0
30,1,47,0,0,0,1,0,0,0,0,0,1,aleatorio,1
52,1,193,0,0,0,0,1,0,0,0,0,0,aleatorio,0
25,1,26,0,0,0,0,0,0,1,0,0,0,aleatorio,0
64,1,7,0,0,0,0,1,0,0,0,0,0,aleatorio,0
39,1,353,0,0,0,0,0,1,0,0,0,0,aleatorio,0
53,5,0,1,0,0,1,0,1,1,0,0,2,aleatorio,2
68,2,237,0,0,1,1,0,0,0,0,0,2,aleatorio,2
34,1,362,0,0,0,0,0,1,0,0,0,0,aleatorio,0
55,3,6,1,0,0,0,1,0,1,0,0,1,aleatorio,1
21,1,384,0,0,0,0,0,0,1,0,0,1,aleatorio,0
46,4,6,1,0,1,0,1,1,1,0,0,0,aleatorio,2
27,1,35,0,0,0,0,0,1,0,0,0,0,aleatorio,0
36,3,59,0,0,0,1,1,0,1,0,0,1,aleatorio,1
45,1,314,0,0,0,0,0,1,0,0,0,2,aleatorio,0
32,1,24,0,0,0,0,0,0,1,0,0,0,aleatorio,0
45,1,48,0,0,0,1,0,0,0,0,0,1,aleatorio,1
34,1,52,0,0,0,0,1,0,0,0,0,0,aleatorio,0
68,3,4,1,1,0,1,1,0,0,0,0,2,aleatorio,2
55,1,6,0,0,0,0,0,1,0,1,2,2,aleatorio,2
20,1,326,0,0,0,1,0,0,0,0,0,1,aleatorio,1
57,1,158,0,0,0,0,0,0,1,0,0,0,aleatorio,0
28,2,43,0,0,0,0,1,1,0,0,0,0,aleatorio,0
31,2,82,0,0,0,0,0,1,0,0,0,0,aleatorio,0
20,2,45,0,0,0,1,0,1,0,0,0,1,aleatorio,1
67,1,260,0,0,0,0,0,0,1,0,0,0,aleatorio,0
63,2,24,1,0,0,0,1,1,0,0,0,1,aleatorio,1
23,1,46,0,0,0,0,1,0,0,0,0,0,aleatorio,0
37,5,0,1,0,1,0,1,1,1,0,0,2,aleatorio,2
44,3,50,0,0,0,0,1,0,0,0,0,0,aleatorio,0
27,3,9,1,0,1,0,0,1,0,0,0,2,aleatorio,2
56,1,11,0,0,0,0,1,0,0,0,0,0,aleatorio,0
24,3,10,1,0,0,0,1,1,0,0,0,1,aleatorio,1
53,1,14,0,0,0,0,1,0,0,0,0,0,aleatorio,0
33,3,15,1,0,1,0,1,0,0,1,1,2,aleatorio,2
42,6,2,1,1,1,1,1,1,0,0,0,2,aleatorio,2
48,2,203,0,1,0,1,0,0,0,0,0,2,aleatorio,2
49,1,53,0,0,0,1,0,0,0,0,0,1,aleatorio,1
29,3,1,1,1,0,1,1,0,0,0,0,2,aleatorio,2
62,3,58,0,1,0,0,1,1,0,0,0,2,aleatorio,2
50,5,13,1,0,1,0,1,1,1,0,0,2,aleatorio,2
39,2,93,0,0,0,0,0,1,0,4,4,1,aleatorio,1
46,5,3,1,0,0,0,1,1,1,0,0,1,aleatorio,1
31,2,185,0,0,0,0,0,1,0,0,0,0,aleatorio,0
69,1,319,0,1,0,0,0,0,0,0,0,2,aleatorio,2
33,3,37,0,1,0,1,0,1,0,1,1,2,aleatorio,2
55,1,40,0,0,0,0,0,1,0,0,0,0,aleatorio,0
23,5,8,1,1,0,1,1,0,1,0,0,0,aleatorio,2
30,5,20,1,0,0,1,0,0,1,0,0,2,aleatorio,2
62,2,44,0,0,0,0,0,1,1,0,0,0,aleatorio,0
21,1,45,0,1,0,0,0,0,0,0,0,2,aleatorio,2
44,2,2,1,1,0,0,1,0,0,2,2,2,aleatorio,2
39,1,11,0,0,0,0,1,0,0,0,0,0,aleatorio,0
30,6,12,1,1,1,0,1,1,1,0,0,2,aleatorio,2
33,3,111,0,0,0,0,1,0,1,0,0,0,aleatorio,0
66,6,0,1,0,0,1,1,1,1,2,2,2,aleatorio,2
41,1,11,0,0,0,0,0,0,1,0,0,0,aleatorio,0
35,1,11,0,0,0,1,0,0,0,0,0,1,aleatorio,1
62,5,49,0,0,0,0,1,0,1,2,3,1,aleatorio,1
44,2,15,1,0,0,0,0,1,1,0,0,1,aleatorio,1
68,1,32,0,0,0,1,0,0,0,2,2,1,aleatorio,1
34,2,38,0,0,0,0,0,1,1,1,2,1,aleatorio,1
63,1,12,0,0,0,1,0,0,0,0,0,1,aleatorio,1
27,4,8,1,1,1,0,0,0,1,0,0,1,aleatorio,2
46,1,15,0,0,1,0,0,0,0,1,2,0,aleatorio,2
56,2,57,0,0,0,0,0,0,1,0,0,0,aleatorio,0
37,1,43,0,0,0,1,0,0,0,0,0,1,aleatorio,1
26,2,117,0,1,0,0,1,0,0,0,0,2,aleatorio,2
59,1,27,0,0,0,1,0,0,0,1,1,1,aleatorio,1
24,6,2,1,1,1,0,1,1,1,0,0,2,aleatorio,2
68,4,11,1,1,1,0,1,0,0,1,1,2,aleatorio,2
56,1,4,0,0,0,0,0,1,0,0,0,0,aleatorio,0
31,5,9,1,1,1,0,1,1,1,0,0,2,aleatorio,2
25,1,199,0,0,0,0,0,0,1,0,0,0,aleatorio,0
49,1,138,0,0,0,0,1,0,0,0,0,0,aleatorio,0
24,1,4,0,0,0,0,1,0,0,0,0,0,aleatorio,0
30,4,71,0,1,1,0,1,1,0,1,1,2,aleatorio,2
48,6,7,1,0,1,0,0,1,0,0,0,2,aleatorio,2
18,1,163,0,0,0,0,0,0,1,0,0,2,aleatorio,0
21,2,1,1,0,0,1,1,0,0,1,1,2,aleatorio,2
19,2,55,0,0,0,0,0,1,0,1,1,1,aleatorio,1
47,2,90,0,0,0,1,1,0,0,0,1,1,aleatorio,1
54,1,13,0,0,0,0,0,1,0,0,1,0,aleatorio,0
52,2,26,1,0,0,0,1,0,0,0,0,1,aleatorio,1
47,1,17,0,0,0,0,1,0,0,1,2,1,aleatorio,1
38,1,45,0,0,0,0,1,0,0,0,0,1,aleatorio,0
22,2,15,1,0,0,0,0,0,1,1,1,2,aleatorio,2
43,1,47,0,0,0,0,0,0,1,0,0,0,aleatorio,0
58,1,74,0,1,0,0,0,0,0,0,0,2,aleatorio,2
62,2,34,0,1,0,0,0,1,0,0,0,2,aleatorio,2
50,2,8,1,0,0,0,0,1,1,0,1,1,aleatorio,1
69,4,13,1,1,0,0,1,1,1,1,1,2,aleatorio,2
38,1,279,0,0,0,1,0,0,0,1,2,0,aleatorio,1
22,2,32,0,0,0,0,0,0,1,0,0,0,aleatorio,0
65,1,56,0,0,0,0,1,0,0,0,0,0,aleatorio,0
44,2,11,1,1,0,0,1,0,0,0,0,2,aleatorio,2
60,1,31,0,0,1,0,0,0,0,1,1,0,aleatorio,2
53,1,14,0,1,0,0,0,0,0,0,0,2,aleatorio,2
39,2,28,1,0,0,0,0,1,0,0,0,1,aleatorio,1
44,5,10,1,0,1,1,0,1,1,0,0,2,aleatorio,2
54,3,13,1,0,1,0,0,1,0,1,2,2,aleatorio,2
70,3,4,1,0,0,0,1,1,0,0,0,1,aleatorio,1
54,2,10,1,1,0,0,0,0,0,1,1,2,aleatorio,2
65,1,23,0,0,1,0,0,0,0,0,0,0,aleatorio,2
32,2,61,0,0,0,0,1,0,0,0,0,0,aleatorio,0
45,1,212,0,0,1,0,0,0,0,2,3,2,aleatorio,2
22,3,2,1,0,0,0,1,1,1,1,1,2,aleatorio,2
18,1,41,0,0,0,0,0,1,0,2,3,1,aleatorio,1
57,2,32,0,0,0,0,0,0,1,0,0,2,aleatorio,0
42,1,9,0,0,0,0,0,0,1,0,0,0,aleatorio,0
44,2,6,1,0,0,0,1,0,1,0,1,1,aleatorio,1
43,5,1,1,0,1,0,1,1,1,0,0,2,aleatorio,2
22,1,362,0,0,0,0,1,0,0,0,0,2,aleatorio,0
21,1,8,0,0,0,1,0,0,0,0,2,1,aleatorio,1
69,2,8,1,0,0,0,0,0,1,0,0,1,aleatorio,1
25,1,289,0,0,0,0,0,1,0,1,1,2,aleatorio,1
56,6,14,1,0,1,1,1,1,1,0,2,2,aleatorio,2
69,2,42,0,0,1,0,0,0,1,0,0,2,aleatorio,2
43,1,44,0,0,0,0,0,0,1,0,0,0,aleatorio,0
63,3,28,1,0,0,0,1,0,1,3,3,1,aleatorio,1
59,1,41,0,0,0,1,0,0,0,1,2,1,aleatorio,1
26,1,6,0,0,0,0,0,0,1,0,0,1,aleatorio,0
33,1,362,0,1,0,0,0,0,0,0,0,2,aleatorio,2
29,4,8,1,0,1,0,1,0,1,1,1,2,aleatorio,2
50,2,11,1,0,0,0,1,1,0,0,0,1,aleatorio,1
40,3,48,0,0,0,0,1,1,0,0,0,0,aleatorio,0
58,4,4,1,0,1,1,1,1,0,1,1,2,aleatorio,2
52,2,17,1,0,0,1,1,0,0,1,2,2,aleatorio,2
32,1,376,0,0,0,0,0,1,0,0,0,0,aleatorio,0
30,2,6,1,1,0,0,0,0,1,0,0,1,aleatorio,2
63,5,8,1,0,1,0,1,1,1,1,1,2,aleatorio,2
61,5,37,0,0,0,1,1,0,0,0,0,1,aleatorio,1
39,1,41,0,0,0,1,0,0,0,0,0,0,aleatorio,1
52,3,30,1,1,0,0,0,1,1,1,1,2,aleatorio,2
70,2,18,1,0,0,0,1,0,1,1,1,1,aleatorio,1
59,5,4,1,1,1,0,0,1,1,0,0,2,aleatorio,2
62,1,1,0,0,0,0,1,0,0,0,0,0,aleatorio,0
56,1,26,0,0,0,0,0,0,1,0,0,1,aleatorio,0
69,2,26,1,0,0,1,0,1,0,2,3,2,aleatorio,2
62,1,15,0,0,0,0,0,1,0,0,0,0,aleatorio,0
40,1,20,0,0,0,1,0,0,0,2,2,1,aleatorio,1
54,3,14,1,0,0,0,0,1,0,0,0,1,aleatorio,1
37,1,125,0,0,0,0,0,1,0,0,0,0,aleatorio,0
69,6,10,1,1,0,1,1,1,1,1,1,2,aleatorio,2
64,1,3,0,0,0,0,0,0,1,1,1,2,aleatorio,2
51,1,64,0,0,0,0,0,0,1,0,0,0,aleatorio,0
31,1,340,0,0,1,0,0,0,0,3,3,2,aleatorio,2
40,2,27,1,0,0,0,0,1,0,0,0,1,aleatorio,1
50,5,3,1,1,0,0,1,1,1,0,0,2,aleatorio,2
67,3,179,0,0,0,0,1,1,1,1,1,1,aleatorio,1
50,1,14,0,0,1,0,0,0,0,0,0,2,aleatorio,2
63,1,9,0,0,0,0,0,1,0,0,0,0,aleatorio,0
32,4,39,0,1,0,1,1,0,1,0,0,2,aleatorio,2
27,2,10,1,0,0,0,1,1,0,1,1,2,aleatorio,2
66,2,17,1,0,0,0,0,1,0,0,0,1,aleatorio,1
28,4,46,0,0,0,1,0,1,1,1,1,1,aleatorio,1
35,2,274,0,0,0,1,0,1,0,0,0,1,aleatorio,1
28,1,3,0,0,0,1,0,0,0,1,1,2,aleatorio,2
45,2,340,0,0,0,0,1,1,0,0,0,1,aleatorio,0
52,3,53,0,0,1,1,0,1,0,0,1,2,aleatorio,2
43,3,19,1,1,0,0,1,0,1,0,0,2,aleatorio,2
69,2,19,1,0,0,0,0,1,0,0,0,1,aleatorio,1
44,1,10,0,0,0,0,0,1,0,0,0,0,aleatorio,0
63,1,56,0,0,0,1,0,0,0,0,0,1,aleatorio,1
25,1,29,0,1,0,0,0,0,0,0,0,2,aleatorio,2
27,1,95,0,0,0,0,0,1,0,0,0,0,aleatorio,0
63,5,2,1,1,0,1,1,1,0,1,1,1,aleatorio,2
30,1,0,0,1,0,0,0,0,0,1,1,2,aleatorio,2
26,1,18,0,0,0,0,0,0,1,1,2,1,aleatorio,1
45,2,1,1,0,0,1,0,1,0,0,0,2,aleatorio,2
40,1,27,0,0,0,1,0,0,0,0,0,1,aleatorio,1
56,2,99,0,0,0,0,1,0,1,0,0,0,aleatorio,0
37,3,30,1,1,0,0,1,0,0,0,0,2,aleatorio,2
51,4,0,1,0,1,0,1,1,1,0,0,2,aleatorio,2
26,1,16,0,0,0,0,1,0,0,0,0,0,aleatorio,0
34,1,24,0,0,0,0,1,0,0,0,0,0,aleatorio,0
63,2,190,0,0,0,0,1,1,0,0,0,2,aleatorio,0
33,3,40,0,0,0,1,1,0,1,0,1,1,aleatorio,1
35,1,31,0,0,0,0,0,1,0,0,0,0,aleatorio,0
29,1,131,0,0,0,1,0,0,0,0,0,1,aleatorio,1
49,6,6,1,1,0,1,1,1,1,0,0,2,aleatorio,2
49,1,14,0,0,0,0,0,0,1,0,0,0,aleatorio,0
27,2,8,1,0,0,0,1,0,0,0,0,1,aleatorio,1
31,2,75,0,0,0,0,0,1,0,0,0,0,aleatorio,0
51,2,178,0,0,0,0,0,1,1,0,1,0,aleatorio,0
19,4,14,1,0,1,1,1,0,1,0,0,2,aleatorio,2
19,1,20,0,0,0,0,0,1,0,0,0,0,aleatorio,0
18,3,39,0,0,0,1,0,1,0,0,0,1,aleatorio,1
31,2,8,1,0,0,0,1,1,0,0,0,1,aleatorio,1
61,1,200,0,0,0,0,0,1,0,1,2,1,aleatorio,1
65,3,158,0,0,0,1,0,0,1,0,0,1,aleatorio,1
31,2,270,0,0,0,1,0,1,0,1,1,1,aleatorio,1
69,4,13,1,0,0,1,1,1,0,1,1,2,aleatorio,2
26,2,7,1,1,0,0,0,0,1,1,1,2,aleatorio,2
47,2,15,1,1,0,0,0,0,1,1,1,0,aleatorio,2
47,1,19,0,0,0,0,1,0,0,0,1,1,aleatorio,0
58,3,10,1,1,0,0,1,0,1,0,0,2,aleatorio,2
26,2,175,0,0,0,1,0,1,0,0,0,1,aleatorio,1
62,1,56,0,0,0,0,1,0,0,0,0,0,aleatorio,0
39,3,5,1,0,0,1,1,0,0,0,0,2,aleatorio,2
68,3,6,1,0,0,0,0,1,1,0,0,1,aleatorio,1
24,3,41,0,0,0,0,1,0,1,0,0,0,aleatorio,0
60,2,192,0,0,0,0,1,0,1,0,0,0,aleatorio,0
68,1,11,0,0,0,0,1,0,0,0,1,0,aleatorio,0
62,1,6,0,0,0,0,1,0,0,0,0,0,aleatorio,0
69,1,14,0,0,0,0,1,0,0,0,1,0,aleatorio,0
40,1,371,0,0,0,0,0,0,1,0,0,0,aleatorio,0
68,4,0,1,0,0,0,0,1,1,0,0,1,aleatorio,1
39,1,260,0,0,1,0,0,0,0,2,2,2,aleatorio,2
61,3,39,0,0,0,0,0,0,1,1,1,1,aleatorio,1
30,2,12,1,1,0,1,0,0,0,0,0,2,aleatorio,2
24,1,72,0,0,0,0,0,1,0,0,0,0,aleatorio,0
51,1,341,0,0,0,0,1,0,0,1,1,1,aleatorio,1
31,5,4,1,0,0,1,1,1,1,1,1,2,aleatorio,2
22,1,132,0,0,0,0,1,0,0,0,0,0,aleatorio,0
29,5,10,1,0,0,1,1,0,1,0,1,2,aleatorio,2
49,3,44,0,0,0,0,0,1,1,0,0,0,aleatorio,0
52,1,153,0,0,0,1,0,0,0,0,1,2,aleatorio,1
30,2,171,0,0,0,0,0,1,1,0,0,0,aleatorio,0
65,1,179,0,0,0,1,0,0,0,1,1,1,aleatorio,1
50,2,362,0,0,0,1,0,0,1,0,0,1,aleatorio,1
30,3,16,1,0,1,0,0,1,0,1,1,2,aleatorio,2
45,1,43,0,0,0,0,0,1,0,0,0,0,aleatorio,0
44,2,0,1,0,0,1,0,1,0,0,0,2,aleatorio,2
39,1,33,0,0,0,0,1,0,0,2,4,1,aleatorio,1
68,1,98,0,0,0,0,0,0,1,0,0,0,aleatorio,0
65,1,31,0,0,0,0,1,0,0,1,1,1,aleatorio,1
66,0,999,0,0,0,0,0,0,0,3,4,2,aleatorio,1
34,1,36,0,0,0,0,0,1,0,0,0,0,aleatorio,0
68,1,34,0,0,0,0,0,1,0,3,4,1,aleatorio,1
21,2,11,1,0,1,0,1,0,0,0,0,2,aleatorio,2
28,1,4,0,0,0,1,0,0,0,0,0,1,aleatorio,1
46,3,10,1,1,0,1,0,0,0,0,1,2,aleatorio,2
56,1,253,0,0,0,0,1,0,0,1,1,1,aleatorio,1
63,2,8,1,0,0,0,0,0,1,0,0,1,aleatorio,1
38,1,48,0,0,0,0,0,0,1,1,1,1,aleatorio,1
24,1,87,0,0,0,0,0,0,1,0,0,0,aleatorio,0
47,2,1,1,0,0,0,1,1,0,0,0,2,aleatorio,1
22,1,155,0,0,0,0,1,0,0,1,2,1,aleatorio,1
52,1,11,0,0,0,0,0,0,1,0,0,0,aleatorio,0
29,6,7,1,1,1,0,0,1,1,0,0,2,aleatorio,2
70,1,105,0,1,0,0,0,0,0,1,1,1,aleatorio,2
57,1,10,0,0,0,1,0,0,0,0,1,1,aleatorio,1
25,1,55,0,0,0,0,0,1,0,0,0,0,aleatorio,0
47,3,21,1,1,0,0,0,1,0,0,0,2,aleatorio,2
62,4,6,1,0,0,0,1,1,1,0,0,1,aleatorio,1
31,2,0,1,0,0,0,1,1,0,1,1,2,aleatorio,2
35,2,22,1,0,1,0,1,0,0,0,0,2,aleatorio,2
47,2,43,0,0,0,0,1,1,0,1,1,1,aleatorio,1
22,4,14,1,0,0,0,1,1,1,0,0,1,aleatorio,1
66,1,32,0,0,0,0,1,0,0,0,0,0,aleatorio,0
69,1,31,0,0,0,0,0,0,1,1,2,1,aleatorio,1
26,2,100,0,0,0,0,1,0,0,0,0,0,aleatorio,0
25,1,31,0,0,0,0,1,0,0,1,1,1,aleatorio,1
36,1,55,0,0,0,0,0,0,1,0,0,0,aleatorio,0
32,1,65,0,0,0,0,1,0,0,0,0,0,aleatorio,0
30,6,13,1,0,0,1,1,1,1,0,0,2,aleatorio,2
70,2,41,0,0,0,1,1,0,0,1,1,1,aleatorio,1
53,1,24,0,0,0,0,0,0,1,0,0,0,aleatorio,0
29,2,3,1,0,0,0,1,0,0,0,0,1,aleatorio,1
19,1,11,0,0,0,0,1,0,0,0,0,0,aleatorio,0
19,2,8,1,0,0,1,0,1,0,0,0,2,aleatorio,2
27,1,253,0,0,1,0,0,0,0,1,2,2,aleatorio,2
54,2,79,0,0,0,0,0,1,1,0,0,0,aleatorio,0
39,3,13,1,0,1,1,1,0,0,1,2,2,aleatorio,2
35,1,133,0,0,0,0,0,1,0,0,0,0,aleatorio,0
37,2,22,1,0,0,0,1,0,0,0,0,1,aleatorio,1
58,1,296,0,0,0,0,1,0,0,3,4,1,aleatorio,1
47,3,12,1,1,1,0,1,0,0,0,0,2,aleatorio,2
51,2,53,0,0,0,1,0,1,0,2,3,1,aleatorio,1
35,5,13,1,1,1,1,0,1,1,0,0,2,aleatorio,2
27,2,8,1,0,0,0,1,1,0,0,0,1,aleatorio,1
67,1,27,0,0,0,1,0,0,0,1,1,1,aleatorio,1
35,1,149,0,0,0,0,0,0,1,0,0,0,aleatorio,0
24,2,283,0,0,1,0,1,0,0,0,0,0,aleatorio,2
59,1,22,0,0,0,1,0,0,0,1,1,1,aleatorio,1
32,6,48,0,1,1,1,0,1,1,2,3,2,aleatorio,2
49,1,54,0,0,0,0,0,0,1,0,0,0,aleatorio,0
65,4,8,1,0,0,1,1,0,0,1,2,2,aleatorio,2
62,1,18,0,0,0,0,0,1,0,0,0,2,aleatorio,0
66,1,47,0,0,0,0,1,0,0,0,0,0,aleatorio,0
43,1,49,0,0,0,1,0,0,0,0,0,1,aleatorio,1
54,2,57,0,0,0,0,1,1,0,0,0,0,aleatorio,0
58,0,999,0,0,0,0,0,0,0,1,2,1,aleatorio,1
18,1,344,0,0,0,0,0,1,0,0,0,0,aleatorio,0
55,3,4,1,1,0,1,0,0,1,0,0,0,aleatorio,2
38,3,0,1,1,1,0,1,0,0,3,3,2,aleatorio,2
31,2,60,0,1,0,0,0,0,1,4,4,2,aleatorio,2
34,2,55,0,0,0,1,0,0,1,0,0,2,aleatorio,1
21,2,4,1,1,0,0,0,0,1,2,2,2,aleatorio,2
60,1,171,0,0,0,0,1,0,0,0,0,0,aleatorio,0
48,3,57,0,0,0,1,0,1,0,0,1,1,aleatorio,1
29,3,21,1,1,0,1,1,0,0,1,3,2,aleatorio,2
33,2,8,1,0,0,0,0,1,0,0,0,1,aleatorio,1
51,3,6,1,0,0,0,1,1,0,0,0,1,aleatorio,1
36,1,5,0,0,1,0,0,0,0,3,3,2,aleatorio,2
23,1,5,0,0,0,0,0,0,1,0,0,0,aleatorio,0
54,1,206,0,0,0,0,0,1,0,3,3,1,aleatorio,1
32,1,3,0,0,0,1,0,0,0,0,0,1,aleatorio,1
22,1,39,0,1,0,0,0,0,0,0,0,2,aleatorio,2
28,2,184,0,0,0,0,1,1,0,0,0,0,aleatorio,0
43,3,7,1,1,0,0,0,1,1,0,0,2,aleatorio,2
18,1,14,0,0,0,0,1,0,0,0,0,0,aleatorio,0
20,2,54,0,0,0,0,1,0,0,0,0,0,aleatorio,0
20,4,12,1,0,1,0,1,1,0,2,2,2,aleatorio,2
40,2,71,0,0,0,1,0,1,0,0,0,0,aleatorio,1
46,2,8,1,0,0,1,1,0,0,2,3,2,aleatorio,2
21,1,392,0,0,0,0,1,0,0,0,0,0,aleatorio,0
63,4,6,1,1,0,1,1,0,0,0,0,2,aleatorio,2
39,2,0,1,0,0,0,1,0,1,2,3,2,aleatorio,2
31,1,216,0,0,0,0,1,0,0,0,0,0,aleatorio,0
48,2,10,1,0,0,0,1,1,0,0,0,1,aleatorio,1
57,3,7,1,0,1,1,0,1,0,1,1,1,aleatorio,2
64,1,110,0,0,0,0,0,0,1,0,0,0,aleatorio,0
32,2,48,0,0,0,0,0,0,1,0,0,0,aleatorio,0
45,5,9,1,0,1,0,1,1,0,0,0,2,aleatorio,2
65,5,0,1,0,0,1,1,1,1,0,0,2,aleatorio,2
68,2,15,1,0,1,0,1,0,0,3,3,2,aleatorio,2
33,1,47,0,0,0,0,0,1,0,0,0,0,aleatorio,0
46,2,18,1,1,0,0,0,0,1,0,0,2,aleatorio,2
47,4,2,1,0,1,0,1,0,1,1,1,2,aleatorio,2
53,5,2,1,1,0,1,1,1,0,0,0,2,aleatorio,2
35,1,191,0,0,0,0,0,1,0,0,0,0,aleatorio,0
66,1,9,0,0,1,0,0,0,0,0,0,2,aleatorio,2
32,3,4,1,0,0,1,0,1,0,1,1,2,aleatorio,2
70,2,40,0,0,0,0,0,1,1,0,0,0,aleatorio,0
64,1,37,0,0,0,0,0,0,1,0,0,0,aleatorio,0
53,2,31,0,0,0,1,0,1,0,0,0,1,aleatorio,1
63,1,16,0,0,0,0,1,0,0,0,0,0,aleatorio,0
34,3,19,1,1,0,0,1,0,0,1,1,2,aleatorio,2
53,4,35,0,0,0,1,1,0,0,0,1,1,aleatorio,1
52,2,11,1,0,0,0,0,1,1,0,0,1,aleatorio,1
24,1,55,0,0,0,0,0,0,1,1,1,1,aleatorio,1
38,2,14,1,0,0,0,0,1,1,0,0,1,aleatorio,1
58,1,48,0,0,0,0,0,1,0,0,0,0,aleatorio,0
70,1,242,0,0,0,0,0,1,0,0,0,0,aleatorio,0
46,4,11,1,0,0,1,1,1,1,0,0,2,aleatorio,2
63,1,332,0,0,0,0,1,0,0,0,0,0,aleatorio,0
64,1,229,0,0,0,0,0,1,0,1,1,1,aleatorio,1
50,3,106,0,0,0,1,1,1,0,1,1,1,aleatorio,1
49,5,2,1,0,1,1,0,1,0,0,0,2,aleatorio,2
18,1,24,0,0,0,0,0,0,1,2,2,1,aleatorio,1
48,1,228,0,0,0,1,0,0,0,1,1,1,aleatorio,1
60,1,283,0,0,0,0,0,0,1,0,0,2,aleatorio,0
68,3,7,1,1,0,1,1,0,0,2,4,2,aleatorio,2
43,1,8,0,0,0,1,0,0,0,1,2,2,aleatorio,2
41,1,3,0,0,1,0,0,0,0,0,0,0,aleatorio,2
25,1,2,0,0,0,0,0,1,0,0,1,0,aleatorio,0
28,1,46,0,0,0,0,0,0,1,0,0,0,aleatorio,0
61,2,12,1,1,0,1,0,0,0,1,1,1,aleatorio,2
38,1,148,0,0,0,0,0,0,1,0,0,0,aleatorio,0
53,4,41,0,0,0,0,1,0,1,0,0,0,aleatorio,0
62,2,27,1,0,0,0,0,1,1,2,2,1,aleatorio,1
41,4,5,1,0,0,0,1,1,0,0,0,0,aleatorio,1
55,4,11,1,0,0,0,1,1,1,0,0,1,aleatorio,1
53,2,32,0,0,0,0,1,0,1,0,0,0,aleatorio,0
66,2,7,1,0,1,0,0,0,1,0,0,2,aleatorio,2
54,4,33,0,1,1,1,1,0,0,0,0,2,aleatorio,2
41,2,32,0,1,0,0,0,0,1,3,4,2,aleatorio,2
42,1,112,0,0,1,0,0,0,0,0,1,2,aleatorio,2
21,3,1,1,0,0,0,1,1,1,0,0,1,aleatorio,1
22,3,5,1,0,0,0,1,1,0,3,3,2,aleatorio,2
21,2,5,1,1,0,0,0,1,0,0,0,2,aleatorio,2
19,1,139,0,0,0,0,1,0,0,0,0,0,aleatorio,0
27,1,49,0,0,0,0,1,0,0,0,1,0,aleatorio,0
19,2,101,0,0,0,0,1,0,0,0,0,2,aleatorio,0
54,6,0,1,1,1,1,1,1,0,0,0,2,aleatorio,2
40,1,44,0,0,0,0,1,0,0,0,0,0,aleatorio,0
22,2,1,1,0,0,1,0,1,0,0,0,2,aleatorio,2
28,4,17,1,0,0,0,1,1,0,0,1,1,aleatorio,1
66,6,0,1,0,1,1,1,0,0,0,0,2,aleatorio,2
65,2,53,0,0,1,0,0,1,0,0,0,0,aleatorio,2
68,2,5,1,0,0,0,1,1,0,0,0,1,aleatorio,1
29,3,19,1,0,0,0,1,0,1,1,1,1,aleatorio,1
58,3,7,1,0,0,1,1,0,1,1,1,2,aleatorio,2
61,1,6,0,0,0,1,0,0,0,0,0,1,aleatorio,1
25,3,6,1,0,0,1,0,1,0,0,0,0,aleatorio,2
20,2,20,1,0,0,0,0,1,1,0,1,1,aleatorio,1
59,2,111,0,0,0,0,1,1,0,0,0,0,aleatorio,0
55,2,44,0,0,0,0,0,1,0,0,0,2,aleatorio,0
65,1,282,0,0,0,0,0,1,0,0,2,0,aleatorio,0
46,1,51,0,0,0,0,0,1,0,0,0,0,aleatorio,0
55,2,47,0,0,0,0,0,1,0,0,0,0,aleatorio,0
67,1,358,0,0,0,0,0,1,0,0,2,0,aleatorio,0
65,1,12,0,0,0,0,0,1,0,0,0,0,aleatorio,0
24,2,9,1,0,0,0,0,1,0,0,0,1,aleatorio,1
24,1,52,0,0,0,1,0,0,0,2,2,1,aleatorio,1
21,2,52,0,1,0,0,0,1,0,0,0,2,aleatorio,2
21,1,59,0,0,0,1,0,0,0,0,0,0,aleatorio,1
57,1,10,0,0,0,0,1,0,0,0,0,0,aleatorio,0
64,2,6,1,0,0,0,0,1,1,1,1,2,aleatorio,2
45,2,3,1,0,0,0,1,0,0,0,1,1,aleatorio,1
58,1,322,0,0,0,0,0,0,1,1,1,1,aleatorio,1
20,4,5,1,0,0,0,1,1,0,0,0,1,aleatorio,1
27,1,299,0,0,0,0,1,0,0,0,0,0,aleatorio,0
32,4,1,1,0,0,0,1,1,1,0,0,1,aleatorio,1
37,2,33,0,0,0,0,1,1,0,0,2,0,aleatorio,0
27,3,42,0,0,0,1,0,0,0,0,0,1,aleatorio,1
27,1,288,0,0,0,0,1,0,0,0,0,0,aleatorio,0
63,4,12,1,0,0,1,1,1,1,0,0,2,aleatorio,2
67,4,28,1,0,1,1,0,1,0,0,0,2,aleatorio,2
28,2,15,1,1,0,0,0,1,0,0,0,2,aleatorio,2
55,3,8,1,0,0,1,1,1,0,0,0,2,aleatorio,2
44,4,120,0,1,1,1,0,1,0,0,0,2,aleatorio,2
38,4,5,1,0,0,0,1,1,1,0,0,1,aleatorio,1
70,1,236,0,0,0,0,0,1,0,0,1,0,aleatorio,0
38,1,42,0,0,0,0,1,0,0,1,1,1,aleatorio,1
60,5,4,1,0,0,0,1,1,1,0,0,1,aleatorio,1
68,2,55,0,0,0,0,1,0,0,0,0,0,aleatorio,0
34,2,53,0,1,0,0,0,0,1,1,2,2,aleatorio,2
51,1,5,0,0,0,0,0,1,0,0,0,0,aleatorio,0
50,2,230,0,0,0,1,0,0,1,2,2,1,aleatorio,1
63,2,15,1,0,0,0,0,1,0,0,0,1,aleatorio,1
63,3,7,1,0,0,0,1,1,0,0,0,1,aleatorio,1
21,3,10,1,0,0,0,1,0,1,0,0,1,aleatorio,1
70,1,22,0,0,0,1,0,0,0,0,0,1,aleatorio,1
67,1,8,0,0,0,1,0,0,0,0,0,1,aleatorio,1
52,1,54,0,0,0,0,0,0,1,0,1,1,aleatorio,0
53,1,29,0,0,0,0,0,1,0,0,0,0,aleatorio,0
37,3,34,0,0,0,1,0,1,1,0,0,0,aleatorio,1
50,2,3,1,0,0,0,1,0,1,0,0,1,aleatorio,1
56,2,6,1,1,1,0,0,0,0,0,3,2,aleatorio,2
30,5,10,1,1,1,0,0,0,0,0,0,2,aleatorio,2
61,2,10,1,0,0,0,1,0,0,0,0,1,aleatorio,1
70,1,3,0,1,0,0,0,0,0,0,0,0,aleatorio,2
45,4,40,0,0,0,0,1,1,0,0,0,0,aleatorio,0
61,2,5,1,1,0,0,0,1,0,1,1,2,aleatorio,2
45,0,999,0,0,0,0,0,0,0,2,2,1,aleatorio,1
19,3,48,0,0,0,0,1,1,1,0,0,0,aleatorio,0
27,2,2,1,0,1,0,0,1,0,0,0,2,aleatorio,2
34,1,34,0,0,0,1,0,0,0,0,0,1,aleatorio,1
21,3,0,1,0,0,0,1,1,0,0,0,1,aleatorio,1
49,1,304,0,0,0,0,1,0,0,0,0,0,aleatorio,0
59,1,191,0,0,0,0,0,1,0,0,0,0,aleatorio,0
36,1,116,0,0,1,0,0,0,0,0,0,2,aleatorio,2
57,6,6,1,0,1,1,1,1,1,0,0,2,aleatorio,2
20,1,55,0,1,0,0,0,0,0,3,4,2,aleatorio,2
24,1,15,0,0,0,0,0,1,0,0,0,0,aleatorio,0
69,2,22,1,0,0,0,1,1,0,0,0,0,aleatorio,1
54,1,38,0,0,0,0,0,1,0,0,0,0,aleatorio,0
27,0,999,0,0,0,0,0,0,0,4,4,1,aleatorio,1
34,3,67,0,0,0,0,1,1,1,0,1,1,aleatorio,0
46,1,1,0,0,0,0,1,0,0,0,0,0,aleatorio,0
40,2,53,0,0,0,0,1,0,1,0,0,0,aleatorio,0
35,2,43,0,0,0,1,0,1,0,0,0,1,aleatorio,1
27,2,0,1,0,1,1,0,0,0,1,1,0,aleatorio,2
43,6,2,1,1,1,1,1,1,0,0,0,2,aleatorio,2
50,2,59,0,0,0,1,1,0,0,0,0,1,aleatorio,1
29,4,1,1,0,1,0,0,1,1,1,1,2,aleatorio,2
42,1,17,0,0,0,1,0,0,0,1,1,1,aleatorio,1
61,1,216,0,0,0,0,1,0,0,1,1,1,aleatorio,1
36,1,14,0,0,0,0,0,0,1,0,1,0,aleatorio,0
20,3,9,1,0,0,0,0,0,1,0,0,1,aleatorio,1
23,2,55,0,0,0,0,0,1,1,0,1,0,aleatorio,0
27,4,0,1,1,0,1,0,1,0,2,4,2,aleatorio,2
24,1,6,0,0,0,0,1,0,0,0,0,0,aleatorio,0
64,3,0,1,1,0,1,1,0,0,0,0,2,aleatorio,2
45,2,43,0,0,0,0,0,1,0,0,0,0,aleatorio,0
26,1,54,0,0,0,0,0,1,0,0,0,0,aleatorio,0
69,3,40,0,0,0,1,0,1,0,1,1,1,aleatorio,1
44,1,42,0,0,0,1,0,0,0,0,0,1,aleatorio,1
20,1,42,0,0,0,1,0,0,0,0,0,1,aleatorio,1
70,2,5,1,0,0,0,1,1,0,0,0,1,aleatorio,1
59,3,17,1,0,1,0,0,1,0,1,1,2,aleatorio,2
30,1,4,0,0,1,0,0,0,0,0,0,2,aleatorio,2
40,1,69,0,0,0,0,1,0,0,0,0,0,aleatorio,0
63,6,2,1,1,1,1,0,1,1,1,1,0,aleatorio,2
34,2,4,1,0,0,1,0,0,1,0,0,2,aleatorio,2
36,5,9,1,1,0,0,1,1,0,0,0,2,aleatorio,2
32,5,2,1,0,0,0,1,0,1,0,0,1,aleatorio,1
18,4,17,1,0,0,0,1,1,0,0,0,1,aleatorio,1
28,2,28,1,0,0,0,0,1,1,0,0,1,aleatorio,1
27,2,13,1,1,1,0,0,0,0,0,0,2,aleatorio,2
70,2,164,0,0,0,0,0,1,1,0,0,0,aleatorio,0
51,2,23,1,1,0,0,1,0,0,0,0,2,aleatorio,2
18,6,10,1,1,0,1,1,1,0,0,0,2,aleatorio,2
31,1,75,0,0,0,1,0,0,0,0,0,1,aleatorio,1
24,3,13,1,0,0,0,1,1,0,2,2,2,aleatorio,2
30,3,9,1,0,0,0,1,1,1,0,0,1,aleatorio,1
51,1,36,0,0,0,1,0,0,0,1,1,2,aleatorio,1
70,5,5,1,1,1,0,1,0,0,1,1,2,aleatorio,2
30,5,12,1,1,1,1,0,0,1,0,0,2,aleatorio,2
30,1,8,0,0,0,0,0,1,0,0,0,0,aleatorio,0
18,3,1,1,0,0,0,0,1,1,0,0,1,aleatorio,1
28,2,5,1,0,0,1,1,0,0,0,0,2,aleatorio,2
23,2,117,0,0,0,1,0,1,0,1,1,1,aleatorio,1
18,2,1,1,0,0,0,0,1,0,0,0,1,aleatorio,1
65,1,54,0,0,0,0,0,1,0,1,2,1,aleatorio,1
49,0,999,0,0,0,0,0,0,0,2,2,1,aleatorio,1
33,1,23,0,0,0,0,0,1,0,0,0,0,aleatorio,0
29,1,10,0,0,0,0,0,0,1,0,0,0,aleatorio,0
67,2,16,1,0,0,1,0,0,1,1,1,2,aleatorio,2
57,5,2,1,0,0,0,1,0,1,0,0,1,aleatorio,1
18,5,14,1,1,1,0,1,0,1,2,2,2,aleatorio,2
42,4,14,1,1,0,0,1,1,0,0,0,2,aleatorio,2
63,3,2,1,1,0,0,1,1,0,0,0,0,aleatorio,2
70,3,15,1,0,0,1,1,0,0,1,2,2,aleatorio,2
22,1,9,0,0,0,0,0,1,0,0,0,0,aleatorio,0
53,1,30,0,0,1,0,0,0,0,2,2,1,aleatorio,2
20,1,244,0,0,0,0,0,0,1,0,0,0,aleatorio,0
56,1,5,0,0,0,0,0,0,1,0,1,1,aleatorio,0
47,1,230,0,0,0,1,0,0,0,0,1,1,aleatorio,1
70,1,48,0,0,0,0,0,0,1,1,1,1,aleatorio,1
26,3,4,1,0,0,0,1,1,1,0,0,1,aleatorio,1
35,2,1,1,0,0,0,1,0,1,0,0,1,aleatorio,1
60,1,2,0,0,0,0,0,1,0,0,0,0,aleatorio,0
40,2,9,1,0,0,1,1,0,0,0,0,2,aleatorio,2
34,1,42,0,0,0,0,0,0,1,2,2,1,aleatorio,1
55,1,91,0,0,0,0,0,0,1,0,0,0,aleatorio,0
49,1,157,0,0,0,0,0,0,1,1,2,1,aleatorio,1
26,1,385,0,0,0,1,0,0,0,0,0,1,aleatorio,1
48,4,2,1,1,0,1,1,0,0,1,1,2,aleatorio,2
33,4,3,1,0,0,0,1,0,1,0,0,1,aleatorio,1
19,1,63,0,0,0,1,0,0,0,0,0,1,aleatorio,1
44,0,999,0,0,0,0,0,0,0,3,4,2,aleatorio,1
52,4,4,1,1,0,1,1,0,0,0,0,2,aleatorio,2
56,2,38,0,0,0,0,0,0,1,3,4,1,aleatorio,1
65,5,2,1,0,0,1,1,1,0,0,0,2,aleatorio,2
46,1,257,0,0,0,0,0,0,1,0,0,0,aleatorio,0
55,1,51,0,0,0,0,0,0,1,0,0,0,aleatorio,0
35,5,2,1,1,0,0,1,0,1,0,2,2,aleatorio,2
50,4,19,1,0,1,0,1,1,0,0,0,2,aleatorio,2
37,3,4,1,0,0,1,0,0,1,0,0,2,aleatorio,2
64,1,2,0,0,0,0,0,0,1,0,1,0,aleatorio,0
40,1,14,0,0,1,0,0,0,0,2,3,2,aleatorio,2
26,1,52,0,0,0,0,0,1,0,0,0,0,aleatorio,0
67,1,18,0,0,0,0,0,0,1,0,2,0,aleatorio,0
39,2,15,1,0,0,0,0,1,1,0,0,1,aleatorio,1
19,1,287,0,0,0,0,0,1,0,0,2,0,aleatorio,0
18,2,52,0,0,0,0,1,0,0,0,0,0,aleatorio,0
69,3,34,0,0,0,0,0,1,1,0,0,0,aleatorio,0
35,2,185,0,0,0,0,0,0,1,0,0,0,aleatorio,0
21,3,59,0,1,0,0,1,0,1,0,0,2,aleatorio,2
70,1,207,0,0,0,0,1,0,0,0,0,0,aleatorio,0
38,1,16,0,0,0,0,1,0,0,0,1,2,aleatorio,0
35,1,314,0,0,0,0,0,1,0,0,0,0,aleatorio,0
54,4,43,0,0,0,0,1,0,1,2,4,1,aleatorio,1
48,2,12,1,0,0,0,1,0,1,0,0,1,aleatorio,1
60,1,151,0,0,0,1,0,0,0,0,0,1,aleatorio,1
19,2,37,0,0,0,0,1,0,0,1,1,1,aleatorio,1
28,1,60,0,0,0,0,0,1,0,0,0,0,aleatorio,0
18,1,15,0,0,0,0,0,1,0,0,0,0,aleatorio,0
60,1,118,0,0,0,0,0,1,0,0,0,0,aleatorio,0
37,1,139,0,0,0,0,0,0,1,0,0,0,aleatorio,0
54,2,10,1,1,0,1,0,0,0,0,0,2,aleatorio,2
45,2,45,0,0,0,0,0,1,0,0,0,0,aleatorio,0
18,1,26,0,0,0,0,0,1,0,0,0,0,aleatorio,0
36,5,19,1,1,0,1,1,0,0,0,0,2,aleatorio,2
58,1,52,0,0,0,0,0,0,1,0,0,0,aleatorio,0
63,1,25,0,0,0,0,0,1,0,1,1,1,aleatorio,1
51,2,37,0,0,0,0,0,1,1,1,2,1,aleatorio,1
47,1,34,0,0,0,1,0,0,0,0,0,1,aleatorio,1
38,2,5,1,0,0,0,0,1,1,0,1,1,aleatorio,1
27,2,10,1,0,0,0,0,1,1,0,1,0,aleatorio,1
22,1,12,0,0,0,0,0,0,1,0,0,0,aleatorio,0
29,2,47,0,0,0,0,1,0,1,0,0,0,aleatorio,0
21,1,30,0,0,0,0,0,1,0,0,0,0,aleatorio,0
65,1,329,0,0,0,0,0,0,1,0,1,0,aleatorio,0
25,6,7,1,0,1,1,1,0,1,0,0,0,aleatorio,2
27,2,44,0,0,0,1,0,1,0,1,1,1,aleatorio,1
44,2,11,1,0,0,0,1,0,1,0,0,1,aleatorio,1
65,3,30,1,0,0,1,0,0,1,0,0,2,aleatorio,2
31,1,4,0,1,0,0,0,0,0,2,3,2,aleatorio,2
54,3,221,0,0,0,1,1,0,1,0,0,2,aleatorio,1
29,2,172,0,1,1,0,0,0,0,0,0,0,aleatorio,2
58,6,7,1,0,0,1,1,0,1,0,0,2,aleatorio,2
37,6,17,1,1,0,1,1,0,1,1,2,2,aleatorio,2
43,1,233,0,0,0,0,0,1,0,0,0,0,aleatorio,0
39,1,208,0,0,0,0,0,1,0,0,0,0,aleatorio,0
38,6,1,1,1,1,1,0,1,1,0,1,2,aleatorio,2
47,6,10,1,1,0,1,1,0,0,0,0,2,aleatorio,2
43,2,3,1,0,0,0,0,1,0,0,0,1,aleatorio,1
26,2,0,1,0,1,0,0,0,1,0,0,2,aleatorio,2
65,2,25,1,0,0,0,0,1,1,0,0,1,aleatorio,1
41,4,6,1,0,0,0,0,1,1,0,0,1,aleatorio,1
70,3,43,0,0,0,0,1,1,0,0,3,0,aleatorio,0
64,1,46,0,0,0,0,0,1,0,0,1,0,aleatorio,0
58,6,1,1,1,1,0,1,1,1,0,0,2,aleatorio,2
70,1,352,0,0,0,0,1,0,0,1,2,1,aleatorio,1
68,1,47,0,0,0,0,1,0,0,0,0,1,aleatorio,0
70,6,4,1,0,0,1,1,1,1,0,0,2,aleatorio,2
44,4,0,1,0,1,1,0,0,1,0,0,2,aleatorio,2
58,3,15,1,1,0,1,0,1,0,1,1,2,aleatorio,2
26,1,298,0,0,0,0,0,1,0,1,1,1,aleatorio,1
19,2,14,1,0,0,0,0,0,1,0,0,1,aleatorio,1
22,4,1,1,1,0,0,1,1,0,0,0,2,aleatorio,2
28,1,276,0,0,0,0,0,0,1,0,0,0,aleatorio,0
42,2,53,0,0,0,0,0,1,0,1,1,1,aleatorio,1
65,2,33,0,1,0,0,1,0,0,0,0,2,aleatorio,2
50,1,76,0,0,0,0,0,0,1,0,0,0,aleatorio,0
29,1,321,0,0,0,0,1,0,0,0,0,0,aleatorio,0
26,1,50,0,0,0,1,0,0,0,1,1,1,aleatorio,1
43,1,8,0,0,0,0,0,0,1,0,0,0,aleatorio,0
49,1,14,0,0,0,0,0,1,0,0,0,0,aleatorio,0
64,1,313,0,0,0,0,0,0,1,1,1,1,aleatorio,1
44,4,27,1,0,0,0,1,1,1,2,3,1,aleatorio,1
27,0,999,0,0,0,0,0,0,0,2,4,1,aleatorio,1
70,2,10,1,0,1,0,0,1,0,0,0,2,aleatorio,2
67,3,40,0,0,0,0,0,0,1,0,0,2,aleatorio,0
30,2,56,0,0,0,0,0,1,1,0,0,0,aleatorio,0
33,2,107,0,0,1,0,0,0,0,0,0,2,aleatorio,2
39,3,3,1,0,0,0,1,1,0,3,3,2,aleatorio,2
55,1,9,0,0,0,0,0,1,0,0,0,0,aleatorio,0
60,4,3,1,0,0,0,1,0,1,0,0,1,aleatorio,1
39,2,3,1,0,0,0,0,1,0,0,0,1,aleatorio,1
26,3,6,1,0,1,0,0,1,0,4,4,2,aleatorio,2
56,1,66,0,1,0,0,0,0,0,1,1,2,aleatorio,2
27,2,18,1,1,0,0,0,0,1,0,0,0,aleatorio,2
49,1,221,0,0,0,0,0,1,0,2,3,1,aleatorio,1
56,1,8,0,0,0,0,0,0,1,0,0,0,aleatorio,0
41,1,41,0,0,0,0,0,1,0,0,0,0,aleatorio,0
65,1,13,0,0,0,0,1,0,0,0,0,2,aleatorio,0
70,1,333,0,0,0,0,1,0,0,0,0,2,aleatorio,0
57,4,6,1,0,0,0,1,1,1,0,0,1,aleatorio,1
66,1,10,0,0,0,0,0,0,1,0,0,0,aleatorio,0
24,1,33,0,0,0,0,0,1,0,0,0,0,aleatorio,0
64,3,40,0,0,0,1,1,0,0,0,0,1,aleatorio,1
19,3,4,1,0,1,0,1,0,0,0,0,2,aleatorio,2
19,2,14,1,0,0,0,1,1,0,0,0,1,aleatorio,1
46,3,7,1,1,0,1,0,0,1,1,1,2,aleatorio,2
39,5,0,1,1,0,0,1,1,0,0,0,2,aleatorio,2
68,1,9,0,0,0,1,0,0,0,0,0,1,aleatorio,1
68,2,57,0,0,0,0,0,1,1,0,0,0,aleatorio,0
50,3,54,0,0,0,0,1,1,1,0,0,0,aleatorio,0
21,1,104,0,0,1,0,0,0,0,2,3,2,aleatorio,2
44,3,10,1,1,1,0,1,0,0,1,1,2,aleatorio,2
24,2,5,1,0,0,0,0,1,0,0,0,1,aleatorio,1
46,1,12,0,0,0,0,1,0,0,0,0,0,aleatorio,0
64,2,32,0,0,0,1,0,0,0,0,0,1,aleatorio,1
33,1,56,0,0,0,0,1,0,0,0,0,0,aleatorio,0
53,3,5,1,0,0,0,1,1,1,0,0,1,aleatorio,1
58,3,9,1,0,1,0,1,1,0,0,0,2,aleatorio,2
36,6,6,1,1,0,1,1,0,1,1,2,2,aleatorio,2
58,3,1,1,1,1,0,0,0,1,1,1,2,aleatorio,2
57,1,11,0,0,0,0,0,1,0,0,0,0,aleatorio,0
44,2,11,1,0,0,0,1,1,0,0,1,1,aleatorio,1
39,1,5,0,0,0,1,0,0,0,0,0,1,aleatorio,1
29,2,10,1,0,0,0,0,1,0,0,0,1,aleatorio,1
50,1,386,0,0,0,0,0,0,1,0,0,0,aleatorio,0
54,1,36,0,0,0,0,0,1,0,2,3,1,aleatorio,1
30,3,34,0,1,0,0,0,1,0,0,0,2,aleatorio,2
66,3,55,0,0,1,0,1,1,0,0,0,2,aleatorio,2
21,2,8,1,0,0,0,1,0,1,0,0,1,aleatorio,1
68,1,236,0,0,0,0,0,1,0,0,0,0,aleatorio,0
59,1,21,0,0,0,0,0,1,0,0,0,2,aleatorio,0
18,2,2,1,0,0,0,0,1,1,0,0,1,aleatorio,1
55,2,6,1,0,0,0,1,1,0,0,0,1,aleatorio,1
56,1,213,0,1,0,0,0,0,0,1,1,2,aleatorio,2
44,1,14,0,0,0,0,0,1,0,0,0,0,aleatorio,0
19,6,2,1,1,0,0,0,1,1,0,0,2,aleatorio,2
62,1,6,0,0,0,1,0,0,0,0,0,1,aleatorio,1
68,3,43,0,0,0,0,0,1,0,0,0,0,aleatorio,0
34,3,4,1,0,0,0,0,1,0,0,0,1,aleatorio,1
21,1,10,0,0,0,0,0,1,0,0,0,0,aleatorio,0
68,1,24,0,0,0,0,1,0,0,0,0,0,aleatorio,0
44,2,9,1,0,0,0,1,0,1,0,0,1,aleatorio,1
46,3,2,1,1,0,0,0,1,0,2,2,2,aleatorio,2
54,2,2,1,0,0,1,0,0,1,0,0,2,aleatorio,2
29,1,46,0,0,0,0,0,1,0,0,0,0,aleatorio,0
55,1,6,0,0,0,0,1,0,0,2,2,2,aleatorio,2
68,3,12,1,0,0,0,1,0,1,0,1,1,aleatorio,1
32,3,13,1,1,1,1,0,0,0,1,1,1,aleatorio,2
64,5,11,1,1,1,1,1,1,0,0,0,2,aleatorio,2
52,1,265,0,0,0,0,0,0,1,0,0,0,aleatorio,0
31,1,350,0,0,0,0,1,0,0,0,0,0,aleatorio,0
34,5,13,1,0,0,0,1,1,1,0,0,1,aleatorio,1
68,1,8,0,0,0,0,1,0,0,0,0,0,aleatorio,0
31,2,11,1,0,0,0,0,1,1,0,0,1,aleatorio,1
65,6,0,1,0,1,0,1,1,1,0,0,2,aleatorio,2
65,1,393,0,0,0,0,0,1,0,0,1,0,aleatorio,0
45,2,51,0,1,0,1,0,0,0,1,1,2,aleatorio,2
22,1,59,0,0,1,0,0,0,0,0,0,2,aleatorio,2
45,6,6,1,1,0,0,1,1,1,3,3,2,aleatorio,2
36,1,37,0,0,0,0,1,0,0,0,0,0,aleatorio,0
39,1,55,0,0,0,0,1,0,0,0,0,0,aleatorio,0
20,1,7,0,0,0,0,0,1,0,0,0,0,aleatorio,0
50,4,1,1,0,0,0,1,0,1,0,0,1,aleatorio,1
62,3,161,0,1,1,0,1,0,0,0,0,2,aleatorio,2
34,2,22,1,0,0,0,1,1,0,0,0,1,aleatorio,1
23,2,51,0,0,0,0,0,1,0,1,2,1,aleatorio,1
57,6,1,1,0,0,1,1,1,1,0,0,2,aleatorio,2
31,3,32,0,0,0,0,1,1,0,0,0,0,aleatorio,0
41,6,6,1,1,0,1,0,1,1,0,1,0,aleatorio,2
32,3,1,1,0,0,0,1,1,0,0,0,1,aleatorio,1
67,1,23,0,0,0,1,0,0,0,1,1,1,aleatorio,1
18,1,24,0,0,0,0,0,0,1,0,0,0,aleatorio,0
39,4,14,1,0,0,1,1,0,1,1,2,2,aleatorio,2
67,1,17,0,0,0,1,0,0,0,3,3,1,aleatorio,1
63,2,24,1,0,0,0,0,1,1,0,1,1,aleatorio,1
65,1,0,0,0,0,0,0,0,1,0,0,0,aleatorio,0
59,1,42,0,0,0,1,0,0,0,2,2,1,aleatorio,1
32,6,11,1,0,0,1,1,1,1,0,0,2,aleatorio,2
70,1,16,0,0,0,0,0,1,0,0,0,0,aleatorio,0
35,6,4,1,0,0,1,1,0,1,2,3,2,aleatorio,2
37,1,2,0,0,0,1,0,0,0,0,0,1,aleatorio,1
50,3,41,0,1,0,0,1,0,1,0,0,2,aleatorio,2
31,2,60,0,0,0,0,1,1,0,0,0,0,aleatorio,0
47,1,382,0,0,0,0,1,0,0,0,0,0,aleatorio,0
35,5,6,1,1,0,1,0,0,1,1,1,2,aleatorio,2
26,1,0,0,0,0,0,1,0,0,0,0,0,aleatorio,0
18,3,10,1,0,0,1,1,0,1,0,0,2,aleatorio,2
38,3,31,0,0,0,0,1,1,1,0,0,0,aleatorio,0
66,2,27,1,0,1,1,0,0,0,0,0,2,aleatorio,2
50,2,9,1,0,0,0,1,1,0,0,0,1,aleatorio,1
27,5,1,1,0,1,1,1,0,0,0,0,2,aleatorio,2
29,2,12,1,0,0,0,1,0,1,2,2,2,aleatorio,2
37,6,2,1,0,0,1,0,1,1,1,2,2,aleatorio,2
58,1,183,0,0,0,0,0,1,0,1,1,1,aleatorio,1
66,2,51,0,0,0,0,1,0,0,0,0,0,aleatorio,0
56,2,52,0,0,0,0,0,1,1,0,0,0,aleatorio,0
68,1,113,0,0,0,0,1,0,0,0,0,0,aleatorio,0
24,1,10,0,0,0,0,0,0,1,0,2,0,aleatorio,0
32,1,0,0,0,0,0,1,0,0,0,0,0,aleatorio,0
50,1,9,0,0,0,0,1,0,0,0,0,0,aleatorio,0
18,3,18,1,0,0,0,1,0,1,1,1,1,aleatorio,1
47,4,5,1,0,1,0,1,1,1,0,2,2,aleatorio,2
42,1,52,0,0,0,0,0,1,0,0,0,0,aleatorio,0
47,2,104,0,0,0,0,1,0,1,0,0,0,aleatorio,0
19,2,127,0,0,0,1,0,1,0,1,1,1,aleatorio,1
24,1,7,0,0,0,0,1,0,0,0,0,0,aleatorio,0
54,1,73,0,0,0,1,0,0,0,0,0,1,aleatorio,1
25,1,354,0,0,0,0,0,1,0,0,0,0,aleatorio,0
55,1,28,0,0,0,0,1,0,0,1,1,1,aleatorio,1
24,2,1,1,1,0,1,0,0,0,0,0,2,aleatorio,2
69,2,208,0,0,0,1,0,1,0,0,0,1,aleatorio,1
34,6,0,1,0,1,1,1,1,0,0,1,2,aleatorio,2
37,1,37,0,0,0,1,0,0,0,0,0,1,aleatorio,1
63,1,51,0,0,0,1,0,0,0,0,0,1,aleatorio,1
62,4,3,1,1,0,1,1,1,0,0,0,2,aleatorio,2
69,5,4,1,1,0,1,0,1,0,1,1,2,aleatorio,2
25,0,999,0,0,0,0,0,0,0,1,2,1,aleatorio,1
33,1,25,0,0,0,0,1,0,0,0,0,0,aleatorio,0
67,6,42,0,1,1,0,1,1,1,0,0,2,aleatorio,2
60,1,32,0,0,0,1,0,0,0,0,0,1,aleatorio,1
42,6,3,1,1,1,1,1,1,0,0,0,2,aleatorio,2
69,1,9,0,0,0,0,1,0,0,0,0,0,aleatorio,0
65,1,141,0,0,0,1,0,0,0,0,0,2,aleatorio,1
22,1,8,0,0,0,1,0,0,0,0,0,1,aleatorio,1
29,1,13,0,0,0,0,0,1,0,0,0,0,aleatorio,0
43,1,85,0,0,0,1,0,0,0,0,1,1,aleatorio,1
65,1,114,0,0,0,0,1,0,0,0,0,0,aleatorio,0
34,1,152,0,0,0,0,0,1,0,0,0,0,aleatorio,0
60,5,0,1,0,0,0,1,1,1,0,0,1,aleatorio,1
68,4,3,1,0,0,1,1,1,0,0,0,2,aleatorio,2
29,5,153,0,0,0,1,0,1,1,0,2,1,aleatorio,1
27,1,380,0,0,0,1,0,0,0,0,0,0,aleatorio,1
43,2,46,0,0,0,0,0,0,1,1,1,1,aleatorio,1
50,3,26,1,0,0,0,1,1,1,1,1,2,aleatorio,1
65,4,14,1,0,0,1,1,1,0,3,4,2,aleatorio,2
60,2,3,1,0,1,0,1,0,0,0,0,2,aleatorio,2
29,2,10,1,0,0,1,1,0,0,0,0,2,aleatorio,2
32,2,21,1,1,0,0,0,1,0,0,0,2,aleatorio,2
42,5,0,1,1,1,0,1,0,1,0,0,2,aleatorio,2
23,1,35,0,0,0,0,1,0,0,0,0,0,aleatorio,0
35,5,6,1,0,0,0,1,1,1,0,0,1,aleatorio,1
59,4,1,1,0,0,1,0,0,1,0,0,2,aleatorio,2
40,6,0,1,1,0,1,0,1,1,1,1,2,aleatorio,2
40,3,6,1,0,0,0,0,1,1,0,0,1,aleatorio,1
38,5,2,1,0,0,0,1,1,1,0,0,0,aleatorio,1
70,1,78,0,0,0,0,1,0,0,0,0,0,aleatorio,0
32,2,7,1,0,0,0,1,0,1,1,1,2,aleatorio,2
48,4,19,1,0,0,0,1,0,1,0,0,1,aleatorio,1
35,1,9,0,0,0,0,1,0,0,0,1,0,aleatorio,0
40,6,3,1,1,1,1,0,1,0,0,0,1,aleatorio,2
29,4,3,1,1,1,0,0,1,1,1,2,2,aleatorio,2
25,1,6,0,0,0,0,0,1,0,0,1,0,aleatorio,0
26,3,59,0,0,0,0,0,1,1,0,2,0,aleatorio,0
35,2,31,0,1,0,0,0,1,0,1,1,2,aleatorio,2
26,1,40,0,0,0,0,0,0,1,0,0,0,aleatorio,0
34,2,35,0,0,0,0,1,0,1,0,0,0,aleatorio,0
70,4,6,1,1,0,1,1,0,0,0,0,2,aleatorio,2
26,1,33,0,0,0,0,1,0,0,0,0,1,aleatorio,0
49,1,33,0,0,0,1,0,0,0,0,0,1,aleatorio,1
70,1,6,0,0,0,0,0,0,1,0,0,2,aleatorio,0
65,1,268,0,0,0,0,0,1,0,1,1,1,aleatorio,1
31,2,8,1,0,0,0,1,0,0,0,0,1,aleatorio,1
32,1,31,0,0,0,0,0,0,1,0,0,0,aleatorio,0
42,2,38,0,0,0,1,0,1,0,0,1,1,aleatorio,1
69,1,3,0,0,0,0,0,0,1,0,2,0,aleatorio,0
47,1,286,0,0,0,0,0,1,0,0,0,0,aleatorio,0
19,1,325,0,0,0,0,0,1,0,0,0,0,aleatorio,0
36,4,27,1,1,1,0,0,1,1,0,0,2,aleatorio,2
25,3,2,1,1,1,0,0,0,0,0,0,2,aleatorio,2
48,3,21,1,0,0,0,1,0,1,1,1,1,aleatorio,1
41,2,249,0,0,0,0,0,1,0,1,1,1,aleatorio,1
56,1,172,0,0,0,0,0,1,0,2,3,1,aleatorio,1
37,1,11,0,0,0,0,0,1,0,0,0,2,aleatorio,0
29,1,38,0,0,0,0,0,0,1,0,0,0,aleatorio,0
38,5,8,1,0,1,0,1,1,0,0,1,2,aleatorio,2
45,3,38,0,0,0,1,0,1,0,1,2,1,aleatorio,1
43,1,48,0,0,0,0,0,0,1,1,1,1,aleatorio,1
48,1,358,0,0,0,0,0,1,0,0,0,0,aleatorio,0
57,2,59,0,1,0,0,1,0,0,1,1,2,aleatorio,2
48,2,74,0,0,0,0,0,1,1,0,0,0,aleatorio,0
52,1,1,0,0,0,1,0,0,0,0,0,2,aleatorio,1
60,1,11,0,0,0,0,1,0,0,0,0,0,aleatorio,0
66,5,7,1,0,1,1,1,1,1,0,0,0,aleatorio,2
70,1,11,0,0,0,0,0,0,1,0,0,0,aleatorio,0
67,5,7,1,0,0,0,1,1,1,0,0,1,aleatorio,1
51,1,35,0,0,0,1,0,0,0,0,0,1,aleatorio,1
70,1,40,0,0,0,0,0,0,1,0,0,0,aleatorio,0
57,4,21,1,0,0,0,1,0,1,0,0,1,aleatorio,1
29,0,999,0,0,0,0,0,0,0,1,2,2,aleatorio,1
23,2,238,0,0,0,1,0,0,0,0,1,1,aleatorio,1
69,1,42,0,0,0,1,0,0,0,0,0,1,aleatorio,1
44,6,0,1,1,1,1,1,1,0,0,0,2,aleatorio,2
29,1,10,0,0,0,0,0,0,1,2,2,2,aleatorio,2
53,1,50,0,0,0,1,0,0,0,0,0,1,aleatorio,1
38,1,10,0,0,0,0,1,0,0,0,1,0,aleatorio,0
22,1,2,0,0,0,0,1,0,0,0,0,1,aleatorio,0
43,2,1,1,1,0,0,0,0,1,0,0,1,aleatorio,2
57,1,188,0,0,0,0,0,0,1,0,0,0,aleatorio,0
64,1,8,0,0,1,0,0,0,0,0,0,2,aleatorio,2
26,3,4,1,1,1,0,1,0,0,0,0,2,aleatorio,2
18,1,112,0,0,0,0,1,0,0,0,0,0,aleatorio,0
20,1,18,0,0,0,0,0,1,0,0,0,0,aleatorio,0
51,2,19,1,0,0,0,0,1,0,0,1,1,aleatorio,1
56,3,8,1,0,0,0,1,0,0,0,0,1,aleatorio,1
39,1,31,0,0,0,1,0,0,0,0,0,1,aleatorio,1
37,1,215,0,0,0,0,1,0,0,1,1,1,aleatorio,1
54,4,1,1,1,1,0,0,1,1,0,0,2,aleatorio,2
63,1,24,0,0,0,0,1,0,0,1,1,1,aleatorio,1
67,3,9,1,0,1,1,1,0,0,0,0,2,aleatorio,2
62,3,4,1,0,0,0,1,0,1,0,0,1,aleatorio,1
28,1,23,0,0,0,0,0,0,1,0,0,0,aleatorio,0
35,6,7,1,1,0,0,0,1,0,0,0,2,aleatorio,2
37,1,77,0,0,0,0,0,1,0,0,0,0,aleatorio,0
25,2,49,0,0,0,0,1,0,1,0,0,0,aleatorio,0
19,1,5,0,0,0,0,0,1,0,0,0,0,aleatorio,0
70,5,10,1,1,0,1,0,0,1,0,0,2,aleatorio,2
18,6,1,1,0,1,1,1,1,0,0,0,2,aleatorio,2
47,3,42,0,1,0,0,0,1,1,3,4,2,aleatorio,2
35,4,0,1,1,0,0,1,0,1,2,2,2,aleatorio,2
47,1,8,0,0,0,1,0,0,0,0,0,1,aleatorio,1
44,4,5,1,0,0,1,1,1,0,0,0,0,aleatorio,2
52,3,11,1,1,0,1,1,0,0,3,3,2,aleatorio,2
52,4,47,0,0,1,0,1,1,1,0,0,2,aleatorio,2
28,2,14,1,0,0,0,1,0,0,0,0,1,aleatorio,1
52,2,79,0,0,0,0,1,1,0,0,0,0,aleatorio,0
60,3,13,1,0,1,0,1,0,1,0,0,2,aleatorio,2
38,0,999,0,0,0,0,0,0,0,2,2,1,aleatorio,1
58,1,6,0,0,0,1,0,0,0,0,0,1,aleatorio,1
34,1,16,0,0,0,0,0,0,1,0,0,0,aleatorio,0
55,3,19,1,0,0,0,1,0,1,0,0,2,aleatorio,1
47,4,8,1,0,1,1,1,0,1,1,2,1,aleatorio,2
32,1,6,0,0,0,0,0,0,1,0,0,0,aleatorio,0
48,4,1,1,0,0,0,1,0,1,0,0,1,aleatorio,1
23,1,213,0,0,0,0,1,0,0,0,0,0,aleatorio,0
27,1,32,0,0,0,0,0,1,0,0,1,2,aleatorio,0
57,1,14,0,0,0,1,0,0,0,0,0,2,aleatorio,1
56,2,7,1,1,1,0,0,0,0,0,0,0,aleatorio,2
69,2,91,0,0,0,0,1,1,0,0,0,0,aleatorio,0
31,1,18,0,0,0,0,0,0,1,1,2,1,aleatorio,1
67,6,1,1,0,1,1,1,1,1,1,1,2,aleatorio,2
68,2,44,0,0,0,1,1,0,0,1,1,1,aleatorio,1
37,3,18,1,1,1,0,0,0,1,0,0,2,aleatorio,2
21,3,14,1,1,0,0,1,0,0,0,0,2,aleatorio,2
25,1,1,0,0,0,0,0,1,0,0,0,0,aleatorio,0
34,1,112,0,0,0,0,1,0,0,0,0,0,aleatorio,0
46,4,12,1,0,1,0,0,1,0,1,1,2,aleatorio,2
56,4,12,1,1,0,0,1,0,1,0,0,2,aleatorio,2
61,5,4,1,1,1,0,1,1,1,0,0,2,aleatorio,2
55,6,12,1,0,1,0,1,1,0,1,1,2,aleatorio,2
38,4,6,1,1,1,1,0,0,1,0,0,2,aleatorio,2
18,1,29,0,0,0,0,1,0,0,0,0,0,aleatorio,0
35,3,0,1,0,0,0,1,0,1,0,0,1,aleatorio,1
57,3,0,1,0,0,0,1,1,0,0,0,1,aleatorio,1
32,5,15,1,1,1,0,1,1,0,0,0,2,aleatorio,2
36,2,254,0,0,0,0,1,0,0,0,0,2,aleatorio,0
51,1,3,0,0,0,0,1,0,0,0,0,0,aleatorio,0
26,2,21,1,0,0,0,0,1,0,0,0,1,aleatorio,1
26,1,37,0,0,0,0,0,1,0,0,0,2,aleatorio,0
30,6,7,1,0,0,1,1,1,1,0,0,2,aleatorio,2
25,3,8,1,0,0,0,1,0,1,0,0,1,aleatorio,1
25,1,71,0,0,0,0,0,1,0,0,0,0,aleatorio,0
24,4,7,1,0,0,0,1,1,1,0,0,1,aleatorio,1
60,1,31,0,0,0,1,0,0,0,0,0,1,aleatorio,1
27,2,4,1,0,0,0,0,1,1,0,0,0,aleatorio,1
68,2,51,0,0,0,0,1,0,1,0,0,0,aleatorio,0
51,1,45,0,0,0,0,0,0,1,0,0,0,aleatorio,0
58,3,40,0,0,0,0,1,1,1,0,0,0,aleatorio,0
44,2,2,1,0,0,1,0,1,0,1,1,2,aleatorio,2
32,1,4,0,0,0,0,0,1,0,0,0,0,aleatorio,0
42,3,12,1,0,1,1,0,0,0,0,0,1,aleatorio,2
27,1,12,0,0,0,0,0,1,0,0,0,0,aleatorio,0
22,4,55,0,0,0,0,1,0,1,0,0,0,aleatorio,0
31,5,59,0,0,0,0,1,1,1,1,1,1,aleatorio,1
62,2,27,1,1,0,0,0,0,1,0,0,2,aleatorio,2
50,3,6,1,0,0,1,1,0,1,0,1,2,aleatorio,2
70,1,6,0,1,0,0,0,0,0,3,4,2,aleatorio,2
49,2,76,0,0,0,0,1,1,0,2,2,1,aleatorio,1
19,1,0,0,0,0,0,0,1,0,0,0,0,aleatorio,0
43,4,2,1,1,1,0,0,0,0,0,0,1,aleatorio,2
21,3,4,1,1,1,0,0,1,0,1,1,2,aleatorio,2
57,2,242,0,0,1,1,0,0,0,1,1,2,aleatorio,2
62,1,19,0,0,0,0,0,0,1,3,3,1,aleatorio,1
40,1,55,0,0,0,0,0,1,0,0,0,0,aleatorio,0
19,1,37,0,0,0,1,0,0,0,0,0,1,aleatorio,1
51,5,10,1,0,1,1,1,0,1,0,0,2,aleatorio,2
47,6,5,1,1,0,0,1,1,0,0,0,2,aleatorio,2
43,5,10,1,0,1,1,1,1,0,0,1,2,aleatorio,2
28,1,343,0,0,0,0,0,0,1,0,0,0,aleatorio,0
57,2,121,0,0,0,0,0,1,0,3,3,1,aleatorio,1
28,6,2,1,1,0,1,1,1,0,0,0,2,aleatorio,2
30,2,20,1,0,0,0,0,1,0,1,1,2,aleatorio,1
34,5,1,1,1,0,0,1,1,1,0,0,2,aleatorio,2
33,1,350,0,0,0,0,0,1,0,0,0,0,aleatorio,0
47,1,173,0,0,0,0,0,0,1,0,0,2,aleatorio,0
64,2,10,1,0,0,0,0,1,0,0,0,1,aleatorio,1
62,1,144,0,0,0,0,0,0,1,0,0,0,aleatorio,0
25,1,52,0,0,0,0,1,0,0,0,0,0,aleatorio,0
20,1,95,0,0,0,0,1,0,0,0,0,0,aleatorio,0
70,4,2,1,0,1,0,1,1,0,3,3,2,aleatorio,2
50,5,5,1,1,0,1,1,1,0,0,0,2,aleatorio,2
22,4,5,1,0,0,1,1,0,1,0,0,2,aleatorio,2
48,6,7,1,1,0,1,1,1,0,0,0,2,aleatorio,2
50,1,109,0,0,0,0,0,1,0,0,0,0,aleatorio,0
55,1,288,0,0,0,0,0,1,0,1,1,2,aleatorio,1
18,2,29,1,0,0,0,1,0,0,0,0,1,aleatorio,1
20,1,6,0,0,0,0,0,1,0,0,0,0,aleatorio,0
43,2,30,1,0,0,0,1,1,0,0,0,1,aleatorio,1
41,5,14,1,1,1,1,0,0,1,0,0,2,aleatorio,2
70,2,227,0,0,0,0,0,1,0,3,4,1,aleatorio,1
29,3,1,1,0,0,0,1,1,0,0,0,1,aleatorio,1
51,3,8,1,0,1,0,0,1,0,0,1,2,aleatorio,2
69,1,64,0,0,0,0,0,1,0,0,0,0,aleatorio,0
60,3,11,1,0,1,1,0,0,0,0,0,2,aleatorio,2
70,1,150,0,0,0,0,0,0,1,0,0,0,aleatorio,0
43,3,12,1,1,0,0,0,1,0,0,0,2,aleatorio,2
34,2,11,1,0,0,0,1,0,0,0,0,1,aleatorio,1
45,4,41,0,0,1,0,1,1,0,0,0,2,aleatorio,2
45,1,37,0,0,0,0,0,1,0,0,1,0,aleatorio,0
37,3,50,0,0,0,0,0,1,0,0,0,0,aleatorio,0
61,1,77,0,0,0,1,0,0,0,0,0,1,aleatorio,1
65,1,31,0,0,0,0,1,0,0,0,0,0,aleatorio,0
51,0,999,0,0,0,0,0,0,0,4,4,1,aleatorio,1
62,2,0,1,0,1,0,1,0,0,0,0,2,aleatorio,2
30,2,0,1,0,0,0,1,0,0,0,0,1,aleatorio,1
66,2,8,1,1,0,0,1,0,0,0,0,0,aleatorio,2
30,3,33,0,0,0,0,1,0,1,1,1,1,aleatorio,1
65,3,7,1,0,0,0,0,1,1,0,0,2,aleatorio,1
48,3,3,1,0,0,0,1,1,1,0,0,1,aleatorio,1
64,4,79,0,0,1,0,1,1,0,0,0,2,aleatorio,2
58,6,27,1,1,1,1,1,1,0,0,0,2,aleatorio,2
29,1,45,0,0,0,1,0,0,0,1,1,1,aleatorio,1
62,2,58,0,0,0,0,1,1,0,0,0,0,aleatorio,0
64,4,9,1,0,0,0,1,1,0,0,0,1,aleatorio,1
45,2,56,0,0,0,0,1,0,1,0,0,0,aleatorio,0
56,2,55,0,0,0,0,0,1,0,0,0,0,aleatorio,0
67,1,34,0,0,0,0,0,0,1,0,0,0,aleatorio,0
42,1,15,0,0,0,0,0,0,1,0,1,0,aleatorio,0
24,4,5,1,0,1,1,0,0,0,0,0,2,aleatorio,2
50,3,12,1,0,0,0,0,1,1,0,0,2,aleatorio,1
35,2,1,1,0,0,0,1,0,1,3,4,2,aleatorio,2
53,0,999,0,0,0,0,0,0,0,3,3,0,aleatorio,1
23,2,6,1,0,1,1,0,0,0,0,0,2,aleatorio,2
50,2,2,1,0,0,0,0,1,1,1,1,2,aleatorio,2
58,2,2,1,1,0,0,0,0,1,0,0,2,aleatorio,2
45,1,30,0,0,0,0,1,0,0,0,0,0,aleatorio,0
33,1,38,0,0,0,0,1,0,0,0,0,0,aleatorio,0
64,1,33,0,1,0,0,0,0,0,0,0,2,aleatorio,2
19,2,31,0,0,0,1,1,0,0,1,1,2,aleatorio,1
51,1,308,0,0,0,1,0,0,0,1,1,0,aleatorio,1
43,1,34,0,0,0,0,0,1,0,2,2,1,aleatorio,1
60,2,0,1,0,0,0,0,1,0,1,1,2,aleatorio,2
49,5,0,1,0,0,0,1,1,1,0,0,1,aleatorio,1
69,1,0,0,0,1,0,0,0,0,3,3,2,aleatorio,2
45,1,59,0,0,1,0,0,0,0,0,0,2,aleatorio,2
24,0,999,0,0,0,0,0,0,0,3,3,1,aleatorio,1
23,3,56,0,0,0,0,1,1,0,0,0,0,aleatorio,0
31,2,2,1,0,0,0,1,1,0,0,0,1,aleatorio,1
48,1,58,0,0,0,0,1,0,0,0,0,0,aleatorio,0
66,1,15,0,0,0,0,0,0,1,0,0,0,aleatorio,0
66,1,26,0,0,0,0,0,0,1,0,0,0,aleatorio,0
21,5,4,1,0,1,0,1,1,0,0,0,2,aleatorio,2
39,1,3,0,0,0,0,1,0,0,0,0,0,aleatorio,0
19,1,89,0,0,0,0,0,1,0,2,2,1,aleatorio,1
51,3,18,1,0,0,0,1,1,0,0,0,1,aleatorio,1
48,1,58,0,0,0,0,0,1,0,0,1,0,aleatorio,0
37,2,11,1,0,1,0,0,0,1,0,0,2,aleatorio,2
62,1,32,0,0,0,0,0,1,0,0,0,0,aleatorio,0
63,2,6,1,0,0,0,1,0,1,0,0,1,aleatorio,1
39,6,7,1,0,1,1,1,1,0,0,0,2,aleatorio,2
37,1,11,0,0,0,0,0,0,1,0,1,0,aleatorio,0
18,1,13,0,0,0,0,0,1,0,0,0,0,aleatorio,0
51,3,5,1,0,0,0,1,0,1,0,0,1,aleatorio,1
37,1,6,0,0,0,0,1,0,0,0,0,0,aleatorio,0
24,2,19,1,0,0,0,1,0,1,0,0,2,aleatorio,1
39,1,182,0,0,0,0,0,1,0,0,3,0,aleatorio,0
33,2,145,0,0,0,1,0,1,0,0,0,1,aleatorio,1
25,2,9,1,1,0,1,0,0,0,2,2,2,aleatorio,2
68,2,33,0,0,0,1,0,1,0,0,0,0,aleatorio,1
21,3,56,0,0,0,0,1,0,1,0,0,0,aleatorio,0
52,1,54,0,0,0,1,0,0,0,0,0,1,aleatorio,1
69,2,3,1,0,0,1,0,1,0,1,4,2,aleatorio,2
45,2,61,0,0,0,0,0,1,1,2,2,1,aleatorio,1
31,1,77,0,0,0,0,1,0,0,0,0,0,aleatorio,0
51,2,46,0,0,0,1,1,0,0,1,1,1,aleatorio,1
38,1,60,0,0,0,0,1,0,0,0,0,2,aleatorio,0
37,2,12,1,0,0,1,1,0,0,0,0,2,aleatorio,2
32,5,0,1,0,0,0,1,0,1,0,1,1,aleatorio,1
60,1,24,0,1,0,0,0,0,0,0,0,2,aleatorio,2
32,1,161,0,0,0,0,0,1,0,0,0,0,aleatorio,0
68,2,65,0,0,1,0,0,1,0,0,0,0,aleatorio,2
25,1,271,0,0,0,0,0,1,0,0,0,0,aleatorio,0
52,1,123,0,0,0,0,0,1,0,0,0,0,aleatorio,0
56,3,0,1,1,0,0,0,1,1,0,0,2,aleatorio,2
28,1,3,0,0,0,0,1,0,0,0,0,0,aleatorio,0
67,1,6,0,0,0,0,1,0,0,0,0,0,aleatorio,0
51,2,15,1,0,1,0,1,0,0,0,0,2,aleatorio,2
68,1,52,0,0,0,0,0,1,0,0,0,0,aleatorio,0
22,1,282,0,0,0,0,0,0,1,2,4,1,aleatorio,1
24,4,21,1,1,0,0,1,0,1,0,0,2,aleatorio,2
26,2,6,1,1,0,0,0,1,0,2,3,2,aleatorio,2
24,1,54,0,0,0,0,1,0,0,2,2,1,aleatorio,1
52,1,7,0,0,0,0,1,0,0,0,0,0,aleatorio,0
56,1,119,0,0,0,0,0,1,0,0,1,0,aleatorio,0
33,1,35,0,0,0,0,1,0,0,0,0,0,aleatorio,0
58,1,29,0,0,0,0,0,1,0,0,0,0,aleatorio,0
21,1,27,0,0,0,0,0,0,1,0,0,0,aleatorio,0
37,1,12,0,0,0,0,1,0,0,0,0,0,aleatorio,0
60,1,309,0,0,0,0,1,0,0,0,0,0,aleatorio,0
39,1,238,0,0,0,0,1,0,0,0,0,0,aleatorio,0
32,3,18,1,0,1,0,0,1,0,0,0,2,aleatorio,2
58,4,13,1,0,1,0,1,1,0,1,1,2,aleatorio,2
28,1,12,0,0,0,0,0,1,0,0,0,0,aleatorio,0
59,1,277,0,0,0,0,0,0,1,0,0,0,aleatorio,0
67,3,19,1,0,0,0,1,1,1,0,0,1,aleatorio,1
31,3,27,1,0,0,1,0,0,1,1,2,2,aleatorio,2
25,3,0,1,0,1,0,1,0,1,0,0,2,aleatorio,2
58,1,210,0,0,0,0,1,0,0,0,0,0,aleatorio,0
64,1,31,0,1,0,0,0,0,0,0,0,2,aleatorio,2
20,2,16,1,0,0,0,1,0,1,0,0,1,aleatorio,1
20,3,7,1,0,0,1,1,0,1,1,1,2,aleatorio,2
20,2,9,1,0,0,1,0,0,0,0,1,2,aleatorio,2
39,0,999,0,0,0,0,0,0,0,1,3,1,aleatorio,1
66,1,51,0,0,0,0,0,1,0,0,0,0,aleatorio,0
53,1,3,0,0,0,0,0,1,0,0,0,0,aleatorio,0
33,5,17,1,0,1,0,1,0,1,2,3,2,aleatorio,2
32,1,13,0,0,0,0,0,1,0,0,0,0,aleatorio,0
28,2,35,0,0,0,0,1,1,0,0,0,0,aleatorio,0
68,3,36,0,1,0,0,1,0,1,1,1,0,aleatorio,2
38,1,210,0,0,0,0,1,0,0,0,0,0,aleatorio,0
45,1,87,0,0,0,0,1,0,0,0,0,2,aleatorio,0
60,2,24,1,0,0,0,1,0,1,0,0,1,aleatorio,1
19,1,378,0,0,0,0,0,0,1,0,0,0,aleatorio,0
51,1,277,0,0,0,0,1,0,0,2,3,1,aleatorio,1
68,3,15,1,0,0,0,1,1,0,0,0,2,aleatorio,1
52,1,67,0,0,0,1,0,0,0,3,3,1,aleatorio,1
66,5,11,1,1,0,1,1,1,0,0,0,2,aleatorio,2
21,2,47,0,0,0,0,1,0,1,0,0,0,aleatorio,0
33,3,0,1,0,0,0,1,0,1,0,0,1,aleatorio,1
64,6,6,1,0,1,1,1,1,1,2,2,2,aleatorio,2
29,1,5,0,0,0,0,1,0,0,0,0,0,aleatorio,0
44,1,176,0,0,1,0,0,0,0,0,0,2,aleatorio,2
40,2,19,1,0,0,0,1,1,0,0,0,1,aleatorio,1
29,5,32,0,0,0,0,0,1,1,0,0,0,aleatorio,0
23,3,53,0,0,0,0,1,1,0,1,1,1,aleatorio,1
63,1,245,0,0,0,0,0,1,0,0,0,0,aleatorio,0
51,3,5,1,0,0,1,1,0,0,0,0,2,aleatorio,2
69,1,43,0,0,0,0,0,0,1,2,3,1,aleatorio,1
43,1,108,0,0,0,0,0,1,0,1,1,1,aleatorio,1
32,5,6,1,1,1,0,1,0,0,2,3,0,aleatorio,2
40,1,154,0,0,0,0,0,0,1,0,0,0,aleatorio,0
42,4,11,1,0,0,0,1,1,1,0,0,1,aleatorio,1
69,3,8,1,1,0,0,1,0,0,0,1,2,aleatorio,2
18,1,1,0,0,0,1,0,0,0,0,0,1,aleatorio,1
36,2,0,1,0,0,0,1,0,1,0,0,1,aleatorio,1
36,3,7,1,1,1,0,1,0,0,1,1,2,aleatorio,2
39,3,14,1,0,1,0,1,1,0,0,0,2,aleatorio,2
51,0,999,0,0,0,0,0,0,0,2,2,1,aleatorio,1
33,3,39,0,0,0,0,0,0,1,0,0,0,aleatorio,0
48,1,15,0,0,0,0,0,0,1,0,0,0,aleatorio,0
30,1,31,0,0,0,0,0,1,0,1,1,2,aleatorio,1
37,1,47,0,0,1,0,0,0,0,1,1,2,aleatorio,2
58,1,11,0,0,0,0,0,0,1,0,0,0,aleatorio,0
48,0,999,0,0,0,0,0,0,0,1,1,1,aleatorio,1
59,5,3,1,0,0,1,1,1,1,2,2,2,aleatorio,2
46,1,237,0,0,0,0,1,0,0,0,0,0,aleatorio,0
64,1,336,0,0,0,0,1,0,0,0,0,0,aleatorio,0
18,1,0,0,0,0,1,0,0,0,0,0,1,aleatorio,1
21,1,385,0,0,0,1,0,0,0,0,0,1,aleatorio,1
45,2,7,1,0,0,0,0,1,1,0,1,1,aleatorio,1
34,2,56,0,0,0,0,1,0,1,1,2,1,aleatorio,1
20,1,365,0,0,0,0,0,0,1,0,0,0,aleatorio,0
56,2,3,1,0,0,0,0,0,1,0,1,1,aleatorio,1
28,4,10,1,0,1,1,1,1,0,0,0,2,aleatorio,2
58,1,37,0,0,0,1,0,0,0,0,0,1,aleatorio,1
31,1,1,0,0,0,1,0,0,0,0,1,1,aleatorio,1
51,3,34,0,0,0,0,1,0,0,2,2,2,aleatorio,1
65,1,4,0,0,0,0,1,0,0,0,0,0,aleatorio,0
28,3,3,1,1,0,0,1,0,1,2,3,2,aleatorio,2
60,6,21,1,0,0,0,1,1,1,0,0,1,aleatorio,1
37,3,32,0,0,0,1,1,0,1,0,0,1,aleatorio,1
66,1,319,0,0,0,0,0,1,0,2,3,1,aleatorio,1
66,2,108,0,0,0,0,0,1,1,0,0,0,aleatorio,0
51,2,26,1,1,0,0,1,0,0,1,1,2,aleatorio,2
27,1,5,0,0,0,0,0,0,1,0,0,0,aleatorio,0
46,4,0,1,0,0,1,0,1,0,1,1,2,aleatorio,2
20,5,5,1,0,1,1,1,0,0,1,1,0,aleatorio,2
46,1,4,0,0,0,0,0,1,0,0,0,0,aleatorio,0
22,4,9,1,1,0,1,0,0,1,0,0,0,aleatorio,2
41,0,999,0,0,0,0,0,0,0,3,4,1,aleatorio,1
62,4,9,1,0,1,0,1,0,1,0,0,2,aleatorio,2
37,4,281,0,0,0,1,0,1,0,0,0,1,aleatorio,1
56,2,22,1,0,0,0,0,1,0,0,0,1,aleatorio,1
19,1,126,0,0,0,0,1,0,0,0,0,0,aleatorio,0
55,2,133,0,0,0,0,0,1,1,0,0,0,aleatorio,0
44,2,7,1,1,0,0,0,1,0,1,1,2,aleatorio,2
40,1,180,0,0,0,0,1,0,0,0,0,1,aleatorio,0
63,6,0,1,0,1,0,1,1,1,0,1,2,aleatorio,2
64,1,11,0,0,0,0,0,1,0,0,0,0,aleatorio,0
19,4,0,1,0,0,1,0,1,0,3,3,2,aleatorio,2
31,3,197,0,0,0,1,1,1,0,0,1,1,aleatorio,1
23,4,15,1,1,0,0,1,0,1,0,0,2,aleatorio,2
63,2,18,1,0,1,1,0,0,0,0,0,2,aleatorio,2
65,2,104,0,0,0,0,1,1,0,0,0,0,aleatorio,0
28,1,30,0,0,0,0,0,1,0,0,0,1,aleatorio,0
59,1,302,0,0,0,0,1,0,0,0,0,0,aleatorio,0
32,1,55,0,0,0,0,0,1,0,3,4,1,aleatorio,1
65,3,30,1,0,0,0,0,1,1,0,0,1,aleatorio,1
48,4,3,1,0,1,1,0,1,0,0,0,2,aleatorio,2
23,1,55,0,0,0,0,0,1,0,3,3,1,aleatorio,1
49,6,2,1,1,1,1,0,1,1,0,0,2,aleatorio,2
40,1,245,0,0,0,0,0,1,0,0,0,0,aleatorio,0
27,1,18,0,0,0,0,0,1,0,1,1,1,aleatorio,1
41,5,9,1,1,0,1,1,0,0,0,0,2,aleatorio,2
18,1,3,0,0,0,0,1,0,0,0,0,0,aleatorio,0
65,1,163,0,0,0,0,0,1,0,0,0,0,aleatorio,0
23,5,32,0,0,0,0,1,1,1,0,0,2,aleatorio,0
22,6,8,1,1,1,1,0,1,1,0,1,2,aleatorio,2
45,6,2,1,1,1,1,0,0,1,0,0,2,aleatorio,2
27,3,43,0,0,0,1,0,1,0,2,4,1,aleatorio,1
68,4,13,1,1,0,0,0,1,1,0,0,2,aleatorio,2
46,1,27,0,0,0,0,0,1,0,1,1,1,aleatorio,1
32,3,2,1,0,1,1,1,0,0,0,0,2,aleatorio,2
53,1,42,0,0,0,0,0,1,0,0,0,0,aleatorio,0
35,2,27,1,0,0,0,1,0,1,1,1,1,aleatorio,1
56,2,8,1,0,0,0,0,1,0,0,0,1,aleatorio,1
25,5,6,1,1,1,0,1,1,0,0,0,2,aleatorio,2
21,1,37,0,1,0,0,0,0,0,0,0,2,aleatorio,2
50,1,4,0,0,0,0,0,1,0,1,1,2,aleatorio,2
69,1,53,0,0,0,0,0,0,1,0,0,0,aleatorio,0
33,1,41,0,0,0,0,1,0,0,0,1,2,aleatorio,0
54,1,389,0,0,0,0,0,1,0,0,0,0,aleatorio,0
34,2,14,1,0,1,0,0,0,1,0,0,2,aleatorio,2
66,1,156,0,0,0,0,0,1,0,0,0,0,aleatorio,0
48,2,46,0,0,0,0,0,1,1,0,0,0,aleatorio,0
29,6,3,1,1,0,1,0,1,1,0,0,2,aleatorio,2
41,1,216,0,0,0,0,0,1,0,0,0,0,aleatorio,0
40,1,10,0,0,0,0,0,0,1,0,0,0,aleatorio,0
46,2,71,0,0,0,0,1,0,1,0,0,0,aleatorio,0
55,1,397,0,0,0,0,0,0,1,0,0,0,aleatorio,0
70,3,52,0,0,0,0,1,0,1,0,0,0,aleatorio,0
51,4,4,1,0,1,1,1,0,0,1,1,2,aleatorio,2
47,3,54,0,0,0,1,0,1,1,0,0,1,aleatorio,1
47,1,173,0,1,0,0,0,0,0,2,2,2,aleatorio,2
55,3,1,1,0,0,0,1,1,0,0,0,1,aleatorio,1
48,3,9,1,0,0,0,1,1,0,0,0,1,aleatorio,1
26,2,74,0,0,0,1,1,0,0,0,0,1,aleatorio,1
21,6,2,1,1,0,1,1,0,0,1,1,2,aleatorio,2
35,2,44,0,0,1,0,0,1,0,2,2,1,aleatorio,2
22,1,135,0,0,1,0,0,0,0,1,1,2,aleatorio,2
25,1,20,0,0,0,0,1,0,0,1,2,1,aleatorio,1
30,2,20,1,0,0,0,1,1,0,0,0,1,aleatorio,1
53,2,8,1,0,1,0,0,1,0,2,2,1,aleatorio,2
26,1,44,0,0,0,0,0,1,0,0,0,0,aleatorio,0
55,4,3,1,0,0,1,0,0,1,1,1,2,aleatorio,2
64,2,22,1,0,1,0,1,0,0,0,0,2,aleatorio,2
50,3,10,1,1,1,0,0,1,0,0,0,2,aleatorio,2
51,2,263,0,0,0,0,1,0,0,0,0,0,aleatorio,0
30,3,54,0,0,0,1,1,0,0,0,0,1,aleatorio,1
23,3,110,0,0,0,1,1,0,0,0,1,1,aleatorio,1
25,3,43,0,0,0,1,1,0,1,0,1,0,aleatorio,1
42,3,57,0,0,0,0,1,1,0,0,0,0,aleatorio,0
30,1,57,0,0,0,0,0,1,0,2,2,1,aleatorio,1
39,1,27,0,0,0,0,0,1,0,1,1,1,aleatorio,1
49,2,165,0,0,0,0,0,0,1,0,0,0,aleatorio,0
31,2,32,0,0,0,0,1,1,0,0,0,0,aleatorio,0
26,2,1,1,1,1,0,0,0,0,0,0,1,aleatorio,2
51,2,41,0,0,0,0,1,0,1,0,1,0,aleatorio,0
21,2,49,0,0,0,0,1,1,0,0,0,0,aleatorio,0
49,2,10,1,1,0,0,0,0,0,0,0,2,aleatorio,2
18,3,0,1,1,0,0,1,0,1,0,0,2,aleatorio,2
23,1,14,0,0,0,0,1,0,0,0,0,0,aleatorio,0
47,2,170,0,0,0,1,1,0,0,0,0,1,aleatorio,1
58,1,173,0,0,0,0,0,1,0,1,1,1,aleatorio,1
39,5,5,1,0,0,1,0,1,0,1,1,2,aleatorio,2
66,5,7,1,1,0,1,1,1,0,2,2,2,aleatorio,2
36,2,47,0,0,0,0,0,1,1,0,0,0,aleatorio,0
69,1,4,0,0,0,0,0,0,1,0,0,0,aleatorio,0
48,1,30,0,0,0,0,0,0,1,0,0,2,aleatorio,0
41,1,207,0,0,0,1,0,0,0,1,1,1,aleatorio,1
55,3,18,1,0,0,0,1,1,0,0,0,1,aleatorio,1
31,2,188,0,0,0,1,0,0,1,1,1,1,aleatorio,1
38,5,2,1,0,0,1,1,1,0,0,2,2,aleatorio,2
26,1,59,0,0,0,1,0,0,0,1,1,1,aleatorio,1
69,3,15,1,0,1,0,1,0,0,0,0,2,aleatorio,2
55,1,53,0,0,0,1,0,0,0,0,0,1,aleatorio,1
68,1,349,0,0,0,0,1,0,0,0,0,0,aleatorio,0
44,4,0,1,0,1,1,0,1,0,0,0,2,aleatorio,2
52,1,60,0,0,0,0,0,1,0,0,0,0,aleatorio,0
68,4,2,1,0,1,1,1,0,0,1,1,2,aleatorio,2
38,4,14,1,0,1,1,0,1,1,1,1,2,aleatorio,2
46,6,9,1,0,0,0,1,1,1,0,0,1,aleatorio,1
57,2,32,0,0,0,0,1,1,0,0,0,0,aleatorio,0
47,1,75,0,0,0,0,0,0,1,0,0,0,aleatorio,0
35,1,339,0,0,0,0,0,1,0,0,0,0,aleatorio,0
53,5,2,1,1,1,1,0,0,1,1,1,2,aleatorio,2
47,4,10,1,0,0,1,1,0,1,1,1,2,aleatorio,2
70,2,143,0,0,1,0,1,0,0,0,0,0,aleatorio,2
37,1,231,0,0,0,0,1,0,0,1,1,1,aleatorio,1
70,1,33,0,0,1,0,0,0,0,0,0,2,aleatorio,2
63,3,13,1,0,1,0,0,1,1,0,0,2,aleatorio,2
26,2,34,0,0,0,0,1,1,0,0,2,0,aleatorio,0
57,3,3,1,1,0,0,0,0,1,0,0,2,aleatorio,2
42,1,398,0,0,0,0,1,0,0,0,0,0,aleatorio,0
61,1,44,0,0,1,0,0,0,0,0,0,2,aleatorio,2
41,1,24,0,0,0,0,0,1,0,0,0,0,aleatorio,0
19,2,30,1,0,0,0,1,1,0,3,3,1,aleatorio,1
18,1,5,0,0,0,0,0,1,0,0,0,0,aleatorio,0
38,1,32,0,0,0,1,0,0,0,0,0,0,aleatorio,1
52,4,12,1,0,0,1,1,1,1,0,0,2,aleatorio,2
55,0,999,0,0,0,0,0,0,0,3,3,1,aleatorio,1
25,1,374,0,0,0,0,0,1,0,0,0,0,aleatorio,0
35,1,50,0,0,0,0,0,0,1,1,1,1,aleatorio,1
23,1,40,0,0,0,1,0,0,0,1,1,0,aleatorio,1
61,1,26,0,0,0,1,0,0,0,0,0,1,aleatorio,1
37,2,27,1,0,0,1,0,0,0,0,0,2,aleatorio,2
21,2,1,1,0,0,0,0,0,1,0,0,0,aleatorio,1
23,1,4,0,0,0,0,0,0,1,0,0,0,aleatorio,0
60,5,3,1,1,1,1,1,0,0,1,3,2,aleatorio,2
28,5,10,1,0,0,0,1,1,0,0,0,0,aleatorio,1
66,1,14,0,0,0,0,1,0,0,0,0,0,aleatorio,0
18,2,26,1,0,0,0,1,0,0,1,2,1,aleatorio,1
52,0,999,0,0,0,0,0,0,0,1,1,1,aleatorio,1
70,1,57,0,1,0,0,0,0,0,0,0,2,aleatorio,2
62,5,7,1,0,0,1,0,1,0,0,0,2,aleatorio,2
69,3,6,1,1,1,0,0,0,1,0,0,2,aleatorio,2
27,1,164,0,0,0,0,1,0,0,0,0,0,aleatorio,0
30,4,58,0,0,0,1,1,0,1,0,1,1,aleatorio,1
67,2,48,0,0,0,0,0,1,1,0,0,0,aleatorio,0
46,2,47,0,0,0,1,0,1,0,0,0,0,aleatorio,1
47,1,7,0,1,0,0,0,0,0,0,0,2,aleatorio,2
46,3,24,1,0,0,0,1,1,0,2,2,1,aleatorio,1
32,2,5,1,0,0,0,1,1,0,0,0,2,aleatorio,1
65,1,371,0,1,0,0,0,0,0,0,1,2,aleatorio,2
53,2,49,0,1,0,0,0,1,0,0,0,2,aleatorio,2
47,2,51,0,0,0,0,0,1,1,1,1,1,aleatorio,1
33,1,12,0,0,0,0,1,0,0,0,0,0,aleatorio,0
47,2,209,0,0,0,0,1,1,0,0,0,0,aleatorio,0
42,1,0,0,0,0,0,0,1,0,0,0,1,aleatorio,0
64,1,392,0,1,0,0,0,0,0,0,1,2,aleatorio,2
55,1,227,0,0,0,0,1,0,0,0,0,0,aleatorio,0
45,1,17,0,0,0,0,0,0,1,0,1,0,aleatorio,0
44,3,11,1,0,0,0,1,0,1,0,1,1,aleatorio,1
22,2,11,1,0,0,0,0,1,1,0,0,1,aleatorio,1
67,3,0,1,0,0,0,0,0,1,0,0,1,aleatorio,1
65,3,10,1,0,0,0,1,1,0,0,0,1,aleatorio,1
65,4,34,0,0,0,0,1,1,0,0,0,0,aleatorio,0
29,2,3,1,0,0,0,1,1,0,0,0,1,aleatorio,1
60,2,53,0,0,0,0,1,0,0,0,1,0,aleatorio,0
58,2,18,1,0,0,0,1,1,0,0,0,1,aleatorio,1
44,2,10,1,1,0,0,1,0,0,0,0,2,aleatorio,2
60,6,45,0,1,1,0,0,1,1,0,1,2,aleatorio,2
44,2,6,1,0,0,0,1,1,0,0,0,1,aleatorio,1
20,3,53,0,0,0,1,0,1,0,1,1,1,aleatorio,1
33,4,10,1,0,0,0,1,1,0,0,0,1,aleatorio,1
24,2,24,1,0,1,0,0,1,0,0,0,1,aleatorio,2
30,2,20,1,1,0,0,0,0,0,2,2,2,aleatorio,2
48,1,276,0,0,0,1,0,0,0,0,0,1,aleatorio,1
52,2,128,0,0,0,0,1,1,0,0,0,0,aleatorio,0
40,1,4,0,0,0,0,0,0,1,0,0,0,aleatorio,0
50,3,1,1,1,0,1,0,0,0,0,1,2,aleatorio,2
32,1,235,0,0,0,0,0,1,0,0,0,0,aleatorio,0
33,1,5,0,0,0,0,0,0,1,1,1,2,aleatorio,2
52,2,13,1,0,0,0,1,1,0,0,0,1,aleatorio,1
66,3,4,1,1,0,0,1,0,1,0,0,1,aleatorio,2
47,1,13,0,0,0,1,0,0,0,0,0,1,aleatorio,1
34,2,31,0,0,0,0,0,1,1,0,0,0,aleatorio,0
54,5,2,1,1,1,1,0,1,0,0,0,2,aleatorio,2
56,1,9,0,0,0,0,1,0,0,0,0,0,aleatorio,0
27,1,275,0,0,0,0,1,0,0,0,0,0,aleatorio,0
20,3,35,0,0,0,1,0,1,0,0,0,1,aleatorio,1
39,1,17,0,0,0,0,0,1,0,0,0,0,aleatorio,0
43,1,3,0,0,0,0,1,0,0,0,1,0,aleatorio,0
45,1,57,0,0,0,0,1,0,0,0,0,0,aleatorio,0
61,4,30,1,1,0,0,0,1,0,0,0,2,aleatorio,2
21,3,14,1,0,0,0,1,1,1,0,0,1,aleatorio,1
62,1,29,0,0,0,0,1,0,0,0,0,0,aleatorio,0
38,3,10,1,0,0,0,0,1,1,0,0,1,aleatorio,1
32,1,333,0,0,0,0,1,0,0,0,0,0,aleatorio,0
29,3,4,1,0,0,0,1,1,1,0,0,1,aleatorio,1
54,3,223,0,0,0,0,0,1,1,0,0,0,aleatorio,0
66,2,25,1,0,0,1,1,0,0,0,0,2,aleatorio,2
54,6,13,1,0,0,0,1,0,1,0,0,0,aleatorio,1
46,3,4,1,0,0,0,1,1,1,0,0,1,aleatorio,1
48,1,50,0,0,0,0,0,1,0,0,1,0,aleatorio,0
60,1,44,0,0,0,0,0,0,1,0,0,0,aleatorio,0
65,1,294,0,0,0,0,1,0,0,3,3,1,aleatorio,1
64,1,206,0,0,0,0,0,1,0,0,0,0,aleatorio,0
57,2,7,1,1,1,0,0,0,0,0,0,2,aleatorio,2
26,2,5,1,0,0,0,0,0,1,0,0,1,aleatorio,1
37,2,1,1,0,1,1,0,0,0,2,3,0,aleatorio,2
37,1,33,0,0,0,0,0,1,0,2,2,1,aleatorio,1
58,3,12,1,0,0,1,0,1,0,0,0,2,aleatorio,2
67,2,17,1,0,0,0,0,1,0,0,0,1,aleatorio,1
60,2,25,1,0,0,0,0,1,0,0,0,1,aleatorio,1
67,1,379,0,0,0,0,0,1,0,1,1,1,aleatorio,1
26,2,33,0,0,0,1,0,0,1,0,0,1,aleatorio,1
31,5,5,1,0,1,1,1,1,0,2,2,2,aleatorio,2
35,2,18,1,0,0,0,1,0,1,0,0,1,aleatorio,1
22,3,1,1,0,1,0,1,0,0,1,2,2,aleatorio,2
35,1,9,0,0,0,0,0,0,1,2,2,2,aleatorio,2
18,2,190,0,0,0,1,0,1,0,0,0,1,aleatorio,1
37,1,32,0,0,0,0,0,0,1,0,0,0,aleatorio,0
31,1,354,0,0,0,0,0,1,0,1,1,1,aleatorio,1
42,2,3,1,0,1,1,0,0,0,0,0,2,aleatorio,2
63,1,376,0,0,0,1,0,0,0,0,2,1,aleatorio,1
27,1,11,0,0,0,0,1,0,0,0,0,0,aleatorio,0
52,3,40,0,0,0,0,1,1,1,0,0,0,aleatorio,0
53,4,2,1,0,1,0,1,0,0,0,0,2,aleatorio,2
34,1,54,0,0,0,0,1,0,0,1,1,1,aleatorio,1
19,3,0,1,0,0,0,0,1,1,0,0,1,aleatorio,1
41,1,45,0,0,0,0,0,0,1,1,1,1,aleatorio,1
33,5,39,0,0,0,0,0,1,1,0,0,0,aleatorio,0
29,1,377,0,0,0,0,0,0,1,0,0,0,aleatorio,0
23,2,14,1,0,0,0,1,1,0,1,1,2,aleatorio,2
33,2,58,0,1,0,0,1,0,0,0,0,0,aleatorio,2
28,1,245,0,0,0,0,1,0,0,0,1,0,aleatorio,0
50,2,15,1,0,0,1,1,0,0,0,0,2,aleatorio,2
30,2,10,1,0,0,0,0,1,1,0,0,1,aleatorio,1
24,3,88,0,0,0,1,0,0,0,1,1,1,aleatorio,1
34,1,223,0,0,0,0,0,0,1,0,0,0,aleatorio,0
66,1,44,0,0,0,1,0,0,0,1,1,1,aleatorio,1
70,1,392,0,0,0,0,0,0,1,0,0,0,aleatorio,0
42,6,4,1,0,1,1,1,1,0,0,1,2,aleatorio,2
43,2,25,1,0,0,0,0,0,1,1,1,1,aleatorio,1
67,1,388,0,0,0,0,1,0,0,0,0,0,aleatorio,0
54,1,28,0,0,0,0,0,1,0,0,0,0,aleatorio,0
59,3,3,1,0,1,0,1,1,0,1,1,0,aleatorio,2
53,2,7,1,0,0,0,0,1,0,0,0,1,aleatorio,1
37,1,13,0,0,0,1,0,0,0,0,0,1,aleatorio,1
37,2,37,0,0,0,1,1,0,0,0,0,1,aleatorio,1
69,6,4,1,1,1,0,1,1,1,0,0,2,aleatorio,2
38,1,11,0,0,0,0,1,0,0,1,1,2,aleatorio,2
18,3,8,1,1,0,1,1,0,0,0,0,2,aleatorio,2
35,1,14,0,0,0,0,1,0,0,0,0,0,aleatorio,0
27,4,16,1,0,1,1,1,1,0,1,1,2,aleatorio,2
70,1,96,0,0,0,0,0,0,1,0,0,0,aleatorio,0
22,1,17,0,0,0,0,1,0,0,3,3,1,aleatorio,1
23,3,11,1,0,1,1,0,1,0,0,0,2,aleatorio,2
25,1,36,0,0,0,0,1,0,0,0,0,0,aleatorio,0
54,1,14,0,0,0,1,0,0,0,0,1,1,aleatorio,1
41,2,31,0,1,1,0,0,0,0,0,0,2,aleatorio,2
66,3,3,1,0,0,0,1,1,0,0,0,2,aleatorio,1
64,1,4,0,0,0,0,0,0,1,0,1,0,aleatorio,0
57,0,999,0,0,0,0,0,0,0,3,3,1,aleatorio,1
29,1,38,0,0,0,0,0,1,0,2,2,1,aleatorio,1
19,1,340,0,0,0,0,1,0,0,0,0,0,aleatorio,0
18,1,7,0,0,0,0,1,0,0,0,0,0,aleatorio,0
46,1,367,0,0,0,1,0,0,0,1,1,1,aleatorio,1
64,1,29,0,0,0,0,0,1,0,0,0,0,aleatorio,0
42,1,379,0,0,0,0,0,1,0,0,0,0,aleatorio,0
54,4,35,0,0,0,1,1,1,0,0,0,1,aleatorio,1
32,1,5,0,0,0,0,1,0,0,0,0,0,aleatorio,0
25,2,49,0,0,0,0,1,1,0,0,0,0,aleatorio,0
67,1,9,0,0,0,0,0,0,1,0,0,2,aleatorio,0
43,1,2,0,0,1,0,0,0,0,0,0,2,aleatorio,2
22,5,14,1,1,1,0,1,1,0,1,2,2,aleatorio,2
43,2,7,1,0,0,0,1,1,0,0,0,1,aleatorio,1
26,1,20,0,0,0,0,1,0,0,1,1,1,aleatorio,1
69,1,56,0,0,0,0,1,0,0,0,0,0,aleatorio,0
60,3,3,1,0,0,0,1,1,1,0,0,1,aleatorio,1
67,6,9,1,1,1,1,0,1,0,0,0,2,aleatorio,2
53,4,14,1,0,1,0,0,1,0,0,0,2,aleatorio,2
42,6,8,1,1,1,0,1,0,1,0,0,2,aleatorio,2
44,1,47,0,0,0,0,1,0,0,0,0,0,aleatorio,0
46,2,44,0,0,0,1,0,0,0,0,0,1,aleatorio,1
49,1,17,0,0,0,1,0,0,0,2,2,1,aleatorio,1
52,3,5,1,1,0,1,1,0,0,0,1,2,aleatorio,2
25,2,39,0,0,0,0,1,1,0,0,0,0,aleatorio,0
24,1,11,0,0,0,0,1,0,0,0,0,0,aleatorio,0
46,5,8,1,1,0,1,0,1,0,3,3,2,aleatorio,2
44,1,0,0,0,0,1,0,0,0,0,0,1,aleatorio,1
51,5,2,1,0,1,0,1,0,1,0,0,2,aleatorio,2
20,1,17,0,0,0,0,1,0,0,0,0,0,aleatorio,0
26,2,12,1,0,1,0,0,0,1,1,1,2,aleatorio,2
39,2,11,1,0,0,0,1,0,1,0,0,1,aleatorio,1
47,2,63,0,0,0,0,0,1,0,1,2,1,aleatorio,1
35,6,1,1,0,0,1,1,1,0,0,0,2,aleatorio,2
54,1,33,0,0,0,0,0,0,1,0,0,0,aleatorio,0
65,3,0,1,0,0,1,1,0,0,0,0,2,aleatorio,2
25,4,0,1,0,1,1,1,0,1,0,0,2,aleatorio,2
62,1,393,0,0,0,1,0,0,0,1,1,1,aleatorio,1
22,3,3,1,1,0,0,1,0,1,0,0,2,aleatorio,2
63,1,70,0,0,0,0,0,0,1,0,0,0,aleatorio,0
63,1,9,0,0,0,1,0,0,0,0,1,1,aleatorio,1
39,1,44,0,0,0,1,0,0,0,0,0,2,aleatorio,1
30,0,999,0,0,0,0,0,0,0,2,2,1,aleatorio,1
37,4,3,1,0,1,0,1,1,0,3,4,2,aleatorio,2
67,3,59,0,0,0,0,1,1,1,0,0,0,aleatorio,0
52,2,112,0,0,0,0,0,1,1,1,1,1,aleatorio,1
44,2,125,0,0,0,0,1,0,1,2,2,1,aleatorio,1
66,1,46,0,0,0,0,0,0,1,0,0,0,aleatorio,0
30,6,4,1,1,1,0,1,0,1,0,0,2,aleatorio,2
29,3,11,1,1,1,1,0,0,0,0,0,2,aleatorio,2
32,1,121,0,0,0,0,0,1,0,0,0,0,aleatorio,0
33,1,371,0,0,0,1,0,0,0,0,0,1,aleatorio,1
20,2,15,1,0,0,1,1,0,0,2,2,2,aleatorio,2
41,0,999,0,0,0,0,0,0,0,2,2,0,aleatorio,1
52,2,26,1,0,0,0,1,0,0,1,1,1,aleatorio,1
35,2,8,1,0,0,0,1,1,0,0,1,1,aleatorio,1
32,4,2,1,0,1,0,1,0,1,0,0,2,aleatorio,2
29,2,107,0,0,0,1,0,0,1,0,0,1,aleatorio,1
21,3,4,1,0,1,0,0,1,1,0,0,2,aleatorio,2
53,3,2,1,0,0,1,0,0,1,0,0,2,aleatorio,2
18,2,60,0,0,0,0,1,1,0,1,1,2,aleatorio,1
37,1,158,0,0,0,0,1,0,0,0,2,0,aleatorio,0
31,4,3,1,0,0,1,1,1,0,0,0,2,aleatorio,2
68,1,50,0,0,0,0,0,0,1,0,0,0,aleatorio,0
36,1,220,0,1,0,0,0,0,0,0,0,2,aleatorio,2
36,4,40,0,0,0,0,1,1,1,0,0,0,aleatorio,0
56,2,4,1,0,0,0,1,1,0,0,0,1,aleatorio,1
67,4,34,0,0,0,0,1,1,1,0,0,0,aleatorio,0
61,1,11,0,0,0,0,0,1,0,0,0,1,aleatorio,0
50,1,156,0,0,0,0,1,0,0,0,0,0,aleatorio,0
22,4,4,1,0,0,1,0,0,1,0,0,2,aleatorio,2
70,1,374,0,0,0,0,0,0,1,0,0,0,aleatorio,0
44,1,3,0,0,0,0,0,1,0,0,0,1,aleatorio,0
23,1,319,0,0,0,0,1,0,0,0,0,0,aleatorio,0
64,1,26,0,0,0,0,1,0,0,0,0,2,aleatorio,0
68,1,7,0,0,0,0,1,0,0,0,0,0,aleatorio,0
22,2,5,1,0,0,0,0,1,1,0,0,1,aleatorio,1
66,6,13,1,0,0,0,1,1,1,0,0,1,aleatorio,1
39,3,4,1,0,1,1,1,0,0,0,0,2,aleatorio,2
49,3,0,1,0,0,0,1,1,0,0,0,1,aleatorio,1
57,1,3,0,0,0,0,0,0,1,0,0,0,aleatorio,0
67,3,11,1,0,0,1,1,1,0,0,0,2,aleatorio,2
28,4,46,0,0,0,1,1,1,1,1,1,1,aleatorio,1
61,6,1,1,1,0,0,1,1,1,1,2,1,aleatorio,2
39,1,46,0,0,0,0,0,0,1,2,2,1,aleatorio,1
41,4,7,1,0,1,1,0,0,1,1,2,2,aleatorio,2
25,1,2,0,0,0,0,0,0,1,0,0,0,aleatorio,0
70,3,47,0,0,0,0,1,1,1,1,1,1,aleatorio,1
58,1,94,0,0,0,1,0,0,0,0,1,1,aleatorio,1
19,5,15,1,1,0,1,0,0,1,0,0,2,aleatorio,2
69,1,1,0,0,0,0,0,1,0,2,3,2,aleatorio,2
56,4,12,1,0,0,0,1,1,1,0,0,1,aleatorio,1
57,1,284,0,0,0,0,0,0,1,0,0,0,aleatorio,0
66,2,0,1,0,0,0,1,1,0,0,0,1,aleatorio,1
60,1,38,0,0,0,0,0,0,1,1,1,1,aleatorio,1
41,1,382,0,0,0,1,0,0,0,0,0,1,aleatorio,1
22,4,7,1,0,0,0,0,1,0,0,0,1,aleatorio,1
41,1,3,0,0,0,0,1,0,0,0,0,0,aleatorio,0
40,6,0,1,1,0,0,1,0,1,0,0,2,aleatorio,2
69,6,1,1,0,1,1,1,1,0,0,0,2,aleatorio,2
62,1,211,0,0,0,0,0,1,0,0,0,0,aleatorio,0
32,1,86,0,0,0,0,1,0,0,0,0,0,aleatorio,0
51,3,23,1,0,0,0,1,1,0,0,1,1,aleatorio,1
65,1,25,0,0,0,0,0,1,0,0,0,0,aleatorio,0
56,4,11,1,1,0,0,0,0,1,0,0,2,aleatorio,2
46,1,21,0,0,0,0,0,1,0,0,0,0,aleatorio,0
18,3,20,1,0,0,0,0,1,1,0,0,1,aleatorio,1
29,2,103,0,0,0,0,1,0,0,0,0,0,aleatorio,0
58,1,19,0,0,0,1,0,0,0,1,1,1,aleatorio,1
69,4,59,0,0,0,1,0,1,1,0,0,1,aleatorio,1
34,5,8,1,0,1,0,1,1,1,1,2,2,aleatorio,2
70,1,12,0,0,0,0,0,0,1,0,0,0,aleatorio,0
39,3,13,1,0,1,0,0,1,0,1,2,2,aleatorio,2
44,1,21,0,0,0,0,1,0,0,0,0,0,aleatorio,0
62,4,3,1,1,0,0,1,1,0,0,0,1,aleatorio,2
41,1,8,0,0,0,0,0,0,1,1,1,2,aleatorio,2
55,4,1,1,0,0,1,1,1,0,2,2,2,aleatorio,2
64,3,17,1,0,1,0,0,1,1,1,3,2,aleatorio,2
47,2,331,0,0,0,0,1,0,0,0,0,0,aleatorio,0
37,3,2,1,0,1,1,1,0,0,0,1,2,aleatorio,2
50,2,36,0,0,1,1,0,0,0,0,4,2,aleatorio,2
39,3,5,1,1,0,1,0,0,0,0,1,1,aleatorio,2
27,1,188,0,0,0,0,0,1,0,0,0,0,aleatorio,0
42,6,0,1,1,0,0,1,0,1,0,0,1,aleatorio,2
54,3,11,1,1,0,1,0,0,0,2,3,2,aleatorio,2
30,3,9,1,1,1,1,0,0,0,1,3,2,aleatorio,2
33,2,59,0,0,0,1,0,1,0,4,4,1,aleatorio,1
28,4,22,1,0,1,1,1,0,0,1,1,2,aleatorio,2
20,2,3,1,0,0,0,0,1,1,0,0,1,aleatorio,1
28,5,0,1,1,0,1,1,1,0,3,4,2,aleatorio,2
54,1,355,0,0,0,0,0,1,0,0,0,0,aleatorio,0
47,1,48,0,0,0,0,0,1,0,0,0,0,aleatorio,0
22,2,230,0,0,0,1,1,0,0,0,0,1,aleatorio,1
51,2,12,1,1,0,0,0,0,1,0,0,2,aleatorio,2
28,3,198,0,0,0,0,1,0,1,1,3,1,aleatorio,1
41,1,25,0,0,0,0,0,1,0,0,1,0,aleatorio,0
70,1,38,0,0,0,0,1,0,0,0,0,2,aleatorio,0
36,2,123,0,0,0,1,1,0,0,0,0,0,aleatorio,1
50,3,41,0,0,0,0,1,0,1,0,0,0,aleatorio,0
37,1,7,0,0,0,0,1,0,0,2,4,1,aleatorio,2
59,5,5,1,1,0,0,1,1,1,0,0,2,aleatorio,2
67,3,8,1,0,1,0,0,1,1,0,0,2,aleatorio,2
37,2,23,1,0,0,0,0,0,1,0,0,1,aleatorio,1
30,6,1,1,1,0,0,1,0,1,0,0,2,aleatorio,2
58,2,33,0,0,0,0,0,1,0,4,4,1,aleatorio,1
47,6,17,1,0,1,0,1,0,1,1,1,2,aleatorio,2
40,1,19,0,0,0,0,0,0,1,0,0,0,aleatorio,0
67,4,7,1,0,1,1,1,0,0,0,0,2,aleatorio,2
54,2,135,0,0,0,0,1,1,0,0,0,0,aleatorio,0
31,5,12,1,0,0,0,0,1,1,0,0,1,aleatorio,1
31,5,10,1,0,1,1,0,0,1,0,0,2,aleatorio,2
65,5,8,1,0,0,0,1,1,0,0,0,1,aleatorio,1
19,2,12,1,0,1,0,1,0,0,0,0,2,aleatorio,2
62,1,1,0,0,0,0,0,1,0,0,0,0,aleatorio,0
58,1,138,0,0,0,1,0,0,0,0,0,1,aleatorio,1
51,3,12,1,0,1,0,1,0,0,0,0,2,aleatorio,2
29,2,4,1,1,1,0,0,0,0,0,0,2,aleatorio,2
70,2,13,1,0,0,0,1,1,0,0,0,1,aleatorio,1
29,1,158,0,0,0,0,0,0,1,0,0,0,aleatorio,0
32,1,40,0,0,0,1,0,0,0,1,1,1,aleatorio,1
60,1,1,0,0,0,0,0,1,0,0,1,1,aleatorio,0
59,1,70,0,0,0,0,0,1,0,0,0,0,aleatorio,0
26,1,86,0,0,0,0,0,0,1,0,0,0,aleatorio,0
27,1,12,0,0,0,1,0,0,0,0,1,1,aleatorio,1
51,6,3,1,1,0,0,1,0,1,0,0,2,aleatorio,2
38,1,42,0,0,0,0,0,0,1,0,0,0,aleatorio,0
40,1,320,0,0,0,0,1,0,0,1,2,1,aleatorio,1
47,1,43,0,0,0,0,0,0,1,0,1,0,aleatorio,0
68,5,3,1,1,0,1,0,1,0,0,0,2,aleatorio,2
20,1,24,0,0,0,1,0,0,0,1,1,1,aleatorio,1
18,3,42,0,0,0,0,0,1,0,2,3,1,aleatorio,1
41,1,8,0,0,0,0,1,0,0,0,0,0,aleatorio,0
55,2,47,0,0,0,0,0,0,1,0,0,0,aleatorio,0
18,5,6,1,0,0,0,1,1,1,0,0,1,aleatorio,1
34,3,2,1,0,0,0,1,1,0,0,0,1,aleatorio,1
33,3,0,1,0,0,0,1,1,0,0,1,1,aleatorio,1
52,2,21,1,0,0,1,0,0,1,0,0,2,aleatorio,2
20,1,12,0,0,0,0,0,0,1,0,1,2,aleatorio,0
45,2,3,1,0,1,0,0,0,1,3,3,2,aleatorio,2
49,2,60,0,0,0,0,0,1,0,0,0,0,aleatorio,0
69,3,46,0,0,0,1,0,0,1,1,1,1,aleatorio,1
19,2,0,1,0,0,0,0,1,1,0,0,1,aleatorio,1
64,2,0,1,0,0,0,0,1,0,0,0,1,aleatorio,1
68,2,1,1,0,0,1,0,0,1,1,1,2,aleatorio,2
64,2,1,1,0,0,0,0,0,1,0,0,1,aleatorio,1
35,1,49,0,0,0,0,0,0,1,0,0,0,aleatorio,0
29,2,52,0,0,0,1,0,1,0,0,0,1,aleatorio,1
47,4,6,1,0,0,0,1,1,0,0,1,1,aleatorio,1
21,2,21,1,0,0,0,0,1,1,1,1,1,aleatorio,1
43,2,22,1,0,0,1,0,0,0,0,0,2,aleatorio,2
38,3,37,0,1,0,0,1,0,0,1,3,2,aleatorio,2
51,5,0,1,0,0,1,1,1,1,1,1,0,aleatorio,2
30,2,363,0,0,0,0,1,0,0,0,0,0,aleatorio,0
70,2,16,1,0,0,0,1,0,0,3,4,1,aleatorio,1
68,6,9,1,1,1,0,1,0,1,1,1,2,aleatorio,2
20,1,11,0,0,0,1,0,0,0,0,0,1,aleatorio,1
67,6,2,1,1,0,1,1,1,1,0,0,2,aleatorio,2
55,1,13,0,0,0,0,1,0,0,0,0,0,aleatorio,0
55,1,288,0,0,0,0,1,0,0,1,2,1,aleatorio,1
37,1,52,0,0,0,0,0,1,0,0,0,0,aleatorio,0
56,3,7,1,0,1,0,1,1,0,0,0,2,aleatorio,2
18,2,56,0,0,0,0,0,1,0,0,0,0,aleatorio,0
52,1,43,0,0,0,0,0,0,1,0,1,0,aleatorio,0
21,3,2,1,0,0,0,1,0,1,0,0,1,aleatorio,1
42,1,58,0,0,0,0,1,0,0,0,0,0,aleatorio,0
32,5,123,0,0,0,1,0,1,1,1,1,1,aleatorio,1
34,2,52,0,0,0,0,1,0,1,0,0,1,aleatorio,0
48,2,27,1,0,0,0,0,0,1,2,2,1,aleatorio,1
32,1,150,0,1,0,0,0,0,0,1,1,2,aleatorio,2
65,1,43,0,0,0,0,1,0,0,0,0,2,aleatorio,0
57,1,81,0,0,0,0,0,1,0,0,0,0,aleatorio,0
22,1,10,0,0,0,0,1,0,0,0,0,0,aleatorio,0
54,2,16,1,0,0,0,1,1,0,0,0,1,aleatorio,1
20,4,5,1,0,0,1,1,0,1,1,1,2,aleatorio,2
58,1,187,0,0,0,0,1,0,0,0,0,0,aleatorio,0
52,1,15,0,0,0,0,1,0,0,0,0,0,aleatorio,0
24,5,4,1,0,1,1,1,1,0,0,0,1,aleatorio,2
58,2,31,0,0,0,0,0,1,0,3,3,1,aleatorio,1
36,2,17,1,0,0,1,1,0,0,0,0,2,aleatorio,2
44,1,53,0,0,0,0,1,0,0,0,0,0,aleatorio,0
53,1,242,0,0,0,0,0,1,0,0,0,0,aleatorio,0
27,1,4,0,0,0,0,0,0,1,0,0,0,aleatorio,0
36,1,294,0,0,0,0,1,0,0,0,0,0,aleatorio,0
31,3,49,0,0,0,0,1,1,0,0,0,0,aleatorio,0
29,1,299,0,0,0,0,1,0,0,0,0,0,aleatorio,0
29,1,110,0,0,0,0,0,1,0,0,0,2,aleatorio,0
21,1,5,0,0,0,0,0,0,1,0,0,0,aleatorio,0
18,3,3,1,0,0,0,1,1,0,0,0,1,aleatorio,1
37,1,10,0,0,0,0,1,0,0,1,4,0,aleatorio,2
46,1,3,0,0,0,0,0,1,0,0,0,2,aleatorio,0
59,2,4,1,0,0,0,1,0,1,0,0,1,aleatorio,1
58,1,301,0,0,0,0,1,0,0,1,1,1,aleatorio,1
38,1,41,0,0,0,0,0,0,1,0,0,1,aleatorio,0
35,2,4,1,1,0,0,1,0,0,0,0,2,aleatorio,2
32,2,49,0,0,0,1,0,0,1,0,0,1,aleatorio,1
50,4,274,0,0,0,1,1,1,1,0,0,1,aleatorio,1
44,2,53,0,0,0,0,1,0,0,2,2,1,aleatorio,1
34,6,3,1,0,1,1,0,1,1,0,0,2,aleatorio,2
57,3,9,1,0,0,0,1,0,1,0,0,1,aleatorio,1
58,4,31,0,0,0,1,0,1,1,0,0,1,aleatorio,1
33,1,30,0,0,0,0,0,0,1,0,0,0,aleatorio,0
58,2,0,1,0,0,1,1,0,0,0,1,2,aleatorio,2
31,1,39,0,0,0,0,0,1,0,0,0,0,aleatorio,0
39,1,59,0,0,0,1,0,0,0,0,1,1,aleatorio,1
61,2,5,1,0,0,0,0,0,1,0,0,1,aleatorio,1
67,1,161,0,0,0,0,0,1,0,0,0,0,aleatorio,0
52,1,244,0,0,0,0,0,0,1,0,0,0,aleatorio,0
33,5,0,1,0,0,0,1,0,1,0,0,1,aleatorio,1
28,1,39,0,0,0,0,0,1,0,0,0,0,aleatorio,0
53,1,390,0,0,0,0,0,1,0,0,0,0,aleatorio,0
36,1,188,0,0,0,1,0,0,0,0,0,1,aleatorio,1
24,4,1,1,0,1,1,0,1,0,3,3,2,aleatorio,2
29,1,18,0,0,0,0,1,0,0,2,2,1,aleatorio,1
54,4,45,0,1,1,0,1,1,0,0,0,2,aleatorio,2
34,6,0,1,1,0,1,1,1,1,1,1,2,aleatorio,2
66,1,15,0,0,0,1,0,0,0,2,2,2,aleatorio,2
23,1,152,0,0,0,0,0,0,1,0,0,0,aleatorio,0
23,4,1,1,0,0,1,0,1,0,0,0,2,aleatorio,2
53,1,90,0,0,0,1,0,0,0,0,1,1,aleatorio,1
28,4,80,0,1,0,1,1,1,0,0,0,2,aleatorio,2
31,3,34,0,0,0,0,1,0,1,0,0,0,aleatorio,0
55,5,0,1,0,1,0,1,1,0,0,0,0,aleatorio,2
69,2,52,0,0,0,0,1,0,1,1,1,1,aleatorio,1
54,4,1,1,1,0,0,0,1,0,1,1,2,aleatorio,2
34,2,1,1,0,0,0,0,1,1,1,1,2,aleatorio,2
60,1,59,0,0,0,1,0,0,0,0,0,0,aleatorio,1
44,1,7,0,0,0,0,1,0,0,0,0,0,aleatorio,0
25,1,11,0,0,0,1,0,0,0,0,0,1,aleatorio,1
35,1,137,0,0,0,0,0,1,0,0,0,0,aleatorio,0
19,3,54,0,0,0,0,1,1,0,0,0,0,aleatorio,0
34,2,1,1,0,0,0,0,0,1,0,0,1,aleatorio,1
62,2,47,0,0,0,0,0,1,1,0,0,0,aleatorio,0
40,1,73,0,0,0,0,0,0,1,0,0,0,aleatorio,0
31,1,332,0,0,0,0,1,0,0,0,0,0,aleatorio,0
61,2,312,0,0,0,0,1,1,0,0,0,0,aleatorio,0
28,3,32,0,0,0,1,0,1,0,0,0,1,aleatorio,1
30,4,10,1,0,0,1,0,0,1,1,2,2,aleatorio,2
33,2,148,0,0,0,0,0,1,0,0,1,0,aleatorio,0
44,3,10,1,0,0,0,1,1,0,0,0,1,aleatorio,1
41,6,40,0,1,0,0,0,1,1,2,4,2,aleatorio,2
47,2,260,0,0,0,0,1,0,0,0,0,0,aleatorio,0
22,5,2,1,1,1,1,1,1,0,0,0,2,aleatorio,2
19,5,16,1,0,0,0,1,1,1,0,1,1,aleatorio,1
25,2,29,1,0,1,0,0,1,0,0,0,2,aleatorio,2
26,1,14,0,0,0,0,0,0,1,0,0,0,aleatorio,0
61,2,7,1,0,0,0,1,0,1,1,1,2,aleatorio,2
46,0,999,0,0,0,0,0,0,0,2,2,1,aleatorio,1
48,5,5,1,1,1,1,1,1,0,1,1,2,aleatorio,2
68,2,4,1,0,0,0,1,0,0,0,0,1,aleatorio,1
68,2,37,0,0,0,1,0,0,1,0,1,1,aleatorio,1
59,3,6,1,1,0,0,1,0,1,1,1,2,aleatorio,2
63,4,3,1,0,0,1,1,1,0,0,1,2,aleatorio,2
39,4,53,0,0,1,0,1,1,1,1,2,2,aleatorio,2
39,1,13,0,0,0,1,0,0,0,0,1,1,aleatorio,1
29,6,8,1,0,0,0,1,1,0,0,0,1,aleatorio,1
69,4,2,1,0,1,1,1,1,0,0,0,1,aleatorio,2
54,1,21,0,0,0,0,0,1,0,1,2,1,aleatorio,1
34,3,38,0,0,0,0,1,1,0,0,0,0,aleatorio,0
66,1,46,0,0,0,0,0,1,0,2,4,1,aleatorio,1
35,1,334,0,0,0,0,0,1,0,0,0,1,aleatorio,0
33,1,394,0,0,0,0,0,1,0,0,0,0,aleatorio,0
21,1,60,0,0,0,0,0,1,0,0,0,0,aleatorio,0
50,1,22,0,0,0,0,0,0,1,1,1,1,aleatorio,1
70,2,0,1,0,0,0,1,0,1,1,1,2,aleatorio,2
23,1,29,0,0,0,0,0,0,1,1,2,1,aleatorio,1
32,2,22,1,0,0,0,1,1,0,0,0,1,aleatorio,1
58,1,289,0,0,0,0,1,0,0,0,0,0,aleatorio,0
56,1,15,0,0,0,0,0,1,0,0,0,0,aleatorio,0
56,3,5,1,0,0,0,1,1,0,1,1,2,aleatorio,2
41,5,1,1,1,0,1,1,0,0,1,2,2,aleatorio,2
18,2,92,0,0,0,0,0,1,0,0,0,0,aleatorio,0
64,2,38,0,0,0,0,0,1,1,1,2,1,aleatorio,1
35,3,38,0,0,0,1,1,1,0,0,0,1,aleatorio,1
52,1,110,0,0,0,0,1,0,0,1,1,2,aleatorio,1
68,1,7,0,0,0,0,1,0,0,1,1,2,aleatorio,2
46,1,51,0,0,0,0,1,0,0,0,1,2,aleatorio,0
24,3,41,0,0,0,0,1,1,1,0,2,0,aleatorio,0
22,4,10,1,0,0,0,0,1,1,1,1,1,aleatorio,2
39,2,15,1,0,0,0,0,1,0,0,2,1,aleatorio,1
60,3,13,1,0,0,0,0,1,1,0,0,1,aleatorio,1
23,2,9,1,0,0,0,1,1,0,0,0,1,aleatorio,1
21,2,127,0,0,0,0,0,0,1,0,1,0,aleatorio,0
53,1,150,0,0,0,0,0,0,1,0,0,0,aleatorio,0
56,1,40,0,0,0,0,0,0,1,2,3,1,aleatorio,1
41,2,59,0,0,0,0,1,0,1,0,0,0,aleatorio,0
60,2,23,1,0,0,0,0,1,0,0,0,1,aleatorio,1
65,1,211,0,0,0,0,0,1,0,0,0,0,aleatorio,0
57,2,2,1,0,0,0,1,0,1,0,0,1,aleatorio,1
37,1,40,0,0,0,0,1,0,0,0,0,0,aleatorio,0
64,1,35,0,0,0,1,0,0,0,0,0,0,aleatorio,1
35,2,55,0,0,0,0,1,1,0,0,0,0,aleatorio,0
38,1,389,0,0,0,0,0,1,0,0,1,0,aleatorio,0
34,3,6,1,1,0,0,0,1,0,0,1,2,aleatorio,2
26,6,14,1,0,1,1,1,1,1,1,1,2,aleatorio,2
63,1,398,0,0,0,0,0,1,0,0,0,0,aleatorio,0
36,5,2,1,0,0,0,1,1,1,0,0,1,aleatorio,1
55,2,4,1,0,0,0,1,1,0,0,0,1,aleatorio,1
51,1,32,0,0,0,1,0,0,0,0,0,1,aleatorio,1
31,5,1,1,0,1,1,1,1,0,1,2,2,aleatorio,2
45,1,56,0,0,0,0,1,0,0,1,4,1,aleatorio,1
66,5,8,1,0,0,0,0,1,1,0,0,1,aleatorio,1
60,5,15,1,0,1,0,1,1,0,0,0,2,aleatorio,2
43,2,34,0,0,0,0,1,1,0,1,1,1,aleatorio,1
63,2,28,1,0,0,0,1,0,1,2,3,1,aleatorio,1
38,1,42,0,0,1,0,0,0,0,0,0,2,aleatorio,2
58,2,0,1,0,0,0,1,1,0,0,0,1,aleatorio,1
42,2,26,1,0,0,0,1,1,0,1,1,1,aleatorio,1
56,3,7,1,0,0,0,1,1,0,0,0,1,aleatorio,1
54,1,11,0,0,0,0,0,0,1,0,0,0,aleatorio,0
33,1,240,0,0,0,1,0,0,0,0,0,1,aleatorio,1
20,3,24,1,1,1,0,0,0,1,0,0,2,aleatorio,2
36,1,19,0,0,0,1,0,0,0,0,0,0,aleatorio,1
46,6,3,1,0,0,1,0,1,1,0,0,2,aleatorio,2
57,1,48,0,0,0,0,0,0,1,0,0,0,aleatorio,0
37,1,388,0,0,0,0,1,0,0,0,0,1,aleatorio,0
34,1,48,0,0,0,0,1,0,0,1,2,1,aleatorio,1
24,4,13,1,1,0,1,1,0,1,0,0,0,aleatorio,2
44,5,3,1,0,0,1,0,1,1,0,0,2,aleatorio,2
31,2,24,1,0,0,0,1,0,1,0,0,1,aleatorio,1
42,4,29,1,0,1,1,0,1,0,0,0,2,aleatorio,2
51,2,42,0,0,0,0,1,0,0,0,0,0,aleatorio,0
49,2,51,0,0,0,0,1,1,0,0,0,0,aleatorio,0
55,6,3,1,0,1,1,1,1,1,0,0,0,aleatorio,2
67,3,1,1,0,0,0,1,0,1,3,4,2,aleatorio,2
62,2,24,1,0,0,0,1,1,0,1,1,1,aleatorio,1
59,1,49,0,0,0,0,0,0,1,0,0,0,aleatorio,0
44,4,4,1,0,0,0,1,1,1,0,0,1,aleatorio,1
67,2,14,1,0,0,0,1,0,1,0,0,1,aleatorio,1
37,2,0,1,0,0,0,0,1,0,0,0,1,aleatorio,1
66,1,3,0,0,0,0,1,0,0,0,0,0,aleatorio,0
34,2,1,1,0,1,1,0,0,0,1,1,2,aleatorio,2
27,2,1,1,0,0,0,0,1,1,0,0,2,aleatorio,1
24,3,3,1,0,0,0,1,1,1,0,0,1,aleatorio,1
22,1,45,0,0,0,0,1,0,0,2,2,2,aleatorio,1
22,2,33,0,0,0,1,0,0,1,1,1,1,aleatorio,1
54,1,71,0,0,0,0,1,0,0,1,2,1,aleatorio,1
58,1,18,0,0,1,0,0,0,0,1,1,2,aleatorio,2
50,1,36,0,0,0,0,1,0,0,1,1,1,aleatorio,1
21,2,30,1,0,0,0,1,0,1,0,0,1,aleatorio,1
38,1,53,0,0,0,0,0,1,0,3,3,1,aleatorio,1
28,1,4,0,0,0,0,0,0,1,0,0,0,aleatorio,0
19,1,31,0,0,0,0,1,0,0,2,3,1,aleatorio,1
49,1,354,0,0,0,0,0,1,0,0,0,0,aleatorio,0
49,2,22,1,0,0,0,0,0,1,0,0,1,aleatorio,1
25,2,12,1,0,0,0,1,0,0,2,3,2,aleatorio,2
35,1,44,0,0,0,0,0,0,1,3,3,1,aleatorio,1
29,3,10,1,0,0,0,1,1,0,0,0,0,aleatorio,1
43,2,9,1,1,0,0,0,1,0,0,1,2,aleatorio,2
68,5,5,1,0,1,1,0,1,1,0,0,2,aleatorio,2
43,1,390,0,0,0,0,1,0,0,1,1,1,aleatorio,1
52,4,6,1,0,0,1,0,1,1,0,0,2,aleatorio,2
35,1,141,0,0,0,0,0,1,0,0,0,0,aleatorio,0
46,2,3,1,0,1,0,1,0,0,0,0,2,aleatorio,2
36,2,185,0,0,0,1,0,0,0,0,0,1,aleatorio,1
18,1,1,0,0,0,0,0,1,0,0,0,0,aleatorio,0
34,1,16,0,0,0,0,0,1,0,0,0,0,aleatorio,0
47,3,8,1,0,0,0,1,1,0,0,1,1,aleatorio,1
61,1,3,0,0,0,0,1,0,0,0,0,0,aleatorio,0
65,4,0,1,1,1,1,1,0,0,0,0,2,aleatorio,2
66,2,22,1,0,0,1,0,0,0,0,0,2,aleatorio,2
45,2,15,1,0,0,0,0,1,0,0,0,1,aleatorio,1
29,4,3,1,1,1,0,0,0,1,2,2,2,aleatorio,2
39,1,6,0,0,0,0,1,0,0,3,4,2,aleatorio,2
39,2,145,0,0,0,1,0,0,0,1,1,1,aleatorio,1
64,1,86,0,0,0,0,0,1,0,0,1,0,aleatorio,0
48,2,12,1,0,0,0,1,1,0,0,0,1,aleatorio,1
41,1,19,0,0,0,1,0,0,0,0,0,1,aleatorio,1
38,2,8,1,0,0,0,1,0,0,0,0,1,aleatorio,1
38,1,38,0,0,0,0,1,0,0,0,0,0,aleatorio,0
64,3,33,0,0,0,1,0,1,1,2,4,1,aleatorio,1
58,1,114,0,0,0,0,0,1,0,1,2,1,aleatorio,1
22,5,4,1,1,1,1,1,1,0,0,0,2,aleatorio,2
26,2,34,0,0,0,1,1,0,0,1,1,0,aleatorio,1
33,2,34,0,0,0,0,1,1,0,0,0,2,aleatorio,0
53,1,55,0,0,0,0,0,0,1,1,1,1,aleatorio,1
53,2,13,1,0,0,0,0,1,1,1,1,2,aleatorio,2
26,5,2,1,1,0,1,0,1,0,0,0,0,aleatorio,2
32,1,41,0,0,0,0,0,0,1,1,1,1,aleatorio,1
38,1,31,0,0,0,0,1,0,0,1,1,1,aleatorio,1
41,1,17,0,0,0,0,1,0,0,0,0,0,aleatorio,0
41,3,33,0,0,0,1,1,1,0,0,0,1,aleatorio,1
51,1,36,0,0,0,0,0,0,1,1,3,1,aleatorio,1
53,0,999,0,0,0,0,0,0,0,2,4,1,aleatorio,1
54,1,79,0,0,0,0,0,0,1,2,2,1,aleatorio,1
45,6,4,1,1,0,0,1,1,1,1,2,2,aleatorio,2
21,1,8,0,0,0,0,1,0,0,0,0,0,aleatorio,0
19,2,22,1,1,0,0,0,1,0,0,0,2,aleatorio,2
48,3,8,1,0,0,0,1,1,0,0,0,1,aleatorio,1
43,1,189,0,0,0,1,0,0,0,0,0,1,aleatorio,1
47,3,52,0,1,1,0,1,0,0,0,0,2,aleatorio,2
69,4,7,1,1,0,0,1,1,1,0,0,2,aleatorio,2
53,1,14,0,0,0,0,0,0,1,0,0,0,aleatorio,0
51,6,1,1,1,1,0,1,1,1,0,0,2,aleatorio,2
32,1,49,0,0,0,0,0,0,1,0,0,0,aleatorio,0
68,1,56,0,0,0,0,0,0,1,0,2,0,aleatorio,0
67,6,5,1,0,1,1,0,1,1,0,0,2,aleatorio,2
38,2,23,1,1,0,0,0,1,0,0,1,2,aleatorio,2
66,1,296,0,0,0,0,1,0,0,0,0,0,aleatorio,0
30,1,320,0,0,0,1,0,0,0,0,0,1,aleatorio,1
25,1,0,0,0,0,0,0,1,0,0,0,0,aleatorio,0
26,2,5,1,0,0,0,0,1,1,0,0,1,aleatorio,1
32,1,323,0,0,0,0,0,1,0,0,0,0,aleatorio,0
32,1,52,0,0,0,0,0,1,0,0,0,0,aleatorio,0
30,4,1,1,0,0,0,1,1,0,0,3,1,aleatorio,1
33,1,215,0,0,0,0,0,1,0,0,0,0,aleatorio,0
42,6,18,1,1,1,0,1,1,0,0,0,2,aleatorio,2
24,2,58,0,0,0,0,1,1,0,0,1,0,aleatorio,0
60,1,399,0,0,0,0,0,1,0,1,1,1,aleatorio,1
60,2,8,1,0,0,0,0,1,0,0,0,1,aleatorio,1
36,3,53,0,0,0,1,0,0,1,0,0,1,aleatorio,1
50,2,17,1,0,0,1,0,0,1,1,1,2,aleatorio,2
20,1,125,0,0,0,0,0,1,0,2,2,1,aleatorio,1
24,2,81,0,0,0,1,0,0,1,0,0,1,aleatorio,1
49,2,26,1,1,0,0,1,0,0,1,1,2,aleatorio,2
44,2,38,0,0,1,0,0,0,1,0,0,2,aleatorio,2
63,1,325,0,0,0,0,0,0,1,0,0,0,aleatorio,0
32,6,10,1,1,0,0,1,1,0,0,0,2,aleatorio,2
56,1,10,0,0,0,0,0,0,1,0,0,0,aleatorio,0
61,1,21,0,0,0,0,1,0,0,0,0,0,aleatorio,0
21,1,282,0,0,0,0,0,1,0,0,0,0,aleatorio,0
64,1,269,0,0,0,1,0,0,0,1,1,1,aleatorio,1
48,5,8,1,1,0,0,1,1,1,0,0,2,aleatorio,2
52,2,10,1,0,0,0,1,0,1,1,2,2,aleatorio,2
36,1,13,0,0,0,0,1,0,0,0,0,2,aleatorio,0
61,1,214,0,0,0,0,0,0,1,0,0,0,aleatorio,0
49,3,1,1,1,0,1,0,1,0,1,1,2,aleatorio,2
32,3,38,0,0,0,0,0,1,1,1,1,1,aleatorio,1
47,3,3,1,0,1,0,0,1,0,0,0,2,aleatorio,2
22,1,354,0,0,0,0,0,1,0,2,3,1,aleatorio,1
43,1,121,0,0,0,0,1,0,0,0,0,0,aleatorio,0
45,3,32,0,0,0,1,1,1,0,0,0,1,aleatorio,1
24,2,39,0,0,0,0,1,0,0,1,1,1,aleatorio,1
60,1,1,0,0,0,0,1,0,0,0,1,0,aleatorio,0
23,2,4,1,0,0,0,1,0,0,0,0,1,aleatorio,1
46,1,136,0,0,0,0,1,0,0,0,0,2,aleatorio,0
33,2,45,0,0,0,0,1,1,0,0,0,0,aleatorio,0
61,4,2,1,0,0,0,1,1,1,0,2,0,aleatorio,1
39,5,8,1,0,0,1,0,1,1,2,2,2,aleatorio,2
52,1,36,0,0,0,0,1,0,0,1,1,1,aleatorio,1
23,2,18,1,0,0,0,1,1,0,1,1,0,aleatorio,1
29,1,48,0,0,0,0,0,0,1,0,0,0,aleatorio,0
26,5,20,1,0,1,0,0,1,1,0,0,2,aleatorio,2
25,1,249,0,0,0,0,0,0,1,1,1,1,aleatorio,1
20,3,45,0,1,0,0,1,1,0,1,1,2,aleatorio,2
38,6,2,1,0,1,1,1,1,0,0,0,2,aleatorio,2
34,1,56,0,0,0,0,0,1,0,0,0,0,aleatorio,0
31,2,341,0,0,0,1,0,1,0,0,0,1,aleatorio,1
36,4,17,1,0,0,0,0,1,1,0,0,1,aleatorio,1
66,1,374,0,0,0,1,0,0,0,1,1,1,aleatorio,1
32,5,4,1,1,0,1,1,1,0,0,0,2,aleatorio,2
49,2,6,1,0,0,0,1,0,0,0,0,1,aleatorio,1
69,1,34,0,0,0,0,0,0,1,0,0,0,aleatorio,0
33,4,6,1,0,1,0,1,1,0,1,1,0,aleatorio,2
25,2,38,0,0,0,0,1,0,1,0,0,0,aleatorio,0
25,1,107,0,0,0,0,1,0,0,0,1,0,aleatorio,0
39,2,7,1,0,1,0,0,0,1,0,0,2,aleatorio,2
53,3,5,1,0,0,0,1,1,0,0,0,1,aleatorio,1
18,3,4,1,0,0,1,0,1,0,1,1,2,aleatorio,2
51,1,292,0,0,0,0,0,1,0,0,0,0,aleatorio,0
27,2,2,1,1,1,0,0,0,0,2,2,2,aleatorio,2
25,1,25,0,0,0,1,0,0,0,0,0,1,aleatorio,1
59,1,79,0,0,0,0,1,0,0,0,0,0,aleatorio,0
26,1,271,0,1,0,0,0,0,0,0,0,2,aleatorio,2
31,0,999,0,0,0,0,0,0,0,1,1,2,aleatorio,1
69,1,26,0,0,0,0,1,0,0,0,0,0,aleatorio,0
56,1,53,0,0,0,1,0,0,0,0,0,0,aleatorio,1
22,3,168,0,1,0,1,1,0,0,0,0,2,aleatorio,2
35,6,12,1,1,1,0,1,1,1,0,0,2,aleatorio,2
19,3,2,1,0,1,0,1,0,0,0,0,0,aleatorio,2
60,3,58,0,0,0,1,1,0,0,1,1,1,aleatorio,1
24,3,13,1,0,0,0,1,0,1,0,0,1,aleatorio,1
21,1,4,0,0,0,0,0,0,1,0,0,0,aleatorio,0
49,2,36,0,1,0,0,0,1,0,0,0,2,aleatorio,2
54,2,32,0,0,0,0,1,0,1,0,0,0,aleatorio,0
69,3,3,1,1,0,0,1,1,0,2,3,2,aleatorio,2
42,1,35,0,0,0,0,1,0,0,0,0,0,aleatorio,0
65,5,2,1,1,0,1,1,0,0,0,0,2,aleatorio,2
26,1,59,0,0,0,0,0,1,0,0,0,2,aleatorio,0
60,1,247,0,0,0,1,0,0,0,0,0,1,aleatorio,1
27,1,10,0,0,0,0,0,1,0,0,0,0,aleatorio,0
36,2,0,1,0,0,1,0,1,0,1,1,2,aleatorio,2
44,2,42,0,0,0,0,1,0,0,0,0,0,aleatorio,0
70,3,15,1,1,1,0,0,1,0,0,0,2,aleatorio,2
18,0,999,0,0,0,0,0,0,0,1,1,1,aleatorio,1
66,6,8,1,0,0,0,1,1,1,0,0,1,aleatorio,1
36,1,15,0,0,0,0,0,1,0,0,1,0,aleatorio,0
52,1,41,0,0,0,0,0,1,0,0,0,0,aleatorio,0
19,1,0,0,0,0,1,0,0,0,0,0,2,aleatorio,1
48,2,98,0,0,0,0,0,1,0,0,0,0,aleatorio,0
41,1,1,0,0,0,0,1,0,0,1,1,2,aleatorio,2
38,1,48,0,0,0,0,1,0,0,0,0,0,aleatorio,0
40,1,103,0,0,0,0,0,1,0,1,1,1,aleatorio,1
28,1,0,0,0,0,0,1,0,0,0,0,0,aleatorio,0
21,1,2,0,0,0,0,0,1,0,0,0,0,aleatorio,0
46,2,284,0,0,0,1,1,0,0,0,0,2,aleatorio,1
28,1,103,0,0,0,0,0,0,1,0,0,0,aleatorio,0
18,1,5,0,0,1,0,0,0,0,2,3,2,aleatorio,2
60,1,0,0,0,0,0,1,0,0,0,0,0,aleatorio,0
25,1,59,0,0,0,0,0,1,0,0,0,0,aleatorio,0
52,2,2,1,0,0,0,1,1,0,0,0,1,aleatorio,1
66,1,29,0,1,0,0,0,0,0,0,0,2,aleatorio,2
57,2,29,1,0,1,0,0,0,0,0,0,2,aleatorio,2
56,1,9,0,0,0,0,0,1,0,0,0,0,aleatorio,0
49,1,8,0,0,0,0,0,0,1,0,0,0,aleatorio,0
47,3,4,1,1,0,0,1,0,0,0,0,2,aleatorio,2
53,2,6,1,0,0,0,1,1,0,0,0,1,aleatorio,1
31,1,16,0,0,0,0,0,0,1,0,0,0,aleatorio,0
19,1,36,0,0,0,0,0,1,0,2,3,1,aleatorio,1
27,5,24,1,0,1,1,1,1,0,1,1,2,aleatorio,2
29,1,95,0,0,0,0,1,0,0,0,0,0,aleatorio,0
24,3,6,1,0,1,0,0,1,0,2,2,2,aleatorio,2
57,1,10,0,0,0,0,0,1,0,0,1,0,aleatorio,0
31,1,5,0,0,0,1,0,0,0,0,0,1,aleatorio,1
28,2,304,0,0,0,0,1,0,0,0,0,0,aleatorio,0
35,3,7,1,0,0,1,1,0,1,2,3,2,aleatorio,2
51,1,77,0,0,0,1,0,0,0,0,0,1,aleatorio,1
44,2,7,1,0,0,0,0,1,1,0,0,1,aleatorio,1
68,1,7,0,0,0,1,0,0,0,0,0,1,aleatorio,1
68,4,10,1,1,0,1,0,0,1,0,0,2,aleatorio,2
24,2,19,1,0,0,0,1,0,1,1,2,1,aleatorio,1
55,1,258,0,0,0,0,0,0,1,2,2,1,aleatorio,1
56,1,15,0,1,0,0,0,0,0,0,0,2,aleatorio,2
67,1,39,0,0,0,0,1,0,0,0,0,0,aleatorio,0
46,3,7,1,1,0,0,0,1,0,0,0,2,aleatorio,2
59,3,3,1,1,0,0,1,1,0,0,0,2,aleatorio,2
29,3,18,1,0,1,0,1,1,0,0,0,2,aleatorio,2
26,1,5,0,1,0,0,0,0,0,1,1,2,aleatorio,2
24,1,93,0,0,0,0,0,0,1,0,0,0,aleatorio,0
65,5,18,1,1,0,1,1,1,1,0,0,2,aleatorio,2
47,4,1,1,1,1,1,1,0,0,0,0,2,aleatorio,2
19,1,14,0,0,0,0,0,1,0,0,0,0,aleatorio,0
55,2,9,1,0,0,0,0,1,0,0,0,1,aleatorio,1
34,2,230,0,0,0,0,0,1,0,0,0,0,aleatorio,0
18,6,1,1,1,1,1,1,0,1,0,0,1,aleatorio,2
23,1,25,0,1,0,0,0,0,0,0,0,2,aleatorio,2
54,6,8,1,0,0,1,1,1,1,0,0,2,aleatorio,2
40,3,35,0,0,0,0,1,1,0,0,1,0,aleatorio,0
47,1,74,0,0,0,0,0,1,0,0,0,0,aleatorio,0
58,5,4,1,1,1,0,1,1,0,0,0,0,aleatorio,2
31,6,7,1,1,0,1,1,1,1,1,1,2,aleatorio,2
38,1,19,0,0,0,0,0,0,1,0,0,0,aleatorio,0
23,1,8,0,0,0,1,0,0,0,0,3,1,aleatorio,1
50,1,10,0,0,0,0,1,0,0,0,0,0,aleatorio,0
23,1,213,0,0,0,1,0,0,0,0,0,1,aleatorio,1
60,3,37,0,0,0,0,1,1,1,0,1,0,aleatorio,0
49,4,39,0,1,0,0,1,1,1,1,1,2,aleatorio,2
53,4,21,1,1,0,0,1,1,0,1,1,2,aleatorio,2
41,2,14,1,1,0,0,0,0,0,0,0,2,aleatorio,2
58,1,2,0,0,0,1,0,0,0,0,0,1,aleatorio,1
49,1,58,0,0,0,0,0,1,0,0,0,0,aleatorio,0
64,1,23,0,0,0,1,0,0,0,2,2,1,aleatorio,1
22,1,5,0,0,0,0,1,0,0,0,0,0,aleatorio,0
50,2,223,0,0,0,0,1,1,0,0,0,0,aleatorio,0
61,1,11,0,0,0,0,1,0,0,0,0,0,aleatorio,0
30,2,46,0,0,0,1,0,0,1,1,1,1,aleatorio,1
61,4,2,1,0,0,0,1,0,1,1,1,2,aleatorio,2
28,1,78,0,0,0,0,1,0,0,0,0,0,aleatorio,0
48,1,6,0,0,0,0,0,0,1,0,0,2,aleatorio,0
39,2,142,0,0,0,0,0,1,1,0,0,0,aleatorio,0
20,1,45,0,0,0,0,0,1,0,0,0,0,aleatorio,0
23,2,6,1,0,1,0,1,0,0,0,0,2,aleatorio,2
42,2,10,1,0,0,0,0,0,1,0,1,1,aleatorio,1
30,1,16,0,0,0,0,0,0,1,2,3,1,aleatorio,1
69,1,201,0,0,0,0,0,0,1,0,0,0,aleatorio,0
34,6,4,1,0,0,1,1,1,1,0,0,2,aleatorio,2
49,3,3,1,1,1,0,0,1,0,2,3,2,aleatorio,2
49,1,352,0,0,0,0,1,0,0,0,0,0,aleatorio,0
50,6,12,1,1,1,1,1,1,0,0,1,2,aleatorio,2
47,3,0,1,0,1,0,0,1,0,0,0,0,aleatorio,2
33,5,7,1,0,0,0,1,1,1,0,0,1,aleatorio,1
56,6,3,1,1,0,1,1,1,0,0,0,2,aleatorio,2
43,2,22,1,0,0,0,1,1,0,0,0,1,aleatorio,1
50,1,19,0,0,0,0,0,0,1,3,4,1,aleatorio,1
47,0,999,0,0,0,0,0,0,0,1,1,1,aleatorio,1
65,1,16,0,0,0,0,0,1,0,1,1,1,aleatorio,1
37,1,32,0,0,0,0,1,0,0,1,2,1,aleatorio,1
44,3,2,1,0,1,0,0,1,1,0,0,2,aleatorio,2
51,1,276,0,0,0,0,1,0,0,0,0,0,aleatorio,0
55,4,20,1,0,0,0,1,0,0,0,0,1,aleatorio,1
22,1,47,0,0,0,0,0,0,1,0,2,0,aleatorio,0
19,1,0,0,0,0,0,1,0,0,0,0,0,aleatorio,0
47,4,39,0,0,0,0,1,1,1,0,0,0,aleatorio,0
