idade,qtd_ocorrencias_totais,dias_desde_ultima_ocorrencia,frequencia_aumentou,teve_viol_fisica,teve_viol_sexual,teve_ameaca,teve_viol_psicologica,teve_viol_moral,teve_viol_patrimonial,qtd_panico_acionado,qtd_panico_todos,nivel_risco,origem,nivel_gabarito
40,2,4,1,0,0,0,0,1,1,0,1,1,aleatorio,1
61,0,999,0,0,0,0,0,0,0,3,3,1,aleatorio,1
57,1,106,0,0,0,0,0,0,1,0,1,0,aleatorio,0
56,1,397,0,0,0,0,0,0,1,0,0,0,aleatorio,0
52,2,10,1,1,0,0,0,1,0,1,1,1,aleatorio,2
54,2,37,0,0,0,1,0,1,0,1,1,1,aleatorio,1
23,2,53,0,0,0,1,1,0,0,0,0,1,aleatorio,1
70,2,23,1,0,0,0,1,0,1,0,0,1,aleatorio,1
32,2,37,0,0,0,0,1,1,0,0,0,0,aleatorio,0
39,1,279,0,0,0,0,0,0,1,2,2,1,aleatorio,1
66,1,61,0,0,0,0,0,1,0,1,2,0,aleatorio,1
57,5,1,1,1,1,1,0,0,1,0,0,2,aleatorio,2
49,1,44,0,1,0,0,0,0,0,0,0,2,aleatorio,2
18,3,11,1,1,0,0,1,1,0,0,0,2,aleatorio,2
26,2,303,0,0,0,0,0,1,1,0,0,0,aleatorio,0
32,1,3,0,0,0,0,0,1,0,0,0,0,aleatorio,0
63,2,11,1,1,0,0,1,0,0,0,0,2,aleatorio,2
51,3,5,1,0,0,0,1,1,1,0,0,1,aleatorio,1
35,3,5,1,0,1,1,0,1,0,0,0,2,aleatorio,2
56,6,1,1,0,1,1,0,1,1,0,0,2,aleatorio,2
24,5,2,1,0,0,0,1,1,0,0,0,1,aleatorio,1
46,2,18,1,0,1,1,0,0,0,1,1,0,aleatorio,2
22,3,5,1,0,0,0,1,0,1,0,0,1,aleatorio,1
64,3,22,1,0,0,0,1,0,1,1,3,1,aleatorio,1
27,1,25,0,0,1,0,0,0,0,0,0,2,aleatorio,2
21,1,5,0,0,0,0,0,0,1,0,0,0,aleatorio,0
25,1,50,0,0,0,0,1,0,0,0,0,0,aleatorio,0
51,1,16,0,0,0,0,0,0,1,0,0,0,aleatorio,0
43,1,332,0,0,0,1,0,0,0,1,1,1,aleatorio,1
50,1,334,0,0,0,0,0,0,1,1,1,1,aleatorio,1
35,3,2,1,0,0,1,0,1,0,0,0,2,aleatorio,2
64,1,13,0,0,0,0,1,0,0,0,0,0,aleatorio,0
37,6,2,1,0,1,1,1,0,1,0,0,2,aleatorio,2
69,4,9,1,1,0,0,0,1,1,1,1,2,aleatorio,2
44,2,3,1,0,0,0,1,0,1,0,0,1,aleatorio,1
48,6,14,1,0,1,1,1,1,0,0,0,2,aleatorio,2
56,1,365,0,0,0,1,0,0,0,1,3,1,aleatorio,1
57,1,7,0,0,0,0,0,0,1,0,0,2,aleatorio,0
22,5,4,1,1,1,1,1,1,0,0,0,2,aleatorio,2
65,2,2,1,1,0,0,0,0,1,0,0,2,aleatorio,2
46,2,35,0,0,0,0,1,0,0,0,0,0,aleatorio,0
40,1,48,0,0,0,0,1,0,0,0,0,0,aleatorio,0
66,5,1,1,1,1,1,1,0,0,0,0,2,aleatorio,2
61,1,393,0,0,0,0,0,1,0,0,0,1,aleatorio,0
63,1,2,0,0,0,0,0,1,0,0,1,0,aleatorio,0
19,3,0,1,0,0,0,1,0,1,0,0,1,aleatorio,1
31,5,5,1,1,1,0,0,1,0,0,0,2,aleatorio,2
69,2,4,1,0,0,1,0,1,0,0,0,2,aleatorio,2
40,2,194,0,0,1,0,1,0,0,0,0,2,aleatorio,2
40,5,0,1,1,1,0,1,0,0,0,0,2,aleatorio,2
40,1,159,0,0,1,0,0,0,0,0,0,2,aleatorio,2
30,2,18,1,0,0,0,1,1,0,0,0,1,aleatorio,1
62,1,268,0,0,0,0,0,1,0,0,0,0,aleatorio,0
58,1,228,0,0,0,0,0,1,0,0,0,0,aleatorio,0
53,4,39,0,0,0,0,1,1,1,0,1,0,aleatorio,0
61,1,125,0,0,0,0,1,0,0,0,1,0,aleatorio,0
19,1,308,0,0,0,1,0,0,0,3,3,2,aleatorio,1
53,3,26,1,0,1,1,1,0,0,2,3,0,aleatorio,2
50,2,16,1,0,0,0,0,1,1,0,0,1,aleatorio,1
35,1,35,0,0,0,0,1,0,0,0,0,0,aleatorio,0
20,4,10,1,0,0,1,1,1,0,2,2,2,aleatorio,2
46,2,3,1,0,0,0,1,0,1,0,0,1,aleatorio,1
33,2,132,0,0,0,1,1,0,0,0,0,1,aleatorio,1
53,3,3,1,0,0,0,1,1,1,0,0,1,aleatorio,1
29,1,43,0,0,0,0,1,0,0,0,0,0,aleatorio,0
49,4,9,1,1,0,0,0,1,0,2,2,2,aleatorio,2
32,6,2,1,0,0,1,1,1,1,0,0,1,aleatorio,2
55,1,1,0,0,0,0,1,0,0,0,0,0,aleatorio,0
23,1,58,0,1,0,0,0,0,0,1,1,2,aleatorio,2
34,3,24,1,0,0,1,1,0,0,0,0,2,aleatorio,2
55,1,42,0,0,0,0,0,1,0,0,0,0,aleatorio,0
62,6,5,1,0,1,1,1,1,1,0,0,2,aleatorio,2
28,2,11,1,0,0,0,0,1,1,0,0,1,aleatorio,1
37,2,56,0,0,0,1,0,1,0,0,1,1,aleatorio,1
28,2,53,0,0,0,0,1,1,0,0,0,0,aleatorio,0
35,4,13,1,0,0,0,1,1,1,0,0,1,aleatorio,1
54,2,34,0,0,1,0,0,1,0,0,2,2,aleatorio,2
62,3,35,0,1,0,0,0,1,1,0,0,2,aleatorio,2
21,6,2,1,0,1,1,1,1,1,0,0,2,aleatorio,2
36,1,49,0,0,0,0,0,0,1,2,2,1,aleatorio,1
46,2,15,1,0,0,0,0,0,1,0,0,1,aleatorio,1
61,3,95,0,0,0,0,1,1,0,0,0,0,aleatorio,0
33,1,11,0,0,0,0,0,0,1,0,0,0,aleatorio,0
68,1,43,0,0,0,0,0,1,0,0,0,0,aleatorio,0
59,1,27,0,0,0,1,0,0,0,0,1,1,aleatorio,1
65,2,15,1,0,0,1,0,1,0,0,0,2,aleatorio,2
61,1,11,0,0,0,1,0,0,0,0,0,1,aleatorio,1
69,2,6,1,0,0,0,1,0,0,0,1,1,aleatorio,1
35,5,6,1,1,0,0,1,0,1,0,0,2,aleatorio,2
57,4,34,0,0,0,1,0,1,1,0,0,1,aleatorio,1
56,1,57,0,0,0,0,0,1,0,0,0,0,aleatorio,0
48,3,6,1,0,0,0,0,1,1,0,0,1,aleatorio,1
35,2,9,1,0,0,1,0,1,0,1,1,2,aleatorio,2
22,5,2,1,0,1,0,1,0,1,0,0,2,aleatorio,2
45,3,45,0,0,0,1,0,0,0,0,2,1,aleatorio,1
39,2,22,1,0,0,0,1,0,1,1,1,1,aleatorio,1
69,0,999,0,0,0,0,0,0,0,1,2,1,aleatorio,1
70,1,144,0,0,0,0,1,0,0,1,1,1,aleatorio,1
25,1,36,0,0,0,0,0,0,1,0,0,0,aleatorio,0
44,2,9,1,0,0,0,1,0,0,0,0,1,aleatorio,1
22,2,10,1,0,0,0,1,0,1,0,0,1,aleatorio,1
34,2,55,0,0,0,0,1,0,1,0,1,0,aleatorio,0
47,1,15,0,0,0,1,0,0,0,0,0,1,aleatorio,1
35,2,10,1,0,0,1,1,0,0,0,0,2,aleatorio,2
65,3,13,1,0,0,0,1,1,1,0,0,1,aleatorio,1
39,2,17,1,0,0,0,1,0,1,0,0,1,aleatorio,1
27,5,1,1,0,1,0,1,1,0,0,0,2,aleatorio,2
39,6,5,1,1,1,0,1,0,1,0,1,2,aleatorio,2
29,6,24,1,1,1,0,1,0,1,0,0,2,aleatorio,2
30,2,20,1,0,1,1,0,0,0,0,0,1,aleatorio,2
33,1,379,0,0,0,0,1,0,0,0,1,0,aleatorio,0
19,3,3,1,0,0,0,1,1,0,0,0,1,aleatorio,1
55,3,5,1,1,1,0,0,1,0,2,3,2,aleatorio,2
30,2,85,0,0,0,0,1,0,1,0,0,0,aleatorio,0
65,1,24,0,0,0,0,1,0,0,0,0,0,aleatorio,0
65,2,37,0,0,0,0,1,0,1,0,0,0,aleatorio,0
19,1,38,0,0,0,1,0,0,0,2,3,1,aleatorio,1
55,2,26,1,1,0,0,0,1,0,0,0,2,aleatorio,2
53,1,203,0,0,0,1,0,0,0,2,4,1,aleatorio,1
42,3,33,0,0,0,0,1,1,1,0,1,0,aleatorio,0
32,2,29,1,0,0,1,0,0,0,1,1,2,aleatorio,2
58,2,36,0,0,0,0,1,0,1,0,0,0,aleatorio,0
46,1,50,0,0,0,0,0,1,0,0,0,0,aleatorio,0
31,3,0,1,1,0,0,1,1,0,0,0,2,aleatorio,2
52,2,7,1,1,0,0,0,1,0,0,1,2,aleatorio,2
40,1,379,0,0,0,1,0,0,0,1,1,1,aleatorio,1
49,3,47,0,0,0,1,1,0,0,0,0,1,aleatorio,1
54,6,17,1,0,0,0,1,1,1,0,0,1,aleatorio,1
32,1,34,0,0,0,1,0,0,0,0,0,1,aleatorio,1
30,6,31,0,1,1,0,0,0,1,1,1,2,aleatorio,2
60,3,15,1,0,0,0,1,1,1,1,1,2,aleatorio,2
42,5,30,1,0,0,0,1,1,0,0,0,1,aleatorio,1
35,1,21,0,0,0,0,0,1,0,0,0,0,aleatorio,0
37,5,0,1,1,0,1,1,0,1,1,1,2,aleatorio,2
22,2,14,1,0,0,1,0,0,1,0,0,2,aleatorio,2
55,1,196,0,0,0,0,0,1,0,0,0,0,aleatorio,0
61,6,6,1,1,1,1,0,1,1,0,0,2,aleatorio,2
62,5,15,1,0,1,1,1,1,0,1,1,2,aleatorio,2
36,1,260,0,0,0,0,0,0,1,0,0,0,aleatorio,0
27,5,0,1,0,0,0,1,1,1,0,0,0,aleatorio,1
47,1,284,0,0,0,1,0,0,0,0,0,1,aleatorio,1
66,2,60,0,0,0,0,1,0,1,0,0,0,aleatorio,0
67,3,45,0,1,1,0,0,0,0,0,0,2,aleatorio,2
55,4,0,1,1,0,1,1,0,1,2,2,2,aleatorio,2
28,3,3,1,0,0,0,1,1,1,0,0,1,aleatorio,1
61,1,32,0,0,1,0,0,0,0,1,1,2,aleatorio,2
56,2,2,1,0,0,0,1,0,1,0,0,1,aleatorio,1
20,1,266,0,0,0,0,0,1,0,0,2,2,aleatorio,0
50,1,29,0,0,0,0,0,1,0,0,0,0,aleatorio,0
59,1,84,0,0,0,0,1,0,0,4,4,1,aleatorio,1
34,3,7,1,0,1,0,0,0,1,0,0,2,aleatorio,2
26,3,45,0,1,0,1,0,0,0,0,0,2,aleatorio,2
67,1,42,0,0,0,0,0,0,1,0,0,0,aleatorio,0
68,1,348,0,0,0,0,0,0,1,1,1,1,aleatorio,1
69,1,24,0,0,0,0,0,1,0,0,0,0,aleatorio,0
29,2,11,1,1,0,0,1,0,0,0,0,2,aleatorio,2
46,1,53,0,0,1,0,0,0,0,0,0,2,aleatorio,2
58,3,0,1,0,1,0,0,1,0,2,2,2,aleatorio,2
38,1,13,0,0,0,0,1,0,0,0,0,2,aleatorio,0
51,1,46,0,0,0,0,1,0,0,0,0,0,aleatorio,0
69,3,7,1,1,0,0,0,1,1,0,0,2,aleatorio,2
64,5,2,1,1,1,1,0,0,1,0,0,2,aleatorio,2
20,1,79,0,0,0,1,0,0,0,0,0,2,aleatorio,1
53,2,6,1,0,0,0,1,1,0,0,0,1,aleatorio,1
28,1,63,0,0,0,0,0,0,1,0,0,0,aleatorio,0
55,2,49,0,0,0,0,0,0,1,0,0,0,aleatorio,0
60,3,2,1,1,1,0,1,0,0,0,0,2,aleatorio,2
65,5,2,1,1,1,0,1,1,0,0,2,2,aleatorio,2
60,5,0,1,1,1,1,0,0,1,0,0,2,aleatorio,2
61,1,10,0,0,0,0,1,0,0,0,0,0,aleatorio,0
47,5,11,1,0,0,0,1,1,1,1,1,2,aleatorio,2
67,1,1,0,0,0,0,1,0,0,0,0,0,aleatorio,0
22,1,316,0,0,0,0,0,0,1,1,1,2,aleatorio,1
63,1,14,0,0,0,0,0,1,0,0,0,0,aleatorio,0
56,2,51,0,0,0,0,1,1,0,0,0,0,aleatorio,0
44,1,13,0,0,0,1,0,0,0,0,0,0,aleatorio,1
34,3,7,1,0,0,0,0,0,1,0,1,2,aleatorio,1
37,3,50,0,0,0,1,0,1,0,0,0,1,aleatorio,1
47,3,1,1,0,0,0,1,0,1,0,0,1,aleatorio,1
25,1,25,0,0,0,0,0,1,0,0,0,0,aleatorio,0
56,5,4,1,1,0,1,0,1,0,0,1,2,aleatorio,2
55,1,0,0,0,0,0,0,1,0,0,0,0,aleatorio,0
66,4,32,0,0,0,0,1,0,1,0,0,0,aleatorio,0
52,1,1,0,0,0,0,0,1,0,0,0,0,aleatorio,0
64,2,2,1,0,0,0,1,1,0,0,0,1,aleatorio,1
67,2,11,1,1,0,0,0,1,0,0,0,2,aleatorio,2
39,3,19,1,0,0,0,1,1,0,0,0,1,aleatorio,1
55,3,2,1,0,0,1,0,1,1,0,0,2,aleatorio,2
43,1,102,0,0,0,1,0,0,0,0,0,1,aleatorio,1
33,1,45,0,0,0,0,1,0,0,0,0,0,aleatorio,0
32,4,5,1,0,0,0,1,0,1,0,0,1,aleatorio,1
44,3,4,1,0,0,0,1,0,1,0,0,0,aleatorio,1
19,3,7,1,1,1,1,0,0,0,1,1,2,aleatorio,2
48,1,5,0,0,0,0,0,1,0,0,1,0,aleatorio,0
66,3,13,1,0,0,0,1,0,1,0,0,1,aleatorio,1
57,4,41,0,0,0,0,0,1,0,0,0,0,aleatorio,0
25,4,9,1,0,0,0,1,1,1,0,0,1,aleatorio,1
23,1,395,0,0,0,0,0,1,0,0,1,1,aleatorio,0
43,1,12,0,1,0,0,0,0,0,0,0,2,aleatorio,2
19,1,0,0,0,0,0,0,0,1,0,0,0,aleatorio,0
36,3,6,1,0,0,0,1,1,0,0,0,1,aleatorio,1
49,1,0,0,0,0,1,0,0,0,0,0,1,aleatorio,1
54,3,5,1,0,0,1,1,0,1,0,0,2,aleatorio,2
43,3,45,0,0,0,1,0,1,1,0,0,1,aleatorio,1
67,4,5,1,0,0,0,1,0,1,0,0,1,aleatorio,1
53,5,22,1,1,0,1,0,1,1,1,1,2,aleatorio,2
38,2,9,1,1,0,1,0,0,0,1,1,2,aleatorio,2
50,4,14,1,0,0,0,0,1,1,2,2,2,aleatorio,2
32,2,39,0,0,0,1,1,0,0,1,3,1,aleatorio,1
64,3,3,1,0,0,0,1,0,1,0,0,1,aleatorio,1
46,2,113,0,0,0,0,0,1,1,3,3,2,aleatorio,1
65,3,3,1,0,0,1,1,0,1,0,0,2,aleatorio,2
30,2,15,1,0,1,1,0,0,0,2,4,2,aleatorio,2
27,4,8,1,1,0,0,1,0,1,1,1,2,aleatorio,2
20,1,342,0,1,0,0,0,0,0,2,4,2,aleatorio,2
53,3,1,1,0,1,1,0,1,0,0,0,2,aleatorio,2
70,1,21,0,0,0,0,1,0,0,1,1,1,aleatorio,1
56,2,61,0,0,0,0,0,1,0,0,0,0,aleatorio,0
36,2,34,0,0,0,0,0,1,0,0,0,0,aleatorio,0
22,2,13,1,0,0,1,0,0,0,1,1,2,aleatorio,2
19,4,11,1,1,1,0,1,0,1,0,1,2,aleatorio,2
53,1,258,0,0,1,0,0,0,0,1,4,2,aleatorio,2
42,2,27,1,0,0,0,1,0,0,0,0,1,aleatorio,1
69,2,16,1,0,0,0,1,0,1,1,1,1,aleatorio,1
56,5,43,0,1,0,1,1,1,0,2,2,2,aleatorio,2
39,3,34,0,0,0,1,0,1,0,0,0,1,aleatorio,1
51,3,40,0,0,0,0,0,1,1,2,3,1,aleatorio,1
45,2,1,1,0,0,0,1,0,0,0,0,1,aleatorio,1
59,4,33,0,0,1,0,1,0,1,0,0,2,aleatorio,2
20,2,208,0,0,0,1,0,0,1,0,0,1,aleatorio,1
30,1,17,0,0,0,0,0,0,1,0,0,0,aleatorio,0
52,1,1,0,0,0,1,0,0,0,0,0,1,aleatorio,1
28,2,16,1,0,0,0,0,1,1,0,0,1,aleatorio,1
44,1,311,0,0,0,0,1,0,0,1,1,1,aleatorio,1
66,5,5,1,1,0,0,1,1,1,0,0,2,aleatorio,2
56,4,3,1,0,1,1,1,1,0,0,0,2,aleatorio,2
27,1,31,0,0,0,0,0,1,0,1,2,2,aleatorio,1
40,0,999,0,0,0,0,0,0,0,1,1,1,aleatorio,1
35,1,29,0,0,0,0,0,0,1,0,0,0,aleatorio,0
21,6,5,1,1,0,0,0,1,1,0,0,2,aleatorio,2
30,1,42,0,0,0,0,0,0,1,0,0,0,aleatorio,0
45,1,43,0,0,0,0,0,1,0,0,0,0,aleatorio,0
34,1,30,0,0,0,0,0,1,0,0,0,0,aleatorio,0
48,1,271,0,0,0,0,0,1,0,1,1,1,aleatorio,1
20,1,272,0,0,0,0,1,0,0,0,0,0,aleatorio,0
70,1,301,0,0,0,0,1,0,0,0,0,0,aleatorio,0
48,1,24,0,0,0,0,0,1,0,0,0,1,aleatorio,0
26,1,152,0,0,0,0,0,1,0,0,0,0,aleatorio,0
66,1,382,0,0,0,0,0,0,1,0,0,0,aleatorio,0
36,2,16,1,0,1,0,0,0,0,1,1,2,aleatorio,2
56,1,9,0,0,0,0,0,1,0,0,0,0,aleatorio,0
65,2,9,1,0,1,0,0,1,0,0,0,2,aleatorio,2
43,1,15,0,0,0,0,0,1,0,0,0,0,aleatorio,0
48,1,49,0,0,0,0,0,0,1,1,1,1,aleatorio,1
20,1,12,0,0,0,0,0,1,0,0,0,1,aleatorio,0
53,5,3,1,0,1,0,1,0,1,0,0,2,aleatorio,2
18,1,27,0,0,0,1,0,0,0,0,0,1,aleatorio,1
58,1,32,0,0,0,0,0,1,0,1,1,1,aleatorio,1
47,1,27,0,0,0,0,0,0,1,0,0,1,aleatorio,0
53,2,1,1,0,1,1,0,0,0,1,1,2,aleatorio,2
19,4,9,1,0,0,1,1,1,0,0,0,2,aleatorio,2
52,1,59,0,1,0,0,0,0,0,2,2,2,aleatorio,2
47,2,3,1,0,0,0,1,0,0,1,1,2,aleatorio,2
70,3,58,0,0,0,0,1,1,0,0,1,0,aleatorio,0
68,1,278,0,0,0,0,0,0,1,0,0,0,aleatorio,0
26,1,290,0,0,0,0,0,0,1,1,1,1,aleatorio,1
45,1,10,0,0,0,0,0,1,0,2,2,2,aleatorio,2
36,1,14,0,0,0,0,1,0,0,0,0,0,aleatorio,0
45,1,30,0,0,0,0,0,1,0,0,0,0,aleatorio,0
29,1,31,0,0,0,1,0,0,0,0,0,1,aleatorio,1
47,6,5,1,1,1,1,0,1,0,2,3,2,aleatorio,2
54,1,95,0,0,0,0,0,0,1,1,1,1,aleatorio,1
56,5,6,1,1,1,0,0,1,1,0,1,2,aleatorio,2
45,0,999,0,0,0,0,0,0,0,2,3,1,aleatorio,1
58,2,2,1,0,1,0,0,1,0,0,0,2,aleatorio,2
54,1,36,0,0,0,0,0,0,1,0,0,0,aleatorio,0
25,1,138,0,0,0,0,0,0,1,0,0,0,aleatorio,0
58,1,212,0,0,0,1,0,0,0,0,0,1,aleatorio,1
51,4,9,1,0,1,1,0,0,0,0,1,2,aleatorio,2
70,1,18,0,0,0,0,0,1,0,3,3,1,aleatorio,1
69,6,9,1,1,1,0,1,1,0,0,0,2,aleatorio,2
23,2,3,1,1,0,0,1,0,0,1,1,2,aleatorio,2
40,1,4,0,0,0,1,0,0,0,0,0,0,aleatorio,1
63,1,7,0,0,0,0,0,1,0,0,0,0,aleatorio,0
26,2,23,1,0,0,0,0,1,1,0,0,1,aleatorio,1
33,4,30,1,0,0,0,1,1,1,0,0,1,aleatorio,1
41,1,54,0,0,0,0,0,0,1,0,0,0,aleatorio,0
68,3,27,1,0,0,0,1,0,1,0,0,0,aleatorio,1
24,3,12,1,0,1,0,1,1,0,2,2,2,aleatorio,2
57,1,3,0,0,0,0,0,0,1,0,0,0,aleatorio,0
37,1,9,0,0,0,0,1,0,0,0,0,0,aleatorio,0
63,3,8,1,0,1,0,1,0,0,0,0,2,aleatorio,2
26,4,9,1,0,0,1,0,1,1,0,0,2,aleatorio,2
19,1,3,0,0,0,1,0,0,0,0,0,1,aleatorio,1
52,2,10,1,0,0,0,1,0,1,0,0,1,aleatorio,1
40,1,11,0,0,0,0,0,1,0,0,0,0,aleatorio,0
66,1,55,0,0,0,0,0,0,1,0,0,0,aleatorio,0
38,1,346,0,0,0,0,0,1,0,2,2,1,aleatorio,1
51,2,13,1,0,0,1,0,0,1,0,0,2,aleatorio,2
20,3,13,1,0,1,1,0,1,0,0,0,2,aleatorio,2
66,1,5,0,0,0,0,1,0,0,0,1,2,aleatorio,0
33,2,11,1,0,0,0,1,0,1,0,0,1,aleatorio,1
50,1,128,0,0,0,0,1,0,0,0,0,0,aleatorio,0
60,6,1,1,1,1,1,1,1,1,0,0,2,aleatorio,2
47,3,12,1,0,0,0,1,0,1,0,0,1,aleatorio,1
27,4,2,1,1,0,1,1,0,1,4,4,2,aleatorio,2
51,6,5,1,1,1,0,1,0,0,0,0,2,aleatorio,2
59,1,68,0,0,0,0,1,0,0,1,1,1,aleatorio,1
32,1,50,0,0,0,1,0,0,0,0,0,1,aleatorio,1
34,1,10,0,0,0,0,1,0,0,0,0,0,aleatorio,0
53,3,15,1,0,0,1,1,0,0,0,0,2,aleatorio,2
36,3,11,1,0,0,0,1,0,0,0,0,1,aleatorio,1
37,4,0,1,0,0,0,0,1,1,2,3,2,aleatorio,2
35,2,4,1,0,1,0,0,1,0,0,0,2,aleatorio,2
35,2,0,1,0,0,0,0,1,0,0,0,1,aleatorio,1
43,1,5,0,0,0,0,0,0,1,0,0,0,aleatorio,0
33,5,10,1,1,0,1,1,1,1,0,0,2,aleatorio,2
33,2,54,0,1,0,0,0,1,0,0,0,2,aleatorio,2
31,3,9,1,1,0,1,0,1,0,0,0,2,aleatorio,2
59,4,0,1,1,1,0,0,1,0,0,0,2,aleatorio,2
32,1,181,0,0,0,0,0,0,1,0,1,2,aleatorio,0
30,1,12,0,0,0,1,0,0,0,0,0,1,aleatorio,1
57,2,35,0,1,0,0,1,0,0,0,0,2,aleatorio,2
40,1,370,0,0,0,0,1,0,0,0,0,0,aleatorio,0
28,4,5,1,1,0,0,0,1,1,2,4,2,aleatorio,2
29,2,31,0,0,0,0,0,0,1,1,2,1,aleatorio,1
22,1,7,0,0,0,0,0,1,0,0,0,0,aleatorio,0
46,1,32,0,0,0,0,0,1,0,0,0,0,aleatorio,0
23,4,12,1,1,0,1,1,0,1,0,1,2,aleatorio,2
29,2,7,1,0,0,1,0,0,1,0,0,2,aleatorio,2
33,0,999,0,0,0,0,0,0,0,2,2,1,aleatorio,1
68,3,6,1,0,0,0,1,1,0,0,0,1,aleatorio,1
50,5,9,1,1,0,0,1,1,1,0,0,2,aleatorio,2
58,1,6,0,0,0,0,0,1,0,0,0,0,aleatorio,0
42,1,26,0,0,0,0,0,1,0,0,0,0,aleatorio,0
34,1,47,0,0,0,1,0,0,0,0,0,1,aleatorio,1
43,5,4,1,0,0,0,1,1,1,0,0,1,aleatorio,1
38,3,15,1,0,0,0,1,1,1,0,1,1,aleatorio,1
34,1,51,0,0,0,1,0,0,0,1,1,1,aleatorio,1
53,2,49,0,1,0,0,0,0,1,0,0,2,aleatorio,2
20,1,359,0,0,0,0,1,0,0,0,0,0,aleatorio,0
21,5,13,1,0,1,1,0,1,0,1,2,2,aleatorio,2
60,1,25,0,0,0,0,1,0,0,0,0,0,aleatorio,0
48,4,2,1,0,1,1,0,0,1,1,1,2,aleatorio,2
62,2,33,0,0,0,0,0,0,1,2,2,1,aleatorio,1
28,1,397,0,0,0,1,0,0,0,0,0,1,aleatorio,1
60,2,19,1,0,0,1,1,0,0,0,0,2,aleatorio,2
49,4,12,1,0,0,0,1,1,1,0,0,1,aleatorio,1
24,2,46,0,0,0,1,1,0,0,0,1,1,aleatorio,1
65,1,237,0,0,0,0,0,1,0,0,0,0,aleatorio,0
60,1,94,0,0,0,0,0,0,1,0,0,0,aleatorio,0
70,2,6,1,0,0,0,0,1,1,0,0,1,aleatorio,1
21,1,241,0,0,0,0,0,0,1,1,1,1,aleatorio,1
56,1,276,0,0,0,0,0,1,0,3,3,1,aleatorio,1
36,6,7,1,1,1,0,1,0,0,0,0,2,aleatorio,2
20,1,169,0,0,0,0,0,1,0,0,0,0,aleatorio,0
38,3,0,1,0,0,0,1,1,1,0,0,0,aleatorio,1
39,1,29,0,0,0,0,0,0,1,1,1,1,aleatorio,1
30,1,303,0,0,0,1,0,0,0,0,0,1,aleatorio,1
25,1,4,0,0,0,0,1,0,0,0,0,0,aleatorio,0
62,1,12,0,0,0,0,0,1,0,0,0,2,aleatorio,0
56,1,74,0,0,0,1,0,0,0,2,2,1,aleatorio,1
49,1,35,0,0,0,0,0,1,0,0,0,0,aleatorio,0
68,2,0,1,0,0,0,1,1,0,0,0,1,aleatorio,1
43,2,9,1,1,0,0,0,1,0,0,0,2,aleatorio,2
20,1,17,0,0,0,0,0,1,0,0,0,0,aleatorio,0
25,1,377,0,0,0,0,1,0,0,0,0,0,aleatorio,0
67,3,53,0,0,0,1,0,1,1,1,1,1,aleatorio,1
47,4,2,1,1,0,1,0,0,0,1,1,2,aleatorio,2
43,2,5,1,0,0,0,1,0,1,0,1,1,aleatorio,1
21,3,2,1,0,0,0,1,1,0,0,1,1,aleatorio,1
55,1,5,0,0,0,0,0,1,0,0,0,0,aleatorio,0
68,5,0,1,0,0,1,1,0,1,1,1,2,aleatorio,2
58,2,21,1,0,0,0,1,0,0,0,0,1,aleatorio,1
24,1,39,0,0,0,0,1,0,0,0,0,0,aleatorio,0
28,2,8,1,0,1,0,1,0,0,1,1,2,aleatorio,2
24,2,12,1,0,0,1,1,0,0,0,0,2,aleatorio,2
59,1,3,0,0,0,1,0,0,0,0,0,1,aleatorio,1
57,2,12,1,0,0,0,1,0,1,0,1,1,aleatorio,1
43,3,6,1,0,1,0,0,0,1,0,0,2,aleatorio,2
20,1,58,0,0,0,0,0,0,1,0,0,0,aleatorio,0
29,2,173,0,0,0,1,1,0,0,0,0,1,aleatorio,1
49,3,3,1,0,1,0,0,1,0,2,2,2,aleatorio,2
43,3,2,1,0,0,1,0,1,1,2,3,2,aleatorio,2
47,2,5,1,1,1,0,0,0,0,0,0,2,aleatorio,2
31,1,0,0,0,0,0,0,0,1,0,1,0,aleatorio,0
32,1,388,0,0,0,0,1,0,0,1,2,1,aleatorio,1
47,1,342,0,0,0,1,0,0,0,0,0,1,aleatorio,1
20,1,127,0,0,0,0,1,0,0,1,1,2,aleatorio,1
68,2,247,0,0,0,1,1,0,0,0,1,1,aleatorio,1
39,3,2,1,0,0,0,1,1,1,0,0,1,aleatorio,1
43,2,54,0,0,0,1,0,0,1,1,2,1,aleatorio,1
29,3,8,1,1,1,0,1,0,0,0,0,2,aleatorio,2
49,1,32,0,0,0,0,1,0,0,1,1,1,aleatorio,1
46,3,34,0,0,0,1,0,1,0,2,3,1,aleatorio,1
51,1,2,0,1,0,0,0,0,0,0,0,2,aleatorio,2
29,5,7,1,0,0,1,0,0,1,0,0,2,aleatorio,2
65,2,24,1,0,0,0,1,1,0,0,0,1,aleatorio,1
62,3,1,1,0,0,0,1,1,0,0,0,0,aleatorio,1
27,1,3,0,0,0,0,1,0,0,0,0,0,aleatorio,0
58,3,94,0,0,0,1,1,1,0,0,0,1,aleatorio,1
46,1,15,0,0,0,0,1,0,0,0,0,0,aleatorio,0
42,1,9,0,0,0,0,1,0,0,0,0,0,aleatorio,0
22,2,14,1,0,0,0,1,1,0,0,0,1,aleatorio,1
39,1,1,0,0,1,0,0,0,0,0,0,2,aleatorio,2
51,4,22,1,1,0,1,0,1,1,1,2,2,aleatorio,2
50,2,26,1,1,1,0,0,0,0,0,0,2,aleatorio,2
55,2,42,0,0,0,1,0,1,0,2,2,0,aleatorio,1
21,1,31,0,0,0,0,1,0,0,0,0,0,aleatorio,0
30,1,294,0,0,0,1,0,0,0,0,0,1,aleatorio,1
52,3,9,1,1,0,0,1,1,0,1,2,2,aleatorio,2
46,1,10,0,0,0,0,1,0,0,0,0,0,aleatorio,0
66,3,39,0,0,0,0,1,1,1,0,0,0,aleatorio,0
63,2,9,1,0,0,0,1,0,0,0,1,1,aleatorio,1
35,1,19,0,0,0,0,1,0,0,0,0,0,aleatorio,0
59,2,383,0,0,0,1,0,0,0,0,0,1,aleatorio,1
63,5,35,0,0,0,1,1,1,0,2,2,1,aleatorio,1
18,3,20,1,0,1,0,0,0,1,1,1,2,aleatorio,2
45,4,8,1,0,0,0,1,1,1,0,0,1,aleatorio,1
25,1,48,0,0,0,0,1,0,0,1,2,1,aleatorio,1
48,1,8,0,0,0,0,0,0,1,0,0,0,aleatorio,0
33,1,8,0,0,0,1,0,0,0,0,0,1,aleatorio,1
70,2,135,0,0,0,1,0,0,1,1,1,1,aleatorio,1
62,1,53,0,0,0,0,0,1,0,0,0,0,aleatorio,0
20,5,17,1,1,0,0,1,1,0,0,0,2,aleatorio,2
49,3,3,1,0,0,0,1,0,1,0,0,1,aleatorio,1
18,2,13,1,0,1,0,0,1,0,1,2,2,aleatorio,2
63,2,76,0,0,0,1,1,0,0,0,0,1,aleatorio,1
58,2,6,1,0,0,0,0,1,1,0,0,1,aleatorio,1
33,6,4,1,0,1,1,1,0,0,1,1,2,aleatorio,2
30,4,20,1,0,0,0,0,1,1,1,2,2,aleatorio,1
33,1,32,0,0,0,0,0,1,0,0,0,0,aleatorio,0
29,4,0,1,0,1,0,1,0,1,1,1,2,aleatorio,2
68,2,56,0,0,0,0,0,1,1,0,1,2,aleatorio,0
47,5,0,1,0,0,0,1,1,1,0,0,1,aleatorio,1
48,1,43,0,0,0,1,0,0,0,2,4,1,aleatorio,1
37,0,999,0,0,0,0,0,0,0,1,1,1,aleatorio,1
57,4,7,1,0,0,0,1,0,1,0,0,1,aleatorio,1
58,4,5,1,0,1,1,1,0,0,0,0,2,aleatorio,2
32,2,42,0,0,0,0,1,1,0,0,0,0,aleatorio,0
55,5,9,1,0,0,1,1,1,0,1,1,2,aleatorio,2
32,1,14,0,1,0,0,0,0,0,1,1,2,aleatorio,2
65,3,34,0,0,0,1,1,0,0,2,4,0,aleatorio,1
59,4,5,1,0,0,1,1,1,0,1,2,2,aleatorio,2
20,5,3,1,0,0,0,1,0,0,0,0,1,aleatorio,1
65,1,32,0,0,0,0,0,0,1,1,1,1,aleatorio,1
52,3,55,0,1,0,1,0,0,1,0,0,2,aleatorio,2
59,1,45,0,0,0,0,0,0,1,0,0,0,aleatorio,0
50,1,7,0,0,0,0,0,1,0,0,0,0,aleatorio,0
38,6,10,1,1,0,1,1,1,1,0,0,2,aleatorio,2
46,2,2,1,0,0,0,1,0,1,0,0,1,aleatorio,1
66,2,10,1,0,0,1,0,1,0,0,0,2,aleatorio,2
19,1,77,0,0,0,1,0,0,0,0,0,1,aleatorio,1
33,2,45,0,0,0,1,0,1,0,1,1,1,aleatorio,1
62,5,4,1,0,0,1,1,1,1,1,1,2,aleatorio,2
18,1,12,0,0,0,1,0,0,0,0,0,1,aleatorio,1
50,1,46,0,0,0,0,0,0,1,0,0,0,aleatorio,0
43,6,1,1,0,1,1,1,1,1,0,0,0,aleatorio,2
59,2,199,0,0,0,0,1,0,1,1,1,1,aleatorio,1
66,1,11,0,0,0,0,0,0,1,0,0,0,aleatorio,0
39,1,16,0,0,0,0,0,1,0,0,0,0,aleatorio,0
20,2,33,0,0,0,0,0,1,1,0,0,1,aleatorio,0
52,2,56,0,0,0,0,1,1,0,0,0,0,aleatorio,0
61,1,218,0,0,0,0,1,0,0,0,0,0,aleatorio,0
56,1,127,0,0,0,1,0,0,0,0,0,1,aleatorio,1
44,1,14,0,0,0,1,0,0,0,1,1,2,aleatorio,2
29,1,40,0,0,0,0,1,0,0,0,0,0,aleatorio,0
54,5,2,1,0,1,0,1,1,1,0,0,2,aleatorio,2
51,1,3,0,0,0,0,0,0,1,0,0,0,aleatorio,0
24,1,72,0,0,0,0,1,0,0,0,0,0,aleatorio,0
69,1,34,0,0,0,0,0,1,0,0,0,0,aleatorio,0
21,1,22,0,0,0,0,0,0,1,0,0,0,aleatorio,0
67,1,389,0,0,0,0,1,0,0,0,0,0,aleatorio,0
38,1,7,0,0,0,0,1,0,0,0,1,0,aleatorio,0
36,4,15,1,0,1,0,0,1,1,0,0,2,aleatorio,2
65,2,263,0,0,0,0,0,1,1,0,1,0,aleatorio,0
58,5,4,1,1,0,1,1,0,0,0,0,2,aleatorio,2
50,1,50,0,0,0,0,0,1,0,1,2,1,aleatorio,1
37,2,28,1,0,0,0,0,1,1,0,0,1,aleatorio,1
61,5,15,1,1,0,1,0,1,0,1,2,2,aleatorio,2
60,0,999,0,0,0,0,0,0,0,3,3,1,aleatorio,1
28,2,27,1,0,1,0,0,0,0,1,1,2,aleatorio,2
40,1,35,0,0,0,0,1,0,0,1,1,2,aleatorio,1
46,5,4,1,1,0,0,1,1,1,0,1,2,aleatorio,2
30,3,10,1,0,1,1,0,0,0,2,3,1,aleatorio,2
45,1,196,0,0,0,0,1,0,0,0,0,0,aleatorio,0
30,1,48,0,0,0,0,0,1,0,3,3,1,aleatorio,1
68,1,9,0,0,0,0,0,1,0,0,0,2,aleatorio,0
67,2,3,1,0,0,0,1,0,1,2,2,2,aleatorio,2
26,3,55,0,0,0,1,0,1,0,0,0,1,aleatorio,1
61,2,3,1,0,1,1,0,0,0,0,0,2,aleatorio,2
60,5,15,1,1,1,0,1,0,0,0,1,2,aleatorio,2
57,4,12,1,0,1,1,0,1,1,0,0,2,aleatorio,2
18,3,5,1,0,1,0,0,1,0,0,0,2,aleatorio,2
35,1,5,0,0,0,0,1,0,0,1,1,2,aleatorio,2
36,1,3,0,0,0,0,1,0,0,0,0,0,aleatorio,0
31,1,334,0,0,0,0,1,0,0,0,0,2,aleatorio,0
53,1,4,0,0,0,0,0,1,0,0,0,0,aleatorio,0
53,2,14,1,0,1,0,1,0,0,0,0,2,aleatorio,2
56,2,35,0,1,1,0,0,0,0,1,1,2,aleatorio,2
57,2,15,1,0,0,0,0,1,1,0,0,1,aleatorio,1
60,2,15,1,1,0,0,0,1,0,0,0,2,aleatorio,2
70,5,2,1,0,1,0,1,0,1,0,0,0,aleatorio,2
21,1,63,0,0,0,0,0,0,1,1,2,1,aleatorio,1
61,2,33,0,0,0,0,0,1,0,1,1,1,aleatorio,1
27,1,8,0,0,0,0,1,0,0,0,1,0,aleatorio,0
66,1,19,0,0,0,0,1,0,0,2,2,1,aleatorio,1
44,2,2,1,0,0,0,0,1,1,0,0,1,aleatorio,1
36,5,8,1,0,1,0,1,1,1,0,0,2,aleatorio,2
38,3,33,0,1,0,1,0,1,0,1,1,0,aleatorio,2
50,4,34,0,0,0,1,1,1,0,0,0,1,aleatorio,1
69,3,15,1,0,1,1,0,0,0,2,2,2,aleatorio,2
68,2,5,1,1,1,0,0,0,0,0,0,1,aleatorio,2
70,2,3,1,0,0,0,1,1,0,0,0,1,aleatorio,1
30,4,8,1,1,0,1,1,0,0,0,0,2,aleatorio,2
59,1,379,0,0,0,0,1,0,0,3,4,1,aleatorio,1
62,1,56,0,0,0,0,0,1,0,0,0,0,aleatorio,0
59,5,7,1,1,1,0,0,1,1,0,0,0,aleatorio,2
51,3,10,1,0,0,1,0,0,1,0,0,2,aleatorio,2
47,1,244,0,0,0,0,0,1,0,0,0,0,aleatorio,0
45,2,65,0,0,0,0,1,0,1,1,2,1,aleatorio,1
18,1,237,0,0,0,0,1,0,0,0,0,0,aleatorio,0
52,1,37,0,0,0,1,0,0,0,0,0,1,aleatorio,1
38,2,3,1,0,0,0,0,1,1,0,0,1,aleatorio,1
25,5,4,1,1,0,1,0,1,1,0,0,2,aleatorio,2
50,0,999,0,0,0,0,0,0,0,1,3,1,aleatorio,1
59,2,10,1,0,1,0,0,1,0,3,4,2,aleatorio,2
66,5,3,1,1,1,0,1,0,0,2,4,2,aleatorio,2
66,1,321,0,0,0,0,0,1,0,0,0,0,aleatorio,0
26,4,14,1,0,1,0,1,1,1,0,0,2,aleatorio,2
25,1,12,0,0,0,1,0,0,0,0,0,1,aleatorio,1
22,2,14,1,0,0,1,1,0,0,1,1,2,aleatorio,2
42,5,4,1,0,1,1,0,1,1,2,2,2,aleatorio,2
49,1,285,0,0,0,0,0,1,0,0,0,0,aleatorio,0
67,4,11,1,1,0,0,1,1,0,0,0,2,aleatorio,2
63,2,58,0,0,0,0,1,0,1,0,0,0,aleatorio,0
34,2,7,1,0,0,1,0,0,1,0,0,2,aleatorio,2
40,3,3,1,1,0,0,1,0,0,0,0,2,aleatorio,2
56,5,1,1,0,1,0,1,1,0,0,0,1,aleatorio,2
54,1,59,0,0,1,0,0,0,0,0,0,2,aleatorio,2
69,2,14,1,0,0,0,1,1,0,0,0,1,aleatorio,1
28,1,30,0,0,0,0,0,1,0,1,1,1,aleatorio,1
58,1,60,0,0,0,0,0,1,0,3,4,1,aleatorio,1
28,5,11,1,0,1,1,1,1,1,0,0,2,aleatorio,2
43,1,349,0,0,0,0,0,0,1,0,0,0,aleatorio,0
42,2,6,1,0,0,1,0,1,0,0,0,2,aleatorio,2
36,3,14,1,0,0,1,1,1,0,0,0,2,aleatorio,2
55,1,22,0,0,0,0,0,1,0,0,0,0,aleatorio,0
35,4,40,0,0,1,0,1,1,1,0,0,2,aleatorio,2
64,1,314,0,0,0,0,0,1,0,0,0,0,aleatorio,0
25,0,999,0,0,0,0,0,0,0,4,4,1,aleatorio,1
48,1,20,0,0,0,0,0,1,0,0,0,0,aleatorio,0
23,3,9,1,0,0,0,1,0,0,0,0,1,aleatorio,1
53,1,56,0,0,0,0,0,1,0,0,1,0,aleatorio,0
48,2,15,1,0,0,0,0,1,0,0,0,1,aleatorio,1
22,1,271,0,0,0,1,0,0,0,0,0,1,aleatorio,1
20,4,15,1,1,1,0,0,0,0,0,0,2,aleatorio,2
64,1,73,0,0,0,1,0,0,0,1,1,1,aleatorio,1
65,1,48,0,0,1,0,0,0,0,1,2,2,aleatorio,2
29,2,19,1,0,0,0,0,0,1,0,1,1,aleatorio,1
42,2,6,1,1,1,0,0,0,0,0,0,1,aleatorio,2
34,4,15,1,0,0,0,1,1,1,0,0,1,aleatorio,1
66,1,228,0,0,0,0,0,0,1,0,0,0,aleatorio,0
22,1,55,0,0,0,0,0,0,1,0,0,0,aleatorio,0
61,1,16,0,0,0,0,0,0,1,0,0,0,aleatorio,0
60,1,276,0,0,0,0,0,0,1,1,1,1,aleatorio,1
30,1,1,0,0,0,0,1,0,0,0,0,0,aleatorio,0
45,3,2,1,0,0,1,1,0,1,0,0,2,aleatorio,2
63,2,26,1,0,0,0,1,0,1,0,0,1,aleatorio,1
21,3,44,0,0,0,1,0,1,0,0,1,1,aleatorio,1
29,2,57,0,0,0,0,1,0,0,0,0,0,aleatorio,0
36,3,53,0,0,0,1,1,1,0,1,2,1,aleatorio,1
35,3,1,1,0,0,0,1,0,1,0,1,1,aleatorio,1
39,5,2,1,1,1,0,0,1,1,0,0,2,aleatorio,2
35,1,10,0,0,0,0,1,0,0,1,1,0,aleatorio,2
56,2,20,1,0,0,0,1,1,0,0,0,1,aleatorio,1
32,1,377,0,0,0,1,0,0,0,0,0,1,aleatorio,1
49,4,31,0,0,0,1,0,1,0,0,0,1,aleatorio,1
65,5,0,1,1,0,0,1,1,1,0,0,2,aleatorio,2
35,1,92,0,0,0,0,1,0,0,0,1,1,aleatorio,0
48,1,64,0,0,0,0,0,1,0,0,0,0,aleatorio,0
55,1,104,0,0,0,0,1,0,0,0,0,0,aleatorio,0
64,3,40,0,0,1,0,0,1,1,0,0,2,aleatorio,2
37,1,60,0,0,0,1,0,0,0,0,0,1,aleatorio,1
46,2,13,1,0,0,1,0,1,0,1,1,2,aleatorio,2
33,1,327,0,0,0,0,0,1,0,0,0,0,aleatorio,0
21,1,102,0,0,0,0,1,0,0,0,0,0,aleatorio,0
28,1,0,0,0,0,0,0,1,0,0,0,0,aleatorio,0
19,2,62,0,0,0,1,1,0,0,0,0,0,aleatorio,1
57,1,47,0,0,0,0,0,1,0,0,0,0,aleatorio,0
34,2,59,0,0,0,1,0,1,0,0,0,1,aleatorio,1
68,3,11,1,0,1,0,0,1,0,0,0,2,aleatorio,2
45,1,8,0,0,0,1,0,0,0,0,0,1,aleatorio,1
37,1,353,0,0,0,0,0,1,0,1,1,1,aleatorio,1
55,2,58,0,0,0,0,1,0,0,0,0,0,aleatorio,0
32,3,229,0,0,0,0,0,0,1,0,0,0,aleatorio,0
32,2,0,1,0,0,0,1,1,0,0,0,1,aleatorio,1
49,2,37,0,0,0,0,0,0,1,0,0,1,aleatorio,0
48,2,59,0,0,0,0,0,1,0,0,0,0,aleatorio,0
52,5,11,1,1,0,0,1,1,0,0,0,0,aleatorio,2
64,5,14,1,0,1,0,0,1,1,0,0,2,aleatorio,2
21,2,132,0,0,1,0,0,1,0,0,0,1,aleatorio,2
21,0,999,0,0,0,0,0,0,0,1,1,1,aleatorio,1
22,1,322,0,0,0,0,1,0,0,1,1,0,aleatorio,1
69,2,12,1,0,0,0,1,0,1,0,0,2,aleatorio,1
29,1,104,0,0,0,0,0,1,0,0,0,0,aleatorio,0
64,5,5,1,0,1,1,1,0,1,0,0,2,aleatorio,2
60,2,46,0,0,0,0,1,1,0,0,0,0,aleatorio,0
53,4,13,1,0,0,0,1,1,1,0,0,1,aleatorio,1
38,3,29,1,1,0,0,0,1,0,0,0,2,aleatorio,2
38,2,32,0,0,0,0,0,1,1,0,1,0,aleatorio,0
59,2,228,0,0,0,0,0,1,0,0,0,0,aleatorio,0
54,2,33,0,0,0,0,0,1,1,2,3,1,aleatorio,1
43,1,310,0,0,0,0,1,0,0,0,0,2,aleatorio,0
57,2,47,0,0,0,1,0,0,1,0,0,1,aleatorio,1
39,6,7,1,0,1,0,1,0,1,0,0,2,aleatorio,2
45,1,37,0,0,0,0,0,0,1,0,0,0,aleatorio,0
65,1,2,0,0,0,0,0,1,0,0,0,0,aleatorio,0
55,1,113,0,0,0,0,0,1,0,0,0,0,aleatorio,0
50,1,43,0,0,1,0,0,0,0,0,0,2,aleatorio,2
26,1,253,0,0,0,0,1,0,0,0,1,0,aleatorio,0
19,2,15,1,0,0,1,0,0,1,1,1,2,aleatorio,2
36,2,33,0,0,0,0,1,1,0,0,0,0,aleatorio,0
40,0,999,0,0,0,0,0,0,0,2,2,1,aleatorio,1
64,1,193,0,0,0,0,1,0,0,0,0,0,aleatorio,0
50,3,3,1,0,0,1,0,1,0,0,0,2,aleatorio,2
37,1,15,0,0,0,1,0,0,0,0,0,1,aleatorio,1
32,2,29,1,0,0,0,0,1,0,0,0,1,aleatorio,1
67,2,78,0,0,0,0,0,1,1,1,1,1,aleatorio,1
66,1,67,0,0,0,0,0,0,1,1,1,1,aleatorio,1
60,1,39,0,0,0,0,0,0,1,0,0,0,aleatorio,0
56,1,45,0,0,0,0,0,1,0,2,2,1,aleatorio,1
55,3,3,1,1,0,1,1,0,0,0,0,2,aleatorio,2
65,4,38,0,1,0,1,0,0,1,0,0,2,aleatorio,2
49,5,12,1,1,1,0,1,1,0,1,1,2,aleatorio,2
43,2,68,0,0,0,0,0,1,0,2,2,1,aleatorio,1
66,1,196,0,0,0,0,0,0,1,0,0,0,aleatorio,0
51,1,49,0,0,0,0,1,0,0,0,0,0,aleatorio,0
23,5,7,1,1,1,0,0,1,1,0,0,0,aleatorio,2
38,1,58,0,0,0,0,1,0,0,0,0,0,aleatorio,0
56,1,21,0,0,0,1,0,0,0,1,1,1,aleatorio,1
22,1,10,0,0,0,0,1,0,0,0,0,0,aleatorio,0
63,5,16,1,0,1,1,1,1,0,0,0,2,aleatorio,2
56,2,22,1,0,0,0,1,0,1,1,1,1,aleatorio,1
38,2,42,0,0,0,0,1,0,1,0,0,0,aleatorio,0
45,2,13,1,0,0,1,0,0,0,0,0,2,aleatorio,2
69,4,8,1,0,0,0,1,1,0,0,0,1,aleatorio,1
67,1,1,0,0,0,0,0,1,0,0,0,1,aleatorio,0
51,3,114,0,0,1,0,0,0,1,0,0,2,aleatorio,2
55,1,168,0,0,0,1,0,0,0,0,0,1,aleatorio,1
23,1,21,0,0,0,0,0,1,0,0,0,0,aleatorio,0
39,1,157,0,0,0,0,1,0,0,1,1,1,aleatorio,1
38,2,6,1,0,0,0,1,0,1,0,0,1,aleatorio,1
54,3,151,0,0,0,0,1,1,1,1,1,1,aleatorio,1
32,2,44,0,0,0,0,0,0,1,0,0,1,aleatorio,0
43,1,35,0,0,0,0,1,0,0,0,0,2,aleatorio,0
20,2,117,0,0,0,0,1,0,1,0,0,0,aleatorio,0
33,4,5,1,0,1,1,1,0,0,0,0,1,aleatorio,2
41,6,1,1,0,1,1,1,1,0,0,0,2,aleatorio,2
28,1,20,0,0,0,0,0,1,0,0,0,2,aleatorio,0
53,1,53,0,0,0,0,0,0,1,0,1,0,aleatorio,0
55,2,23,1,0,0,0,1,0,1,0,0,1,aleatorio,1
43,2,8,1,0,0,1,0,0,0,0,0,2,aleatorio,2
43,2,32,0,0,1,0,0,1,0,0,0,2,aleatorio,2
48,1,35,0,0,0,0,0,1,0,0,1,1,aleatorio,0
24,1,246,0,0,0,0,0,1,0,0,0,0,aleatorio,0
39,1,9,0,1,0,0,0,0,0,0,0,2,aleatorio,2
53,2,4,1,0,0,1,1,0,0,0,0,2,aleatorio,2
57,3,23,1,0,0,1,0,1,1,0,0,2,aleatorio,2
68,2,4,1,0,0,0,0,1,0,2,2,0,aleatorio,2
59,4,11,1,0,0,1,1,1,0,2,3,2,aleatorio,2
64,5,13,1,0,0,1,0,1,0,0,0,0,aleatorio,2
49,4,3,1,1,1,1,0,1,0,2,4,1,aleatorio,2
69,3,44,0,0,0,1,0,0,0,2,4,1,aleatorio,1
65,1,16,0,0,0,1,0,0,0,3,3,0,aleatorio,1
24,1,99,0,0,0,0,0,1,0,0,0,0,aleatorio,0
36,6,12,1,1,1,1,0,0,0,0,0,2,aleatorio,2
66,6,5,1,0,0,1,1,1,1,0,0,2,aleatorio,2
18,6,3,1,0,0,1,1,1,1,1,1,2,aleatorio,2
44,1,170,0,0,0,0,1,0,0,0,1,0,aleatorio,0
22,1,2,0,0,0,1,0,0,0,0,0,1,aleatorio,1
27,5,7,1,1,1,0,1,1,0,0,0,2,aleatorio,2
32,4,11,1,0,1,0,0,0,1,0,0,2,aleatorio,2
31,4,12,1,0,1,1,1,1,0,2,3,2,aleatorio,2
52,6,7,1,0,0,1,1,1,0,0,1,2,aleatorio,2
29,4,29,1,0,0,0,0,1,1,0,0,1,aleatorio,1
48,0,999,0,0,0,0,0,0,0,3,3,1,aleatorio,1
64,3,1,1,1,0,0,0,1,1,0,0,2,aleatorio,2
67,2,296,0,0,0,0,1,0,0,0,0,0,aleatorio,0
53,1,144,0,0,0,0,0,0,1,0,0,0,aleatorio,0
47,5,1,1,0,0,0,1,1,0,3,3,2,aleatorio,2
66,1,178,0,0,0,0,1,0,0,2,4,0,aleatorio,1
34,1,368,0,0,0,0,0,0,1,0,1,1,aleatorio,0
69,5,1,1,0,0,0,1,1,1,0,0,1,aleatorio,1
70,1,52,0,0,0,1,0,0,0,0,0,1,aleatorio,1
23,1,46,0,0,0,0,1,0,0,0,0,0,aleatorio,0
28,2,6,1,0,0,1,1,0,0,0,1,2,aleatorio,2
66,1,30,0,0,0,0,0,1,0,0,0,0,aleatorio,0
53,3,15,1,1,0,1,0,1,0,0,1,2,aleatorio,2
36,1,15,0,0,0,0,0,0,1,0,0,1,aleatorio,0
25,2,4,1,0,0,0,1,1,0,0,0,0,aleatorio,1
49,1,46,0,0,0,0,1,0,0,0,1,0,aleatorio,0
21,2,38,0,0,0,0,1,1,0,0,0,2,aleatorio,0
25,6,10,1,1,0,0,1,0,1,0,0,2,aleatorio,2
29,2,2,1,0,0,0,1,0,1,0,0,1,aleatorio,1
60,1,56,0,0,0,0,0,1,0,0,2,0,aleatorio,0
25,1,132,0,0,0,0,0,1,0,0,0,0,aleatorio,0
44,5,7,1,0,0,0,1,1,1,0,0,1,aleatorio,1
41,5,9,1,0,0,1,1,0,1,1,1,2,aleatorio,2
53,1,8,0,0,0,0,1,0,0,0,0,0,aleatorio,0
50,2,59,0,0,0,0,1,1,0,0,0,0,aleatorio,0
44,2,3,1,0,0,0,1,1,0,0,0,1,aleatorio,1
24,1,197,0,0,0,0,0,0,1,1,1,1,aleatorio,1
37,2,5,1,0,0,1,0,1,0,0,0,2,aleatorio,2
43,1,5,0,0,0,0,0,1,0,0,0,0,aleatorio,0
56,3,14,1,0,0,0,1,1,1,0,0,1,aleatorio,1
41,5,0,1,1,0,0,0,1,1,2,2,2,aleatorio,2
56,3,48,0,1,1,0,0,0,1,1,1,2,aleatorio,2
43,3,12,1,0,0,0,1,0,1,0,0,1,aleatorio,1
43,1,1,0,0,0,0,1,0,0,0,0,0,aleatorio,0
54,1,15,0,0,0,0,1,0,0,1,1,2,aleatorio,2
69,1,346,0,0,0,0,0,1,0,0,0,1,aleatorio,0
53,3,9,1,0,0,0,1,1,0,0,0,1,aleatorio,1
47,1,55,0,0,0,1,0,0,0,0,0,1,aleatorio,1
52,1,1,0,0,0,0,1,0,0,0,0,2,aleatorio,0
25,1,3,0,0,0,0,0,1,0,0,1,0,aleatorio,0
39,6,11,1,0,1,1,1,1,1,0,0,2,aleatorio,2
29,1,186,0,0,0,0,1,0,0,0,0,0,aleatorio,0
19,3,45,0,0,0,1,1,0,1,3,4,1,aleatorio,1
41,5,3,1,1,1,1,0,0,1,0,0,2,aleatorio,2
43,2,8,1,0,0,0,0,1,1,0,1,1,aleatorio,1
53,0,999,0,0,0,0,0,0,0,1,1,1,aleatorio,1
40,3,1,1,0,0,0,1,0,1,0,0,1,aleatorio,1
52,2,52,0,0,0,0,0,1,1,0,0,0,aleatorio,0
47,3,13,1,0,0,0,1,1,1,0,0,1,aleatorio,1
70,1,9,0,0,0,0,0,0,1,0,2,0,aleatorio,0
51,1,32,0,0,0,0,0,1,0,0,0,0,aleatorio,0
47,1,53,0,0,0,0,1,0,0,0,0,0,aleatorio,0
70,4,5,1,1,0,0,1,1,1,0,0,2,aleatorio,2
23,1,102,0,1,0,0,0,0,0,3,3,2,aleatorio,2
55,4,8,1,0,0,1,1,1,0,0,0,0,aleatorio,2
52,2,175,0,0,0,0,0,1,0,0,0,0,aleatorio,0
65,4,4,1,0,1,0,0,1,1,1,3,2,aleatorio,2
34,1,394,0,0,0,0,1,0,0,0,0,0,aleatorio,0
60,1,44,0,0,0,0,0,1,0,0,0,0,aleatorio,0
52,2,16,1,0,0,0,0,1,1,2,2,1,aleatorio,1
57,1,6,0,0,0,1,0,0,0,0,0,1,aleatorio,1
46,3,3,1,0,0,0,0,1,0,0,0,1,aleatorio,1
69,1,14,0,0,0,0,0,0,1,0,0,0,aleatorio,0
36,5,23,1,0,1,1,0,0,1,2,2,2,aleatorio,2
63,1,298,0,0,1,0,0,0,0,2,3,0,aleatorio,2
70,3,9,1,0,0,0,0,1,0,0,0,1,aleatorio,1
30,3,48,0,0,1,1,1,0,0,0,2,2,aleatorio,2
48,2,57,0,0,1,1,0,0,0,0,0,2,aleatorio,2
49,1,113,0,0,0,0,0,1,0,0,0,0,aleatorio,0
62,2,15,1,0,1,0,1,0,0,0,0,2,aleatorio,2
40,3,51,0,0,0,1,1,0,1,0,0,0,aleatorio,1
60,1,2,0,0,0,0,1,0,0,0,0,0,aleatorio,0
39,6,34,0,0,0,1,1,1,1,0,1,1,aleatorio,1
66,5,0,1,1,0,0,1,1,0,2,2,0,aleatorio,2
19,1,5,0,0,0,0,0,1,0,0,0,0,aleatorio,0
40,3,1,1,0,0,1,0,1,1,0,0,2,aleatorio,2
48,1,322,0,0,0,0,1,0,0,1,1,1,aleatorio,1
63,2,31,0,0,0,0,1,1,0,0,0,0,aleatorio,0
48,3,281,0,0,0,1,0,1,0,0,0,1,aleatorio,1
21,1,1,0,0,0,0,0,0,1,0,0,0,aleatorio,0
55,1,52,0,0,0,0,0,0,1,0,0,2,aleatorio,0
57,1,34,0,0,0,1,0,0,0,0,0,2,aleatorio,1
50,1,17,0,0,0,0,0,0,1,3,3,1,aleatorio,1
37,1,7,0,0,1,0,0,0,0,0,0,2,aleatorio,2
20,2,45,0,0,0,0,1,0,0,0,0,0,aleatorio,0
70,1,42,0,0,0,0,0,0,1,0,1,0,aleatorio,0
39,4,0,1,1,1,1,0,0,1,0,0,2,aleatorio,2
50,5,7,1,0,1,1,1,0,1,1,2,2,aleatorio,2
22,3,38,0,0,0,0,0,1,1,1,1,1,aleatorio,1
24,4,23,1,0,0,1,0,1,1,0,0,2,aleatorio,2
61,4,2,1,0,0,1,0,0,1,0,0,2,aleatorio,2
52,1,42,0,0,0,0,0,0,1,0,0,0,aleatorio,0
32,3,13,1,0,0,0,0,1,0,1,2,2,aleatorio,2
50,3,42,0,0,0,0,1,0,1,1,2,1,aleatorio,1
53,1,69,0,0,0,0,1,0,0,1,1,1,aleatorio,1
53,1,284,0,0,0,0,1,0,0,0,1,0,aleatorio,0
34,2,59,0,0,0,1,1,0,0,0,0,1,aleatorio,1
50,4,0,1,0,0,0,1,0,1,0,0,1,aleatorio,1
52,1,2,0,0,0,1,0,0,0,0,0,1,aleatorio,1
51,0,999,0,0,0,0,0,0,0,3,4,0,aleatorio,1
64,1,20,0,0,0,0,0,1,0,1,1,1,aleatorio,1
34,1,8,0,0,0,0,1,0,0,0,1,0,aleatorio,0
27,2,0,1,0,0,0,1,1,0,0,1,1,aleatorio,1
52,2,31,0,0,0,0,0,1,1,1,1,1,aleatorio,1
35,1,33,0,0,0,0,1,0,0,0,0,0,aleatorio,0
31,1,28,0,0,0,0,0,1,0,1,1,1,aleatorio,1
57,5,12,1,0,1,1,0,1,1,0,0,2,aleatorio,2
65,2,43,0,0,0,0,0,1,1,0,0,0,aleatorio,0
67,1,11,0,0,0,1,0,0,0,0,0,0,aleatorio,1
33,3,31,0,0,0,1,1,1,0,0,0,1,aleatorio,1
67,2,108,0,0,0,0,1,1,0,0,0,0,aleatorio,0
24,4,2,1,1,0,0,0,1,0,0,0,2,aleatorio,2
66,1,94,0,0,0,0,0,1,0,0,0,0,aleatorio,0
68,2,36,0,0,0,1,0,0,0,0,0,1,aleatorio,1
63,1,203,0,0,0,1,0,0,0,0,0,1,aleatorio,1
18,1,380,0,0,0,0,0,1,0,1,1,1,aleatorio,1
41,5,7,1,0,0,0,1,1,1,1,1,2,aleatorio,2
55,1,10,0,0,0,0,0,1,0,0,0,0,aleatorio,0
45,1,57,0,0,0,0,1,0,0,0,0,0,aleatorio,0
28,1,281,0,0,0,0,0,1,0,0,0,0,aleatorio,0
50,3,47,0,0,0,1,0,1,1,0,0,2,aleatorio,1
53,2,6,1,1,0,0,0,1,0,0,0,2,aleatorio,2
47,1,30,0,0,0,1,0,0,0,2,2,1,aleatorio,1
40,1,7,0,0,0,0,0,0,1,0,0,0,aleatorio,0
65,1,26,0,0,0,0,0,1,0,0,0,0,aleatorio,0
37,3,15,1,0,0,1,1,0,0,0,0,2,aleatorio,2
18,0,999,0,0,0,0,0,0,0,1,1,2,aleatorio,1
49,2,19,1,0,0,0,1,1,0,0,0,1,aleatorio,1
69,2,7,1,1,0,0,0,0,1,0,0,2,aleatorio,2
27,0,999,0,0,0,0,0,0,0,3,4,2,aleatorio,1
52,1,142,0,1,0,0,0,0,0,0,0,0,aleatorio,2
48,3,38,0,0,0,1,1,0,0,1,3,1,aleatorio,1
49,1,139,0,0,0,0,0,1,0,1,2,1,aleatorio,1
26,1,51,0,0,0,0,0,0,1,1,1,1,aleatorio,1
19,2,38,0,1,0,0,0,0,0,2,3,2,aleatorio,2
57,4,11,1,1,1,0,1,0,1,0,0,2,aleatorio,2
19,1,38,0,0,0,0,0,0,1,2,2,1,aleatorio,1
53,4,2,1,1,1,0,0,0,1,0,0,2,aleatorio,2
30,2,4,1,1,1,0,0,0,0,1,2,2,aleatorio,2
44,1,0,0,0,0,0,0,1,0,0,0,0,aleatorio,0
30,1,25,0,0,0,0,0,1,0,0,0,0,aleatorio,0
70,1,161,0,0,0,0,1,0,0,1,3,1,aleatorio,1
36,1,53,0,1,0,0,0,0,0,0,0,2,aleatorio,2
52,5,0,1,1,0,1,1,0,0,1,1,2,aleatorio,2
67,2,10,1,0,0,0,0,1,0,0,0,1,aleatorio,1
52,3,3,1,0,1,0,0,1,0,2,3,2,aleatorio,2
27,1,357,0,0,0,0,0,1,0,0,0,0,aleatorio,0
54,1,47,0,0,0,0,1,0,0,1,3,1,aleatorio,1
42,1,155,0,0,0,0,1,0,0,1,1,1,aleatorio,1
22,4,10,1,1,1,0,0,0,1,1,1,2,aleatorio,2
27,2,46,0,0,0,1,1,0,0,0,0,1,aleatorio,1
45,1,49,0,0,0,0,0,1,0,2,2,1,aleatorio,1
69,4,21,1,1,0,1,1,1,0,1,1,2,aleatorio,2
46,1,102,0,0,0,0,0,0,1,0,0,0,aleatorio,0
57,2,220,0,0,0,0,0,1,1,2,2,1,aleatorio,1
59,4,4,1,1,0,1,0,1,1,0,0,2,aleatorio,2
70,5,4,1,1,1,1,1,0,0,1,1,2,aleatorio,2
27,5,9,1,1,1,1,1,0,1,0,1,2,aleatorio,2
59,2,195,0,0,0,0,1,0,1,0,0,0,aleatorio,0
28,1,46,0,0,0,1,0,0,0,0,0,1,aleatorio,1
36,2,1,1,0,0,1,1,0,0,2,2,2,aleatorio,2
69,2,11,1,0,1,0,0,0,1,0,0,2,aleatorio,2
63,4,36,0,1,1,0,0,0,0,2,2,2,aleatorio,2
46,1,24,0,0,0,0,1,0,0,0,0,0,aleatorio,0
36,2,0,1,0,1,1,0,0,0,1,1,2,aleatorio,2
42,5,9,1,0,1,1,1,1,0,0,0,2,aleatorio,2
25,1,13,0,0,0,1,0,0,0,0,0,1,aleatorio,1
63,4,1,1,0,1,1,1,0,1,0,0,2,aleatorio,2
55,2,13,1,0,0,0,1,1,0,0,0,1,aleatorio,1
49,1,15,0,0,0,0,1,0,0,0,0,0,aleatorio,0
34,1,136,0,0,0,1,0,0,0,0,0,1,aleatorio,1
59,2,28,1,0,0,0,1,0,1,0,0,1,aleatorio,1
65,1,289,0,0,0,1,0,0,0,0,2,1,aleatorio,1
41,1,22,0,0,0,0,0,1,0,0,0,0,aleatorio,0
27,1,38,0,0,0,0,1,0,0,0,0,0,aleatorio,0
52,4,0,1,0,0,1,0,1,1,0,0,2,aleatorio,2
55,5,0,1,1,1,1,0,1,0,0,0,2,aleatorio,2
47,2,7,1,1,0,0,1,0,0,0,0,2,aleatorio,2
31,2,29,1,1,0,0,0,0,0,1,2,2,aleatorio,2
65,6,3,1,0,1,1,1,1,0,0,0,2,aleatorio,2
34,5,2,1,0,0,0,0,1,1,0,0,1,aleatorio,1
67,1,215,0,0,1,0,0,0,0,0,0,2,aleatorio,2
45,2,34,0,0,0,0,1,1,0,1,1,1,aleatorio,1
35,2,47,0,0,0,1,0,0,1,1,1,1,aleatorio,1
60,1,78,0,0,0,0,1,0,0,1,1,1,aleatorio,1
40,2,269,0,0,0,1,0,0,0,0,1,1,aleatorio,1
60,3,11,1,0,0,0,1,0,1,0,0,1,aleatorio,1
26,6,8,1,1,0,1,1,1,0,0,0,2,aleatorio,2
48,1,165,0,0,0,1,0,0,0,0,1,1,aleatorio,1
36,1,21,0,0,0,0,0,0,1,0,0,0,aleatorio,0
60,1,42,0,0,0,0,0,0,1,1,1,1,aleatorio,1
34,1,60,0,0,0,1,0,0,0,0,0,1,aleatorio,1
33,0,999,0,0,0,0,0,0,0,4,4,1,aleatorio,1
27,1,150,0,0,0,0,0,0,1,0,0,0,aleatorio,0
20,5,13,1,1,1,0,1,0,0,0,0,2,aleatorio,2
27,5,3,1,1,0,1,0,1,0,1,3,2,aleatorio,2
46,1,22,0,0,0,1,0,0,0,0,0,1,aleatorio,1
40,1,20,0,0,0,1,0,0,0,1,2,0,aleatorio,1
46,3,2,1,1,0,1,1,0,0,0,0,2,aleatorio,2
50,1,44,0,0,0,0,0,1,0,1,1,1,aleatorio,1
48,6,4,1,1,1,1,1,0,0,0,0,2,aleatorio,2
37,1,20,0,0,0,0,0,0,1,0,0,0,aleatorio,0
24,1,123,0,0,0,0,0,1,0,0,0,0,aleatorio,0
21,2,2,1,1,0,1,0,0,0,3,3,2,aleatorio,2
37,3,0,1,1,1,0,0,1,0,0,0,2,aleatorio,2
22,2,11,1,0,0,0,0,1,1,0,1,1,aleatorio,1
57,2,33,0,0,1,0,1,0,0,2,3,2,aleatorio,2
44,1,33,0,0,0,0,0,0,1,0,0,0,aleatorio,0
42,5,37,0,1,0,1,0,0,1,0,0,2,aleatorio,2
45,4,4,1,0,1,1,1,1,0,2,2,2,aleatorio,2
64,2,4,1,0,1,0,0,1,0,0,0,2,aleatorio,2
31,1,142,0,0,0,0,0,0,1,0,0,0,aleatorio,0
62,1,46,0,0,0,0,1,0,0,0,2,0,aleatorio,0
19,3,11,1,0,0,0,1,1,0,0,0,1,aleatorio,1
25,3,45,0,0,0,0,1,0,1,0,0,0,aleatorio,0
45,1,68,0,0,0,0,0,1,0,0,0,0,aleatorio,0
32,1,279,0,1,0,0,0,0,0,0,0,2,aleatorio,2
47,4,3,1,0,1,0,0,0,1,1,1,2,aleatorio,2
33,3,5,1,0,0,0,0,1,1,0,1,1,aleatorio,1
23,1,269,0,0,0,0,1,0,0,0,0,1,aleatorio,0
28,3,105,0,0,0,1,1,0,1,0,0,1,aleatorio,1
61,4,17,1,0,0,0,1,1,0,1,1,1,aleatorio,1
23,1,297,0,1,0,0,0,0,0,0,0,0,aleatorio,2
57,1,182,0,0,0,0,0,0,1,0,0,0,aleatorio,0
58,3,1,1,0,0,1,1,0,1,1,1,2,aleatorio,2
41,4,14,1,1,0,1,0,1,0,4,4,2,aleatorio,2
38,1,25,0,0,0,0,0,1,0,0,0,0,aleatorio,0
55,1,40,0,0,0,0,0,1,0,1,2,1,aleatorio,1
49,1,283,0,0,0,1,0,0,0,0,0,1,aleatorio,1
32,3,55,0,0,0,0,1,1,1,3,3,1,aleatorio,1
68,1,26,0,0,0,0,1,0,0,0,0,0,aleatorio,0
40,5,9,1,1,0,0,1,1,1,0,0,2,aleatorio,2
48,1,262,0,0,0,0,0,1,0,0,0,0,aleatorio,0
33,6,0,1,1,0,0,1,1,0,0,0,2,aleatorio,2
54,6,7,1,0,0,0,1,1,1,0,0,1,aleatorio,1
55,1,173,0,0,0,0,0,1,0,0,0,0,aleatorio,0
48,1,34,0,0,0,0,0,0,1,1,1,1,aleatorio,1
48,4,41,0,0,0,0,1,1,1,0,1,1,aleatorio,0
29,2,130,0,0,0,0,1,0,1,2,3,1,aleatorio,1
30,1,8,0,0,1,0,0,0,0,0,0,2,aleatorio,2
56,3,35,0,0,0,0,1,1,1,0,0,0,aleatorio,0
29,5,12,1,1,0,1,0,1,0,0,0,2,aleatorio,2
64,2,147,0,0,0,0,1,0,0,1,1,1,aleatorio,1
70,3,15,1,0,0,0,1,0,1,0,0,1,aleatorio,1
26,2,1,1,0,0,1,0,0,1,0,0,2,aleatorio,2
47,3,23,1,0,0,0,0,1,1,0,0,1,aleatorio,1
31,1,52,0,0,0,0,1,0,0,0,0,0,aleatorio,0
18,5,1,1,1,1,1,0,0,1,0,0,2,aleatorio,2
65,1,93,0,0,0,0,0,0,1,0,0,0,aleatorio,0
31,3,3,1,0,0,0,1,1,0,0,0,1,aleatorio,1
70,4,38,0,0,0,0,1,1,0,0,2,0,aleatorio,0
63,2,194,0,0,0,1,0,0,0,0,0,1,aleatorio,1
23,1,44,0,0,0,0,0,1,0,0,0,0,aleatorio,0
31,1,32,0,0,0,0,0,1,0,0,0,0,aleatorio,0
45,4,30,1,0,1,1,1,0,1,0,0,1,aleatorio,2
61,2,33,0,0,0,1,0,1,0,0,0,1,aleatorio,1
22,2,1,1,0,0,1,0,1,0,0,0,2,aleatorio,2
19,1,135,0,0,0,0,1,0,0,1,1,1,aleatorio,1
27,0,999,0,0,0,0,0,0,0,4,4,1,aleatorio,1
51,1,47,0,0,0,0,1,0,0,3,3,1,aleatorio,1
19,4,40,0,0,1,1,1,1,0,0,0,2,aleatorio,2
50,1,14,0,0,0,0,1,0,0,1,1,2,aleatorio,2
64,1,60,0,0,0,1,0,0,0,0,0,1,aleatorio,1
54,1,184,0,0,0,1,0,0,0,1,1,1,aleatorio,1
32,1,372,0,0,0,0,1,0,0,0,0,0,aleatorio,0
70,2,21,1,0,0,0,1,1,0,0,0,1,aleatorio,1
44,1,4,0,1,0,0,0,0,0,2,3,2,aleatorio,2
68,2,200,0,0,0,0,0,1,0,0,1,0,aleatorio,0
60,4,2,1,0,0,0,1,1,1,0,0,1,aleatorio,1
37,2,12,1,0,0,0,0,0,1,0,0,1,aleatorio,1
20,1,51,0,0,0,0,0,0,1,0,0,0,aleatorio,0
37,1,5,0,0,0,1,0,0,0,1,1,2,aleatorio,2
28,2,11,1,0,0,0,0,1,0,0,1,1,aleatorio,1
60,3,4,1,0,0,0,0,1,1,0,1,1,aleatorio,1
60,3,20,1,0,1,0,1,0,0,0,0,2,aleatorio,2
39,1,166,0,0,0,1,0,0,0,0,0,1,aleatorio,1
54,1,133,0,0,0,0,0,1,0,0,0,0,aleatorio,0
67,1,5,0,0,0,0,1,0,0,0,0,0,aleatorio,0
35,1,49,0,0,0,0,1,0,0,1,2,1,aleatorio,1
67,3,27,1,0,0,0,1,1,1,0,0,1,aleatorio,1
33,1,66,0,0,0,0,1,0,0,0,0,0,aleatorio,0
37,1,204,0,0,0,0,0,1,0,4,4,0,aleatorio,1
48,3,7,1,0,1,1,0,1,0,1,3,1,aleatorio,2
28,1,34,0,0,0,0,1,0,0,0,0,1,aleatorio,0
34,1,44,0,0,0,0,0,1,0,1,1,1,aleatorio,1
42,1,22,0,0,0,0,1,0,0,0,0,0,aleatorio,0
67,2,33,0,1,1,0,0,0,0,0,0,2,aleatorio,2
30,1,163,0,0,0,0,0,1,0,0,0,0,aleatorio,0
45,3,1,1,0,0,0,1,1,1,0,0,1,aleatorio,1
67,6,10,1,1,1,1,1,0,1,2,2,2,aleatorio,2
36,4,31,0,0,0,0,1,0,1,0,0,0,aleatorio,0
19,4,5,1,0,0,0,1,1,0,0,0,1,aleatorio,1
63,1,33,0,0,0,0,1,0,0,0,1,0,aleatorio,0
57,2,19,1,0,0,0,1,1,0,0,0,1,aleatorio,1
43,2,28,1,0,0,0,0,1,1,0,0,0,aleatorio,1
46,4,9,1,1,0,1,1,1,0,0,0,2,aleatorio,2
52,6,4,1,1,0,1,0,1,1,0,0,2,aleatorio,2
67,4,1,1,1,0,1,1,0,0,1,1,2,aleatorio,2
50,4,0,1,1,1,0,0,0,0,3,4,1,aleatorio,2
49,3,39,0,1,1,0,0,1,0,0,0,0,aleatorio,2
60,2,45,0,0,0,1,0,1,0,0,0,1,aleatorio,1
38,1,238,0,0,0,0,1,0,0,0,2,0,aleatorio,0
23,2,60,0,0,0,1,0,0,1,1,2,1,aleatorio,1
20,2,39,0,0,0,1,1,0,0,1,1,1,aleatorio,1
55,3,3,1,1,1,0,1,0,0,0,0,2,aleatorio,2
30,1,180,0,0,0,0,0,0,1,0,0,0,aleatorio,0
50,1,8,0,0,0,0,1,0,0,0,0,0,aleatorio,0
68,3,9,1,1,0,1,0,0,0,0,0,2,aleatorio,2
66,4,20,1,1,1,0,1,0,1,0,0,2,aleatorio,2
30,4,2,1,0,0,0,1,1,1,1,1,2,aleatorio,2
52,1,12,0,0,1,0,0,0,0,1,1,1,aleatorio,2
36,1,31,0,0,0,0,0,1,0,0,0,0,aleatorio,0
37,4,2,1,0,0,0,1,1,0,0,0,1,aleatorio,1
69,6,11,1,0,1,0,1,1,1,1,2,2,aleatorio,2
34,1,194,0,0,0,0,0,0,1,0,0,0,aleatorio,0
68,1,81,0,0,0,0,0,1,0,0,0,0,aleatorio,0
57,1,176,0,1,0,0,0,0,0,1,3,2,aleatorio,2
36,2,25,1,0,0,0,1,1,0,0,0,1,aleatorio,1
29,2,1,1,0,0,0,0,0,1,0,0,1,aleatorio,1
56,1,1,0,0,0,0,0,0,1,0,1,0,aleatorio,0
50,3,6,1,0,1,1,0,1,0,0,0,2,aleatorio,2
66,3,46,0,0,0,1,0,1,0,1,1,1,aleatorio,1
58,2,8,1,0,1,1,0,0,0,0,0,2,aleatorio,2
34,1,356,0,0,0,0,0,0,1,2,4,1,aleatorio,1
35,2,4,1,0,0,1,1,0,0,0,0,2,aleatorio,2
35,3,47,0,0,0,1,0,1,0,3,3,0,aleatorio,1
51,2,0,1,0,0,1,1,0,0,0,0,1,aleatorio,2
67,1,6,0,0,0,0,1,0,0,2,2,2,aleatorio,2
36,2,35,0,0,0,0,1,0,0,0,0,0,aleatorio,0
29,1,309,0,0,0,0,0,1,0,1,1,1,aleatorio,1
50,1,256,0,0,0,1,0,0,0,0,0,1,aleatorio,1
60,1,14,0,0,0,0,0,1,0,0,0,0,aleatorio,0
21,5,0,1,0,1,0,1,1,1,0,0,2,aleatorio,2
20,1,16,0,0,0,0,0,1,0,0,0,0,aleatorio,0
56,1,42,0,0,0,0,0,1,0,1,2,1,aleatorio,1
46,3,9,1,0,0,0,1,1,1,0,0,2,aleatorio,1
45,2,60,0,0,0,1,0,1,0,0,0,1,aleatorio,1
18,4,7,1,0,0,0,1,1,0,1,1,2,aleatorio,2
70,6,13,1,1,0,0,1,1,1,0,0,2,aleatorio,2
45,1,47,0,0,0,0,0,1,0,0,0,0,aleatorio,0
40,1,280,0,0,0,0,0,1,0,0,0,0,aleatorio,0
34,2,38,0,0,0,0,1,1,0,0,0,0,aleatorio,0
55,2,3,1,0,0,1,0,1,0,0,0,2,aleatorio,2
57,3,82,0,0,0,1,1,1,0,0,0,1,aleatorio,1
52,4,14,1,0,0,1,1,1,0,0,0,2,aleatorio,2
27,1,284,0,0,0,1,0,0,0,0,0,1,aleatorio,1
35,1,60,0,0,0,0,0,1,0,0,0,0,aleatorio,0
48,3,12,1,0,1,0,0,1,0,0,0,1,aleatorio,2
20,1,45,0,0,0,0,0,0,1,2,4,1,aleatorio,1
67,1,87,0,0,0,0,1,0,0,0,0,0,aleatorio,0
63,2,18,1,0,0,0,1,0,0,2,4,1,aleatorio,1
68,2,15,1,1,0,0,0,1,0,0,0,2,aleatorio,2
62,2,7,1,1,0,0,0,1,0,1,1,0,aleatorio,2
50,2,121,0,0,0,0,0,1,0,0,0,0,aleatorio,0
67,1,374,0,0,0,0,0,1,0,0,0,0,aleatorio,0
61,1,48,0,0,0,0,0,1,0,0,1,0,aleatorio,0
38,4,8,1,0,0,0,1,1,0,2,2,2,aleatorio,2
52,3,5,1,1,0,0,0,0,1,0,0,0,aleatorio,2
37,1,63,0,1,0,0,0,0,0,0,0,2,aleatorio,2
60,1,138,0,0,0,0,0,0,1,0,1,0,aleatorio,0
62,1,11,0,0,0,1,0,0,0,1,1,2,aleatorio,2
68,1,20,0,0,0,1,0,0,0,3,4,1,aleatorio,1
34,1,39,0,0,0,0,1,0,0,1,1,1,aleatorio,1
45,1,134,0,0,0,0,1,0,0,0,0,0,aleatorio,0
22,1,25,0,0,0,1,0,0,0,0,0,1,aleatorio,1
59,1,48,0,0,0,0,1,0,0,0,1,0,aleatorio,0
48,1,1,0,0,0,1,0,0,0,0,1,1,aleatorio,1
65,1,28,0,0,0,0,0,0,1,0,0,0,aleatorio,0
28,3,19,1,0,0,0,1,1,0,0,0,2,aleatorio,1
41,3,10,1,0,0,0,1,1,1,0,1,1,aleatorio,1
70,3,186,0,0,0,0,0,1,1,0,0,0,aleatorio,0
23,2,55,0,0,0,0,0,1,0,0,0,2,aleatorio,0
43,1,365,0,0,0,0,0,1,0,0,0,0,aleatorio,0
48,2,73,0,0,0,1,0,0,1,0,0,1,aleatorio,1
28,1,3,0,0,0,0,0,0,1,0,0,2,aleatorio,0
61,2,49,0,0,0,1,1,0,0,1,1,1,aleatorio,1
29,1,218,0,0,0,1,0,0,0,2,2,1,aleatorio,1
49,1,39,0,0,0,0,1,0,0,0,0,2,aleatorio,0
64,1,9,0,0,0,0,0,0,1,0,0,0,aleatorio,0
61,2,201,0,0,0,1,0,0,1,0,0,2,aleatorio,1
61,2,56,0,0,1,1,0,0,0,0,0,2,aleatorio,2
40,1,1,0,0,0,0,0,0,1,0,0,0,aleatorio,0
62,2,16,1,0,0,0,0,1,1,0,0,1,aleatorio,1
49,1,121,0,1,0,0,0,0,0,0,0,2,aleatorio,2
18,1,88,0,0,0,0,1,0,0,0,0,0,aleatorio,0
49,1,55,0,0,0,0,0,0,1,1,1,1,aleatorio,1
51,2,110,0,0,0,1,0,0,1,0,0,1,aleatorio,1
41,1,40,0,0,0,1,0,0,0,1,1,1,aleatorio,1
28,2,47,0,0,0,0,0,1,0,0,0,0,aleatorio,0
26,2,57,0,0,0,0,0,0,1,0,0,0,aleatorio,0
55,1,89,0,0,1,0,0,0,0,1,1,2,aleatorio,2
32,1,58,0,0,0,0,0,0,1,0,0,0,aleatorio,0
24,3,5,1,1,1,1,0,0,0,0,0,2,aleatorio,2
65,3,206,0,0,0,1,1,0,1,0,0,1,aleatorio,1
44,4,7,1,1,0,0,1,1,1,2,2,2,aleatorio,2
23,3,21,1,0,0,0,1,1,1,0,0,1,aleatorio,1
24,3,3,1,0,0,0,1,0,0,1,2,2,aleatorio,2
38,2,22,1,1,0,0,0,1,0,1,2,2,aleatorio,2
20,2,9,1,0,0,0,0,1,1,0,0,1,aleatorio,1
34,2,12,1,1,0,0,1,0,0,2,3,1,aleatorio,2
44,3,51,0,0,0,0,1,1,0,0,0,0,aleatorio,0
43,1,67,0,0,0,0,0,1,0,1,1,1,aleatorio,1
62,1,292,0,0,0,0,0,0,1,0,0,0,aleatorio,0
30,1,32,0,0,0,0,1,0,0,0,0,0,aleatorio,0
58,1,8,0,1,0,0,0,0,0,3,4,2,aleatorio,2
49,1,26,0,1,0,0,0,0,0,0,1,2,aleatorio,2
43,1,147,0,0,0,0,0,1,0,0,0,0,aleatorio,0
29,1,362,0,0,0,1,0,0,0,0,0,2,aleatorio,1
28,1,12,0,0,0,0,0,1,0,0,0,1,aleatorio,0
55,1,14,0,0,0,0,0,0,1,0,0,0,aleatorio,0
24,5,7,1,1,0,1,1,0,1,0,0,2,aleatorio,2
69,3,41,0,0,0,1,1,1,0,0,0,1,aleatorio,1
67,5,3,1,0,0,1,1,1,1,0,0,2,aleatorio,2
19,3,5,1,0,0,0,1,0,1,0,0,1,aleatorio,1
62,2,38,0,0,0,0,0,1,1,0,0,0,aleatorio,0
37,3,52,0,0,1,0,0,1,0,0,0,2,aleatorio,2
47,1,220,0,0,0,0,1,0,0,0,0,0,aleatorio,0
40,2,9,1,0,0,0,1,0,0,0,0,1,aleatorio,1
68,1,36,0,0,0,0,0,0,1,0,0,0,aleatorio,0
43,1,353,0,0,1,0,0,0,0,1,1,0,aleatorio,2
68,2,29,1,0,1,0,0,1,0,0,0,0,aleatorio,2
48,2,45,0,0,0,0,0,1,0,0,0,0,aleatorio,0
46,3,53,0,0,0,0,1,1,0,0,0,0,aleatorio,0
55,1,53,0,1,0,0,0,0,0,0,0,2,aleatorio,2
61,6,14,1,0,1,0,1,1,0,2,2,2,aleatorio,2
35,1,13,0,0,1,0,0,0,0,0,0,2,aleatorio,2
33,1,28,0,0,0,0,0,1,0,0,0,0,aleatorio,0
22,4,8,1,0,0,0,1,0,0,0,0,1,aleatorio,1
45,2,14,1,0,0,0,1,0,0,0,0,1,aleatorio,1
46,1,1,0,0,0,0,0,1,0,0,0,0,aleatorio,0
39,5,10,1,0,0,1,1,0,1,0,0,2,aleatorio,2
70,1,7,0,0,0,0,1,0,0,0,0,0,aleatorio,0
44,3,43,0,0,0,0,1,1,0,0,1,0,aleatorio,0
63,4,8,1,1,0,0,1,0,0,0,0,0,aleatorio,2
47,2,5,1,1,0,0,0,1,0,0,0,2,aleatorio,2
69,4,2,1,1,0,0,1,1,0,0,0,2,aleatorio,2
40,1,344,0,0,0,0,1,0,0,1,1,1,aleatorio,1
22,1,57,0,0,0,0,0,1,0,0,0,0,aleatorio,0
33,2,0,1,1,0,0,1,0,0,0,0,2,aleatorio,2
18,1,11,0,0,0,0,0,1,0,0,0,0,aleatorio,0
50,2,143,0,0,0,0,0,1,1,0,0,0,aleatorio,0
54,2,20,1,1,1,0,0,0,0,1,1,1,aleatorio,2
47,5,6,1,1,0,1,1,0,1,1,1,2,aleatorio,2
47,2,245,0,0,1,0,0,0,1,1,1,2,aleatorio,2
54,5,10,1,0,0,0,1,1,1,0,0,1,aleatorio,1
51,1,59,0,0,0,0,0,1,0,0,0,0,aleatorio,0
28,1,242,0,0,0,0,1,0,0,0,0,0,aleatorio,0
25,3,9,1,0,1,0,1,0,0,0,0,2,aleatorio,2
65,1,29,0,0,0,0,0,0,1,0,0,0,aleatorio,0
35,1,274,0,0,0,0,1,0,0,0,0,0,aleatorio,0
24,2,10,1,0,0,1,0,1,0,0,0,2,aleatorio,2
30,3,6,1,0,1,1,0,0,0,3,3,2,aleatorio,2
63,3,3,1,1,1,0,1,0,0,0,0,2,aleatorio,2
55,2,105,0,0,0,0,0,1,0,0,0,0,aleatorio,0
44,1,83,0,0,0,0,0,0,1,0,0,0,aleatorio,0
51,2,6,1,0,1,0,0,0,1,0,0,2,aleatorio,2
49,1,49,0,0,0,1,0,0,0,0,0,1,aleatorio,1
58,1,9,0,0,0,0,0,1,0,0,0,0,aleatorio,0
47,5,3,1,0,0,1,1,1,0,0,0,2,aleatorio,2
68,3,0,1,0,0,1,0,1,0,1,1,2,aleatorio,2
59,2,34,0,0,0,0,1,1,0,0,0,0,aleatorio,0
29,1,263,0,0,0,0,0,1,0,0,0,0,aleatorio,0
26,1,190,0,0,0,0,1,0,0,0,0,0,aleatorio,0
46,3,27,1,0,1,0,1,0,0,1,1,2,aleatorio,2
58,1,241,0,0,0,1,0,0,0,0,0,1,aleatorio,1
52,2,50,0,0,0,0,0,1,0,0,0,0,aleatorio,0
35,6,4,1,0,1,0,1,1,0,0,0,2,aleatorio,2
23,5,10,1,1,0,0,1,0,1,1,3,2,aleatorio,2
28,1,83,0,0,0,0,1,0,0,0,0,0,aleatorio,0
63,6,4,1,0,0,1,1,1,1,3,4,2,aleatorio,2
50,1,37,0,0,0,1,0,0,0,2,2,1,aleatorio,1
42,1,3,0,0,0,0,0,1,0,0,0,0,aleatorio,0
48,5,1,1,1,0,1,1,0,0,0,0,2,aleatorio,2
54,5,0,1,1,0,1,1,1,0,0,0,2,aleatorio,2
63,1,15,0,0,0,0,1,0,0,0,0,0,aleatorio,0
61,3,21,1,0,0,0,1,1,0,2,2,1,aleatorio,1
18,1,9,0,0,0,0,0,1,0,0,0,0,aleatorio,0
53,2,119,0,1,1,0,0,0,0,0,0,2,aleatorio,2
66,2,3,1,0,0,1,0,0,0,1,1,2,aleatorio,2
26,5,2,1,1,0,1,0,0,1,2,2,2,aleatorio,2
22,4,13,1,0,0,1,0,1,1,0,1,2,aleatorio,2
32,1,38,0,0,1,0,0,0,0,0,0,2,aleatorio,2
47,2,16,1,0,0,0,1,1,0,0,0,1,aleatorio,1
39,1,18,0,0,0,0,0,0,1,0,0,0,aleatorio,0
31,1,28,0,0,0,0,1,0,0,0,1,0,aleatorio,0
50,1,34,0,0,0,1,0,0,0,0,0,1,aleatorio,1
20,1,0,0,0,0,0,1,0,0,0,3,0,aleatorio,0
32,5,1,1,1,0,0,1,0,0,1,3,2,aleatorio,2
37,3,3,1,1,0,1,1,0,0,1,1,2,aleatorio,2
44,1,42,0,0,0,0,0,1,0,2,2,1,aleatorio,1
47,1,38,0,0,0,0,0,1,0,0,0,0,aleatorio,0
23,1,381,0,0,1,0,0,0,0,0,0,2,aleatorio,2
45,1,289,0,0,0,0,0,0,1,0,0,0,aleatorio,0
54,1,95,0,0,1,0,0,0,0,0,0,2,aleatorio,2
59,5,3,1,0,0,0,1,1,1,0,1,1,aleatorio,1
37,4,33,0,1,0,0,1,0,1,0,0,2,aleatorio,2
35,1,207,0,0,0,0,1,0,0,0,0,0,aleatorio,0
67,2,35,0,0,0,0,1,0,1,0,0,0,aleatorio,0
37,4,15,1,0,1,1,0,1,0,0,0,2,aleatorio,2
62,1,40,0,0,0,0,0,0,1,2,3,1,aleatorio,1
40,2,6,1,0,0,0,0,0,1,2,2,2,aleatorio,2
43,2,65,0,0,0,0,1,0,1,0,1,0,aleatorio,0
53,1,334,0,0,0,0,1,0,0,0,0,0,aleatorio,0
34,4,1,1,0,0,0,0,1,1,0,0,0,aleatorio,1
21,2,22,1,0,0,0,1,1,0,0,0,2,aleatorio,1
48,1,263,0,0,0,0,1,0,0,0,0,0,aleatorio,0
18,1,4,0,0,0,0,0,1,0,0,1,0,aleatorio,0
69,5,56,0,0,0,1,1,1,1,0,0,1,aleatorio,1
18,1,147,0,0,0,0,1,0,0,0,0,0,aleatorio,0
24,1,35,0,0,0,0,0,0,1,0,0,0,aleatorio,0
70,5,7,1,1,1,0,1,0,1,1,1,2,aleatorio,2
62,3,8,1,1,0,0,0,1,1,1,1,2,aleatorio,2
48,3,0,1,0,0,0,1,1,1,0,0,2,aleatorio,1
43,1,388,0,0,0,0,0,1,0,0,0,0,aleatorio,0
46,1,52,0,0,0,0,0,1,0,0,0,0,aleatorio,0
45,2,193,0,0,0,0,1,1,0,1,2,1,aleatorio,1
38,1,7,0,0,0,0,0,1,0,0,0,0,aleatorio,0
41,2,24,1,0,0,0,1,0,1,0,0,1,aleatorio,1
59,2,161,0,0,1,0,0,0,1,1,1,2,aleatorio,2
37,2,3,1,0,0,0,1,1,0,0,0,1,aleatorio,1
56,3,38,0,0,0,1,1,1,0,1,1,1,aleatorio,1
29,3,2,1,0,0,0,0,0,1,0,1,1,aleatorio,1
27,1,32,0,0,0,0,0,1,0,0,0,0,aleatorio,0
45,1,297,0,0,0,0,1,0,0,0,0,0,aleatorio,0
31,6,1,1,0,0,0,1,1,1,0,1,1,aleatorio,1
21,5,5,1,0,0,1,1,1,1,0,0,1,aleatorio,2
33,1,398,0,0,0,1,0,0,0,0,0,1,aleatorio,1
31,3,15,1,0,0,0,1,0,1,0,0,1,aleatorio,1
68,6,3,1,0,0,1,0,1,1,0,0,2,aleatorio,2
34,2,42,0,0,0,0,0,1,0,3,3,1,aleatorio,1
69,4,4,1,0,0,1,0,0,1,0,0,2,aleatorio,2
25,2,35,0,0,0,1,0,1,0,0,0,1,aleatorio,1
48,2,60,0,0,0,1,0,1,0,1,4,1,aleatorio,1
57,3,10,1,0,0,1,0,0,1,0,0,2,aleatorio,2
61,1,82,0,0,0,0,0,1,0,0,0,0,aleatorio,0
56,3,10,1,0,1,0,0,0,1,1,1,2,aleatorio,2
21,4,2,1,0,0,1,1,1,0,0,0,0,aleatorio,2
21,2,4,1,0,0,1,0,0,0,1,1,2,aleatorio,2
38,1,44,0,0,0,0,0,1,0,0,0,0,aleatorio,0
64,2,0,1,0,0,0,1,0,1,0,0,2,aleatorio,1
52,4,3,1,0,0,1,0,1,1,0,0,2,aleatorio,2
37,1,23,0,0,1,0,0,0,0,0,0,2,aleatorio,2
35,1,41,0,0,0,0,1,0,0,2,3,1,aleatorio,1
43,1,41,0,0,0,0,0,1,0,0,0,0,aleatorio,0
54,1,3,0,0,0,1,0,0,0,0,0,1,aleatorio,1
35,1,217,0,0,0,0,1,0,0,3,4,1,aleatorio,1
59,1,275,0,0,0,0,0,0,1,1,1,1,aleatorio,1
53,3,6,1,0,0,0,1,1,0,0,0,1,aleatorio,1
50,1,5,0,0,0,0,0,1,0,0,0,0,aleatorio,0
69,2,2,1,0,0,0,1,1,0,0,0,1,aleatorio,1
46,1,372,0,0,0,0,1,0,0,0,0,0,aleatorio,0
63,4,55,0,0,0,0,1,1,1,0,0,0,aleatorio,0
62,1,6,0,0,0,0,0,0,1,0,0,0,aleatorio,0
35,2,7,1,0,0,0,1,1,0,0,0,1,aleatorio,1
56,3,36,0,0,0,0,0,1,1,1,1,1,aleatorio,1
53,2,4,1,0,0,0,1,0,0,0,0,1,aleatorio,1
52,1,154,0,0,0,0,0,1,0,0,0,0,aleatorio,0
44,1,139,0,0,0,0,1,0,0,1,1,1,aleatorio,1
37,3,5,1,0,0,0,1,0,1,0,0,0,aleatorio,1
20,2,132,0,1,0,0,1,0,0,1,1,2,aleatorio,2
50,2,5,1,0,1,1,0,0,0,0,0,2,aleatorio,2
70,1,5,0,0,0,0,0,0,1,0,0,0,aleatorio,0
55,3,11,1,0,0,1,0,1,0,0,0,2,aleatorio,2
46,1,95,0,0,0,1,0,0,0,0,0,1,aleatorio,1
68,4,4,1,0,0,0,1,1,0,1,1,2,aleatorio,2
22,2,263,0,0,0,0,0,1,0,0,0,1,aleatorio,0
40,1,32,0,0,0,0,0,0,1,0,0,0,aleatorio,0
53,2,2,1,0,0,0,1,0,1,3,4,2,aleatorio,2
32,1,63,0,0,0,0,1,0,0,1,1,1,aleatorio,1
25,1,4,0,0,0,0,0,1,0,0,0,0,aleatorio,0
42,2,3,1,0,0,0,0,1,1,0,0,2,aleatorio,1
52,5,3,1,1,0,1,1,0,1,0,1,2,aleatorio,2
66,2,23,1,0,0,1,0,0,1,0,0,1,aleatorio,2
28,2,49,0,0,0,0,0,1,1,0,0,0,aleatorio,0
39,1,259,0,0,0,0,1,0,0,0,1,0,aleatorio,0
70,2,4,1,0,0,0,0,1,1,0,1,1,aleatorio,1
65,1,131,0,0,0,0,0,1,0,0,0,0,aleatorio,0
33,1,104,0,0,0,1,0,0,0,0,0,1,aleatorio,1
60,1,385,0,0,0,0,0,0,1,0,0,0,aleatorio,0
67,1,6,0,0,0,0,0,0,1,0,0,0,aleatorio,0
33,6,2,1,1,1,0,0,0,1,0,0,2,aleatorio,2
22,1,4,0,0,0,0,0,0,1,0,0,0,aleatorio,0
24,2,23,1,0,1,0,0,1,0,0,1,2,aleatorio,2
28,1,3,0,0,0,0,0,1,0,0,0,0,aleatorio,0
18,2,49,0,0,0,0,1,0,0,0,0,0,aleatorio,0
28,1,118,0,0,1,0,0,0,0,4,4,2,aleatorio,2
61,1,344,0,0,0,1,0,0,0,0,0,1,aleatorio,1
35,3,27,1,1,0,0,1,0,1,0,0,2,aleatorio,2
65,1,36,0,0,0,0,0,0,1,0,0,1,aleatorio,0
45,2,13,1,0,0,0,0,0,1,0,0,1,aleatorio,1
37,1,30,0,0,0,0,1,0,0,1,1,1,aleatorio,1
29,1,292,0,0,0,0,0,1,0,0,0,0,aleatorio,0
26,4,33,0,0,0,1,1,1,0,0,0,1,aleatorio,1
58,3,7,1,0,0,0,1,1,0,0,0,1,aleatorio,1
20,3,26,1,0,1,0,1,0,1,0,0,2,aleatorio,2
34,1,56,0,0,0,0,0,1,0,0,0,0,aleatorio,0
37,1,42,0,0,0,0,1,0,0,2,3,1,aleatorio,1
19,1,9,0,1,0,0,0,0,0,0,0,2,aleatorio,2
55,2,18,1,0,0,0,1,0,1,0,1,1,aleatorio,1
27,1,379,0,0,0,0,0,0,1,0,0,1,aleatorio,0
39,2,42,0,0,0,0,0,1,1,0,0,0,aleatorio,0
62,1,143,0,0,0,0,0,0,1,0,0,0,aleatorio,0
63,2,7,1,0,0,0,0,1,1,0,0,1,aleatorio,1
20,1,11,0,0,0,0,0,1,0,0,0,0,aleatorio,0
33,2,51,0,0,0,1,0,0,1,0,0,1,aleatorio,1
38,1,29,0,0,0,0,0,0,1,1,1,0,aleatorio,1
52,1,16,0,0,0,0,0,0,1,0,0,0,aleatorio,0
44,1,17,0,0,1,0,0,0,0,0,0,2,aleatorio,2
40,1,23,0,0,0,0,0,1,0,0,0,0,aleatorio,0
63,1,32,0,0,0,0,0,1,0,0,0,0,aleatorio,0
57,1,157,0,0,0,0,0,1,0,0,0,0,aleatorio,0
70,2,39,0,0,0,1,0,1,0,0,0,1,aleatorio,1
68,2,31,0,0,0,1,0,1,0,1,1,1,aleatorio,1
48,1,242,0,0,0,0,1,0,0,0,0,0,aleatorio,0
55,1,32,0,0,0,1,0,0,0,0,0,1,aleatorio,1
53,1,58,0,0,0,0,1,0,0,0,2,0,aleatorio,0
56,2,113,0,1,0,0,0,1,0,0,0,2,aleatorio,2
45,3,31,0,0,0,0,1,0,1,3,4,1,aleatorio,1
24,2,43,0,0,0,1,0,0,0,0,0,1,aleatorio,1
24,5,9,1,1,1,0,0,0,1,0,0,2,aleatorio,2
70,2,81,0,0,0,0,1,1,0,0,0,0,aleatorio,0
26,4,5,1,0,0,1,0,1,0,0,0,2,aleatorio,2
58,1,24,0,0,0,0,0,0,1,0,0,0,aleatorio,0
68,1,26,0,0,0,1,0,0,0,1,1,1,aleatorio,1
43,4,17,1,0,0,1,0,1,1,0,0,2,aleatorio,2
63,4,10,1,0,1,1,0,0,1,0,0,2,aleatorio,2
67,0,999,0,0,0,0,0,0,0,3,4,1,aleatorio,1
45,1,389,0,0,1,0,0,0,0,1,1,2,aleatorio,2
50,3,16,1,1,1,1,0,0,0,0,0,2,aleatorio,2
35,1,5,0,0,0,1,0,0,0,0,0,1,aleatorio,1
33,1,28,0,0,0,1,0,0,0,2,2,1,aleatorio,1
37,2,37,0,0,0,0,1,1,0,0,0,1,aleatorio,0
33,5,0,1,1,1,1,1,0,1,1,1,2,aleatorio,2
20,1,20,0,0,0,1,0,0,0,0,0,1,aleatorio,1
21,1,10,0,0,0,0,0,0,1,0,0,0,aleatorio,0
29,6,15,1,1,0,1,0,1,1,0,1,2,aleatorio,2
48,2,56,0,0,0,0,1,1,0,0,0,0,aleatorio,0
27,1,13,0,0,0,0,0,1,0,0,0,0,aleatorio,0
22,5,6,1,1,0,0,1,1,1,0,0,0,aleatorio,2
70,1,316,0,0,0,1,0,0,0,0,0,1,aleatorio,1
63,1,6,0,0,0,1,0,0,0,2,2,2,aleatorio,2
34,1,284,0,0,0,0,0,1,0,0,0,0,aleatorio,0
34,2,71,0,1,1,0,0,0,0,1,1,2,aleatorio,2
56,1,261,0,0,0,1,0,0,0,1,1,1,aleatorio,1
39,3,8,1,0,1,0,0,1,0,0,0,2,aleatorio,2
36,6,14,1,1,0,1,1,1,0,0,0,2,aleatorio,2
35,4,11,1,0,1,1,0,1,0,0,0,2,aleatorio,2
30,3,2,1,0,0,1,0,0,0,0,0,2,aleatorio,2
33,1,375,0,0,0,0,0,1,0,1,1,1,aleatorio,1
68,0,999,0,0,0,0,0,0,0,1,1,1,aleatorio,1
44,1,155,0,0,0,0,1,0,0,3,3,1,aleatorio,1
22,6,9,1,0,1,1,0,0,1,0,0,2,aleatorio,2
53,6,2,1,1,0,1,1,0,0,1,1,2,aleatorio,2
50,1,371,0,0,0,0,1,0,0,0,0,0,aleatorio,0
25,2,55,0,0,0,0,1,1,0,1,1,1,aleatorio,1
61,3,3,1,0,0,1,1,1,0,0,0,2,aleatorio,2
62,1,1,0,0,0,0,1,0,0,0,0,0,aleatorio,0
48,4,10,1,0,0,1,1,1,1,0,0,2,aleatorio,2
24,1,0,0,0,0,0,0,1,0,1,2,0,aleatorio,2
69,4,22,1,0,0,0,0,1,1,0,0,1,aleatorio,1
37,3,24,1,0,0,0,1,0,1,0,1,2,aleatorio,1
38,1,141,0,0,0,0,1,0,0,1,1,1,aleatorio,1
30,2,57,0,0,1,0,0,1,0,2,2,2,aleatorio,2
60,1,32,0,0,0,0,1,0,0,1,2,1,aleatorio,1
32,2,19,1,0,0,0,0,1,1,0,1,1,aleatorio,1
62,2,157,0,0,0,1,0,0,1,1,1,1,aleatorio,1
35,2,44,0,0,0,0,1,1,0,4,4,1,aleatorio,1
25,5,6,1,0,0,0,1,1,0,1,1,2,aleatorio,2
24,2,22,1,0,0,0,0,1,0,4,4,1,aleatorio,1
46,1,315,0,0,0,0,0,1,0,0,0,0,aleatorio,0
34,3,3,1,0,0,0,1,1,0,0,0,1,aleatorio,1
36,3,0,1,0,1,1,0,0,0,1,1,2,aleatorio,2
56,1,45,0,0,0,0,0,0,1,1,1,1,aleatorio,1
60,4,1,1,1,0,1,0,1,0,0,1,2,aleatorio,2
21,1,299,0,0,0,1,0,0,0,0,0,1,aleatorio,1
46,2,45,0,0,0,0,1,0,0,0,0,0,aleatorio,0
70,6,1,1,0,1,1,0,0,1,1,1,1,aleatorio,2
24,1,5,0,1,0,0,0,0,0,0,1,2,aleatorio,2
37,2,205,0,0,0,0,1,0,0,0,0,0,aleatorio,0
38,1,119,0,0,0,1,0,0,0,0,0,1,aleatorio,1
28,1,266,0,0,0,0,0,0,1,0,0,0,aleatorio,0
51,1,42,0,0,0,0,0,0,1,0,1,0,aleatorio,0
53,3,10,1,0,0,0,0,1,0,0,0,1,aleatorio,1
31,1,225,0,0,0,0,0,0,1,0,0,0,aleatorio,0
49,1,179,0,0,0,0,0,0,1,0,0,0,aleatorio,0
52,2,26,1,0,1,0,0,0,1,0,2,2,aleatorio,2
68,1,16,0,0,0,0,1,0,0,1,2,1,aleatorio,1
49,4,4,1,0,1,1,1,1,0,0,0,2,aleatorio,2
49,2,4,1,1,0,0,0,1,0,0,0,2,aleatorio,2
23,2,105,0,0,0,1,0,0,1,0,0,1,aleatorio,1
66,1,284,0,0,0,0,1,0,0,0,0,0,aleatorio,0
49,4,13,1,0,0,1,1,1,1,0,0,2,aleatorio,2
66,4,18,1,1,1,1,0,0,1,0,0,2,aleatorio,2
44,1,269,0,0,0,0,1,0,0,0,0,1,aleatorio,0
70,1,223,0,0,0,0,1,0,0,0,1,0,aleatorio,0
69,1,0,0,0,0,0,1,0,0,0,0,0,aleatorio,0
36,1,10,0,0,0,1,0,0,0,0,1,1,aleatorio,1
50,3,6,1,0,0,1,1,1,0,0,0,2,aleatorio,2
47,2,1,1,0,0,0,1,0,1,0,0,1,aleatorio,1
22,1,119,0,0,0,1,0,0,0,0,0,1,aleatorio,1
23,1,25,0,0,0,1,0,0,0,0,0,1,aleatorio,1
46,1,56,0,0,0,0,0,1,0,0,0,0,aleatorio,0
18,6,2,1,0,1,0,1,1,1,1,1,2,aleatorio,2
51,1,34,0,0,0,0,0,1,0,1,1,1,aleatorio,1
60,1,41,0,0,1,0,0,0,0,0,0,2,aleatorio,2
31,3,1,1,0,1,0,1,0,1,0,0,0,aleatorio,2
63,2,5,1,0,0,0,0,1,0,0,1,1,aleatorio,1
66,5,24,1,0,1,0,1,0,1,0,0,0,aleatorio,2
47,1,14,0,0,0,0,1,0,0,2,4,2,aleatorio,2
34,1,234,0,0,0,0,0,1,0,0,0,0,aleatorio,0
42,1,56,0,0,0,0,1,0,0,0,0,0,aleatorio,0
64,1,5,0,0,0,0,1,0,0,1,2,2,aleatorio,2
44,1,205,0,0,0,0,0,0,1,0,0,0,aleatorio,0
51,2,48,0,0,0,0,0,1,1,0,0,0,aleatorio,0
21,6,9,1,1,0,0,1,1,1,0,0,2,aleatorio,2
36,5,3,1,0,1,1,1,0,1,2,3,2,aleatorio,2
68,2,14,1,0,1,1,0,0,0,0,0,2,aleatorio,2
58,1,121,0,0,0,0,0,1,0,0,0,0,aleatorio,0
52,4,13,1,1,0,0,0,1,0,1,1,2,aleatorio,2
55,3,48,0,0,0,1,1,0,0,0,0,1,aleatorio,1
55,1,14,0,0,0,0,1,0,0,0,0,0,aleatorio,0
58,1,2,0,0,0,1,0,0,0,0,0,1,aleatorio,1
20,0,999,0,0,0,0,0,0,0,2,3,1,aleatorio,1
66,1,211,0,0,0,0,1,0,0,1,1,1,aleatorio,1
55,3,10,1,1,0,1,0,1,0,0,0,2,aleatorio,2
33,2,10,1,0,0,0,0,0,1,0,0,1,aleatorio,1
54,1,361,0,0,0,0,1,0,0,0,0,0,aleatorio,0
39,2,9,1,0,0,0,0,1,1,0,0,1,aleatorio,1
44,1,55,0,0,0,0,1,0,0,1,2,1,aleatorio,1
58,1,81,0,0,0,0,0,0,1,0,0,0,aleatorio,0
49,2,1,1,0,0,0,1,0,1,0,0,1,aleatorio,1
48,3,224,0,0,0,1,0,1,0,1,1,1,aleatorio,1
34,1,386,0,0,0,0,1,0,0,0,0,0,aleatorio,0
38,5,5,1,0,0,1,1,0,1,1,2,2,aleatorio,2
53,2,22,1,0,0,1,1,0,0,0,0,2,aleatorio,2
22,1,254,0,0,0,1,0,0,0,0,0,1,aleatorio,1
70,1,10,0,0,0,0,0,0,1,0,0,0,aleatorio,0
52,1,2,0,0,0,0,0,1,0,0,0,0,aleatorio,0
36,1,36,0,0,0,0,0,1,0,0,0,0,aleatorio,0
48,2,11,1,0,0,0,1,0,0,0,0,1,aleatorio,1
42,2,5,1,1,0,0,1,0,0,2,2,2,aleatorio,2
33,2,7,1,0,0,1,0,0,1,0,0,2,aleatorio,2
68,2,6,1,1,0,0,0,1,0,1,1,2,aleatorio,2
25,2,7,1,0,0,0,0,1,0,0,0,1,aleatorio,1
59,1,343,0,0,0,0,0,0,1,0,0,0,aleatorio,0
66,3,21,1,0,0,0,1,1,1,0,0,1,aleatorio,1
62,2,3,1,0,0,0,1,1,0,0,0,1,aleatorio,1
29,2,26,1,0,0,0,1,1,0,0,0,1,aleatorio,1
47,1,4,0,0,0,0,1,0,0,0,0,0,aleatorio,0
48,1,309,0,0,0,0,1,0,0,0,0,0,aleatorio,0
23,1,57,0,0,0,0,0,0,1,0,1,0,aleatorio,0
52,4,6,1,0,1,0,1,1,1,0,0,2,aleatorio,2
69,6,1,1,0,1,1,1,0,1,0,0,2,aleatorio,2
38,1,18,0,0,0,0,0,0,1,0,0,0,aleatorio,0
45,1,56,0,0,0,0,0,1,0,0,0,1,aleatorio,0
32,4,3,1,0,1,0,0,1,1,2,2,2,aleatorio,2
46,1,7,0,0,0,0,1,0,0,0,0,0,aleatorio,0
54,1,34,0,0,0,0,1,0,0,2,3,1,aleatorio,1
40,1,369,0,0,0,0,0,1,0,0,0,1,aleatorio,0
64,4,8,1,0,0,1,1,0,1,0,0,2,aleatorio,2
35,5,4,1,1,0,1,1,1,1,2,2,2,aleatorio,2
42,1,1,0,0,0,1,0,0,0,0,0,1,aleatorio,1
58,3,257,0,0,0,1,0,1,0,2,2,0,aleatorio,1
55,6,6,1,0,0,0,1,1,1,0,0,1,aleatorio,1
43,1,13,0,0,0,0,0,1,0,0,0,0,aleatorio,0
29,4,35,0,1,0,0,1,1,1,4,4,2,aleatorio,2
18,0,999,0,0,0,0,0,0,0,2,4,1,aleatorio,1
20,3,11,1,0,0,0,1,0,0,0,1,2,aleatorio,1
47,1,13,0,0,0,0,0,0,1,0,0,0,aleatorio,0
22,1,73,0,0,0,0,0,0,1,0,0,0,aleatorio,0
52,2,3,1,0,0,1,0,0,0,0,0,2,aleatorio,2
38,5,3,1,0,1,0,0,1,1,1,1,2,aleatorio,2
56,1,99,0,0,0,0,1,0,0,0,0,0,aleatorio,0
35,1,17,0,0,0,0,1,0,0,0,0,0,aleatorio,0
20,1,55,0,0,0,0,0,1,0,2,2,1,aleatorio,1
56,2,4,1,0,0,1,1,0,0,0,0,1,aleatorio,2
60,4,10,1,1,0,1,1,0,0,1,1,2,aleatorio,2
41,2,40,0,0,0,0,0,0,1,0,0,0,aleatorio,0
70,3,7,1,0,0,0,1,1,0,0,0,1,aleatorio,1
23,6,3,1,1,1,0,1,1,0,0,2,2,aleatorio,2
20,2,4,1,0,0,0,1,1,0,0,1,1,aleatorio,1
61,1,53,0,0,0,0,0,0,1,0,0,0,aleatorio,0
27,1,260,0,0,0,0,0,0,1,0,0,0,aleatorio,0
59,2,11,1,0,0,0,0,1,1,0,0,1,aleatorio,1
67,1,359,0,0,0,0,0,0,1,0,1,0,aleatorio,0
31,1,153,0,0,0,0,1,0,0,1,1,1,aleatorio,1
49,2,3,1,0,1,0,0,1,0,0,0,2,aleatorio,2
30,2,14,1,1,0,0,0,1,0,0,0,2,aleatorio,2
54,4,21,1,0,1,1,1,0,1,0,3,2,aleatorio,2
69,5,155,0,1,1,1,0,0,1,0,1,2,aleatorio,2
58,1,16,0,0,0,0,0,0,1,1,1,1,aleatorio,1
66,1,25,0,0,0,0,1,0,0,2,2,1,aleatorio,1
41,4,3,1,1,1,0,1,1,0,0,0,2,aleatorio,2
35,1,221,0,0,0,0,0,0,1,0,0,1,aleatorio,0
29,3,41,0,0,0,1,0,1,1,0,0,0,aleatorio,1
58,1,233,0,0,0,0,1,0,0,0,0,0,aleatorio,0
54,1,37,0,0,0,0,1,0,0,0,0,0,aleatorio,0
57,2,275,0,1,0,0,0,0,0,1,1,2,aleatorio,2
27,3,53,0,0,0,0,0,1,1,0,0,0,aleatorio,0
37,3,11,1,0,0,1,0,1,0,1,2,2,aleatorio,2
52,3,17,1,0,0,1,0,1,1,1,1,0,aleatorio,2
39,4,7,1,0,0,0,1,0,1,0,0,1,aleatorio,1
57,1,214,0,0,0,0,0,0,1,0,0,0,aleatorio,0
21,3,12,1,0,1,0,0,1,0,1,1,2,aleatorio,2
28,1,46,0,0,0,0,0,1,0,0,0,1,aleatorio,0
39,3,53,0,0,1,0,0,0,0,0,0,2,aleatorio,2
45,5,6,1,1,0,1,1,1,0,0,0,2,aleatorio,2
68,1,261,0,0,0,0,1,0,0,0,0,0,aleatorio,0
32,1,158,0,0,0,0,1,0,0,0,0,0,aleatorio,0
50,4,30,1,0,1,0,0,1,1,0,0,2,aleatorio,2
46,1,378,0,0,0,0,0,1,0,0,0,0,aleatorio,0
42,2,7,1,0,0,0,1,0,0,0,0,1,aleatorio,1
69,6,10,1,0,0,1,1,1,0,2,2,2,aleatorio,2
48,4,23,1,0,0,0,1,1,1,0,0,1,aleatorio,1
41,1,321,0,0,0,0,0,0,1,0,0,0,aleatorio,0
48,3,110,0,0,0,0,0,1,1,0,1,0,aleatorio,0
56,2,6,1,0,0,0,0,1,1,0,0,1,aleatorio,1
30,1,175,0,0,0,1,0,0,0,0,0,1,aleatorio,1
54,1,47,0,0,0,0,0,1,0,0,0,1,aleatorio,0
64,1,9,0,0,1,0,0,0,0,0,0,0,aleatorio,2
33,1,10,0,0,0,0,0,1,0,0,0,0,aleatorio,0
26,1,5,0,0,0,0,1,0,0,0,0,0,aleatorio,0
58,1,309,0,0,0,0,0,1,0,0,1,0,aleatorio,0
20,3,7,1,1,0,1,0,0,0,1,1,2,aleatorio,2
69,3,57,0,0,0,1,0,1,0,0,0,1,aleatorio,1
36,1,57,0,0,1,0,0,0,0,0,0,2,aleatorio,2
68,1,51,0,0,0,0,1,0,0,1,1,1,aleatorio,1
31,1,79,0,0,0,0,0,0,1,0,0,0,aleatorio,0
60,3,15,1,0,1,0,1,0,0,0,0,2,aleatorio,2
60,1,42,0,0,1,0,0,0,0,1,4,2,aleatorio,2
65,2,40,0,0,0,0,0,1,1,0,0,0,aleatorio,0
65,2,3,1,0,0,0,0,1,1,0,0,1,aleatorio,1
26,6,6,1,1,0,0,1,1,0,3,4,2,aleatorio,2
49,6,6,1,1,1,1,0,1,0,1,1,2,aleatorio,2
52,2,24,1,0,0,0,1,0,1,0,1,1,aleatorio,1
32,2,28,1,0,0,0,1,0,0,0,0,1,aleatorio,1
66,2,36,0,0,0,1,0,0,0,3,3,1,aleatorio,1
33,3,37,0,0,0,0,0,1,1,0,0,0,aleatorio,0
22,1,37,0,0,0,0,1,0,0,0,0,1,aleatorio,0
51,4,13,1,0,1,1,1,0,1,1,1,2,aleatorio,2
66,1,21,0,0,0,0,1,0,0,0,0,0,aleatorio,0
37,2,33,0,0,0,0,0,1,0,0,0,1,aleatorio,0
28,1,252,0,0,0,0,0,1,0,0,0,0,aleatorio,0
36,4,2,1,0,0,0,1,1,1,0,0,1,aleatorio,1
19,5,2,1,1,1,1,1,0,0,0,0,2,aleatorio,2
29,2,14,1,0,0,0,1,0,0,0,0,1,aleatorio,1
66,6,0,1,1,1,1,1,1,0,2,2,2,aleatorio,2
53,5,27,1,0,1,0,1,1,1,0,1,2,aleatorio,2
35,1,1,0,0,1,0,0,0,0,0,0,2,aleatorio,2
53,2,10,1,0,1,1,0,0,0,0,0,2,aleatorio,2
55,2,49,0,0,0,1,1,0,0,0,0,0,aleatorio,1
63,2,10,1,0,0,0,1,0,1,0,0,1,aleatorio,1
26,1,304,0,0,0,0,1,0,0,0,0,0,aleatorio,0
39,2,10,1,0,0,0,1,1,0,0,0,1,aleatorio,1
56,5,8,1,0,1,1,0,1,0,0,0,2,aleatorio,2
51,3,5,1,1,0,0,1,1,0,0,1,2,aleatorio,2
53,2,37,0,0,0,1,0,1,0,0,0,2,aleatorio,1
23,2,31,0,0,0,1,0,1,0,0,0,1,aleatorio,1
53,1,0,0,0,0,0,0,0,1,1,1,2,aleatorio,2
23,2,59,0,0,0,0,0,1,1,1,1,1,aleatorio,1
28,2,48,0,0,0,0,1,0,0,1,1,1,aleatorio,1
58,2,48,0,0,0,1,0,1,0,0,0,1,aleatorio,1
59,2,287,0,0,0,1,0,1,0,0,0,1,aleatorio,1
61,1,2,0,0,0,0,0,1,0,0,0,0,aleatorio,0
47,2,13,1,0,0,0,0,1,1,0,0,1,aleatorio,1
57,6,27,1,1,1,0,1,0,1,0,0,2,aleatorio,2
65,2,21,1,0,0,0,1,0,1,0,0,2,aleatorio,1
32,2,39,0,0,0,1,0,0,1,1,1,1,aleatorio,1
60,5,38,0,0,0,1,1,0,1,2,2,1,aleatorio,1
56,4,40,0,0,0,1,1,0,0,0,1,1,aleatorio,1
60,5,25,1,0,1,1,1,0,1,2,2,2,aleatorio,2
18,2,52,0,1,1,0,0,0,0,1,1,1,aleatorio,2
62,1,58,0,0,0,0,0,1,0,0,0,0,aleatorio,0
19,1,14,0,0,0,0,0,0,1,1,1,2,aleatorio,2
45,2,13,1,0,0,0,0,1,0,0,0,1,aleatorio,1
34,1,33,0,0,0,0,0,1,0,1,1,1,aleatorio,1
69,1,36,0,0,0,0,0,0,1,0,0,1,aleatorio,0
32,2,6,1,0,0,0,0,1,0,0,0,1,aleatorio,1
40,2,7,1,0,1,0,1,0,0,0,0,2,aleatorio,2
54,2,4,1,0,0,0,0,0,1,0,0,1,aleatorio,1
68,4,0,1,0,1,1,0,1,1,0,0,2,aleatorio,2
69,1,2,0,0,0,0,0,0,1,0,0,0,aleatorio,0
41,2,48,0,0,0,0,1,1,0,0,0,0,aleatorio,0
25,2,90,0,0,0,0,1,1,0,0,0,0,aleatorio,0
30,4,5,1,1,0,0,1,0,0,0,0,2,aleatorio,2
19,3,1,1,0,1,0,1,0,1,0,0,2,aleatorio,2
25,1,15,0,0,0,0,1,0,0,0,0,0,aleatorio,0
64,1,13,0,0,0,1,0,0,0,0,0,1,aleatorio,1
63,1,6,0,0,0,0,1,0,0,1,1,2,aleatorio,2
47,1,208,0,0,0,0,0,1,0,0,1,0,aleatorio,0
68,2,99,0,0,0,1,0,1,0,0,0,1,aleatorio,1
69,3,0,1,1,0,0,1,0,1,3,3,2,aleatorio,2
36,4,3,1,1,0,0,1,1,1,0,0,2,aleatorio,2
68,2,9,1,0,0,0,1,1,0,0,0,1,aleatorio,1
27,1,78,0,0,0,0,0,0,1,0,0,0,aleatorio,0
39,4,4,1,0,0,0,1,1,1,0,0,1,aleatorio,1
30,4,0,1,1,0,0,0,1,1,2,2,2,aleatorio,2
61,3,1,1,0,1,0,1,0,0,2,4,2,aleatorio,2
69,4,0,1,0,0,1,1,1,1,2,2,2,aleatorio,2
31,5,11,1,0,0,1,1,1,0,0,0,2,aleatorio,2
59,1,47,0,0,0,0,1,0,0,0,0,0,aleatorio,0
41,3,0,1,0,1,0,1,0,0,0,0,2,aleatorio,2
42,1,32,0,0,0,0,1,0,0,0,0,0,aleatorio,0
68,1,327,0,0,0,0,1,0,0,0,0,0,aleatorio,0
46,2,73,0,0,0,1,0,0,0,0,1,1,aleatorio,1
38,5,6,1,0,0,0,0,1,1,1,3,2,aleatorio,2
28,1,339,0,0,0,1,0,0,0,0,0,1,aleatorio,1
36,4,35,0,0,0,0,1,1,0,0,1,0,aleatorio,0
31,1,37,0,0,0,0,0,1,0,0,0,0,aleatorio,0
50,1,13,0,0,0,0,0,0,1,0,0,0,aleatorio,0
33,2,16,1,0,0,0,1,1,0,3,4,1,aleatorio,1
28,3,41,0,0,0,1,1,1,0,0,0,1,aleatorio,1
20,1,227,0,0,0,0,1,0,0,0,0,2,aleatorio,0
19,1,220,0,0,0,0,1,0,0,0,2,1,aleatorio,0
31,2,28,1,0,0,0,1,1,0,0,0,1,aleatorio,1
34,2,52,0,0,0,0,1,0,0,2,2,1,aleatorio,1
25,3,8,1,0,1,0,1,0,1,0,0,2,aleatorio,2
47,5,2,1,1,1,1,1,0,0,0,0,2,aleatorio,2
58,1,27,0,1,0,0,0,0,0,1,2,2,aleatorio,2
61,1,199,0,0,0,0,1,0,0,0,0,0,aleatorio,0
57,6,19,1,0,1,1,1,1,0,0,0,2,aleatorio,2
23,6,2,1,0,1,0,1,1,1,3,3,2,aleatorio,2
50,1,321,0,0,0,0,0,1,0,0,0,0,aleatorio,0
62,3,6,1,1,0,1,0,0,1,0,0,2,aleatorio,2
34,6,7,1,0,0,0,1,1,1,0,0,1,aleatorio,1
24,1,5,0,0,0,0,0,1,0,0,0,0,aleatorio,0
63,1,373,0,0,0,0,0,0,1,1,1,1,aleatorio,1
26,1,55,0,0,0,0,0,0,1,0,0,0,aleatorio,0
57,2,13,1,1,0,0,0,0,1,2,3,2,aleatorio,2
52,6,2,1,1,0,1,1,1,0,0,0,0,aleatorio,2
61,1,2,0,0,0,0,1,0,0,0,2,0,aleatorio,0
46,3,36,0,0,0,0,0,1,1,0,0,1,aleatorio,0
28,5,6,1,0,1,1,1,0,1,0,0,2,aleatorio,2
60,3,15,1,0,1,0,0,0,1,2,3,2,aleatorio,2
60,1,136,0,0,0,0,0,0,1,0,0,0,aleatorio,0
24,2,55,0,0,0,1,1,0,0,0,0,0,aleatorio,1
48,2,125,0,1,0,0,0,0,1,0,0,2,aleatorio,2
43,1,339,0,0,0,0,0,1,0,2,2,1,aleatorio,1
32,1,256,0,0,0,0,0,0,1,0,0,0,aleatorio,0
24,3,1,1,0,0,0,1,1,0,0,0,1,aleatorio,1
32,1,150,0,0,0,0,0,0,1,0,1,0,aleatorio,0
24,2,7,1,0,0,0,1,1,0,0,0,1,aleatorio,1
37,2,229,0,0,0,1,0,1,0,0,0,1,aleatorio,1
44,4,4,1,0,1,1,1,1,0,1,1,2,aleatorio,2
56,1,51,0,0,0,1,0,0,0,0,0,1,aleatorio,1
57,3,0,1,0,0,0,1,1,1,0,0,1,aleatorio,1
65,1,0,0,0,0,1,0,0,0,0,0,1,aleatorio,1
36,2,5,1,0,0,0,0,1,1,2,2,2,aleatorio,2
62,1,178,0,0,0,0,1,0,0,0,0,0,aleatorio,0
34,5,3,1,0,1,0,1,1,1,0,1,2,aleatorio,2
55,3,17,1,0,1,0,1,0,1,0,0,2,aleatorio,2
30,2,4,1,0,0,1,0,0,1,0,0,2,aleatorio,2
44,2,2,1,0,0,0,1,1,0,0,0,1,aleatorio,1
50,1,140,0,0,0,0,0,1,0,0,0,0,aleatorio,0
27,1,11,0,0,0,0,1,0,0,0,0,0,aleatorio,0
19,4,2,1,0,0,0,1,1,0,0,1,1,aleatorio,1
45,1,34,0,0,0,0,1,0,0,1,1,0,aleatorio,1
56,3,0,1,0,0,1,1,1,0,0,0,2,aleatorio,2
60,4,11,1,0,0,0,1,0,1,0,0,1,aleatorio,1
62,4,4,1,0,0,0,1,1,1,1,1,0,aleatorio,2
26,1,11,0,0,0,0,0,1,0,0,0,0,aleatorio,0
37,2,11,1,0,0,0,1,0,0,0,0,1,aleatorio,1
24,1,22,0,0,0,0,0,0,1,0,0,0,aleatorio,0
25,5,57,0,0,0,0,1,1,1,0,0,0,aleatorio,0
43,1,66,0,0,0,1,0,0,0,2,2,1,aleatorio,1
66,2,48,0,0,0,0,0,1,1,0,0,2,aleatorio,0
18,4,7,1,0,0,0,1,1,0,0,0,1,aleatorio,1
37,1,393,0,0,0,0,1,0,0,0,0,0,aleatorio,0
25,1,34,0,0,1,0,0,0,0,0,0,2,aleatorio,2
63,1,269,0,0,0,0,0,1,0,1,3,1,aleatorio,1
22,1,35,0,0,0,0,0,0,1,0,0,1,aleatorio,0
63,3,0,1,0,0,0,0,1,1,0,0,0,aleatorio,1
65,3,8,1,0,1,0,1,1,0,0,0,2,aleatorio,2
69,1,336,0,0,0,0,0,0,1,0,0,0,aleatorio,0
21,1,356,0,0,0,0,0,1,0,0,1,2,aleatorio,0
40,2,2,1,0,0,0,0,1,0,0,0,1,aleatorio,1
69,2,1,1,1,0,1,0,0,0,0,0,1,aleatorio,2
35,5,4,1,1,0,1,1,0,0,1,1,2,aleatorio,2
21,1,268,0,0,0,0,0,1,0,1,2,0,aleatorio,1
29,1,53,0,0,0,0,0,1,0,0,0,0,aleatorio,0
48,1,43,0,0,0,0,0,1,0,0,0,0,aleatorio,0
25,6,5,1,1,1,0,1,1,0,0,0,2,aleatorio,2
36,1,300,0,0,0,0,0,1,0,0,0,0,aleatorio,0
43,2,37,0,0,0,0,1,1,0,0,1,0,aleatorio,0
33,5,7,1,0,1,0,0,1,1,0,0,2,aleatorio,2
53,1,27,0,0,0,1,0,0,0,1,2,1,aleatorio,1
30,2,55,0,0,1,0,1,0,0,1,2,2,aleatorio,2
48,2,24,1,0,0,0,1,0,0,3,4,1,aleatorio,1
69,1,132,0,0,0,0,1,0,0,0,0,0,aleatorio,0
24,1,14,0,0,0,0,1,0,0,0,0,0,aleatorio,0
64,3,13,1,0,0,1,0,1,0,1,1,2,aleatorio,2
68,1,160,0,0,0,0,0,1,0,0,0,0,aleatorio,0
25,1,290,0,1,0,0,0,0,0,0,0,2,aleatorio,2
53,1,10,0,0,0,0,1,0,0,0,0,0,aleatorio,0
52,1,246,0,0,0,0,1,0,0,0,0,0,aleatorio,0
56,4,8,1,0,0,1,1,1,0,0,0,2,aleatorio,2
47,2,17,1,1,0,0,0,1,0,0,1,2,aleatorio,2
60,1,27,0,0,0,0,0,0,1,1,3,1,aleatorio,1
60,1,54,0,0,0,0,1,0,0,0,0,0,aleatorio,0
62,2,52,0,0,0,0,1,1,0,1,1,1,aleatorio,1
70,1,42,0,1,0,0,0,0,0,0,0,2,aleatorio,2
49,3,13,1,0,0,0,1,1,0,0,0,0,aleatorio,1
39,2,59,0,0,0,1,0,0,0,0,2,1,aleatorio,1
70,5,31,0,1,0,0,1,1,1,0,1,1,aleatorio,2
43,2,7,1,1,0,0,0,1,0,2,2,2,aleatorio,2
18,2,15,1,0,0,0,1,0,0,0,0,1,aleatorio,1
62,1,351,0,0,0,0,1,0,0,0,0,0,aleatorio,0
69,1,15,0,0,0,0,1,0,0,0,0,0,aleatorio,0
61,0,999,0,0,0,0,0,0,0,2,2,1,aleatorio,1
22,5,10,1,0,1,0,1,1,1,1,1,2,aleatorio,2
42,3,23,1,0,0,0,0,1,1,0,1,1,aleatorio,1
29,1,22,0,0,0,0,0,1,0,0,0,0,aleatorio,0
68,3,9,1,1,0,1,1,0,0,0,0,2,aleatorio,2
57,3,57,0,0,1,0,1,0,1,0,0,2,aleatorio,2
32,1,56,0,0,0,0,1,0,0,0,1,0,aleatorio,0
35,1,10,0,0,0,0,0,1,0,0,0,0,aleatorio,0
59,1,84,0,0,0,1,0,0,0,0,0,1,aleatorio,1
39,1,19,0,0,0,0,1,0,0,1,2,1,aleatorio,1
34,1,150,0,0,0,0,1,0,0,1,1,1,aleatorio,1
18,1,11,0,0,0,0,1,0,0,0,0,0,aleatorio,0
35,1,4,0,0,0,0,0,0,1,0,0,0,aleatorio,0
54,1,41,0,0,0,0,0,1,0,0,0,0,aleatorio,0
39,2,25,1,1,0,1,0,0,0,0,0,2,aleatorio,2
23,2,32,0,0,0,1,0,0,0,0,0,1,aleatorio,1
42,1,55,0,0,0,0,0,0,1,0,0,0,aleatorio,0
36,1,251,0,0,0,0,1,0,0,0,0,0,aleatorio,0
39,2,207,0,0,0,0,1,0,0,1,2,1,aleatorio,1
69,1,77,0,0,0,0,0,1,0,0,0,0,aleatorio,0
65,2,206,0,0,0,1,0,0,1,1,2,0,aleatorio,1
60,2,14,1,1,0,0,0,1,0,0,0,2,aleatorio,2
60,4,10,1,0,0,1,1,1,0,0,2,2,aleatorio,2
67,2,48,0,0,0,0,1,1,0,1,1,1,aleatorio,1
68,1,47,0,0,0,1,0,0,0,1,1,1,aleatorio,1
68,1,128,0,0,0,0,0,0,1,0,0,0,aleatorio,0
34,1,7,0,0,0,0,0,1,0,0,0,0,aleatorio,0
22,1,67,0,0,0,0,0,1,0,0,0,0,aleatorio,0
37,2,91,0,0,0,1,0,0,1,1,1,2,aleatorio,1
59,4,27,1,0,0,0,0,1,1,0,0,1,aleatorio,1
22,1,147,0,0,0,0,0,0,1,0,0,0,aleatorio,0
23,2,196,0,0,0,1,0,0,1,0,0,1,aleatorio,1
45,4,9,1,0,0,0,1,1,1,0,0,1,aleatorio,1
68,1,310,0,0,0,0,0,1,0,0,0,0,aleatorio,0
53,3,12,1,1,1,0,1,0,0,0,1,2,aleatorio,2
28,1,26,0,0,0,0,0,0,1,3,4,1,aleatorio,1
46,2,52,0,0,0,0,1,0,1,0,0,0,aleatorio,0
41,2,2,1,0,0,0,1,0,1,0,0,1,aleatorio,1
34,4,64,0,0,0,0,1,1,0,0,0,0,aleatorio,0
37,2,3,1,0,0,0,1,0,0,0,0,2,aleatorio,1
53,5,8,1,0,1,0,1,1,1,0,0,2,aleatorio,2
30,1,353,0,0,0,0,0,0,1,1,1,1,aleatorio,1
64,6,9,1,0,1,1,1,1,0,0,0,2,aleatorio,2
36,1,19,0,0,0,1,0,0,0,0,0,1,aleatorio,1
65,4,7,1,1,1,0,1,1,0,0,1,2,aleatorio,2
47,1,7,0,0,0,0,0,1,0,0,0,0,aleatorio,0
31,3,8,1,0,0,0,0,1,0,0,0,1,aleatorio,1
35,1,38,0,0,0,0,0,1,0,0,0,0,aleatorio,0
51,3,38,0,0,0,0,1,0,0,0,0,0,aleatorio,0
51,2,27,1,0,0,0,1,0,0,1,1,1,aleatorio,1
44,2,49,0,0,0,0,1,0,0,0,0,0,aleatorio,0
27,6,23,1,1,0,1,0,1,1,1,2,2,aleatorio,2
64,2,51,0,0,0,0,1,1,0,0,0,2,aleatorio,0
42,1,20,0,0,0,0,1,0,0,0,1,0,aleatorio,0
39,1,166,0,0,0,0,0,0,1,2,2,1,aleatorio,1
58,3,13,1,0,0,0,1,0,1,0,0,1,aleatorio,1
64,1,2,0,0,0,0,1,0,0,0,0,0,aleatorio,0
31,3,3,1,0,0,0,1,1,1,0,0,1,aleatorio,1
32,1,152,0,0,0,0,0,0,1,0,0,0,aleatorio,0
65,2,5,1,0,1,0,0,1,0,1,1,2,aleatorio,2
67,3,38,0,0,0,1,1,0,0,0,0,2,aleatorio,1
63,1,239,0,0,0,0,0,1,0,0,0,0,aleatorio,0
59,1,13,0,0,0,0,1,0,0,0,0,0,aleatorio,0
22,6,2,1,0,0,0,1,1,1,1,1,1,aleatorio,2
65,1,56,0,0,0,0,0,1,0,1,1,1,aleatorio,1
19,1,11,0,0,1,0,0,0,0,1,1,2,aleatorio,2
44,4,2,1,0,1,0,1,1,0,2,3,2,aleatorio,2
25,2,31,0,0,0,0,1,1,0,2,3,1,aleatorio,1
40,1,8,0,0,0,0,0,1,0,0,0,0,aleatorio,0
24,3,10,1,0,0,0,1,1,0,0,0,1,aleatorio,1
46,1,2,0,0,0,0,1,0,0,0,0,0,aleatorio,0
38,3,0,1,1,1,0,0,0,0,0,0,2,aleatorio,2
37,1,20,0,1,0,0,0,0,0,3,3,1,aleatorio,2
53,4,2,1,1,1,0,0,1,1,0,0,2,aleatorio,2
58,2,24,1,0,0,0,1,0,0,1,2,1,aleatorio,1
68,2,12,1,0,0,0,0,1,0,0,0,1,aleatorio,1
66,1,12,0,0,0,0,0,1,0,1,1,2,aleatorio,2
62,1,1,0,0,0,1,0,0,0,0,0,1,aleatorio,1
52,1,27,0,0,0,0,1,0,0,2,2,1,aleatorio,1
64,2,13,1,0,0,1,0,0,1,1,1,2,aleatorio,2
29,4,11,1,0,1,0,1,1,1,0,0,2,aleatorio,2
49,1,5,0,0,0,0,1,0,0,0,0,0,aleatorio,0
26,1,356,0,1,0,0,0,0,0,0,2,2,aleatorio,2
69,1,1,0,0,0,0,0,1,0,0,0,0,aleatorio,0
39,1,127,0,0,0,0,1,0,0,2,2,1,aleatorio,1
58,1,10,0,0,0,0,0,0,1,0,0,2,aleatorio,0
59,6,4,1,0,0,1,0,1,1,0,0,1,aleatorio,2
63,3,21,1,0,0,0,1,1,1,0,1,1,aleatorio,1
38,1,5,0,0,0,0,0,0,1,0,0,0,aleatorio,0
30,4,0,1,0,1,1,1,0,0,0,0,2,aleatorio,2
43,3,6,1,0,0,0,1,1,0,0,0,2,aleatorio,1
47,1,3,0,0,0,0,0,1,0,0,0,0,aleatorio,0
62,1,335,0,0,0,0,0,1,0,2,2,1,aleatorio,1
36,0,999,0,0,0,0,0,0,0,2,2,1,aleatorio,1
25,3,9,1,0,0,0,1,1,0,0,0,1,aleatorio,1
41,1,12,0,0,0,1,0,0,0,0,0,0,aleatorio,1
39,5,1,1,1,0,0,1,1,0,0,0,2,aleatorio,2
30,1,10,0,0,1,0,0,0,0,0,0,2,aleatorio,2
36,1,14,0,0,0,0,0,0,1,0,0,0,aleatorio,0
26,1,6,0,0,0,0,0,1,0,0,0,0,aleatorio,0
63,1,3,0,0,1,0,0,0,0,0,0,2,aleatorio,2
30,1,290,0,0,0,0,0,1,0,0,0,2,aleatorio,0
41,3,3,1,0,0,1,0,1,0,1,2,2,aleatorio,2
24,6,1,1,1,0,1,0,1,1,0,0,2,aleatorio,2
30,2,28,1,0,0,0,1,1,0,0,0,1,aleatorio,1
47,6,5,1,0,0,1,1,1,0,0,0,2,aleatorio,2
25,4,2,1,0,0,0,1,0,1,0,0,1,aleatorio,1
46,5,0,1,0,0,0,1,1,0,1,2,2,aleatorio,2
34,4,4,1,0,1,1,1,0,0,0,0,2,aleatorio,2
49,2,15,1,0,0,1,0,0,1,1,1,2,aleatorio,2
35,6,3,1,0,0,1,1,1,0,3,3,2,aleatorio,2
54,1,373,0,0,0,0,0,1,0,0,0,0,aleatorio,0
53,3,35,0,0,0,1,1,0,0,1,1,0,aleatorio,1
29,1,1,0,0,0,0,0,1,0,0,0,0,aleatorio,0
42,1,355,0,0,0,0,0,1,0,0,0,0,aleatorio,0
22,1,14,0,0,0,0,1,0,0,0,0,0,aleatorio,0
40,2,54,0,1,0,0,1,0,0,0,1,2,aleatorio,2
28,1,42,0,0,0,0,0,0,1,0,1,0,aleatorio,0
40,3,7,1,1,0,0,0,1,0,0,0,2,aleatorio,2
36,1,49,0,0,0,1,0,0,0,1,1,1,aleatorio,1
24,1,56,0,0,0,0,0,1,0,0,0,0,aleatorio,0
55,1,26,0,0,0,0,1,0,0,0,0,0,aleatorio,0
61,1,8,0,0,0,1,0,0,0,0,0,1,aleatorio,1
26,2,1,1,0,0,1,0,1,0,0,1,2,aleatorio,2
49,6,44,0,0,0,1,1,0,1,0,0,1,aleatorio,1
65,2,229,0,0,0,0,1,0,0,0,1,0,aleatorio,0
60,5,3,1,0,1,0,1,1,1,0,1,2,aleatorio,2
70,3,1,1,0,1,0,1,0,1,0,0,2,aleatorio,2
59,3,1,1,0,0,0,0,1,1,0,0,1,aleatorio,1
36,5,3,1,1,1,0,1,0,1,2,2,2,aleatorio,2
52,2,6,1,0,1,0,0,0,1,0,0,2,aleatorio,2
23,1,278,0,0,0,0,0,1,0,0,0,0,aleatorio,0
22,2,6,1,0,1,0,0,0,1,2,2,2,aleatorio,2
52,4,3,1,0,0,0,1,1,1,0,0,1,aleatorio,1
46,3,20,1,0,1,1,1,0,0,0,0,2,aleatorio,2
45,3,14,1,0,0,1,1,1,0,2,3,2,aleatorio,2
31,2,254,0,0,0,1,0,0,0,2,3,1,aleatorio,1
24,1,293,0,0,0,0,0,1,0,0,0,0,aleatorio,0
46,1,4,0,0,0,0,0,1,0,0,0,1,aleatorio,0
36,2,49,0,0,0,0,1,0,1,0,1,0,aleatorio,0
65,2,30,1,0,0,1,0,1,0,0,4,2,aleatorio,2
63,3,2,1,0,0,0,0,1,1,0,0,1,aleatorio,1
66,1,202,0,0,0,0,1,0,0,1,1,1,aleatorio,1
22,4,12,1,0,1,1,0,0,1,2,2,0,aleatorio,2
46,1,395,0,0,0,0,0,1,0,0,0,0,aleatorio,0
57,2,188,0,0,0,1,0,1,0,0,0,0,aleatorio,1
52,1,21,0,1,0,0,0,0,0,1,1,2,aleatorio,2
70,1,37,0,0,0,0,1,0,0,0,1,0,aleatorio,0
55,1,9,0,0,0,1,0,0,0,0,0,1,aleatorio,1
70,2,6,1,0,1,0,0,0,0,0,0,2,aleatorio,2
40,1,14,0,0,0,1,0,0,0,1,2,2,aleatorio,2
61,4,1,1,1,1,0,1,0,0,1,3,2,aleatorio,2
23,1,31,0,0,0,0,1,0,0,0,0,1,aleatorio,0
46,2,8,1,0,0,0,1,0,1,0,0,1,aleatorio,1
32,2,10,1,0,0,1,0,1,0,1,2,2,aleatorio,2
19,1,294,0,0,0,0,0,0,1,0,1,0,aleatorio,0
43,2,2,1,0,1,0,0,0,0,1,1,2,aleatorio,2
24,6,1,1,1,1,1,0,1,0,1,1,2,aleatorio,2
45,5,31,0,0,1,0,0,1,1,0,0,2,aleatorio,2
59,3,4,1,0,0,1,0,0,1,0,0,2,aleatorio,2
34,2,51,0,0,0,0,1,0,1,2,3,1,aleatorio,1
63,2,13,1,0,0,0,1,0,1,0,0,1,aleatorio,1
58,2,6,1,0,0,0,0,0,1,0,0,1,aleatorio,1
64,1,15,0,0,0,0,1,0,0,0,0,0,aleatorio,0
57,1,29,0,0,0,0,1,0,0,0,0,0,aleatorio,0
69,1,12,0,0,0,0,0,1,0,0,0,2,aleatorio,0
37,2,13,1,0,0,0,1,1,0,0,0,1,aleatorio,1
53,5,5,1,1,1,1,0,1,0,0,0,2,aleatorio,2
32,2,25,1,0,0,0,1,1,0,1,1,1,aleatorio,1
35,1,390,0,0,0,1,0,0,0,0,1,1,aleatorio,1
51,1,290,0,0,0,0,0,1,0,0,0,0,aleatorio,0
24,0,999,0,0,0,0,0,0,0,1,1,1,aleatorio,1
29,2,24,1,0,0,0,1,0,1,0,0,1,aleatorio,1
32,5,1,1,0,0,1,1,1,1,1,1,2,aleatorio,2
36,1,358,0,0,0,0,0,1,0,0,0,0,aleatorio,0
32,3,48,0,0,0,0,1,1,0,0,0,0,aleatorio,0
46,2,12,1,0,0,0,1,1,0,1,1,2,aleatorio,2
53,2,8,1,0,0,0,1,0,1,0,0,1,aleatorio,1
66,1,20,0,0,0,0,1,0,0,0,0,0,aleatorio,0
22,4,8,1,0,1,1,0,0,1,3,4,2,aleatorio,2
55,2,7,1,0,0,1,0,1,0,0,1,2,aleatorio,2
41,1,5,0,0,0,0,1,0,0,0,0,0,aleatorio,0
70,2,4,1,1,0,0,0,1,0,1,1,1,aleatorio,2
31,1,7,0,0,0,0,0,0,1,0,0,0,aleatorio,0
43,2,44,0,0,0,0,0,1,1,1,2,1,aleatorio,1
31,1,54,0,0,0,0,0,1,0,2,4,1,aleatorio,1
68,1,39,0,0,0,0,1,0,0,0,0,0,aleatorio,0
28,1,56,0,0,0,0,1,0,0,1,1,1,aleatorio,1
47,1,358,0,0,0,0,0,1,0,0,0,0,aleatorio,0
45,5,4,1,1,1,1,0,0,1,1,1,2,aleatorio,2
24,4,12,1,1,1,0,0,1,0,0,0,2,aleatorio,2
62,1,55,0,0,0,1,0,0,0,0,0,1,aleatorio,1
51,0,999,0,0,0,0,0,0,0,2,3,1,aleatorio,1
51,2,38,0,0,0,1,0,0,1,2,3,2,aleatorio,1
50,2,37,0,0,0,1,1,0,0,0,0,1,aleatorio,1
20,1,86,0,0,1,0,0,0,0,0,0,2,aleatorio,2
70,1,69,0,0,0,0,1,0,0,0,0,0,aleatorio,0
24,1,194,0,0,0,0,0,0,1,0,0,0,aleatorio,0
34,1,4,0,0,0,0,0,1,0,0,0,2,aleatorio,0
70,3,13,1,0,0,0,1,0,1,0,0,1,aleatorio,1
18,1,6,0,0,1,0,0,0,0,0,1,2,aleatorio,2
55,2,36,0,0,0,0,1,0,1,0,0,0,aleatorio,0
30,2,60,0,0,0,0,1,1,0,0,0,0,aleatorio,0
40,2,7,1,0,1,0,0,1,0,1,3,2,aleatorio,2
28,5,2,1,0,0,1,1,1,1,4,4,2,aleatorio,2
56,1,11,0,0,0,0,0,0,1,0,0,0,aleatorio,0
28,1,2,0,0,0,0,1,0,0,0,0,0,aleatorio,0
61,2,37,0,0,1,0,0,0,0,0,1,2,aleatorio,2
29,1,63,0,0,0,0,0,1,0,0,0,0,aleatorio,0
57,2,28,1,0,0,1,0,1,0,0,0,2,aleatorio,2
46,2,28,1,0,0,0,0,1,0,0,0,1,aleatorio,1
50,1,4,0,0,0,0,0,0,1,0,0,0,aleatorio,0
55,3,17,1,0,0,1,1,0,1,0,0,2,aleatorio,2
63,2,2,1,1,0,1,0,0,0,1,1,2,aleatorio,2
39,1,26,0,0,0,1,0,0,0,0,0,1,aleatorio,1
50,4,9,1,0,0,0,0,1,1,0,0,1,aleatorio,1
69,1,28,0,0,0,0,1,0,0,0,0,0,aleatorio,0
64,1,58,0,0,0,1,0,0,0,0,0,1,aleatorio,1
37,4,39,0,1,1,0,0,0,1,2,3,2,aleatorio,2
56,1,36,0,0,0,0,0,0,1,0,0,0,aleatorio,0
56,1,262,0,0,0,0,0,1,0,0,0,0,aleatorio,0
59,1,28,0,0,0,0,1,0,0,1,1,0,aleatorio,1
70,3,9,1,0,1,1,1,0,0,1,1,2,aleatorio,2
43,1,108,0,0,0,0,1,0,0,0,0,0,aleatorio,0
26,4,23,1,1,0,0,1,0,1,2,2,2,aleatorio,2
26,1,43,0,0,0,0,0,1,0,0,0,0,aleatorio,0
61,4,7,1,0,0,0,1,0,1,0,1,1,aleatorio,1
41,1,26,0,0,0,1,0,0,0,1,2,1,aleatorio,1
20,1,45,0,0,0,0,1,0,0,0,0,0,aleatorio,0
58,1,177,0,0,0,0,0,1,0,0,0,0,aleatorio,0
37,4,14,1,1,0,1,1,1,0,2,2,2,aleatorio,2
54,2,43,0,0,0,0,0,1,0,0,0,0,aleatorio,0
35,1,344,0,0,0,0,0,0,1,0,1,0,aleatorio,0
20,3,5,1,1,0,0,1,0,0,0,3,2,aleatorio,2
47,4,8,1,0,0,0,1,0,1,2,2,2,aleatorio,2
39,4,2,1,0,1,1,1,1,0,0,0,2,aleatorio,2
69,1,215,0,0,0,1,0,0,0,0,0,1,aleatorio,1
56,3,5,1,0,1,0,0,1,1,0,0,2,aleatorio,2
36,1,200,0,1,0,0,0,0,0,2,3,2,aleatorio,2
68,4,8,1,0,1,0,1,1,1,0,0,2,aleatorio,2
55,1,54,0,0,0,1,0,0,0,0,0,1,aleatorio,1
45,5,4,1,0,0,1,0,1,1,0,0,2,aleatorio,2
23,1,25,0,0,0,0,1,0,0,1,1,1,aleatorio,1
68,3,7,1,0,0,0,1,1,0,0,0,1,aleatorio,1
33,1,7,0,0,0,0,0,0,1,0,0,0,aleatorio,0
20,1,239,0,0,0,0,1,0,0,0,0,0,aleatorio,0
46,1,18,0,0,0,0,0,1,0,0,0,0,aleatorio,0
60,1,13,0,0,0,0,1,0,0,0,0,0,aleatorio,0
45,5,2,1,0,0,1,0,1,1,1,2,2,aleatorio,2
30,2,35,0,1,0,0,0,0,1,1,2,2,aleatorio,2
38,1,271,0,0,0,0,0,0,1,0,0,0,aleatorio,0
58,2,135,0,0,0,0,1,0,1,0,0,0,aleatorio,0
68,1,106,0,0,0,0,0,1,0,0,0,0,aleatorio,0
31,3,123,0,0,0,0,1,0,1,0,0,0,aleatorio,0
61,6,0,1,1,1,1,1,1,0,0,0,2,aleatorio,2
66,4,14,1,0,0,0,1,1,0,0,0,1,aleatorio,1
66,2,13,1,0,0,0,0,1,1,2,3,2,aleatorio,2
29,5,2,1,0,1,0,1,0,1,0,0,2,aleatorio,2
43,1,375,0,0,0,0,0,0,1,0,0,0,aleatorio,0
25,3,8,1,1,1,0,0,0,1,2,3,0,aleatorio,2
52,4,10,1,1,1,0,0,1,0,0,0,0,aleatorio,2
29,2,22,1,0,0,0,1,0,0,0,0,1,aleatorio,1
58,1,144,0,0,0,0,0,0,1,0,0,0,aleatorio,0
59,6,3,1,0,0,1,1,1,1,2,3,2,aleatorio,2
40,1,50,0,0,0,0,0,1,0,0,0,2,aleatorio,0
44,2,10,1,0,1,0,1,0,0,0,0,2,aleatorio,2
33,3,27,1,0,0,0,1,1,1,0,1,1,aleatorio,1
60,1,158,0,0,0,1,0,0,0,0,0,1,aleatorio,1
32,1,14,0,0,0,0,0,0,1,0,0,2,aleatorio,0
43,3,259,0,0,0,1,0,1,1,2,2,1,aleatorio,1
56,1,13,0,0,0,0,0,1,0,0,0,0,aleatorio,0
45,2,1,1,0,0,0,1,1,0,0,0,1,aleatorio,1
55,1,0,0,0,0,0,0,0,1,0,0,0,aleatorio,0
51,1,324,0,0,0,0,0,0,1,0,0,0,aleatorio,0
23,2,16,1,0,0,0,0,0,1,0,2,1,aleatorio,1
69,5,3,1,0,1,1,0,1,0,0,0,2,aleatorio,2
60,2,7,1,0,0,0,1,0,0,0,0,1,aleatorio,1
62,2,51,0,0,0,1,1,0,0,0,0,1,aleatorio,1
49,4,6,1,0,1,1,1,0,0,0,0,2,aleatorio,2
35,1,224,0,0,0,0,0,1,0,0,0,0,aleatorio,0
26,1,83,0,0,0,0,0,0,1,0,0,0,aleatorio,0
19,5,6,1,1,1,0,1,0,1,0,0,2,aleatorio,2
25,1,45,0,0,0,0,0,0,1,0,0,0,aleatorio,0
65,2,9,1,0,0,1,0,0,1,1,1,2,aleatorio,2
33,4,10,1,1,0,0,0,1,1,1,2,2,aleatorio,2
51,4,35,0,1,0,0,1,1,1,0,0,2,aleatorio,2
64,1,80,0,0,0,1,0,0,0,1,1,1,aleatorio,1
26,5,14,1,1,1,0,1,1,0,0,0,2,aleatorio,2
44,1,53,0,0,0,0,0,0,1,1,2,1,aleatorio,1
51,1,16,0,0,0,0,1,0,0,0,0,0,aleatorio,0
47,1,0,0,0,0,1,0,0,0,0,0,1,aleatorio,1
31,3,10,1,1,1,0,0,0,1,0,0,2,aleatorio,2
34,1,171,0,0,0,0,0,1,0,0,1,0,aleatorio,0
55,1,36,0,0,0,0,0,0,1,0,0,0,aleatorio,0
27,1,105,0,0,0,0,1,0,0,0,1,0,aleatorio,0
58,3,212,0,0,0,1,0,1,0,0,0,1,aleatorio,1
54,3,0,1,1,0,0,0,0,0,0,0,1,aleatorio,2
45,1,42,0,0,0,0,1,0,0,0,0,0,aleatorio,0
23,1,88,0,0,0,1,0,0,0,0,0,1,aleatorio,1
50,1,37,0,0,0,0,0,0,1,1,2,1,aleatorio,1
29,2,31,0,1,0,0,1,0,0,0,0,0,aleatorio,2
57,1,21,0,0,0,0,1,0,0,0,0,0,aleatorio,0
31,3,254,0,0,0,0,1,1,0,0,0,1,aleatorio,0
57,1,54,0,0,0,0,1,0,0,1,1,1,aleatorio,1
21,1,327,0,0,0,0,0,1,0,0,0,0,aleatorio,0
25,1,302,0,0,0,0,0,1,0,0,0,0,aleatorio,0
23,4,23,1,0,1,1,1,1,0,0,0,2,aleatorio,2
70,2,7,1,0,0,0,0,0,1,0,0,1,aleatorio,1
21,1,93,0,0,0,0,0,0,1,0,0,0,aleatorio,0
50,4,4,1,1,0,0,1,1,0,1,1,2,aleatorio,2
20,1,25,0,0,0,0,0,1,0,1,1,1,aleatorio,1
32,2,56,0,0,0,0,0,1,1,0,1,0,aleatorio,0
60,1,43,0,0,0,0,0,1,0,0,0,0,aleatorio,0
20,0,999,0,0,0,0,0,0,0,1,1,1,aleatorio,1
52,3,12,1,0,0,0,1,0,0,0,0,1,aleatorio,1
34,1,344,0,0,0,0,1,0,0,0,0,0,aleatorio,0
50,2,183,0,0,0,0,1,0,0,0,0,0,aleatorio,0
29,2,26,1,0,0,1,0,1,0,1,1,2,aleatorio,2
51,1,116,0,0,0,0,1,0,0,0,0,0,aleatorio,0
60,6,6,1,1,0,0,0,1,1,0,0,2,aleatorio,2
42,2,33,0,0,0,0,1,0,1,0,1,0,aleatorio,0
59,1,21,0,0,0,0,1,0,0,0,1,1,aleatorio,0
18,1,294,0,0,0,0,0,0,1,0,0,0,aleatorio,0
57,2,36,0,0,1,0,0,0,1,2,3,2,aleatorio,2
57,2,78,0,0,0,1,1,0,0,0,0,1,aleatorio,1
47,1,3,0,0,0,0,0,0,1,0,0,0,aleatorio,0
41,4,36,0,0,0,0,1,1,1,0,0,0,aleatorio,0
37,2,15,1,0,0,0,1,0,1,0,0,1,aleatorio,1
19,1,31,0,0,0,0,0,1,0,0,0,0,aleatorio,0
28,1,28,0,0,0,0,0,0,1,0,0,0,aleatorio,0
43,5,1,1,1,0,1,1,0,1,0,1,2,aleatorio,2
68,2,7,1,0,0,0,0,0,1,2,2,2,aleatorio,2
63,2,54,0,0,0,0,0,1,1,0,0,1,aleatorio,0
30,1,325,0,0,0,0,0,1,0,0,0,0,aleatorio,0
45,1,321,0,0,0,0,0,1,0,0,0,0,aleatorio,0
55,1,301,0,0,0,0,0,1,0,0,0,2,aleatorio,0
49,3,12,1,1,0,0,0,1,1,0,1,0,aleatorio,2
30,3,0,1,0,0,1,0,1,0,0,0,2,aleatorio,2
25,1,15,0,0,0,1,0,0,0,0,0,1,aleatorio,1
49,2,20,1,0,0,0,0,0,1,0,0,1,aleatorio,1
32,3,11,1,0,0,1,1,0,1,0,0,2,aleatorio,2
44,6,15,1,1,0,1,1,1,1,0,1,2,aleatorio,2
23,2,185,0,0,0,0,0,1,1,0,0,0,aleatorio,0
67,4,19,1,0,0,0,1,0,1,1,1,1,aleatorio,1
50,1,282,0,0,0,0,1,0,0,0,0,0,aleatorio,0
55,1,125,0,0,0,0,0,1,0,0,1,0,aleatorio,0
19,4,3,1,0,1,1,0,1,1,0,0,2,aleatorio,2
23,1,59,0,0,0,1,0,0,0,1,2,1,aleatorio,1
51,2,10,1,0,1,1,0,0,0,0,0,2,aleatorio,2
40,4,46,0,0,0,1,1,1,0,0,0,1,aleatorio,1
67,1,22,0,0,0,0,1,0,0,0,0,0,aleatorio,0
29,4,11,1,1,1,1,0,1,0,1,1,2,aleatorio,2
33,4,49,0,0,0,0,1,1,0,0,1,0,aleatorio,0
19,2,87,0,0,0,1,1,0,0,0,0,1,aleatorio,1
59,3,5,1,0,0,1,0,1,0,1,1,2,aleatorio,2
55,1,14,0,0,0,1,0,0,0,1,1,2,aleatorio,2
30,1,339,0,0,0,0,0,0,1,0,0,0,aleatorio,0
43,6,0,1,0,0,1,1,1,1,0,0,1,aleatorio,2
47,1,324,0,0,0,1,0,0,0,0,0,1,aleatorio,1
54,1,210,0,0,0,1,0,0,0,3,3,1,aleatorio,1
31,2,31,0,0,0,0,1,1,0,0,0,0,aleatorio,0
47,2,4,1,0,0,0,0,0,1,0,0,1,aleatorio,1
52,1,220,0,0,0,0,1,0,0,0,0,0,aleatorio,0
33,3,7,1,1,1,0,0,1,0,0,0,2,aleatorio,2
45,3,11,1,0,1,1,0,0,1,0,0,2,aleatorio,2
42,2,19,1,0,0,0,1,1,0,0,0,1,aleatorio,1
62,6,1,1,1,1,0,0,1,1,2,2,2,aleatorio,2
47,1,47,0,0,0,0,0,1,0,0,0,0,aleatorio,0
55,1,50,0,0,0,0,0,0,1,0,0,0,aleatorio,0
28,2,174,0,0,0,0,1,1,0,0,0,0,aleatorio,0
33,5,13,1,1,0,0,1,1,0,0,1,2,aleatorio,2
18,1,6,0,0,0,1,0,0,0,0,0,1,aleatorio,1
40,2,42,0,0,0,1,0,1,0,0,0,1,aleatorio,1
26,1,1,0,0,0,0,0,1,0,0,2,0,aleatorio,0
37,3,44,0,0,0,0,1,1,0,0,0,0,aleatorio,0
40,1,380,0,0,0,1,0,0,0,0,0,1,aleatorio,1
31,1,201,0,0,0,0,0,0,1,0,0,0,aleatorio,0
18,2,46,0,0,0,1,0,0,1,0,0,1,aleatorio,1
68,2,191,0,0,0,0,1,0,1,1,1,0,aleatorio,1
40,3,14,1,1,1,1,0,0,0,0,0,2,aleatorio,2
34,0,999,0,0,0,0,0,0,0,2,2,1,aleatorio,1
39,1,3,0,0,0,0,0,0,1,0,0,2,aleatorio,0
49,2,24,1,0,1,0,0,0,1,0,0,2,aleatorio,2
33,1,214,0,0,0,0,0,1,0,0,0,0,aleatorio,0
54,1,49,0,1,0,0,0,0,0,0,0,2,aleatorio,2
64,1,11,0,0,0,0,0,0,1,0,0,0,aleatorio,0
25,4,13,1,0,0,0,1,1,0,0,0,1,aleatorio,1
66,1,0,0,0,0,0,1,0,0,2,2,2,aleatorio,2
38,1,55,0,0,0,0,0,0,1,0,0,0,aleatorio,0
19,1,11,0,0,0,0,0,0,1,0,0,0,aleatorio,0
63,1,12,0,0,0,1,0,0,0,0,0,1,aleatorio,1
46,1,249,0,0,0,0,1,0,0,0,0,0,aleatorio,0
39,1,22,0,0,0,0,1,0,0,0,0,0,aleatorio,0
40,1,4,0,1,0,0,0,0,0,1,2,2,aleatorio,2
39,1,38,0,0,0,0,1,0,0,0,0,0,aleatorio,0
52,3,8,1,0,0,0,1,1,1,0,0,1,aleatorio,1
62,3,19,1,0,0,0,1,0,0,0,0,1,aleatorio,1
25,2,29,1,0,0,0,1,0,1,0,0,1,aleatorio,1
47,3,11,1,0,0,0,1,1,0,0,0,1,aleatorio,1
43,2,50,0,0,1,0,0,1,0,1,1,2,aleatorio,2
18,2,2,1,0,0,1,0,1,0,2,3,0,aleatorio,2
45,1,56,0,0,0,0,1,0,0,0,0,0,aleatorio,0
62,1,368,0,0,0,0,0,0,1,0,0,0,aleatorio,0
21,4,7,1,1,0,1,1,1,0,1,1,2,aleatorio,2
60,3,101,0,1,1,0,0,1,0,0,0,2,aleatorio,2
34,1,22,0,0,0,0,1,0,0,1,1,1,aleatorio,1
55,1,2,0,0,0,0,0,0,1,0,1,0,aleatorio,0
69,1,33,0,0,1,0,0,0,0,2,2,2,aleatorio,2
43,5,4,1,0,1,0,0,1,1,4,4,0,aleatorio,2
33,4,8,1,0,0,1,0,1,1,0,0,2,aleatorio,2
21,2,175,0,0,0,0,1,0,1,0,0,0,aleatorio,0
69,3,2,1,0,0,1,1,1,0,0,0,2,aleatorio,2
32,1,154,0,0,0,0,1,0,0,0,0,1,aleatorio,0
18,1,7,0,0,0,0,1,0,0,0,0,0,aleatorio,0
52,0,999,0,0,0,0,0,0,0,1,1,1,aleatorio,1
61,1,35,0,0,0,1,0,0,0,0,1,1,aleatorio,1
27,1,27,0,0,0,0,0,1,0,0,0,0,aleatorio,0
30,2,1,1,0,0,0,0,1,1,0,0,2,aleatorio,1
40,2,34,0,0,0,0,1,1,0,0,0,0,aleatorio,0
38,1,31,0,0,0,0,0,1,0,0,0,0,aleatorio,0
29,6,0,1,1,0,1,0,1,0,0,0,2,aleatorio,2
60,3,11,1,0,0,0,0,0,1,0,0,1,aleatorio,1
64,2,25,1,1,0,0,0,0,1,0,0,2,aleatorio,2
33,1,7,0,0,0,0,0,1,0,0,0,0,aleatorio,0
35,2,13,1,0,0,0,0,1,0,0,0,1,aleatorio,1
25,5,38,0,1,0,0,1,0,1,0,0,2,aleatorio,2
39,1,15,0,0,0,0,0,0,1,0,0,0,aleatorio,0
25,2,60,0,0,0,0,1,0,1,1,1,1,aleatorio,1
60,1,42,0,0,0,0,0,0,1,0,0,0,aleatorio,0
39,1,58,0,0,0,1,0,0,0,0,0,1,aleatorio,1
29,4,5,1,1,1,1,0,1,0,0,0,0,aleatorio,2
50,2,1,1,0,1,0,1,0,0,1,1,2,aleatorio,2
29,6,1,1,0,1,1,0,1,1,0,0,2,aleatorio,2
39,1,135,0,0,0,0,0,1,0,3,3,1,aleatorio,1
66,1,303,0,0,0,0,1,0,0,0,0,0,aleatorio,0
57,4,9,1,1,0,1,0,0,0,0,3,2,aleatorio,2
62,3,10,1,0,0,1,1,1,0,0,0,2,aleatorio,2
25,5,12,1,1,1,1,0,0,1,0,0,2,aleatorio,2
64,3,41,0,0,0,1,0,1,0,0,0,1,aleatorio,1
68,1,272,0,0,0,0,0,0,1,1,3,1,aleatorio,1
47,3,6,1,1,0,0,1,0,0,0,0,2,aleatorio,2
62,5,4,1,0,0,1,1,1,0,1,1,2,aleatorio,2
25,1,58,0,0,0,0,0,0,1,0,0,0,aleatorio,0
53,6,10,1,0,1,1,0,1,0,0,0,2,aleatorio,2
47,3,51,0,0,0,0,1,1,1,0,0,0,aleatorio,0
68,1,1,0,0,0,0,0,0,1,0,0,0,aleatorio,0
70,2,8,1,1,0,0,1,0,0,1,1,2,aleatorio,2
24,1,40,0,0,0,0,1,0,0,0,0,0,aleatorio,0
67,5,14,1,0,1,1,0,1,0,1,3,2,aleatorio,2
43,1,117,0,0,1,0,0,0,0,1,1,2,aleatorio,2
53,4,79,0,0,1,1,0,1,1,0,1,2,aleatorio,2
29,2,2,1,0,0,0,0,1,1,0,1,1,aleatorio,1
63,1,60,0,0,0,0,0,0,1,1,1,1,aleatorio,1
25,2,23,1,0,0,0,0,1,1,2,2,1,aleatorio,1
31,1,265,0,0,0,1,0,0,0,1,1,1,aleatorio,1
58,4,2,1,1,1,1,0,0,0,1,1,2,aleatorio,2
22,1,41,0,0,0,0,1,0,0,2,2,1,aleatorio,1
47,1,380,0,0,0,0,0,1,0,0,0,0,aleatorio,0
57,1,58,0,0,0,1,0,0,0,0,0,1,aleatorio,1
59,1,274,0,0,0,0,0,1,0,0,0,0,aleatorio,0
22,1,114,0,0,0,0,0,0,1,2,2,1,aleatorio,1
31,3,8,1,0,0,0,1,1,1,0,0,1,aleatorio,1
45,3,46,0,0,0,1,0,0,1,2,3,1,aleatorio,1
24,1,11,0,0,0,0,1,0,0,0,0,0,aleatorio,0
63,1,243,0,0,1,0,0,0,0,1,2,2,aleatorio,2
35,1,37,0,0,1,0,0,0,0,0,0,2,aleatorio,2
68,1,60,0,0,0,1,0,0,0,0,3,1,aleatorio,1
56,0,999,0,0,0,0,0,0,0,1,2,1,aleatorio,1
67,2,9,1,0,1,0,1,0,0,0,0,2,aleatorio,2
28,2,151,0,0,0,1,0,1,0,0,0,1,aleatorio,1
57,1,337,0,0,0,1,0,0,0,0,0,1,aleatorio,1
62,1,193,0,0,0,0,0,1,0,0,2,0,aleatorio,0
65,3,32,0,0,0,0,1,1,0,2,3,1,aleatorio,1
68,1,69,0,0,0,1,0,0,0,0,0,1,aleatorio,1
32,3,7,1,0,1,0,0,0,1,0,1,2,aleatorio,2
20,1,49,0,1,0,0,0,0,0,3,4,2,aleatorio,2
26,1,18,0,0,0,0,0,1,0,0,0,0,aleatorio,0
29,2,27,1,0,0,0,1,1,0,0,0,1,aleatorio,1
43,2,26,1,1,0,0,1,0,0,1,3,2,aleatorio,2
34,1,50,0,0,1,0,0,0,0,0,0,2,aleatorio,2
56,1,39,0,0,0,0,0,1,0,0,0,0,aleatorio,0
69,2,51,0,0,0,0,0,0,1,1,1,1,aleatorio,1
27,1,373,0,0,0,0,0,1,0,0,0,0,aleatorio,0
36,2,41,0,0,0,0,0,1,0,0,0,0,aleatorio,0
67,2,9,1,1,0,0,0,0,1,3,3,2,aleatorio,2
33,5,1,1,0,1,1,1,0,1,0,0,2,aleatorio,2
30,2,11,1,0,0,0,1,1,0,1,3,2,aleatorio,2
50,1,13,0,0,0,0,0,1,0,0,0,0,aleatorio,0
47,2,31,0,0,0,1,0,0,0,1,1,1,aleatorio,1
32,1,50,0,0,0,0,1,0,0,0,0,0,aleatorio,0
27,6,1,1,1,0,1,1,1,1,0,0,2,aleatorio,2
47,1,54,0,0,0,0,0,0,1,0,0,0,aleatorio,0
18,2,2,1,0,0,0,0,0,1,0,0,1,aleatorio,1
35,6,3,1,0,0,0,1,1,1,0,0,1,aleatorio,1
23,1,22,0,0,0,1,0,0,0,1,1,1,aleatorio,1
25,2,56,0,0,0,0,1,0,1,1,1,1,aleatorio,1
56,1,46,0,0,0,1,0,0,0,0,0,1,aleatorio,1
37,1,15,0,0,0,0,1,0,0,0,0,0,aleatorio,0
19,5,31,0,0,0,1,1,1,1,0,0,0,aleatorio,1
50,5,11,1,0,0,0,1,1,1,1,1,2,aleatorio,2
43,3,3,1,0,0,1,1,1,0,0,0,2,aleatorio,2
46,2,38,0,0,0,0,1,1,0,0,0,0,aleatorio,0
36,1,313,0,0,0,0,0,1,0,0,0,1,aleatorio,0
38,3,5,1,0,1,1,0,1,0,0,0,2,aleatorio,2
62,2,7,1,1,0,0,1,0,0,0,0,2,aleatorio,2
67,1,179,0,0,1,0,0,0,0,1,1,2,aleatorio,2
19,2,31,0,0,0,0,0,1,1,0,2,0,aleatorio,0
63,1,242,0,1,0,0,0,0,0,0,0,2,aleatorio,2
21,1,59,0,0,1,0,0,0,0,0,0,2,aleatorio,2
45,2,16,1,0,0,0,0,1,1,2,3,1,aleatorio,1
67,1,24,0,0,0,0,1,0,0,0,0,0,aleatorio,0
66,2,26,1,0,0,0,0,1,0,0,0,1,aleatorio,1
28,4,6,1,0,1,1,1,0,1,1,1,2,aleatorio,2
25,1,164,0,0,0,0,0,1,0,0,0,0,aleatorio,0
46,1,395,0,0,0,0,0,0,1,0,0,0,aleatorio,0
22,1,224,0,0,0,1,0,0,0,0,0,0,aleatorio,1
46,1,85,0,0,0,0,0,1,0,0,0,0,aleatorio,0
56,4,4,1,0,0,0,1,1,0,0,0,1,aleatorio,1
63,5,46,0,0,0,1,1,1,0,0,0,1,aleatorio,1
55,5,0,1,0,1,1,1,0,1,0,1,2,aleatorio,2
47,1,29,0,0,0,0,1,0,0,0,0,1,aleatorio,0
70,6,12,1,1,1,0,1,1,1,3,4,2,aleatorio,2
45,6,7,1,0,0,1,0,1,1,0,0,2,aleatorio,2
69,4,29,1,0,1,0,1,1,1,1,2,2,aleatorio,2
39,5,12,1,1,0,1,1,1,0,0,1,2,aleatorio,2
48,1,15,0,0,0,1,0,0,0,0,1,1,aleatorio,1
19,1,59,0,0,0,0,0,1,0,0,0,0,aleatorio,0
34,1,21,0,0,0,1,0,0,0,1,2,1,aleatorio,1
37,6,2,1,0,1,0,1,1,0,1,1,2,aleatorio,2
48,3,8,1,0,1,0,1,1,0,1,2,2,aleatorio,2
29,1,5,0,0,0,0,0,0,1,0,0,1,aleatorio,0
21,6,2,1,1,1,1,1,0,1,0,0,2,aleatorio,2
31,3,157,0,0,0,0,0,1,1,0,0,1,aleatorio,0
67,2,39,0,0,0,1,0,0,0,2,2,1,aleatorio,1
35,1,3,0,0,0,1,0,0,0,0,0,1,aleatorio,1
25,2,43,0,0,1,0,1,0,0,2,4,2,aleatorio,2
28,4,1,1,1,0,0,0,1,1,0,0,2,aleatorio,2
38,4,6,1,1,1,1,1,0,0,0,0,2,aleatorio,2
52,3,7,1,1,0,0,1,0,0,0,0,2,aleatorio,2
67,1,33,0,0,1,0,0,0,0,1,1,2,aleatorio,2
70,1,35,0,0,0,0,0,0,1,0,0,0,aleatorio,0
41,2,51,0,0,0,1,0,0,1,0,0,1,aleatorio,1
37,2,32,0,0,0,0,1,0,1,0,0,0,aleatorio,0
41,2,10,1,0,0,0,0,1,1,0,0,1,aleatorio,1
24,1,24,0,0,0,0,0,0,1,0,0,0,aleatorio,0
59,2,40,0,0,0,1,1,0,0,0,0,1,aleatorio,1
19,2,239,0,0,0,0,1,0,1,0,0,0,aleatorio,0
54,1,20,0,0,0,0,1,0,0,2,2,1,aleatorio,1
19,1,12,0,0,0,0,1,0,0,0,0,0,aleatorio,0
37,1,379,0,0,0,0,1,0,0,0,0,0,aleatorio,0
65,5,10,1,0,0,1,1,0,1,0,0,2,aleatorio,2
53,2,0,1,0,1,0,0,0,1,0,1,2,aleatorio,2
28,1,15,0,0,0,0,0,1,0,0,0,0,aleatorio,0
48,2,37,0,0,0,0,0,1,0,2,3,1,aleatorio,1
59,3,20,1,0,0,0,1,1,0,0,0,0,aleatorio,1
36,5,3,1,0,1,1,0,0,1,0,0,2,aleatorio,2
68,2,339,0,0,0,0,0,1,0,0,1,0,aleatorio,0
55,3,21,1,1,0,1,0,0,0,1,1,2,aleatorio,2
25,4,3,1,1,0,0,1,1,1,0,0,2,aleatorio,2
62,2,4,1,1,0,0,0,0,1,0,0,2,aleatorio,2
55,4,3,1,1,1,1,1,0,0,0,0,2,aleatorio,2
70,3,7,1,0,0,0,1,1,1,0,0,1,aleatorio,1
47,1,19,0,0,0,0,1,0,0,0,1,0,aleatorio,0
24,4,5,1,0,0,0,1,1,0,0,0,1,aleatorio,1
34,3,4,1,1,1,0,0,0,0,0,0,2,aleatorio,2
36,4,1,1,0,1,1,0,1,0,0,0,2,aleatorio,2
54,1,187,0,0,0,0,0,1,0,1,1,1,aleatorio,1
20,2,3,1,0,0,0,1,0,1,0,0,1,aleatorio,1
36,1,50,0,0,0,0,0,0,1,0,1,0,aleatorio,0
59,3,4,1,0,0,1,1,1,0,1,1,2,aleatorio,2
68,0,999,0,0,0,0,0,0,0,2,2,1,aleatorio,1
61,2,8,1,0,0,0,1,0,0,0,0,1,aleatorio,1
34,1,7,0,0,0,0,1,0,0,0,0,0,aleatorio,0
66,1,32,0,0,0,1,0,0,0,1,1,1,aleatorio,1
28,1,29,0,0,0,0,0,1,0,0,0,0,aleatorio,0
23,5,14,1,1,0,0,0,1,1,0,0,2,aleatorio,2
37,1,14,0,0,0,0,0,0,1,0,0,0,aleatorio,0
42,1,261,0,0,0,0,0,1,0,0,0,0,aleatorio,0
64,1,139,0,0,0,0,1,0,0,0,0,0,aleatorio,0
56,2,84,0,0,0,0,1,1,0,0,1,0,aleatorio,0
43,1,19,0,0,0,0,1,0,0,0,0,0,aleatorio,0
68,3,13,1,0,0,0,0,1,1,0,0,1,aleatorio,1
18,2,0,1,0,0,1,1,0,0,2,3,2,aleatorio,2
33,5,5,1,0,0,0,1,1,1,0,0,1,aleatorio,1
43,1,210,0,0,0,0,1,0,0,0,0,0,aleatorio,0
23,3,9,1,0,1,1,0,0,0,0,0,2,aleatorio,2
36,1,9,0,0,1,0,0,0,0,3,3,2,aleatorio,2
22,2,24,1,1,0,0,0,1,0,0,0,1,aleatorio,2
38,3,51,0,0,0,1,0,0,1,0,0,1,aleatorio,1
62,2,39,0,0,1,0,1,0,0,2,3,0,aleatorio,2
23,4,7,1,1,1,0,1,1,0,2,2,2,aleatorio,2
63,1,23,0,0,0,0,0,1,0,0,0,0,aleatorio,0
38,2,28,1,0,0,1,0,1,0,0,1,2,aleatorio,2
18,2,31,0,0,0,1,1,0,0,0,0,2,aleatorio,1
69,1,12,0,0,0,0,0,0,1,0,0,2,aleatorio,0
41,2,149,0,0,0,0,1,0,1,1,1,1,aleatorio,1
53,6,0,1,0,0,0,1,1,1,0,0,1,aleatorio,1
43,2,56,0,0,0,0,1,0,1,0,0,0,aleatorio,0
40,1,221,0,0,0,0,1,0,0,0,0,0,aleatorio,0
37,6,3,1,1,0,1,1,1,1,2,2,2,aleatorio,2
40,1,78,0,0,0,0,1,0,0,1,1,1,aleatorio,1
21,4,33,0,0,0,1,1,0,1,1,2,1,aleatorio,1
18,1,271,0,0,0,0,0,0,1,0,0,0,aleatorio,0
23,6,0,1,1,0,1,1,0,1,2,2,2,aleatorio,2
44,2,57,0,0,0,0,1,0,0,0,0,0,aleatorio,0
57,3,11,1,0,1,0,0,1,0,0,0,2,aleatorio,2
39,1,312,0,0,0,0,0,1,0,0,1,2,aleatorio,0
26,3,7,1,1,0,0,0,1,1,0,0,2,aleatorio,2
65,1,252,0,0,0,0,1,0,0,0,1,0,aleatorio,0
54,1,227,0,0,0,0,0,1,0,0,1,0,aleatorio,0
30,6,1,1,1,0,0,1,1,0,0,0,1,aleatorio,2
42,2,14,1,1,0,0,1,0,0,0,0,2,aleatorio,2
26,1,337,0,0,0,0,0,0,1,0,0,0,aleatorio,0
45,2,4,1,0,0,1,0,1,0,2,4,2,aleatorio,2
49,1,10,0,0,1,0,0,0,0,0,0,2,aleatorio,2
43,1,44,0,0,0,0,0,1,0,1,1,1,aleatorio,1
40,4,34,0,1,1,0,1,0,0,1,3,0,aleatorio,2
44,4,12,1,1,0,0,1,0,0,0,0,1,aleatorio,2
48,2,30,1,0,0,1,1,0,0,2,3,2,aleatorio,2
59,1,227,0,0,0,0,1,0,0,0,0,0,aleatorio,0
67,3,53,0,0,0,1,1,0,1,3,4,1,aleatorio,1
65,1,1,0,0,0,1,0,0,0,2,2,0,aleatorio,2
48,2,11,1,1,0,0,0,0,1,0,0,2,aleatorio,2
56,6,4,1,0,0,1,1,1,1,0,0,2,aleatorio,2
23,3,3,1,0,1,0,0,0,1,0,0,2,aleatorio,2
64,2,3,1,0,0,1,0,0,1,0,1,2,aleatorio,2
27,1,12,0,0,0,0,1,0,0,0,0,0,aleatorio,0
38,1,67,0,0,0,0,1,0,0,0,0,0,aleatorio,0
44,1,39,0,0,0,0,0,1,0,0,1,0,aleatorio,0
28,0,999,0,0,0,0,0,0,0,1,1,1,aleatorio,1
41,3,21,1,0,0,0,0,1,1,1,1,1,aleatorio,1
29,2,33,0,0,0,0,0,1,1,0,0,0,aleatorio,0
52,3,8,1,0,1,0,1,0,0,0,0,2,aleatorio,2
57,4,0,1,0,0,1,0,1,1,0,0,2,aleatorio,2
34,2,8,1,1,1,0,0,0,0,0,0,2,aleatorio,2
51,1,361,0,0,0,0,0,1,0,0,1,0,aleatorio,0
40,3,0,1,0,0,0,0,1,0,0,0,1,aleatorio,1
45,4,3,1,1,0,1,0,1,0,3,3,2,aleatorio,2
33,1,102,0,0,0,0,1,0,0,0,0,0,aleatorio,0
33,5,7,1,1,1,1,1,1,0,0,0,2,aleatorio,2
67,5,0,1,0,1,1,1,1,0,0,0,2,aleatorio,2
22,1,34,0,0,0,0,1,0,0,0,0,0,aleatorio,0
43,1,48,0,1,0,0,0,0,0,0,0,2,aleatorio,2
58,2,2,1,0,0,0,0,1,1,0,1,1,aleatorio,1
38,1,14,0,0,0,0,0,1,0,0,0,0,aleatorio,0
48,1,4,0,0,0,0,0,1,0,0,0,0,aleatorio,0
24,1,367,0,0,0,1,0,0,0,1,1,1,aleatorio,1
59,1,290,0,0,0,0,0,1,0,0,0,1,aleatorio,0
53,1,166,0,0,0,0,0,0,1,0,0,0,aleatorio,0
38,2,21,1,0,0,0,1,1,0,0,0,1,aleatorio,1
66,1,4,0,0,0,0,0,0,1,0,0,0,aleatorio,0
57,1,57,0,0,0,0,1,0,0,0,0,0,aleatorio,0
26,4,1,1,0,0,0,1,1,0,0,0,1,aleatorio,1
54,1,378,0,0,0,0,0,1,0,1,1,1,aleatorio,1
50,1,212,0,0,0,0,0,0,1,0,0,0,aleatorio,0
33,2,0,1,0,0,0,0,0,1,0,0,1,aleatorio,1
43,5,0,1,1,0,0,0,1,1,0,0,2,aleatorio,2
67,1,15,0,0,0,0,1,0,0,0,0,0,aleatorio,0
64,1,23,0,0,0,0,0,1,0,0,0,0,aleatorio,0
23,1,1,0,0,0,1,0,0,0,0,0,1,aleatorio,1
40,1,11,0,0,0,0,0,0,1,0,0,1,aleatorio,0
69,2,2,1,0,1,1,0,0,0,1,1,2,aleatorio,2
37,1,59,0,0,0,0,1,0,0,0,0,0,aleatorio,0
33,2,33,0,0,0,0,1,1,0,0,2,0,aleatorio,0
43,6,3,1,0,0,1,1,0,1,0,0,1,aleatorio,2
51,4,3,1,0,1,0,1,0,1,1,1,2,aleatorio,2
67,6,1,1,0,0,0,1,1,1,0,0,1,aleatorio,1
63,1,87,0,0,0,0,1,0,0,0,0,0,aleatorio,0
38,1,258,0,0,0,0,1,0,0,0,0,0,aleatorio,0
44,1,118,0,0,0,0,0,0,1,0,0,0,aleatorio,0
50,1,47,0,0,1,0,0,0,0,0,0,2,aleatorio,2
46,3,14,1,1,0,0,0,0,1,1,1,2,aleatorio,2
28,2,15,1,0,0,0,1,0,1,0,0,1,aleatorio,1
60,2,32,0,0,0,0,1,1,0,0,0,0,aleatorio,0
25,1,11,0,0,0,0,1,0,0,0,0,1,aleatorio,0
24,1,44,0,0,0,0,1,0,0,0,0,0,aleatorio,0
69,1,102,0,0,0,1,0,0,0,0,0,1,aleatorio,1
60,2,0,1,1,0,0,1,0,0,2,3,2,aleatorio,2
70,1,28,0,0,0,0,1,0,0,0,0,0,aleatorio,0
41,3,3,1,1,0,0,0,1,0,0,0,2,aleatorio,2
18,5,13,1,0,1,0,1,1,0,0,0,0,aleatorio,2
66,4,1,1,1,1,0,0,0,0,0,0,2,aleatorio,2
25,5,12,1,0,1,0,1,1,1,2,2,0,aleatorio,2
22,5,5,1,1,1,1,0,1,0,0,0,2,aleatorio,2
46,1,35,0,0,0,0,0,1,0,0,1,0,aleatorio,0
69,2,55,0,0,0,0,0,1,0,0,0,0,aleatorio,0
21,1,78,0,0,0,0,1,0,0,1,1,1,aleatorio,1
66,2,49,0,0,0,0,0,1,1,0,0,0,aleatorio,0
27,3,11,1,1,0,1,1,0,0,0,0,2,aleatorio,2
22,3,188,0,0,0,0,1,0,1,0,0,0,aleatorio,0
51,6,8,1,1,1,0,1,0,1,0,0,2,aleatorio,2
39,2,31,0,1,0,0,0,0,1,1,1,2,aleatorio,2
45,1,4,0,0,0,0,0,0,1,0,0,0,aleatorio,0
44,3,5,1,1,1,0,1,0,0,0,0,0,aleatorio,2
19,1,3,0,0,0,0,0,1,0,0,0,0,aleatorio,0
49,1,53,0,0,0,0,0,0,1,0,0,0,aleatorio,0
38,2,9,1,0,1,0,1,0,0,0,0,2,aleatorio,2
49,1,38,0,0,0,0,0,0,1,0,0,0,aleatorio,0
22,1,16,0,0,0,0,0,0,1,0,0,0,aleatorio,0
33,1,192,0,0,0,0,0,1,0,1,1,1,aleatorio,1
24,2,6,1,0,0,0,1,0,1,2,4,2,aleatorio,2
18,3,3,1,0,1,0,1,0,0,0,0,2,aleatorio,2
22,1,347,0,0,0,0,0,0,1,0,0,0,aleatorio,0
60,2,286,0,0,0,0,1,0,0,0,0,0,aleatorio,0
42,2,54,0,0,0,1,0,0,1,1,1,1,aleatorio,1
55,2,6,1,0,0,0,0,0,1,0,0,1,aleatorio,1
66,1,15,0,0,0,0,1,0,0,0,0,0,aleatorio,0
70,1,361,0,0,0,0,0,0,1,0,0,0,aleatorio,0
46,3,3,1,0,0,0,1,0,1,0,0,1,aleatorio,1
30,2,8,1,0,0,0,1,0,1,0,0,1,aleatorio,1
28,4,5,1,0,0,0,1,1,1,0,0,1,aleatorio,1
26,2,45,0,0,0,0,1,0,0,0,0,0,aleatorio,0
33,1,29,0,0,0,1,0,0,0,0,0,2,aleatorio,1
33,3,4,1,0,0,1,0,0,1,0,0,2,aleatorio,2
42,1,14,0,0,0,0,0,1,0,0,0,0,aleatorio,0
69,1,309,0,0,0,0,0,0,1,0,0,0,aleatorio,0
27,1,27,0,0,0,0,1,0,0,0,0,0,aleatorio,0
38,3,44,0,0,0,0,0,1,1,0,0,0,aleatorio,0
18,1,0,0,0,0,1,0,0,0,0,0,1,aleatorio,1
31,3,15,1,0,0,1,0,1,1,0,1,0,aleatorio,2
60,2,2,1,1,0,1,0,0,0,3,3,2,aleatorio,2
38,1,40,0,0,0,0,0,0,1,0,0,0,aleatorio,0
49,6,0,1,0,1,0,0,1,1,0,0,2,aleatorio,2
28,1,20,0,0,0,0,0,0,1,0,0,0,aleatorio,0
37,2,43,0,0,0,0,0,1,1,0,0,0,aleatorio,0
43,3,3,1,0,1,0,0,1,1,1,1,2,aleatorio,2
37,2,4,1,0,0,0,1,0,1,0,0,1,aleatorio,1
41,2,7,1,0,0,0,1,1,0,0,0,1,aleatorio,1
31,1,118,0,1,0,0,0,0,0,0,0,1,aleatorio,2
36,3,15,1,0,1,0,1,1,0,0,0,2,aleatorio,2
53,2,13,1,0,0,0,1,1,0,0,0,1,aleatorio,1
54,1,53,0,0,0,1,0,0,0,0,0,0,aleatorio,1
66,1,51,0,0,0,0,0,1,0,0,0,0,aleatorio,0
54,2,5,1,0,0,0,0,1,0,0,0,1,aleatorio,1
21,1,11,0,0,0,1,0,0,0,0,0,0,aleatorio,1
40,3,11,1,0,0,0,0,1,1,0,0,1,aleatorio,1
68,1,30,0,0,0,0,1,0,0,1,1,1,aleatorio,1
50,6,3,1,0,0,1,1,1,0,1,1,2,aleatorio,2
33,4,14,1,0,1,1,0,0,1,2,3,2,aleatorio,2
65,1,43,0,0,0,0,1,0,0,0,0,1,aleatorio,0
44,1,35,0,0,0,0,1,0,0,0,1,1,aleatorio,0
38,0,999,0,0,0,0,0,0,0,1,1,0,aleatorio,1
62,4,27,1,1,0,0,0,0,1,3,3,2,aleatorio,2
66,5,6,1,0,1,0,1,1,1,1,2,2,aleatorio,2
20,6,11,1,0,1,1,1,1,0,0,0,2,aleatorio,2
53,6,0,1,1,1,1,0,1,0,0,0,2,aleatorio,2
26,6,5,1,1,0,0,1,1,0,0,0,2,aleatorio,2
50,3,5,1,0,1,0,1,1,0,2,4,2,aleatorio,2
70,2,33,0,0,0,0,1,0,0,0,0,0,aleatorio,0
49,2,49,0,0,0,0,1,0,0,0,0,0,aleatorio,0
54,1,288,0,0,0,0,1,0,0,0,0,0,aleatorio,0
32,5,11,1,1,1,0,1,1,1,0,0,2,aleatorio,2
64,1,28,0,0,0,0,0,1,0,0,0,1,aleatorio,0
56,1,27,0,0,0,1,0,0,0,1,1,1,aleatorio,1
61,3,11,1,1,0,0,1,1,0,0,0,2,aleatorio,2
23,1,72,0,0,0,0,0,1,0,0,0,0,aleatorio,0
19,2,2,1,0,0,0,0,1,1,0,0,1,aleatorio,1
41,1,190,0,0,0,1,0,0,0,0,0,1,aleatorio,1
34,2,325,0,0,0,0,1,1,0,0,1,0,aleatorio,0
56,2,46,0,0,0,0,1,1,0,0,0,0,aleatorio,0
68,1,25,0,0,1,0,0,0,0,0,0,2,aleatorio,2
21,3,2,1,0,1,1,0,1,0,1,2,2,aleatorio,2
40,1,20,0,0,0,1,0,0,0,3,4,1,aleatorio,1
65,5,12,1,0,1,0,1,1,1,1,1,2,aleatorio,2
41,0,999,0,0,0,0,0,0,0,1,1,1,aleatorio,1
25,3,11,1,0,0,0,0,1,1,0,0,1,aleatorio,1
25,1,155,0,0,0,0,1,0,0,0,2,0,aleatorio,0
62,2,33,0,1,0,0,0,1,0,3,4,2,aleatorio,2
32,3,6,1,0,1,1,0,0,0,0,0,2,aleatorio,2
59,6,0,1,0,1,1,1,1,1,0,0,2,aleatorio,2
22,1,99,0,0,0,0,0,1,0,0,0,0,aleatorio,0
50,3,10,1,0,1,1,1,0,0,1,1,2,aleatorio,2
69,1,5,0,0,0,1,0,0,0,0,1,1,aleatorio,1
35,2,56,0,0,0,0,0,1,1,0,0,0,aleatorio,0
35,5,6,1,0,0,0,1,1,1,0,0,1,aleatorio,1
57,3,0,1,0,1,1,1,0,0,0,0,2,aleatorio,2
61,3,27,1,0,0,0,1,0,0,1,1,2,aleatorio,1
40,3,47,0,1,1,0,0,1,0,0,0,2,aleatorio,2
46,2,22,1,0,0,0,1,0,1,0,0,1,aleatorio,1
21,1,3,0,0,0,0,1,0,0,0,0,0,aleatorio,0
25,0,999,0,0,0,0,0,0,0,2,2,1,aleatorio,1
38,4,11,1,1,1,0,1,0,0,0,0,2,aleatorio,2
47,3,0,1,1,0,1,0,1,0,0,0,2,aleatorio,2
47,2,2,1,0,0,0,0,1,0,0,1,1,aleatorio,1
56,2,235,0,1,0,0,1,0,0,0,0,2,aleatorio,2
19,4,19,1,0,1,1,1,0,1,1,1,2,aleatorio,2
59,1,2,0,0,0,0,0,1,0,0,0,0,aleatorio,0
59,3,6,1,1,0,0,1,0,0,2,2,2,aleatorio,2
45,1,19,0,0,0,0,0,0,1,2,2,1,aleatorio,1
53,1,45,0,0,0,0,0,1,0,2,2,1,aleatorio,1
60,3,3,1,0,0,0,0,1,0,0,0,1,aleatorio,1
54,1,0,0,0,0,0,1,0,0,0,0,0,aleatorio,0
55,3,107,0,0,0,0,1,1,1,0,0,0,aleatorio,0
30,1,9,0,0,0,0,0,1,0,0,0,0,aleatorio,0
58,3,4,1,1,0,0,1,0,1,0,0,2,aleatorio,2
25,1,10,0,0,0,1,0,0,0,0,0,1,aleatorio,1
31,1,123,0,0,0,0,0,0,1,0,0,0,aleatorio,0
49,4,36,0,0,0,0,1,0,1,0,0,0,aleatorio,0
36,1,11,0,0,0,0,0,0,1,0,0,0,aleatorio,0
53,1,46,0,0,0,0,0,0,1,0,0,0,aleatorio,0
50,2,2,1,1,0,0,1,0,0,0,0,1,aleatorio,2
23,1,60,0,0,0,0,0,0,1,0,0,2,aleatorio,0
42,1,109,0,0,0,0,1,0,0,0,0,0,aleatorio,0
41,1,130,0,0,0,0,1,0,0,0,0,0,aleatorio,0
34,3,4,1,1,0,1,0,0,0,0,0,2,aleatorio,2
18,1,52,0,0,0,0,0,1,0,0,0,0,aleatorio,0
63,2,3,1,0,0,0,1,0,1,0,0,1,aleatorio,1
42,2,10,1,0,0,0,1,1,0,0,0,1,aleatorio,1
51,1,5,0,0,0,0,0,0,1,0,0,0,aleatorio,0
57,4,2,1,0,0,1,1,1,1,0,0,2,aleatorio,2
69,1,0,0,0,0,0,0,0,1,0,0,0,aleatorio,0
68,3,10,1,0,0,0,0,0,1,0,1,1,aleatorio,1
63,3,36,0,0,0,0,1,1,0,0,0,0,aleatorio,0
45,2,36,0,0,0,1,1,0,0,0,0,1,aleatorio,1
28,1,204,0,0,0,0,0,1,0,2,2,1,aleatorio,1
49,2,2,1,0,0,0,0,1,0,0,1,0,aleatorio,1
50,1,2,0,0,0,0,0,1,0,0,1,0,aleatorio,0
42,2,58,0,0,0,0,0,1,1,0,1,0,aleatorio,0
20,5,7,1,1,0,1,1,1,0,1,2,2,aleatorio,2
59,1,347,0,0,0,0,0,1,0,0,0,0,aleatorio,0
69,1,11,0,0,0,1,0,0,0,2,2,2,aleatorio,2
34,5,20,1,0,1,1,0,1,1,0,0,2,aleatorio,2
65,3,17,1,0,0,0,1,1,0,0,0,1,aleatorio,1
41,5,26,1,0,1,0,1,0,1,0,0,2,aleatorio,2
19,1,240,0,0,0,0,0,1,0,1,1,1,aleatorio,1
24,1,11,0,0,0,0,0,1,0,0,0,0,aleatorio,0
44,1,5,0,0,0,0,1,0,0,0,0,0,aleatorio,0
21,1,27,0,0,0,0,0,1,0,0,0,0,aleatorio,0
20,1,31,0,0,0,0,1,0,0,0,0,0,aleatorio,0
27,2,243,0,0,0,0,1,0,1,0,0,0,aleatorio,0
38,3,10,1,0,0,0,1,1,0,0,0,1,aleatorio,1
67,3,47,0,0,0,0,1,1,0,0,1,0,aleatorio,0
28,2,91,0,0,0,1,1,0,0,0,0,1,aleatorio,1
44,2,51,0,0,0,0,1,0,0,0,1,0,aleatorio,0
64,1,41,0,0,0,0,1,0,0,1,1,0,aleatorio,1
52,2,45,0,0,0,0,0,1,0,0,0,0,aleatorio,0
42,0,999,0,0,0,0,0,0,0,3,4,1,aleatorio,1
63,1,319,0,0,0,0,1,0,0,0,0,1,aleatorio,0
28,2,20,1,0,0,1,1,0,0,0,0,2,aleatorio,2
28,1,9,0,0,0,0,0,1,0,0,0,0,aleatorio,0
54,2,0,1,0,0,1,1,0,0,0,0,2,aleatorio,2
32,2,5,1,0,0,0,0,1,0,0,0,1,aleatorio,1
43,1,109,0,0,0,0,1,0,0,0,0,0,aleatorio,0
23,3,42,0,0,0,0,1,1,1,0,0,0,aleatorio,0
29,1,6,0,0,0,0,0,0,1,0,0,0,aleatorio,0
26,2,0,1,0,0,0,1,0,0,0,0,1,aleatorio,1
26,2,44,0,0,0,1,0,0,0,0,0,1,aleatorio,1
60,2,10,1,0,0,0,0,1,1,0,0,1,aleatorio,1
57,1,50,0,0,0,0,0,1,0,0,0,0,aleatorio,0
62,2,11,1,0,1,1,0,0,0,0,0,1,aleatorio,2
38,1,135,0,0,0,0,1,0,0,0,0,0,aleatorio,0
63,6,1,1,1,1,1,0,0,1,0,0,2,aleatorio,2
27,4,16,1,0,1,1,0,1,0,0,0,2,aleatorio,2
59,1,276,0,0,0,0,0,0,1,0,1,0,aleatorio,0
21,1,40,0,0,0,0,0,0,1,0,0,0,aleatorio,0
37,1,77,0,0,0,0,0,0,1,0,2,0,aleatorio,0
37,1,29,0,1,0,0,0,0,0,1,1,2,aleatorio,2
70,2,0,1,0,0,0,1,1,0,0,0,1,aleatorio,1
32,1,11,0,0,0,0,0,0,1,0,0,0,aleatorio,0
39,3,112,0,0,0,1,1,0,0,1,1,2,aleatorio,1
27,1,32,0,0,0,0,1,0,0,0,0,0,aleatorio,0
22,2,132,0,0,0,1,1,0,0,0,0,1,aleatorio,1
44,1,36,0,0,0,0,0,1,0,1,1,1,aleatorio,1
20,3,43,0,0,0,0,1,1,0,0,0,0,aleatorio,0
62,1,17,0,0,0,0,0,1,0,1,1,1,aleatorio,1
63,3,4,1,0,0,0,0,1,1,0,0,1,aleatorio,1
26,2,54,0,0,0,0,1,0,1,0,4,0,aleatorio,0
32,2,4,1,0,0,0,0,1,1,0,0,1,aleatorio,1
22,2,0,1,0,0,0,0,1,0,0,0,1,aleatorio,1
40,1,43,0,0,0,1,0,0,0,2,2,1,aleatorio,1
28,3,2,1,1,1,0,1,0,0,3,3,2,aleatorio,2
54,1,39,0,0,0,0,1,0,0,0,0,0,aleatorio,0
36,3,9,1,0,0,0,1,1,0,0,0,1,aleatorio,1
35,5,36,0,0,0,1,1,1,0,0,0,1,aleatorio,1
68,3,2,1,1,0,0,1,0,0,0,2,2,aleatorio,2
32,3,21,1,0,1,1,0,0,1,1,1,2,aleatorio,2
20,2,53,0,0,0,0,0,0,1,1,1,1,aleatorio,1
39,3,55,0,0,0,1,0,0,1,1,1,1,aleatorio,1
33,1,20,0,0,0,0,0,1,0,0,2,0,aleatorio,0
49,2,20,1,0,0,0,0,1,1,2,2,1,aleatorio,1
20,1,363,0,0,0,0,0,1,0,0,0,0,aleatorio,0
36,4,3,1,1,1,1,0,1,0,0,0,2,aleatorio,2
35,1,91,0,0,0,0,1,0,0,0,0,0,aleatorio,0
29,2,5,1,1,1,0,0,0,0,0,1,2,aleatorio,2
34,2,237,0,0,0,0,0,1,0,0,0,0,aleatorio,0
59,2,7,1,1,0,1,0,0,0,1,2,2,aleatorio,2
50,2,26,1,0,1,0,0,1,0,1,1,2,aleatorio,2
59,1,10,0,0,1,0,0,0,0,1,1,2,aleatorio,2
55,2,41,0,0,0,1,1,0,0,2,2,1,aleatorio,1
69,2,10,1,0,0,0,1,1,0,0,0,1,aleatorio,1
44,0,999,0,0,0,0,0,0,0,2,4,2,aleatorio,1
50,2,19,1,0,0,0,0,1,1,0,0,1,aleatorio,1
63,2,44,0,0,0,0,0,0,1,0,0,0,aleatorio,0
39,3,12,1,0,0,0,1,1,1,0,0,1,aleatorio,1
59,1,34,0,0,0,1,0,0,0,0,0,1,aleatorio,1
38,1,105,0,0,0,0,0,0,1,0,0,0,aleatorio,0
54,1,191,0,0,0,1,0,0,0,0,0,1,aleatorio,1
45,1,43,0,0,0,0,0,0,1,0,0,0,aleatorio,0
36,1,303,0,0,0,1,0,0,0,0,0,1,aleatorio,1
68,1,17,0,0,0,0,0,0,1,1,2,1,aleatorio,1
24,1,16,0,0,0,0,0,1,0,0,0,0,aleatorio,0
49,5,16,1,0,0,0,1,1,1,0,0,1,aleatorio,1
24,5,15,1,1,0,1,1,1,0,0,0,2,aleatorio,2
31,2,10,1,0,0,0,0,1,0,1,2,2,aleatorio,2
56,1,189,0,0,0,1,0,0,0,0,0,1,aleatorio,1
30,5,1,1,1,1,0,1,0,0,0,0,2,aleatorio,2
59,3,0,1,1,0,0,1,0,1,1,1,2,aleatorio,2
39,2,52,0,0,0,0,1,0,1,4,4,1,aleatorio,1
55,4,3,1,0,0,0,1,1,1,0,0,1,aleatorio,1
67,1,164,0,0,0,0,1,0,0,2,2,1,aleatorio,1
44,3,2,1,1,0,0,1,0,1,2,2,2,aleatorio,2
22,2,17,1,0,0,0,1,1,0,2,2,1,aleatorio,1
22,2,178,0,0,1,0,0,1,0,1,1,2,aleatorio,2
58,1,52,0,0,0,0,0,1,0,0,0,0,aleatorio,0
36,4,10,1,1,0,0,1,1,1,0,0,2,aleatorio,2
20,6,4,1,0,0,0,1,1,1,0,0,1,aleatorio,1
28,1,105,0,0,1,0,0,0,0,2,2,2,aleatorio,2
38,5,2,1,1,0,1,0,1,0,1,1,2,aleatorio,2
20,1,317,0,0,0,1,0,0,0,0,0,1,aleatorio,1
54,2,1,1,0,0,0,0,1,0,2,2,2,aleatorio,2
49,2,45,0,0,0,0,0,1,1,0,0,0,aleatorio,0
19,3,18,1,0,0,0,1,1,1,0,0,1,aleatorio,1
70,1,40,0,0,0,0,1,0,0,0,0,0,aleatorio,0
58,1,5,0,0,0,0,0,1,0,0,0,0,aleatorio,0
49,1,102,0,0,0,0,0,1,0,0,0,0,aleatorio,0
66,1,9,0,0,1,0,0,0,0,0,0,2,aleatorio,2
33,1,74,0,0,0,0,0,0,1,0,1,0,aleatorio,0
46,2,34,0,0,0,1,0,0,1,0,0,1,aleatorio,1
57,1,19,0,0,0,0,1,0,0,0,0,2,aleatorio,0
37,2,17,1,0,1,0,1,0,0,3,3,2,aleatorio,2
31,2,51,0,0,0,1,1,0,0,0,0,1,aleatorio,1
43,1,49,0,0,0,0,0,1,0,0,0,0,aleatorio,0
38,3,210,0,0,0,1,1,1,0,0,0,1,aleatorio,1
38,3,5,1,0,0,1,1,1,0,2,2,2,aleatorio,2
67,1,343,0,0,0,0,0,1,0,0,0,0,aleatorio,0
48,1,6,0,0,0,0,0,1,0,0,1,0,aleatorio,0
24,3,38,0,0,0,1,0,0,1,0,0,1,aleatorio,1
68,1,293,0,0,0,0,1,0,0,2,3,1,aleatorio,1
54,4,7,1,0,0,0,1,1,0,0,0,1,aleatorio,1
26,2,2,1,0,0,0,1,1,0,0,0,1,aleatorio,1
39,4,2,1,0,1,0,1,1,1,0,0,2,aleatorio,2
52,3,15,1,0,0,0,1,0,1,0,0,1,aleatorio,1
27,6,11,1,1,1,1,0,0,1,0,0,2,aleatorio,2
26,6,0,1,1,1,0,1,0,1,0,0,2,aleatorio,2
61,3,10,1,0,0,0,0,1,1,0,0,1,aleatorio,1
38,5,2,1,1,0,0,1,1,1,0,0,1,aleatorio,2
23,1,6,0,0,0,0,0,1,0,1,1,2,aleatorio,2
58,1,15,0,0,0,0,1,0,0,0,1,0,aleatorio,0
22,1,44,0,0,0,0,0,0,1,0,0,0,aleatorio,0
49,1,50,0,0,0,0,1,0,0,0,0,0,aleatorio,0
42,1,283,0,0,0,0,1,0,0,0,0,0,aleatorio,0
40,1,60,0,0,0,0,1,0,0,0,0,0,aleatorio,0
42,1,5,0,0,0,0,1,0,0,0,0,0,aleatorio,0
50,1,38,0,0,0,0,0,0,1,0,0,0,aleatorio,0
32,6,1,1,1,0,1,1,1,1,0,0,2,aleatorio,2
62,2,6,1,0,0,0,0,0,1,0,0,1,aleatorio,1
70,3,32,0,0,1,0,0,0,1,0,1,2,aleatorio,2
60,3,48,0,0,0,0,0,1,1,1,1,1,aleatorio,1
35,2,167,0,0,0,0,0,1,1,0,0,0,aleatorio,0
32,2,121,0,0,0,1,0,1,0,2,4,1,aleatorio,1
52,1,27,0,1,0,0,0,0,0,0,0,2,aleatorio,2
54,1,188,0,0,0,0,0,1,0,0,0,0,aleatorio,0
47,3,39,0,0,0,1,0,1,1,0,0,1,aleatorio,1
61,1,27,0,0,0,0,0,1,0,0,0,0,aleatorio,0
39,4,21,1,0,1,1,1,0,0,0,0,2,aleatorio,2
23,3,3,1,1,0,0,1,0,1,3,4,2,aleatorio,2
19,4,2,1,1,0,0,1,0,1,0,0,2,aleatorio,2
66,2,48,0,0,0,0,1,0,1,0,0,0,aleatorio,0
40,1,12,0,0,0,0,0,1,0,0,0,0,aleatorio,0
34,1,60,0,0,0,0,1,0,0,0,1,2,aleatorio,0
19,3,5,1,1,0,0,1,0,0,2,2,2,aleatorio,2
32,1,18,0,0,0,0,0,0,1,1,2,1,aleatorio,1
57,1,2,0,0,0,0,0,0,1,0,0,1,aleatorio,0
56,3,6,1,0,1,1,0,1,0,0,0,2,aleatorio,2
40,2,36,0,0,0,0,1,1,0,0,0,0,aleatorio,0
66,3,101,0,0,0,0,1,0,1,0,0,0,aleatorio,0
29,1,34,0,0,0,0,1,0,0,0,0,0,aleatorio,0
37,2,4,1,0,0,1,1,0,0,0,0,2,aleatorio,2
70,4,11,1,0,0,0,1,0,1,0,0,1,aleatorio,1
64,1,1,0,0,0,0,0,0,1,0,0,0,aleatorio,0
60,2,40,0,0,0,1,0,1,0,2,2,1,aleatorio,1
29,1,3,0,0,0,0,0,1,0,0,0,0,aleatorio,0
28,1,59,0,0,0,0,0,0,1,1,1,1,aleatorio,1
62,1,364,0,0,0,1,0,0,0,0,0,1,aleatorio,1
64,4,6,1,0,0,1,0,1,0,1,1,2,aleatorio,2
53,1,100,0,0,0,0,0,0,1,0,0,0,aleatorio,0
54,1,352,0,0,0,0,1,0,0,0,0,0,aleatorio,0
54,1,34,0,0,0,1,0,0,0,0,2,1,aleatorio,1
30,1,219,0,0,0,0,1,0,0,0,0,0,aleatorio,0
70,1,53,0,0,0,0,0,0,1,1,1,1,aleatorio,1
63,1,3,0,0,0,1,0,0,0,0,0,1,aleatorio,1
35,2,9,1,0,0,0,1,0,0,0,0,1,aleatorio,1
44,1,17,0,0,0,0,1,0,0,0,0,0,aleatorio,0
30,1,57,0,0,0,0,0,1,0,0,0,0,aleatorio,0
48,1,102,0,0,0,0,0,0,1,0,0,0,aleatorio,0
34,1,12,0,0,0,0,0,1,0,0,0,0,aleatorio,0
20,1,224,0,0,1,0,0,0,0,1,1,2,aleatorio,2
54,1,303,0,0,0,1,0,0,0,0,0,1,aleatorio,1
52,2,3,1,0,1,0,1,0,0,0,0,2,aleatorio,2
60,4,4,1,0,1,1,1,0,0,0,0,2,aleatorio,2
66,1,17,0,0,0,0,1,0,0,0,0,0,aleatorio,0
57,2,39,0,0,0,0,0,1,0,1,1,1,aleatorio,1
56,5,9,1,0,0,0,1,0,1,0,0,1,aleatorio,1
28,1,26,0,0,0,0,0,0,1,0,0,0,aleatorio,0
69,1,41,0,0,0,0,0,1,0,0,0,0,aleatorio,0
51,1,5,0,0,0,0,1,0,0,0,0,0,aleatorio,0
58,3,54,0,0,0,1,0,0,1,1,1,1,aleatorio,1
26,6,5,1,1,1,0,0,1,1,0,0,2,aleatorio,2
37,6,0,1,0,0,1,1,1,0,1,2,2,aleatorio,2
65,0,999,0,0,0,0,0,0,0,2,2,1,aleatorio,1
26,2,1,1,1,0,1,0,0,0,0,0,2,aleatorio,2
63,2,38,0,0,0,0,1,1,0,0,0,0,aleatorio,0
35,1,0,0,1,0,0,0,0,0,0,0,2,aleatorio,2
51,2,125,0,0,0,0,0,1,1,0,1,0,aleatorio,0
30,5,37,0,0,0,1,1,1,1,2,2,1,aleatorio,1
55,5,3,1,1,0,1,0,1,1,3,3,2,aleatorio,2
40,3,0,1,1,0,1,0,1,0,0,0,2,aleatorio,2
45,3,9,1,1,0,0,1,1,0,0,0,2,aleatorio,2
40,2,176,0,0,0,0,0,1,0,0,0,0,aleatorio,0
40,2,33,0,0,0,0,1,1,0,0,0,0,aleatorio,0
56,1,278,0,0,0,1,0,0,0,3,4,1,aleatorio,1
32,1,265,0,0,0,0,0,1,0,0,0,0,aleatorio,0
59,6,6,1,1,0,1,1,1,1,0,0,0,aleatorio,2
70,5,1,1,0,0,0,1,1,1,0,0,1,aleatorio,1
58,1,8,0,0,0,0,0,1,0,0,0,0,aleatorio,0
23,2,6,1,0,0,0,1,1,0,0,0,1,aleatorio,1
31,0,999,0,0,0,0,0,0,0,2,2,1,aleatorio,1
20,1,13,0,0,0,1,0,0,0,0,0,1,aleatorio,1
57,1,52,0,0,0,0,0,1,0,1,1,1,aleatorio,1
57,1,43,0,0,0,0,1,0,0,0,0,0,aleatorio,0
26,1,6,0,0,0,1,0,0,0,0,0,1,aleatorio,1
23,3,3,1,0,0,1,1,0,0,1,1,2,aleatorio,2
52,1,70,0,0,0,0,0,0,1,0,0,0,aleatorio,0
29,1,354,0,0,0,0,1,0,0,0,1,2,aleatorio,0
50,3,86,0,0,0,1,1,1,0,0,0,0,aleatorio,1
26,2,13,1,0,0,0,0,0,1,0,0,1,aleatorio,1
45,1,221,0,0,0,0,0,0,1,0,0,0,aleatorio,0
53,1,46,0,0,0,1,0,0,0,2,4,1,aleatorio,1
29,2,17,1,0,0,0,0,1,1,0,0,2,aleatorio,1
49,4,23,1,0,0,0,1,1,1,0,0,1,aleatorio,1
20,2,13,1,0,0,1,0,1,0,2,2,2,aleatorio,2
68,2,124,0,0,0,0,0,1,1,2,2,1,aleatorio,1
50,2,192,0,1,0,1,0,0,0,0,0,2,aleatorio,2
50,5,9,1,0,1,1,0,1,0,2,2,2,aleatorio,2
57,1,254,0,0,0,1,0,0,0,0,0,1,aleatorio,1
57,1,154,0,0,0,0,0,0,1,0,0,0,aleatorio,0
58,1,26,0,0,0,0,0,0,1,0,0,0,aleatorio,0
52,4,4,1,0,0,0,0,1,1,0,0,1,aleatorio,1
33,2,2,1,0,0,0,0,0,1,0,0,1,aleatorio,1
70,3,39,0,0,0,0,1,1,0,0,0,0,aleatorio,0
69,5,15,1,0,1,1,1,1,1,1,3,2,aleatorio,2
37,1,44,0,0,0,0,1,0,0,1,1,1,aleatorio,1
19,1,14,0,0,0,0,0,1,0,0,0,2,aleatorio,0
39,1,40,0,0,0,1,0,0,0,0,0,1,aleatorio,1
60,1,396,0,0,0,0,0,0,1,0,0,0,aleatorio,0
26,1,58,0,0,0,1,0,0,0,0,0,1,aleatorio,1
42,1,25,0,0,0,0,0,1,0,0,0,0,aleatorio,0
21,1,337,0,0,0,0,0,0,1,0,0,0,aleatorio,0
50,1,148,0,0,0,1,0,0,0,0,0,1,aleatorio,1
50,5,7,1,0,0,0,1,0,1,0,0,1,aleatorio,1
47,1,3,0,0,0,1,0,0,0,0,0,1,aleatorio,1
62,2,13,1,0,0,0,0,1,0,0,0,1,aleatorio,1
31,3,13,1,0,1,0,1,0,1,2,2,2,aleatorio,2
41,1,152,0,0,0,0,1,0,0,1,2,1,aleatorio,1
62,3,4,1,0,0,0,1,1,1,0,0,1,aleatorio,1
50,1,5,0,0,1,0,0,0,0,1,2,1,aleatorio,2
30,5,8,1,1,0,0,1,1,1,0,0,2,aleatorio,2
63,2,14,1,0,0,0,0,1,1,0,0,1,aleatorio,1
30,1,377,0,0,0,0,0,1,0,0,1,0,aleatorio,0
23,2,28,1,0,0,1,0,0,1,0,0,2,aleatorio,2
57,2,2,1,0,0,0,0,1,1,0,0,1,aleatorio,1
62,2,12,1,0,1,0,1,0,0,1,2,2,aleatorio,2
70,2,1,1,0,0,0,1,1,0,0,0,1,aleatorio,1
62,5,8,1,1,0,0,0,1,1,1,1,2,aleatorio,2
62,2,278,0,1,0,1,0,0,0,0,0,2,aleatorio,2
20,2,15,1,0,0,0,1,1,0,0,0,1,aleatorio,1
60,1,141,0,0,0,0,0,0,1,0,0,1,aleatorio,0
38,3,50,0,0,1,0,0,1,0,0,0,2,aleatorio,2
24,1,29,0,0,0,1,0,0,0,2,2,1,aleatorio,1
33,2,7,1,0,0,0,0,1,0,0,0,1,aleatorio,1
33,5,14,1,1,1,0,0,1,1,0,0,2,aleatorio,2
34,0,999,0,0,0,0,0,0,0,3,4,2,aleatorio,1
41,1,223,0,0,0,0,1,0,0,1,2,1,aleatorio,1
36,2,11,1,0,0,0,0,1,0,0,0,1,aleatorio,1
55,1,14,0,1,0,0,0,0,0,0,0,2,aleatorio,2
31,5,29,1,1,1,0,0,1,1,0,0,2,aleatorio,2
32,6,0,1,0,1,0,1,0,1,0,0,2,aleatorio,2
55,1,11,0,0,0,0,0,1,0,0,0,0,aleatorio,0
44,1,65,0,0,0,0,1,0,0,1,1,1,aleatorio,1
24,3,37,0,0,0,0,1,1,1,1,2,1,aleatorio,1
32,4,20,1,0,0,0,1,1,0,0,0,1,aleatorio,1
70,6,6,1,1,1,0,1,1,1,0,0,2,aleatorio,2
54,1,26,0,0,0,0,0,1,0,0,0,1,aleatorio,0
57,3,55,0,0,0,0,0,1,1,0,3,0,aleatorio,0
67,1,30,0,0,0,0,0,0,1,0,0,0,aleatorio,0
42,6,2,1,0,0,0,1,0,1,0,0,1,aleatorio,1
23,3,48,0,0,0,0,1,1,0,0,0,0,aleatorio,0
48,3,7,1,0,0,0,1,1,1,0,0,2,aleatorio,1
61,3,44,0,0,0,0,1,1,1,1,4,2,aleatorio,1
28,4,25,1,1,1,1,0,0,1,0,0,2,aleatorio,2
60,1,5,0,0,0,0,0,1,0,0,0,0,aleatorio,0
47,1,23,0,0,0,0,0,1,0,0,0,0,aleatorio,0
57,1,294,0,0,0,0,1,0,0,0,0,0,aleatorio,0
70,2,13,1,0,0,0,1,0,1,0,0,1,aleatorio,1
39,4,2,1,0,0,1,1,0,1,0,0,2,aleatorio,2
32,2,10,1,0,0,0,1,0,0,0,0,2,aleatorio,1
69,1,5,0,0,0,0,1,0,0,0,0,0,aleatorio,0
52,1,46,0,0,0,0,0,1,0,1,1,1,aleatorio,1
43,1,316,0,0,0,0,0,0,1,0,0,0,aleatorio,0
53,6,5,1,1,0,1,0,0,1,0,0,2,aleatorio,2
56,3,53,0,0,0,1,0,0,1,0,0,1,aleatorio,1
44,1,23,0,0,0,0,1,0,0,0,0,1,aleatorio,0
37,3,4,1,0,0,0,1,1,1,2,4,2,aleatorio,2
26,2,8,1,0,1,0,1,0,0,0,0,0,aleatorio,2
64,1,39,0,0,0,0,1,0,0,0,0,0,aleatorio,0
68,3,51,0,0,0,1,0,1,1,1,1,1,aleatorio,1
19,1,229,0,0,0,0,0,0,1,0,0,0,aleatorio,0
43,2,241,0,0,0,0,1,0,0,0,0,0,aleatorio,0
22,1,8,0,0,0,0,1,0,0,0,0,0,aleatorio,0
30,4,5,1,0,0,1,1,0,1,0,0,2,aleatorio,2
37,3,53,0,0,1,0,1,1,0,0,0,0,aleatorio,2
36,3,3,1,1,1,0,0,1,0,0,1,2,aleatorio,2
48,1,21,0,0,0,0,1,0,0,0,0,0,aleatorio,0
38,5,3,1,1,1,0,0,1,1,1,1,0,aleatorio,2
69,2,28,1,0,0,0,0,1,1,0,0,1,aleatorio,1
29,6,0,1,1,1,1,0,1,1,0,1,2,aleatorio,2
19,1,5,0,0,0,0,0,0,1,0,0,0,aleatorio,0
38,4,10,1,0,1,0,1,0,1,0,0,1,aleatorio,2
47,1,41,0,0,1,0,0,0,0,0,0,2,aleatorio,2
59,1,3,0,0,0,0,0,0,1,0,0,0,aleatorio,0
53,2,3,1,0,0,0,1,0,1,0,1,1,aleatorio,1
31,1,178,0,0,0,0,0,1,0,0,0,0,aleatorio,0
66,1,255,0,0,0,1,0,0,0,0,0,1,aleatorio,1
62,3,13,1,0,0,0,0,1,1,4,4,2,aleatorio,2
53,1,107,0,0,0,0,1,0,0,0,0,0,aleatorio,0
70,2,32,0,0,1,0,0,0,1,2,2,2,aleatorio,2
53,1,10,0,0,0,1,0,0,0,0,0,1,aleatorio,1
43,1,40,0,0,0,1,0,0,0,1,1,1,aleatorio,1
44,3,12,1,0,0,0,1,1,0,0,0,1,aleatorio,1
19,3,10,1,0,1,0,1,1,0,0,0,2,aleatorio,2
36,2,9,1,0,0,1,0,0,0,0,0,2,aleatorio,2
64,3,50,0,0,0,0,1,1,1,1,1,1,aleatorio,1
27,4,1,1,1,0,0,1,1,0,1,1,2,aleatorio,2
57,1,1,0,0,0,0,1,0,0,0,0,0,aleatorio,0
18,6,32,0,0,0,0,1,1,1,0,0,0,aleatorio,0
58,4,31,0,0,0,1,0,1,1,1,1,1,aleatorio,1
61,6,6,1,0,0,1,1,1,1,0,1,2,aleatorio,2
39,1,6,0,0,0,0,0,0,1,0,0,0,aleatorio,0
61,2,192,0,0,0,1,1,0,0,0,1,1,aleatorio,1
26,1,54,0,0,0,0,0,1,0,0,0,0,aleatorio,0
50,1,145,0,0,0,0,1,0,0,1,1,1,aleatorio,1
41,5,2,1,1,1,0,1,0,1,0,0,2,aleatorio,2
50,1,39,0,0,0,0,0,1,0,0,0,0,aleatorio,0
67,1,322,0,0,0,0,0,1,0,2,2,1,aleatorio,1
39,6,10,1,1,1,0,1,1,0,0,0,2,aleatorio,2
59,4,38,0,1,0,0,0,0,1,0,0,2,aleatorio,2
63,4,48,0,1,1,1,0,0,1,0,0,2,aleatorio,2
56,2,12,1,0,0,0,1,1,0,0,0,1,aleatorio,1
64,3,9,1,0,0,1,0,0,1,0,0,2,aleatorio,2
19,3,18,1,0,0,1,1,0,1,0,0,2,aleatorio,2
36,4,9,1,0,1,0,1,0,1,0,0,2,aleatorio,2
62,1,16,0,0,0,0,0,1,0,0,0,0,aleatorio,0
20,1,180,0,0,0,0,0,0,1,1,1,1,aleatorio,1
24,1,12,0,0,0,0,0,1,0,0,0,0,aleatorio,0
34,2,9,1,0,0,0,1,0,1,0,0,1,aleatorio,1
58,5,5,1,1,0,0,1,1,0,0,0,0,aleatorio,2
70,3,20,1,0,0,0,0,1,1,0,0,1,aleatorio,1
46,1,4,0,0,0,0,0,0,1,0,0,0,aleatorio,0
41,1,47,0,0,0,1,0,0,0,1,1,1,aleatorio,1
24,1,21,0,0,0,0,1,0,0,2,3,1,aleatorio,1
65,1,9,0,1,0,0,0,0,0,1,1,2,aleatorio,2
70,1,36,0,0,0,0,1,0,0,1,1,1,aleatorio,1
65,2,10,1,1,0,1,0,0,0,0,0,2,aleatorio,2
49,1,6,0,0,0,1,0,0,0,0,0,1,aleatorio,1
30,6,4,1,1,0,1,1,1,0,0,0,2,aleatorio,2
29,2,17,1,0,0,1,0,0,1,0,0,2,aleatorio,2
35,3,18,1,0,0,0,1,1,0,0,0,1,aleatorio,1
62,3,0,1,0,0,0,1,1,0,0,0,1,aleatorio,1
38,1,50,0,0,0,0,0,0,1,1,1,1,aleatorio,1
64,1,309,0,0,0,1,0,0,0,1,1,1,aleatorio,1
32,1,306,0,0,0,0,0,1,0,0,0,0,aleatorio,0
66,1,127,0,0,0,0,1,0,0,1,2,1,aleatorio,1
40,1,33,0,0,0,0,0,0,1,0,1,1,aleatorio,0
44,1,188,0,0,0,0,1,0,0,0,0,0,aleatorio,0
61,1,271,0,0,0,0,0,0,1,0,0,0,aleatorio,0
37,2,14,1,0,0,0,0,1,1,0,0,2,aleatorio,1
62,2,85,0,0,1,0,1,0,0,0,0,2,aleatorio,2
65,1,34,0,0,0,0,1,0,0,1,1,1,aleatorio,1
61,3,8,1,0,0,0,1,0,0,0,0,1,aleatorio,1
19,1,22,0,0,0,0,0,0,1,1,2,1,aleatorio,1
41,3,41,0,0,1,1,1,0,0,0,0,2,aleatorio,2
34,1,29,0,0,0,0,0,1,0,1,1,1,aleatorio,1
26,1,25,0,0,0,0,0,1,0,0,1,0,aleatorio,0
61,2,2,1,0,0,0,1,0,0,0,0,1,aleatorio,1
51,3,14,1,1,0,0,0,1,1,0,0,2,aleatorio,2
35,1,44,0,0,0,1,0,0,0,0,0,1,aleatorio,1
69,1,50,0,0,0,0,0,1,0,0,0,0,aleatorio,0
31,1,14,0,0,0,0,1,0,0,0,0,0,aleatorio,0
69,5,3,1,0,0,1,1,1,1,2,2,2,aleatorio,2
37,5,0,1,0,1,0,1,1,0,1,2,2,aleatorio,2
50,1,4,0,0,0,0,0,1,0,0,0,0,aleatorio,0
62,1,34,0,0,0,0,0,1,0,1,1,1,aleatorio,1
41,2,8,1,0,0,0,0,1,0,0,0,2,aleatorio,1
48,2,8,1,0,0,0,0,1,1,0,1,1,aleatorio,1
51,1,21,0,0,0,0,0,1,0,0,2,0,aleatorio,0
49,2,163,0,0,0,0,1,1,0,1,1,1,aleatorio,1
36,1,20,0,1,0,0,0,0,0,2,2,2,aleatorio,2
62,2,59,0,0,0,0,1,0,0,0,0,0,aleatorio,0
39,2,2,1,0,0,0,0,1,0,2,2,2,aleatorio,2
20,1,77,0,0,0,0,1,0,0,1,1,1,aleatorio,1
67,6,22,1,1,1,1,1,0,0,0,0,2,aleatorio,2
38,6,30,1,0,0,0,1,1,1,0,0,1,aleatorio,1
62,1,0,0,0,0,0,0,0,1,0,0,2,aleatorio,0
26,1,349,0,0,0,0,0,0,1,2,3,0,aleatorio,1
33,6,1,1,1,1,0,0,0,1,0,0,2,aleatorio,2
46,2,40,0,0,0,1,1,0,0,0,1,1,aleatorio,1
63,2,33,0,0,1,0,0,1,0,0,1,2,aleatorio,2
52,2,85,0,0,0,0,1,0,0,0,0,0,aleatorio,0
67,4,33,0,1,0,0,1,0,1,1,1,2,aleatorio,2
26,2,44,0,0,0,1,0,0,1,0,0,2,aleatorio,1
47,1,7,0,0,0,1,0,0,0,1,1,2,aleatorio,2
55,2,8,1,0,1,0,0,0,0,1,1,2,aleatorio,2
53,1,15,0,0,0,0,1,0,0,0,0,0,aleatorio,0
67,3,22,1,0,0,0,0,1,1,0,1,1,aleatorio,1
23,5,14,1,0,1,0,1,1,0,1,1,2,aleatorio,2
45,5,6,1,1,0,0,0,1,1,0,0,0,aleatorio,2
39,1,25,0,0,0,0,1,0,0,0,0,0,aleatorio,0
59,2,0,1,0,0,1,1,0,0,0,0,2,aleatorio,2
50,2,11,1,0,0,0,0,1,1,0,0,1,aleatorio,1
23,1,52,0,0,0,0,0,1,0,1,1,2,aleatorio,1
31,2,4,1,0,0,0,1,0,1,0,0,1,aleatorio,1
62,1,26,0,0,0,0,1,0,0,0,0,0,aleatorio,0
19,2,47,0,0,0,0,0,0,1,1,1,1,aleatorio,1
41,1,290,0,0,1,0,0,0,0,1,1,2,aleatorio,2
68,3,8,1,0,0,0,1,1,1,0,0,1,aleatorio,1
63,1,71,0,0,0,0,0,1,0,0,0,0,aleatorio,0
24,1,8,0,0,0,1,0,0,0,0,0,1,aleatorio,1
61,2,2,1,0,0,0,0,1,0,0,0,1,aleatorio,1
50,2,152,0,1,0,0,0,1,0,0,0,2,aleatorio,2
48,1,300,0,0,0,0,0,1,0,0,0,0,aleatorio,0
29,3,33,0,0,0,0,1,1,0,0,0,0,aleatorio,0
33,1,231,0,0,0,0,1,0,0,0,0,0,aleatorio,0
34,4,49,0,0,0,1,1,1,0,0,0,1,aleatorio,1
59,1,373,0,0,0,0,1,0,0,1,2,1,aleatorio,1
41,1,55,0,0,0,0,0,1,0,0,0,1,aleatorio,0
51,4,0,1,1,1,1,1,0,0,0,0,2,aleatorio,2
27,4,45,0,0,1,1,0,1,0,0,0,2,aleatorio,2
56,3,9,1,0,0,0,1,1,0,0,0,1,aleatorio,1
32,1,17,0,0,0,0,0,1,0,0,0,0,aleatorio,0
65,1,291,0,0,0,0,0,0,1,0,0,0,aleatorio,0
36,1,13,0,0,0,1,0,0,0,0,0,1,aleatorio,1
44,3,14,1,0,1,0,1,1,0,0,0,2,aleatorio,2
66,1,372,0,0,0,0,1,0,0,0,0,0,aleatorio,0
54,2,52,0,0,0,0,0,1,1,0,0,0,aleatorio,0
70,2,10,1,0,0,0,1,1,0,1,2,2,aleatorio,2
67,1,56,0,0,0,0,0,0,1,2,4,0,aleatorio,1
67,1,2,0,0,0,0,1,0,0,0,0,0,aleatorio,0
39,2,9,1,0,0,0,1,0,1,2,3,2,aleatorio,2
61,2,28,1,0,0,0,0,1,1,0,0,1,aleatorio,1
34,1,188,0,0,0,0,0,1,0,0,0,0,aleatorio,0
68,1,2,0,0,0,0,0,1,0,0,0,0,aleatorio,0
31,1,36,0,0,0,0,1,0,0,1,1,1,aleatorio,1
33,3,21,1,1,0,1,1,0,0,0,0,2,aleatorio,2
21,4,2,1,1,0,0,0,1,1,3,3,2,aleatorio,2
39,3,12,1,1,1,0,0,0,1,2,2,2,aleatorio,2
33,4,2,1,0,0,0,1,1,1,0,0,1,aleatorio,1
38,1,168,0,0,0,0,0,1,0,0,0,0,aleatorio,0
50,2,131,0,0,0,0,0,1,1,0,0,0,aleatorio,0
39,2,0,1,0,0,1,0,1,0,1,1,2,aleatorio,2
35,2,3,1,0,0,0,0,1,0,0,0,1,aleatorio,1
43,1,7,0,0,0,0,1,0,0,0,1,0,aleatorio,0
19,1,42,0,0,0,0,1,0,0,0,0,0,aleatorio,0
58,1,30,0,0,1,0,0,0,0,0,1,1,aleatorio,2
66,1,37,0,0,0,0,0,1,0,0,0,0,aleatorio,0
52,2,37,0,1,0,0,1,0,0,0,0,2,aleatorio,2
48,1,3,0,0,0,0,0,1,0,0,1,0,aleatorio,0
33,3,43,0,0,0,0,1,0,1,0,0,2,aleatorio,0
26,2,5,1,0,0,0,1,0,1,0,0,1,aleatorio,1
39,5,0,1,1,0,1,1,0,1,0,0,2,aleatorio,2
59,2,47,0,0,0,0,1,0,0,0,0,2,aleatorio,0
57,1,4,0,0,0,0,0,0,1,0,0,1,aleatorio,0
64,1,330,0,0,1,0,0,0,0,0,0,2,aleatorio,2
44,2,37,0,0,0,0,0,0,1,0,0,0,aleatorio,0
30,2,155,0,0,0,0,1,0,0,0,0,0,aleatorio,0
46,1,19,0,0,0,0,1,0,0,0,0,0,aleatorio,0
29,2,7,1,0,0,1,0,0,1,1,1,2,aleatorio,2
29,0,999,0,0,0,0,0,0,0,1,1,1,aleatorio,1
58,1,206,0,0,0,0,1,0,0,1,3,1,aleatorio,1
47,2,60,0,0,0,0,1,1,0,0,0,0,aleatorio,0
67,1,30,0,0,0,0,0,1,0,1,1,1,aleatorio,1
34,3,39,0,0,1,1,1,0,0,1,2,2,aleatorio,2
70,1,82,0,0,0,0,0,0,1,0,0,0,aleatorio,0
23,1,340,0,0,0,1,0,0,0,0,0,1,aleatorio,1
41,3,9,1,1,1,1,0,0,0,0,0,2,aleatorio,2
44,1,359,0,0,0,1,0,0,0,0,0,1,aleatorio,1
36,4,45,0,0,1,1,0,1,0,0,0,2,aleatorio,2
26,1,51,0,0,0,0,0,1,0,0,0,0,aleatorio,0
47,1,318,0,1,0,0,0,0,0,1,1,2,aleatorio,2
61,2,51,0,1,0,0,1,0,0,0,0,2,aleatorio,2
42,3,13,1,0,0,0,1,1,1,0,1,2,aleatorio,1
57,2,41,0,0,0,1,1,0,0,3,3,1,aleatorio,1
49,1,3,0,0,0,0,0,1,0,0,0,0,aleatorio,0
44,1,46,0,0,0,0,1,0,0,0,0,0,aleatorio,0
61,1,8,0,0,0,0,0,0,1,0,0,0,aleatorio,0
53,3,37,0,0,0,1,0,1,0,1,1,1,aleatorio,1
21,3,3,1,1,0,0,1,1,0,0,0,2,aleatorio,2
65,1,154,0,0,0,0,0,0,1,1,1,1,aleatorio,1
22,1,22,0,0,0,0,0,1,0,0,0,0,aleatorio,0
64,2,16,1,0,0,0,0,1,1,0,0,1,aleatorio,1
29,3,16,1,0,0,0,1,1,0,1,1,1,aleatorio,1
67,3,5,1,0,1,0,1,0,0,0,0,1,aleatorio,2
39,2,23,1,0,1,0,0,0,0,0,1,2,aleatorio,2
47,3,153,0,0,0,0,1,1,1,0,1,0,aleatorio,0
43,1,259,0,0,0,0,0,1,0,0,0,0,aleatorio,0
29,3,6,1,0,0,0,1,0,1,1,1,2,aleatorio,2
47,0,999,0,0,0,0,0,0,0,1,1,1,aleatorio,1
68,4,10,1,1,0,0,1,1,0,0,0,2,aleatorio,2
67,3,24,1,0,0,0,1,1,1,0,0,1,aleatorio,1
39,5,0,1,0,1,1,1,1,1,0,1,2,aleatorio,2
62,3,2,1,0,0,0,1,0,1,0,0,2,aleatorio,1
61,2,193,0,0,0,0,0,1,1,0,0,0,aleatorio,0
30,2,158,0,0,0,1,1,0,0,0,0,1,aleatorio,1
52,2,31,0,0,0,0,0,1,1,0,0,0,aleatorio,0
24,2,36,0,0,0,1,1,0,0,1,1,1,aleatorio,1
24,2,4,1,0,0,0,1,1,0,0,0,1,aleatorio,1
66,1,19,0,0,0,0,1,0,0,0,0,0,aleatorio,0
44,1,4,0,0,0,0,0,0,1,0,0,0,aleatorio,0
41,5,8,1,1,0,1,0,1,1,1,2,2,aleatorio,2
25,5,8,1,0,1,0,1,0,1,0,0,1,aleatorio,2
52,2,11,1,0,0,0,1,0,1,0,0,1,aleatorio,1
59,1,239,0,0,0,0,1,0,0,0,0,0,aleatorio,0
47,1,140,0,0,0,1,0,0,0,0,0,1,aleatorio,1
52,1,28,0,0,0,0,0,1,0,0,1,0,aleatorio,0
37,2,44,0,0,0,1,0,0,1,0,0,1,aleatorio,1
60,2,10,1,0,1,1,0,0,0,0,0,1,aleatorio,2
51,1,26,0,0,0,0,1,0,0,0,0,0,aleatorio,0
58,2,12,1,0,0,0,0,1,1,0,0,1,aleatorio,1
62,3,50,0,0,0,0,1,1,0,0,0,0,aleatorio,0
35,1,16,0,0,1,0,0,0,0,0,0,1,aleatorio,2
64,2,7,1,0,0,0,1,1,0,0,1,1,aleatorio,1
63,6,1,1,1,1,1,0,1,0,1,2,2,aleatorio,2
40,3,0,1,0,1,0,1,0,1,1,1,1,aleatorio,2
43,1,103,0,0,0,0,0,0,1,0,0,0,aleatorio,0
47,1,6,0,0,0,1,0,0,0,1,1,2,aleatorio,2
60,2,28,1,0,0,0,1,0,1,1,1,1,aleatorio,1
50,1,6,0,0,0,0,0,1,0,0,0,0,aleatorio,0
45,3,50,0,0,0,1,0,1,1,1,1,1,aleatorio,1
38,1,22,0,0,0,0,0,0,1,0,1,0,aleatorio,0
22,1,12,0,0,0,1,0,0,0,0,0,1,aleatorio,1
61,1,23,0,0,0,1,0,0,0,0,0,1,aleatorio,1
69,2,15,1,0,0,1,0,1,0,0,0,2,aleatorio,2
38,3,5,1,0,0,1,0,1,1,1,1,2,aleatorio,2
20,1,206,0,0,0,0,0,0,1,0,0,0,aleatorio,0
28,5,0,1,1,0,0,1,1,0,0,0,2,aleatorio,2
32,1,330,0,0,0,1,0,0,0,0,1,1,aleatorio,1
54,2,88,0,0,0,0,1,1,0,0,0,0,aleatorio,0
59,3,8,1,0,0,0,1,1,1,0,0,1,aleatorio,1
33,1,73,0,0,0,0,0,1,0,0,0,0,aleatorio,0
38,4,12,1,1,0,0,0,1,0,0,0,2,aleatorio,2
67,1,305,0,0,0,0,0,0,1,0,0,0,aleatorio,0
53,6,17,1,1,0,0,1,1,1,1,2,2,aleatorio,2
48,1,82,0,0,0,0,0,1,0,0,0,2,aleatorio,0
50,5,36,0,1,0,1,0,1,0,0,0,2,aleatorio,2
45,1,10,0,0,0,0,1,0,0,0,0,0,aleatorio,0
43,1,44,0,0,0,0,0,0,1,0,0,2,aleatorio,0
48,1,150,0,1,0,0,0,0,0,0,1,2,aleatorio,2
27,2,3,1,0,0,0,1,0,0,0,0,1,aleatorio,1
39,3,35,0,0,0,0,0,1,1,0,0,0,aleatorio,0
56,1,1,0,0,0,0,0,1,0,0,0,0,aleatorio,0
48,3,1,1,0,0,0,1,1,0,0,0,1,aleatorio,1
62,2,1,1,0,0,0,1,1,0,0,0,1,aleatorio,1
42,1,5,0,0,0,0,0,1,0,0,0,0,aleatorio,0
58,2,31,0,0,0,0,0,1,1,0,0,0,aleatorio,0
63,4,3,1,0,0,1,1,1,0,0,0,1,aleatorio,2
49,2,51,0,0,0,0,0,1,0,0,0,0,aleatorio,0
41,2,14,1,0,1,0,0,1,0,0,0,2,aleatorio,2
48,1,17,0,0,0,0,1,0,0,0,0,0,aleatorio,0
20,2,95,0,0,0,1,1,0,0,2,3,1,aleatorio,1
68,1,395,0,0,0,0,1,0,0,0,0,0,aleatorio,0
58,1,107,0,0,0,0,0,1,0,0,0,0,aleatorio,0
25,2,129,0,0,0,1,1,0,0,1,1,1,aleatorio,1
52,2,106,0,1,0,1,0,0,0,1,2,2,aleatorio,2
53,1,104,0,0,0,1,0,0,0,0,0,1,aleatorio,1
67,3,69,0,0,0,0,1,1,0,1,1,1,aleatorio,1
47,1,240,0,0,0,0,0,0,1,0,0,0,aleatorio,0
28,1,161,0,0,0,0,1,0,0,1,1,1,aleatorio,1
41,1,0,0,0,0,0,0,0,1,0,0,2,aleatorio,0
70,0,999,0,0,0,0,0,0,0,1,1,1,aleatorio,1
32,5,4,1,1,0,1,0,1,0,0,0,2,aleatorio,2
52,3,36,0,0,0,1,1,0,1,1,1,1,aleatorio,1
49,1,346,0,0,0,0,0,0,1,0,0,0,aleatorio,0
26,5,1,1,1,0,0,1,1,0,0,0,2,aleatorio,2
50,5,8,1,0,1,1,1,1,0,0,0,2,aleatorio,2
30,1,27,0,0,0,0,0,0,1,0,0,0,aleatorio,0
33,3,10,1,1,0,0,1,1,0,0,0,0,aleatorio,2
54,2,19,1,1,0,0,0,0,1,0,0,2,aleatorio,2
33,1,9,0,0,0,0,0,0,1,0,0,0,aleatorio,0
48,3,4,1,0,0,0,1,0,1,0,0,1,aleatorio,1
54,6,6,1,0,1,1,1,1,1,0,0,2,aleatorio,2
23,1,67,0,0,0,0,1,0,0,1,1,1,aleatorio,1
18,4,1,1,0,0,0,1,1,1,2,3,0,aleatorio,2
63,1,129,0,0,0,1,0,0,0,3,3,1,aleatorio,1
20,1,17,0,0,0,0,0,0,1,0,0,0,aleatorio,0
39,3,12,1,0,0,0,1,0,0,0,0,1,aleatorio,1
49,3,15,1,0,0,0,1,1,0,0,0,1,aleatorio,1
36,4,9,1,1,1,0,0,1,0,0,1,1,aleatorio,2
63,4,2,1,0,0,1,0,1,1,0,0,2,aleatorio,2
38,1,46,0,0,0,0,0,0,1,1,2,1,aleatorio,1
66,3,14,1,0,0,0,1,0,1,0,0,1,aleatorio,1
43,1,10,0,0,0,0,1,0,0,0,1,0,aleatorio,0
41,1,356,0,0,0,0,0,1,0,0,0,0,aleatorio,0
56,1,48,0,0,0,0,0,1,0,1,1,1,aleatorio,1
59,2,11,1,0,0,0,1,0,1,0,0,1,aleatorio,1
36,1,34,0,0,0,0,1,0,0,0,0,0,aleatorio,0
70,3,9,1,1,1,0,0,1,0,1,1,1,aleatorio,2
51,4,7,1,0,1,1,1,0,0,0,1,2,aleatorio,2
68,2,4,1,0,0,0,1,1,0,0,0,1,aleatorio,1
34,2,30,1,0,0,1,0,0,1,0,0,2,aleatorio,2
41,1,59,0,0,0,0,1,0,0,0,0,2,aleatorio,0
52,2,0,1,0,0,0,0,1,0,0,0,1,aleatorio,1
19,2,15,1,0,0,0,1,1,0,0,0,1,aleatorio,1
58,3,34,0,0,0,1,0,1,0,0,0,0,aleatorio,1
18,6,11,1,1,0,0,1,1,1,0,0,2,aleatorio,2
58,2,118,0,0,0,0,0,1,1,0,0,0,aleatorio,0
55,2,17,1,0,1,1,0,0,0,1,1,2,aleatorio,2
34,1,14,0,0,0,1,0,0,0,0,1,2,aleatorio,1
49,1,367,0,0,0,0,0,1,0,0,0,0,aleatorio,0
60,4,12,1,0,1,0,0,0,1,0,0,2,aleatorio,2
41,3,10,1,1,0,0,1,0,0,2,3,2,aleatorio,2
44,3,13,1,0,1,0,0,1,0,0,1,2,aleatorio,2
50,2,25,1,0,0,0,1,0,1,0,0,0,aleatorio,1
47,4,1,1,0,0,0,1,0,1,0,0,1,aleatorio,1
29,1,269,0,0,0,0,1,0,0,0,0,0,aleatorio,0
69,3,95,0,0,0,0,0,1,1,2,4,0,aleatorio,1
24,2,5,1,0,0,0,1,0,1,0,0,1,aleatorio,1
33,1,396,0,0,0,0,0,0,1,0,0,0,aleatorio,0
53,1,19,0,0,0,0,1,0,0,0,0,0,aleatorio,0
67,1,13,0,0,0,0,0,1,0,0,0,0,aleatorio,0
25,1,72,0,0,0,0,0,0,1,1,1,1,aleatorio,1
21,2,70,0,0,0,0,1,0,0,0,0,0,aleatorio,0
22,3,8,1,1,0,0,0,0,0,1,4,2,aleatorio,2
41,1,251,0,0,0,1,0,0,0,0,0,1,aleatorio,1
69,1,3,0,0,1,0,0,0,0,0,0,2,aleatorio,2
67,1,389,0,0,0,0,0,0,1,0,0,0,aleatorio,0
27,1,58,0,0,0,0,1,0,0,0,0,0,aleatorio,0
58,1,57,0,0,0,0,1,0,0,0,0,0,aleatorio,0
37,4,40,0,0,0,0,1,1,1,2,4,1,aleatorio,1
45,6,1,1,0,1,0,1,1,0,1,1,0,aleatorio,2
43,2,33,0,0,0,1,0,1,0,0,0,0,aleatorio,1
55,0,999,0,0,0,0,0,0,0,2,2,1,aleatorio,1
69,3,32,0,0,0,0,0,1,1,1,1,1,aleatorio,1
66,2,140,0,1,0,0,0,1,0,1,1,2,aleatorio,2
19,2,21,1,0,0,0,0,1,0,0,0,1,aleatorio,1
68,6,2,1,1,0,1,1,1,0,0,1,1,aleatorio,2
35,2,22,1,0,0,1,0,1,0,2,4,2,aleatorio,2
49,1,81,0,0,0,0,1,0,0,0,1,1,aleatorio,0
28,2,53,0,0,0,0,0,1,1,0,0,0,aleatorio,0
44,2,10,1,1,0,0,0,1,0,2,3,2,aleatorio,2
66,1,286,0,0,0,0,0,0,1,0,0,2,aleatorio,0
56,1,0,0,0,0,0,0,0,1,0,0,0,aleatorio,0
26,1,8,0,0,0,0,1,0,0,0,1,0,aleatorio,0
39,2,15,1,0,0,0,0,1,0,0,0,1,aleatorio,1
32,1,38,0,0,0,1,0,0,0,3,4,1,aleatorio,1
65,1,97,0,0,0,0,1,0,0,0,0,0,aleatorio,0
26,2,15,1,0,0,0,0,1,1,0,0,1,aleatorio,1
29,3,1,1,0,0,0,1,1,0,0,0,1,aleatorio,1
46,1,99,0,0,0,1,0,0,0,0,0,1,aleatorio,1
20,1,235,0,0,0,0,0,1,0,0,0,0,aleatorio,0
31,2,85,0,0,0,0,1,0,1,2,2,1,aleatorio,1
52,2,8,1,0,0,0,0,1,1,0,0,1,aleatorio,1
64,1,69,0,1,0,0,0,0,0,1,1,0,aleatorio,2
28,2,22,1,0,0,0,0,0,1,0,0,1,aleatorio,1
41,2,178,0,0,0,0,0,1,1,0,0,0,aleatorio,0
25,1,360,0,0,0,0,1,0,0,0,0,0,aleatorio,0
57,2,7,1,0,0,1,0,1,0,0,0,2,aleatorio,2
67,1,371,0,0,0,1,0,0,0,1,1,1,aleatorio,1
54,1,9,0,0,1,0,0,0,0,0,0,2,aleatorio,2
51,2,15,1,0,0,0,1,1,0,0,0,1,aleatorio,1
46,1,2,0,0,0,1,0,0,0,0,2,1,aleatorio,1
68,4,7,1,1,0,0,1,1,0,1,1,2,aleatorio,2
42,3,39,0,0,0,0,1,0,1,0,0,0,aleatorio,0
34,5,4,1,1,0,0,1,1,0,0,0,2,aleatorio,2
64,6,0,1,1,0,1,1,0,1,0,0,2,aleatorio,2
32,2,19,1,1,0,0,0,1,0,0,0,2,aleatorio,2
27,5,9,1,0,0,0,1,1,1,0,0,1,aleatorio,1
65,1,11,0,0,0,0,1,0,0,0,0,0,aleatorio,0
29,3,9,1,0,1,1,0,1,0,0,0,2,aleatorio,2
21,1,341,0,0,0,0,0,1,0,0,0,0,aleatorio,0
49,1,18,0,0,0,0,0,1,0,0,1,0,aleatorio,0
24,1,52,0,0,0,0,1,0,0,0,0,0,aleatorio,0
45,5,6,1,0,1,0,1,0,1,0,0,2,aleatorio,2
41,3,5,1,0,0,0,1,1,1,0,0,1,aleatorio,1
32,3,2,1,1,1,0,0,0,1,0,0,2,aleatorio,2
42,2,3,1,0,1,0,1,0,0,0,0,2,aleatorio,2
24,2,11,1,0,1,0,0,1,0,0,0,2,aleatorio,2
52,5,1,1,0,0,1,1,1,1,2,2,2,aleatorio,2
53,2,45,0,1,0,1,0,0,0,1,2,2,aleatorio,2
26,2,37,0,0,0,0,1,1,0,1,2,1,aleatorio,1
62,2,4,1,0,0,0,0,1,1,0,0,1,aleatorio,1
23,5,1,1,0,0,0,1,1,0,0,1,1,aleatorio,1
19,4,35,0,1,1,0,1,0,0,1,1,2,aleatorio,2
60,1,13,0,1,0,0,0,0,0,1,2,2,aleatorio,2
62,2,8,1,0,0,0,1,0,0,0,0,1,aleatorio,1
36,1,18,0,0,0,0,0,1,0,0,1,0,aleatorio,0
62,2,16,1,0,1,0,0,1,0,1,2,2,aleatorio,2
42,6,6,1,0,1,0,1,1,1,0,0,2,aleatorio,2
28,2,6,1,0,0,0,1,0,1,0,0,1,aleatorio,1
30,1,45,0,0,0,0,1,0,0,0,0,0,aleatorio,0
61,4,0,1,0,1,0,0,1,0,0,1,2,aleatorio,2
22,1,10,0,0,0,1,0,0,0,0,0,1,aleatorio,1
23,2,32,0,0,0,0,0,1,1,1,1,1,aleatorio,1
20,1,256,0,0,0,0,1,0,0,0,0,0,aleatorio,0
49,1,26,0,0,0,0,1,0,0,0,0,0,aleatorio,0
44,3,15,1,0,0,1,1,0,0,0,0,2,aleatorio,2
68,2,334,0,0,0,0,0,1,1,0,0,0,aleatorio,0
18,2,5,1,0,1,0,1,0,0,0,0,2,aleatorio,2
41,2,249,0,0,0,0,1,1,0,0,0,0,aleatorio,0
63,2,40,0,0,0,0,0,1,1,1,1,0,aleatorio,1
48,1,62,0,0,0,0,0,0,1,2,2,1,aleatorio,1
60,1,141,0,0,0,0,0,1,0,0,0,0,aleatorio,0
59,1,4,0,0,0,0,0,1,0,0,0,0,aleatorio,0
42,2,7,1,0,0,0,0,1,1,0,0,1,aleatorio,1
49,3,58,0,0,0,0,0,1,1,0,0,0,aleatorio,0
50,3,16,1,0,0,1,1,0,0,0,0,2,aleatorio,2
47,6,1,1,1,1,1,1,1,0,0,1,2,aleatorio,2
43,1,23,0,0,0,0,0,0,1,0,1,0,aleatorio,0
31,1,15,0,0,0,1,0,0,0,0,0,1,aleatorio,1
67,1,3,0,0,0,0,0,1,0,0,0,0,aleatorio,0
47,1,14,0,0,0,0,1,0,0,0,1,0,aleatorio,0
56,3,2,1,1,1,1,0,0,0,0,0,2,aleatorio,2
22,2,51,0,0,0,0,0,1,1,0,0,0,aleatorio,0
43,1,278,0,0,0,0,1,0,0,0,0,1,aleatorio,0
41,3,48,0,1,0,0,0,1,0,0,0,2,aleatorio,2
24,2,3,1,1,0,0,0,0,1,1,1,2,aleatorio,2
41,5,14,1,0,0,0,1,1,1,0,0,1,aleatorio,1
55,1,36,0,0,0,0,0,1,0,1,1,1,aleatorio,1
42,1,189,0,0,0,0,1,0,0,0,0,0,aleatorio,0
24,2,15,1,0,0,0,1,0,0,0,0,1,aleatorio,1
56,1,55,0,0,0,1,0,0,0,0,0,1,aleatorio,1
36,2,5,1,0,0,0,0,1,0,0,0,1,aleatorio,1
68,0,999,0,0,0,0,0,0,0,3,4,1,aleatorio,1
52,4,0,1,1,0,1,0,0,1,1,1,2,aleatorio,2
67,1,49,0,0,0,1,0,0,0,1,1,1,aleatorio,1
47,6,38,0,0,0,0,1,1,1,0,0,0,aleatorio,0
23,2,39,0,0,1,0,0,1,0,0,0,2,aleatorio,2
30,1,15,0,0,0,0,0,0,1,0,0,0,aleatorio,0
44,1,317,0,0,0,1,0,0,0,0,0,1,aleatorio,1
31,6,0,1,1,1,0,1,0,1,0,0,2,aleatorio,2
66,1,39,0,0,0,0,1,0,0,0,0,0,aleatorio,0
52,2,19,1,0,0,0,0,1,1,2,2,0,aleatorio,1
28,1,145,0,0,0,0,1,0,0,0,0,0,aleatorio,0
33,1,0,0,0,0,0,0,0,1,0,0,0,aleatorio,0
28,6,0,1,0,0,0,1,1,1,0,0,1,aleatorio,1
52,4,27,1,0,1,1,1,0,1,0,1,2,aleatorio,2
32,6,0,1,0,0,0,1,1,1,0,0,1,aleatorio,1
39,1,0,0,0,0,0,0,0,1,0,2,2,aleatorio,0
25,4,4,1,1,1,0,1,0,0,0,0,2,aleatorio,2
34,1,19,0,0,0,0,1,0,0,2,4,1,aleatorio,1
60,1,6,0,0,0,0,0,1,0,0,0,0,aleatorio,0
69,4,159,0,0,1,0,1,1,1,0,1,2,aleatorio,2
52,2,9,1,0,0,1,0,0,1,1,1,2,aleatorio,2
68,3,13,1,1,0,0,0,1,1,1,1,2,aleatorio,2
24,3,10,1,1,0,0,0,0,1,0,0,2,aleatorio,2
54,1,24,0,0,0,0,0,0,1,0,0,0,aleatorio,0
18,3,24,1,0,0,0,1,0,1,1,1,1,aleatorio,1
46,1,11,0,0,0,0,0,0,1,0,0,0,aleatorio,0
34,1,19,0,0,0,0,0,1,0,3,3,1,aleatorio,1
27,6,1,1,1,0,1,1,0,1,1,1,2,aleatorio,2
33,1,218,0,0,0,0,0,1,0,0,0,0,aleatorio,0
32,1,58,0,0,0,0,0,1,0,0,0,0,aleatorio,0
52,2,65,0,0,0,0,0,1,0,0,0,0,aleatorio,0
65,1,174,0,0,0,0,1,0,0,0,0,0,aleatorio,0
59,4,8,1,0,0,0,1,1,1,0,0,1,aleatorio,1
19,2,2,1,0,1,0,1,0,0,0,0,2,aleatorio,2
36,1,12,0,0,0,0,0,0,1,1,1,2,aleatorio,2
29,1,56,0,0,0,1,0,0,0,1,2,2,aleatorio,1
44,4,2,1,0,0,0,0,1,1,0,2,1,aleatorio,1
61,3,11,1,1,0,1,1,0,0,0,0,2,aleatorio,2
29,1,174,0,0,0,1,0,0,0,3,3,1,aleatorio,1
59,1,7,0,0,0,1,0,0,0,0,0,1,aleatorio,1
18,1,10,0,0,0,1,0,0,0,0,0,1,aleatorio,1
52,1,11,0,0,0,0,0,1,0,0,0,0,aleatorio,0
21,4,5,1,1,0,0,1,1,0,1,1,2,aleatorio,2
29,1,40,0,0,0,1,0,0,0,2,2,1,aleatorio,1
20,4,27,1,0,1,1,1,0,1,0,0,2,aleatorio,2
20,1,267,0,0,0,0,0,1,0,4,4,2,aleatorio,1
39,1,41,0,0,0,1,0,0,0,3,4,0,aleatorio,1
41,1,34,0,0,0,0,0,1,0,1,1,1,aleatorio,1
22,2,51,0,0,0,0,0,1,0,0,0,0,aleatorio,0
23,2,8,1,1,0,0,0,1,0,1,1,2,aleatorio,2
48,3,12,1,0,0,0,1,1,0,0,0,1,aleatorio,1
60,1,3,0,0,0,0,0,1,0,0,0,0,aleatorio,0
54,2,1,1,1,0,0,0,0,0,0,1,2,aleatorio,2
61,0,999,0,0,0,0,0,0,0,1,1,1,aleatorio,1
69,5,4,1,0,0,1,1,1,1,1,2,2,aleatorio,2
18,1,7,0,1,0,0,0,0,0,0,0,2,aleatorio,2
21,1,56,0,0,0,0,1,0,0,1,1,0,aleatorio,1
66,1,88,0,0,0,0,0,1,0,0,0,1,aleatorio,0
24,1,14,0,0,0,0,0,1,0,1,1,2,aleatorio,2
35,1,270,0,0,0,0,1,0,0,0,0,0,aleatorio,0
37,1,47,0,0,0,0,0,0,1,0,0,0,aleatorio,0
53,1,16,0,0,0,1,0,0,0,0,0,1,aleatorio,1
39,3,17,1,0,1,0,1,0,0,2,4,2,aleatorio,2
24,1,267,0,0,0,0,1,0,0,0,0,0,aleatorio,0
29,3,13,1,0,0,0,1,0,1,1,1,2,aleatorio,2
37,1,86,0,0,0,0,0,1,0,2,2,1,aleatorio,1
39,3,15,1,0,0,0,0,1,1,0,0,1,aleatorio,1
27,4,9,1,0,0,0,1,1,0,0,1,1,aleatorio,1
67,4,37,0,0,1,0,1,0,1,1,1,2,aleatorio,2
28,3,27,1,1,1,0,0,1,0,1,1,2,aleatorio,2
28,2,23,1,0,0,0,0,1,0,1,1,1,aleatorio,1
49,2,0,1,0,0,1,1,0,0,0,1,2,aleatorio,2
28,2,9,1,0,1,0,1,0,0,0,0,0,aleatorio,2
53,1,121,0,0,0,0,0,0,1,2,3,1,aleatorio,1
47,5,2,1,0,0,0,1,1,1,0,0,1,aleatorio,1
31,3,163,0,0,0,1,1,1,0,0,0,1,aleatorio,1
34,2,100,0,0,0,1,1,0,0,2,2,1,aleatorio,1
66,3,10,1,0,0,0,1,1,0,0,0,1,aleatorio,1
26,5,38,0,0,1,1,1,1,0,0,0,2,aleatorio,2
62,2,2,1,0,1,0,1,0,0,0,0,2,aleatorio,2
47,3,3,1,0,0,0,1,0,1,0,0,1,aleatorio,1
52,1,165,0,0,0,0,0,1,0,0,0,0,aleatorio,0
67,2,36,0,0,0,1,0,0,1,0,0,0,aleatorio,1
34,1,270,0,0,0,0,0,0,1,0,0,0,aleatorio,0
41,1,46,0,0,0,0,0,0,1,0,0,0,aleatorio,0
53,1,7,0,0,0,0,0,0,1,0,0,1,aleatorio,0
46,2,19,1,1,0,0,1,0,0,0,0,2,aleatorio,2
42,3,42,0,0,0,1,1,0,1,0,0,1,aleatorio,1
27,1,33,0,1,0,0,0,0,0,0,0,2,aleatorio,2
70,2,44,0,0,1,0,0,0,1,0,0,1,aleatorio,2
42,2,4,1,0,1,0,0,1,0,1,1,2,aleatorio,2
37,1,271,0,0,0,0,0,0,1,0,0,0,aleatorio,0
58,2,315,0,1,1,0,0,0,0,0,0,1,aleatorio,2
47,3,60,0,0,0,0,1,1,0,0,1,0,aleatorio,0
31,3,18,1,0,0,0,1,1,1,2,3,1,aleatorio,1
28,5,1,1,1,1,1,1,1,0,0,0,1,aleatorio,2
60,1,351,0,0,0,1,0,0,0,0,0,1,aleatorio,1
28,5,2,1,0,0,1,1,0,1,3,3,2,aleatorio,2
69,1,11,0,0,0,1,0,0,0,0,1,1,aleatorio,1
26,1,24,0,0,0,1,0,0,0,2,2,1,aleatorio,1
46,5,11,1,1,1,1,1,0,1,0,1,2,aleatorio,2
46,3,8,1,0,0,0,0,1,1,0,0,1,aleatorio,1
25,2,233,0,0,0,1,0,0,0,1,2,1,aleatorio,1
65,2,248,0,0,0,0,0,1,0,0,0,0,aleatorio,0
22,1,27,0,0,0,0,0,1,0,0,0,0,aleatorio,0
33,2,5,1,1,0,0,0,1,0,0,0,2,aleatorio,2
40,1,2,0,0,0,0,0,0,1,1,1,2,aleatorio,2
24,1,14,0,0,0,0,0,1,0,0,0,0,aleatorio,0
54,1,8,0,0,0,0,0,1,0,0,0,0,aleatorio,0
68,1,2,0,0,0,0,0,0,1,0,1,0,aleatorio,0
56,1,78,0,0,0,0,1,0,0,0,0,0,aleatorio,0
30,2,44,0,0,1,0,0,1,0,0,0,2,aleatorio,2
59,3,4,1,0,0,0,1,1,0,0,0,1,aleatorio,1
52,5,17,1,0,0,1,1,1,0,1,2,2,aleatorio,2
57,2,20,1,0,0,0,1,1,0,2,2,1,aleatorio,1
68,3,4,1,0,1,0,1,0,1,0,0,2,aleatorio,2
24,3,34,0,0,1,0,0,1,1,0,0,2,aleatorio,2
70,2,2,1,1,0,0,0,0,1,1,1,2,aleatorio,2
60,5,31,0,0,0,1,0,1,1,1,1,1,aleatorio,1
51,3,4,1,1,1,0,0,0,1,0,0,2,aleatorio,2
24,3,10,1,0,0,0,1,1,1,0,0,1,aleatorio,1
27,4,4,1,1,0,0,0,1,1,0,0,2,aleatorio,2
66,1,27,0,0,0,0,0,0,1,0,1,1,aleatorio,0
68,1,6,0,0,0,1,0,0,0,0,0,1,aleatorio,1
42,1,238,0,0,0,0,1,0,0,3,4,1,aleatorio,1
30,1,253,0,0,0,0,0,1,0,0,0,0,aleatorio,0
65,2,39,0,1,0,0,0,0,1,1,1,0,aleatorio,2
32,6,6,1,1,1,0,1,1,1,0,0,2,aleatorio,2
33,6,2,1,0,1,1,1,1,0,0,0,2,aleatorio,2
61,3,24,1,0,0,1,0,0,1,0,0,2,aleatorio,2
69,1,122,0,0,0,0,0,0,1,0,0,2,aleatorio,0
43,5,0,1,1,1,1,1,0,0,0,0,2,aleatorio,2
48,3,4,1,1,0,0,1,1,0,1,1,2,aleatorio,2
21,3,41,0,0,1,0,1,0,0,1,2,2,aleatorio,2
33,1,319,0,0,0,0,1,0,0,0,0,0,aleatorio,0
70,2,3,1,0,0,0,0,0,1,0,0,1,aleatorio,1
52,3,48,0,0,0,0,1,0,1,0,0,0,aleatorio,0
44,1,6,0,0,0,0,0,0,1,0,0,0,aleatorio,0
47,3,15,1,1,1,0,1,0,0,0,0,2,aleatorio,2
33,4,17,1,0,1,0,1,1,1,1,1,2,aleatorio,2
23,1,24,0,0,0,0,0,1,0,0,0,0,aleatorio,0
31,0,999,0,0,0,0,0,0,0,3,3,1,aleatorio,1
63,1,161,0,0,1,0,0,0,0,0,1,2,aleatorio,2
43,1,6,0,0,0,0,1,0,0,0,2,0,aleatorio,0
52,1,44,0,0,0,0,0,0,1,0,0,0,aleatorio,0
70,2,110,0,0,0,1,0,0,1,0,0,1,aleatorio,1
67,2,250,0,0,0,1,0,0,1,2,3,1,aleatorio,1
27,1,34,0,0,0,0,0,1,0,0,0,0,aleatorio,0
48,1,203,0,0,0,0,0,0,1,1,1,1,aleatorio,1
41,2,32,0,1,0,0,0,0,1,0,0,2,aleatorio,2
40,1,10,0,0,0,1,0,0,0,0,0,1,aleatorio,1
32,2,12,1,0,0,0,0,1,1,0,0,1,aleatorio,1
41,1,323,0,0,0,0,0,0,1,0,0,0,aleatorio,0
67,1,45,0,0,1,0,0,0,0,0,0,2,aleatorio,2
36,1,180,0,0,0,0,0,0,1,0,0,0,aleatorio,0
40,1,191,0,0,0,1,0,0,0,0,0,1,aleatorio,1
41,1,14,0,0,0,0,1,0,0,0,0,0,aleatorio,0
36,1,12,0,0,0,0,1,0,0,0,0,0,aleatorio,0
57,6,14,1,0,1,0,1,1,1,2,2,2,aleatorio,2
20,4,3,1,0,1,0,1,0,1,3,3,1,aleatorio,2
25,1,28,0,0,0,0,0,1,0,0,0,0,aleatorio,0
65,3,11,1,0,0,0,1,1,0,0,0,1,aleatorio,1
37,2,0,1,0,0,0,0,1,1,0,0,1,aleatorio,1
43,6,1,1,1,0,1,0,1,0,1,3,2,aleatorio,2
32,1,254,0,0,0,0,0,0,1,0,0,0,aleatorio,0
64,4,13,1,0,0,1,1,0,1,1,1,2,aleatorio,2
30,1,8,0,0,0,0,0,1,0,0,1,0,aleatorio,0
26,3,6,1,0,0,0,1,1,0,0,0,1,aleatorio,1
32,1,232,0,0,0,0,1,0,0,0,0,0,aleatorio,0
39,1,232,0,0,0,0,0,0,1,0,0,0,aleatorio,0
57,3,7,1,0,1,0,0,0,1,0,0,2,aleatorio,2
53,1,208,0,0,0,1,0,0,0,0,0,1,aleatorio,1
68,4,6,1,0,0,1,0,1,0,0,0,2,aleatorio,2
56,2,42,0,0,0,0,1,1,0,0,0,0,aleatorio,0
22,1,3,0,0,0,0,1,0,0,0,0,0,aleatorio,0
44,1,145,0,0,0,1,0,0,0,0,0,1,aleatorio,1
52,1,52,0,0,0,0,1,0,0,0,0,0,aleatorio,0
51,4,5,1,0,1,1,0,1,0,0,0,2,aleatorio,2
48,2,15,1,1,0,0,0,1,0,0,0,2,aleatorio,2
65,1,9,0,0,0,0,1,0,0,0,0,1,aleatorio,0
25,4,14,1,0,0,0,1,1,0,0,0,1,aleatorio,1
66,2,13,1,0,0,0,1,0,1,0,0,1,aleatorio,1
33,1,4,0,0,0,0,0,0,1,1,1,2,aleatorio,2
18,3,4,1,0,0,0,1,0,1,0,0,1,aleatorio,1
40,1,1,0,0,0,0,0,1,0,0,0,0,aleatorio,0
43,2,16,1,0,0,0,1,0,0,0,0,1,aleatorio,1
58,4,12,1,0,0,1,0,0,1,0,0,2,aleatorio,2
24,1,207,0,0,0,0,1,0,0,0,0,0,aleatorio,0
41,1,46,0,0,0,0,1,0,0,1,1,1,aleatorio,1
60,4,25,1,1,0,0,0,0,1,0,0,2,aleatorio,2
43,1,2,0,0,0,0,0,0,1,0,0,0,aleatorio,0
68,1,4,0,0,0,0,1,0,0,0,0,1,aleatorio,0
50,1,31,0,0,0,0,1,0,0,2,2,1,aleatorio,1
43,6,10,1,1,1,1,0,0,1,0,0,2,aleatorio,2
69,2,5,1,0,0,0,1,0,0,3,4,2,aleatorio,2
61,1,342,0,0,0,0,1,0,0,0,0,0,aleatorio,0
42,2,243,0,0,0,0,1,0,1,0,0,0,aleatorio,0
31,4,2,1,0,0,1,1,1,0,1,1,2,aleatorio,2
65,1,41,0,0,0,0,0,0,1,0,0,0,aleatorio,0
34,2,16,1,1,0,0,1,0,0,0,0,2,aleatorio,2
54,1,40,0,0,0,0,1,0,0,0,1,0,aleatorio,0
57,2,50,0,0,0,0,0,1,1,2,3,1,aleatorio,1
47,1,124,0,0,0,0,0,0,1,1,1,1,aleatorio,1
32,2,20,1,0,0,0,0,1,1,0,0,1,aleatorio,1
22,5,2,1,1,0,1,1,1,0,0,0,2,aleatorio,2
48,1,111,0,0,0,0,0,1,0,0,0,0,aleatorio,0
44,3,1,1,1,0,0,1,1,0,0,0,2,aleatorio,2
26,1,315,0,0,0,0,1,0,0,0,0,0,aleatorio,0
63,4,7,1,0,1,0,1,0,0,0,0,2,aleatorio,2
68,1,45,0,0,0,0,0,1,0,0,0,0,aleatorio,0
36,1,29,0,0,0,0,1,0,0,0,0,0,aleatorio,0
61,1,13,0,0,1,0,0,0,0,0,0,2,aleatorio,2
47,5,16,1,1,1,1,1,1,0,0,0,2,aleatorio,2
64,5,1,1,0,0,1,1,1,0,0,0,2,aleatorio,2
35,1,32,0,0,0,0,0,1,0,1,3,0,aleatorio,1
44,1,212,0,0,0,1,0,0,0,0,0,1,aleatorio,1
65,5,1,1,1,0,0,1,0,1,0,0,2,aleatorio,2
33,1,49,0,0,0,0,0,1,0,0,0,0,aleatorio,0
65,2,176,0,0,0,0,1,0,1,0,0,0,aleatorio,0
20,1,59,0,0,0,0,0,1,0,1,1,1,aleatorio,1
63,1,58,0,0,0,0,0,0,1,0,0,0,aleatorio,0
23,1,13,0,0,0,1,0,0,0,0,0,1,aleatorio,1
27,1,25,0,0,0,0,1,0,0,0,0,0,aleatorio,0
18,4,12,1,0,0,0,1,1,1,0,0,1,aleatorio,1
37,3,7,1,0,1,0,0,0,0,0,0,2,aleatorio,2
35,1,11,0,0,0,0,0,0,1,0,0,0,aleatorio,0
26,6,3,1,1,0,1,1,1,0,1,1,2,aleatorio,2
44,5,4,1,0,0,1,0,1,1,0,0,2,aleatorio,2
33,1,22,0,0,0,1,0,0,0,0,0,1,aleatorio,1
63,4,5,1,0,0,1,1,0,0,0,1,2,aleatorio,2
30,1,57,0,1,0,0,0,0,0,0,0,2,aleatorio,2
57,1,40,0,0,0,0,1,0,0,0,0,0,aleatorio,0
19,2,187,0,0,0,1,1,0,0,0,0,1,aleatorio,1
33,2,15,1,0,0,0,0,1,1,0,0,1,aleatorio,1
46,2,1,1,0,0,1,0,0,1,0,0,2,aleatorio,2
50,2,3,1,0,1,0,0,0,1,0,0,1,aleatorio,2
37,2,2,1,0,0,0,1,1,0,0,1,1,aleatorio,1
50,2,139,0,0,0,0,1,0,0,0,1,0,aleatorio,0
60,1,37,0,0,0,0,1,0,0,1,1,1,aleatorio,1
58,1,8,0,0,0,0,0,0,1,0,0,2,aleatorio,0
43,4,1,1,0,0,1,0,1,1,0,0,2,aleatorio,2
40,1,3,0,0,0,0,1,0,0,0,0,0,aleatorio,0
31,1,200,0,1,0,0,0,0,0,0,0,1,aleatorio,2
63,1,227,0,0,0,0,0,0,1,2,2,1,aleatorio,1
49,2,0,1,0,0,0,1,1,0,0,0,1,aleatorio,1
34,1,17,0,0,0,0,1,0,0,1,1,1,aleatorio,1
30,2,2,1,0,1,0,0,0,1,0,2,2,aleatorio,2
51,2,44,0,0,0,0,1,1,0,1,2,0,aleatorio,1
33,3,25,1,0,0,0,1,0,1,2,2,1,aleatorio,1
52,1,56,0,0,0,0,1,0,0,0,0,0,aleatorio,0
48,1,94,0,0,0,0,0,1,0,0,0,0,aleatorio,0
24,1,10,0,0,0,0,1,0,0,0,0,0,aleatorio,0
60,1,13,0,0,0,0,0,1,0,0,0,0,aleatorio,0
60,1,8,0,0,0,0,0,1,0,0,1,0,aleatorio,0
51,2,11,1,0,0,0,0,1,1,0,0,2,aleatorio,1
38,2,62,0,0,0,1,1,0,0,0,1,1,aleatorio,1
70,1,50,0,0,0,0,0,1,0,1,1,1,aleatorio,1
28,5,2,1,1,0,1,1,1,0,0,0,2,aleatorio,2
43,3,22,1,0,0,0,1,1,0,1,1,1,aleatorio,1
43,1,56,0,0,0,0,0,0,1,0,0,0,aleatorio,0
54,1,25,0,0,0,0,1,0,0,0,0,0,aleatorio,0
53,1,34,0,0,0,0,0,1,0,0,0,0,aleatorio,0
38,1,187,0,0,0,0,0,0,1,1,2,1,aleatorio,1
40,2,52,0,0,0,0,1,0,0,2,2,1,aleatorio,1
32,1,84,0,0,0,0,0,0,1,0,0,0,aleatorio,0
51,2,48,0,0,0,0,0,1,1,1,1,1,aleatorio,1
46,3,6,1,0,0,0,1,0,0,0,0,1,aleatorio,1
25,4,14,1,1,0,1,0,0,1,0,0,2,aleatorio,2
64,2,17,1,0,0,0,1,0,1,2,2,1,aleatorio,1
48,4,48,0,0,0,1,1,0,1,1,2,1,aleatorio,1
30,2,25,1,0,1,1,0,0,0,0,0,2,aleatorio,2
32,1,339,0,0,0,0,0,1,0,1,1,2,aleatorio,1
25,1,26,0,0,0,1,0,0,0,0,0,1,aleatorio,1
28,1,6,0,0,0,0,1,0,0,0,0,0,aleatorio,0
56,4,6,1,0,1,0,1,1,0,0,0,2,aleatorio,2
48,1,24,0,0,0,0,1,0,0,0,0,0,aleatorio,0
67,6,14,1,0,0,0,1,1,1,0,1,1,aleatorio,1
67,3,7,1,0,1,1,1,0,0,0,0,2,aleatorio,2
55,1,60,0,0,0,0,0,0,1,1,1,1,aleatorio,1
63,3,12,1,0,0,0,1,0,1,0,0,0,aleatorio,1
66,1,115,0,0,0,0,1,0,0,0,0,0,aleatorio,0
53,3,13,1,0,0,0,1,0,1,0,0,1,aleatorio,1
46,1,20,0,0,0,0,0,1,0,0,0,1,aleatorio,0
40,2,31,0,0,0,1,1,0,0,0,0,1,aleatorio,1
57,4,39,0,0,0,1,1,1,1,1,2,1,aleatorio,1
43,2,31,0,0,0,0,1,0,0,0,0,0,aleatorio,0
58,2,30,1,0,1,0,0,1,0,0,0,2,aleatorio,2
45,2,9,1,0,0,0,1,0,0,0,0,1,aleatorio,1
63,5,8,1,0,0,0,0,1,1,1,1,2,aleatorio,2
53,1,37,0,0,0,0,0,0,1,0,0,2,aleatorio,0
25,2,1,1,0,0,1,1,0,0,0,1,2,aleatorio,2
68,1,0,0,0,0,0,0,1,0,0,0,0,aleatorio,0
33,2,12,1,0,0,0,0,1,1,0,0,1,aleatorio,1
33,1,240,0,0,0,0,1,0,0,0,0,0,aleatorio,0
55,6,1,1,0,1,1,1,1,1,0,0,2,aleatorio,2
25,1,2,0,0,0,0,0,1,0,0,0,0,aleatorio,0
40,2,23,1,0,0,0,1,0,1,1,1,1,aleatorio,1
65,1,3,0,0,0,0,0,1,0,0,1,0,aleatorio,0
43,1,8,0,0,0,0,1,0,0,0,0,0,aleatorio,0
19,1,33,0,0,0,0,1,0,0,0,0,0,aleatorio,0
36,2,37,0,0,0,1,1,0,0,0,0,1,aleatorio,1
24,2,9,1,0,0,0,1,1,0,0,0,1,aleatorio,1
21,2,12,1,0,0,0,1,0,0,0,0,1,aleatorio,1
62,5,12,1,1,1,0,1,1,0,0,0,2,aleatorio,2
53,1,366,0,0,0,0,0,0,1,0,0,0,aleatorio,0
51,3,0,1,1,0,1,0,0,0,0,0,2,aleatorio,2
65,3,32,0,0,1,1,0,0,0,0,0,2,aleatorio,2
58,1,14,0,0,0,1,0,0,0,0,0,1,aleatorio,1
24,5,13,1,0,0,0,0,1,1,0,0,1,aleatorio,1
60,0,999,0,0,0,0,0,0,0,2,2,1,aleatorio,1
37,2,105,0,0,0,0,0,1,1,0,0,0,aleatorio,0
67,2,12,1,0,0,0,0,0,1,0,0,1,aleatorio,1
18,1,125,0,0,0,0,0,1,0,0,0,0,aleatorio,0
23,1,363,0,0,0,0,1,0,0,0,0,0,aleatorio,0
23,4,0,1,1,0,1,0,0,0,1,2,2,aleatorio,2
65,1,61,0,0,0,0,1,0,0,1,1,1,aleatorio,1
38,1,34,0,0,0,0,0,0,1,0,0,0,aleatorio,0
59,3,5,1,0,0,1,0,1,0,0,0,2,aleatorio,2
30,1,13,0,0,0,0,1,0,0,0,0,0,aleatorio,0
18,2,1,1,0,1,0,0,1,0,0,0,2,aleatorio,2
70,1,25,0,0,0,0,1,0,0,0,0,0,aleatorio,0
45,1,5,0,0,0,0,0,0,1,0,0,0,aleatorio,0
68,2,8,1,0,0,0,1,0,1,0,0,2,aleatorio,1
33,1,24,0,0,0,0,1,0,0,0,0,0,aleatorio,0
61,1,25,0,0,0,0,0,1,0,0,0,0,aleatorio,0
46,1,77,0,0,0,1,0,0,0,0,0,1,aleatorio,1
30,1,34,0,0,0,0,0,1,0,0,0,0,aleatorio,0
53,1,182,0,0,0,0,1,0,0,0,0,2,aleatorio,0
41,1,27,0,0,0,0,1,0,0,0,0,0,aleatorio,0
38,6,4,1,1,0,0,1,0,0,2,2,2,aleatorio,2
50,1,6,0,1,0,0,0,0,0,0,0,2,aleatorio,2
51,1,25,0,0,0,0,0,1,0,3,3,1,aleatorio,1
58,4,6,1,1,0,0,0,1,1,0,0,2,aleatorio,2
46,2,0,1,0,0,0,1,0,0,0,0,2,aleatorio,1
39,4,56,0,1,1,1,0,0,0,1,1,2,aleatorio,2
27,3,0,1,0,1,1,1,0,0,1,1,2,aleatorio,2
46,2,21,1,0,0,1,0,0,1,1,2,2,aleatorio,2
70,2,1,1,1,0,0,0,1,0,0,1,2,aleatorio,2
62,1,181,0,0,0,0,0,0,1,0,0,0,aleatorio,0
21,1,88,0,0,1,0,0,0,0,0,0,1,aleatorio,2
60,2,45,0,0,0,1,1,0,0,1,1,1,aleatorio,1
56,1,51,0,0,0,0,1,0,0,0,0,0,aleatorio,0
50,5,14,1,1,1,1,1,1,0,0,0,2,aleatorio,2
57,1,4,0,0,0,0,1,0,0,0,0,0,aleatorio,0
50,1,4,0,0,0,1,0,0,0,3,4,2,aleatorio,2
52,2,34,0,0,0,0,0,1,1,0,0,0,aleatorio,0
54,2,11,1,0,0,0,0,1,1,0,0,1,aleatorio,1
32,1,152,0,0,0,0,0,1,0,0,2,0,aleatorio,0
21,5,3,1,0,0,1,1,1,1,0,0,2,aleatorio,2
40,1,49,0,0,0,0,1,0,0,0,0,0,aleatorio,0
57,1,45,0,0,0,0,0,0,1,0,0,0,aleatorio,0
67,1,0,0,0,0,0,0,1,0,0,0,0,aleatorio,0
44,5,0,1,0,0,0,1,1,0,0,0,1,aleatorio,1
38,3,27,1,0,0,0,1,0,1,2,3,1,aleatorio,1
41,2,9,1,1,0,0,1,0,0,0,0,2,aleatorio,2
23,1,190,0,0,0,0,0,1,0,1,2,1,aleatorio,1
19,1,376,0,0,0,0,0,1,0,0,0,0,aleatorio,0
25,4,49,0,0,0,0,1,1,0,0,0,1,aleatorio,0
42,3,31,0,0,0,0,1,1,0,2,2,1,aleatorio,1
37,1,360,0,0,0,0,0,0,1,1,3,1,aleatorio,1
67,5,1,1,1,0,1,1,0,0,1,1,2,aleatorio,2
54,1,290,0,0,1,0,0,0,0,0,1,1,aleatorio,2
22,2,0,1,1,0,0,0,1,0,0,0,2,aleatorio,2
18,2,3,1,0,0,0,0,1,0,0,0,1,aleatorio,1
33,2,7,1,1,0,0,0,1,0,2,3,2,aleatorio,2
20,1,370,0,0,0,0,0,0,1,0,0,0,aleatorio,0
20,4,0,1,0,0,1,1,1,0,0,0,2,aleatorio,2
23,5,28,1,1,0,1,1,0,1,0,0,2,aleatorio,2
69,1,49,0,0,0,1,0,0,0,0,0,1,aleatorio,1
38,3,7,1,1,1,0,0,1,0,4,4,2,aleatorio,2
49,1,13,0,0,0,0,1,0,0,0,0,0,aleatorio,0
67,3,6,1,1,1,0,0,1,0,0,0,2,aleatorio,2
33,3,10,1,1,0,0,1,0,0,2,3,2,aleatorio,2
21,5,0,1,1,0,1,1,1,0,0,0,2,aleatorio,2
67,0,999,0,0,0,0,0,0,0,1,1,1,aleatorio,1
68,2,37,0,0,0,1,1,0,0,3,4,1,aleatorio,1
26,1,126,0,0,0,1,0,0,0,0,0,1,aleatorio,1
33,1,4,0,0,1,0,0,0,0,0,1,2,aleatorio,2
34,1,21,0,0,0,1,0,0,0,0,0,1,aleatorio,1
47,1,272,0,0,0,0,0,0,1,0,0,0,aleatorio,0
29,2,57,0,0,0,0,1,0,1,0,0,0,aleatorio,0
60,1,32,0,1,0,0,0,0,0,0,0,2,aleatorio,2
49,3,6,1,0,0,1,0,0,1,0,0,2,aleatorio,2
47,2,0,1,1,0,0,0,0,1,0,0,2,aleatorio,2
38,1,168,0,0,0,0,1,0,0,0,0,0,aleatorio,0
31,1,59,0,0,0,0,0,0,1,0,0,0,aleatorio,0
63,4,2,1,0,0,0,1,1,0,0,0,1,aleatorio,1
36,3,32,0,0,0,0,1,0,1,1,1,1,aleatorio,1
46,2,2,1,0,0,1,0,1,0,1,2,2,aleatorio,2
50,1,11,0,0,0,0,1,0,0,1,1,2,aleatorio,2
22,1,31,0,0,0,1,0,0,0,3,4,0,aleatorio,1
55,1,58,0,0,0,0,0,1,0,2,2,1,aleatorio,1
55,4,12,1,0,1,0,0,1,0,0,0,2,aleatorio,2
37,6,4,1,1,1,1,1,1,0,0,0,2,aleatorio,2
57,6,1,1,1,1,1,0,0,0,0,0,2,aleatorio,2
66,1,11,0,0,0,1,0,0,0,2,2,2,aleatorio,2
24,2,0,1,0,1,0,0,1,0,0,0,2,aleatorio,2
20,1,51,0,0,0,0,0,1,0,0,0,0,aleatorio,0
26,2,29,1,0,0,0,0,1,1,0,0,2,aleatorio,1
41,3,10,1,0,0,0,0,1,1,0,0,1,aleatorio,1
24,2,49,0,0,0,0,0,1,1,0,0,0,aleatorio,0
52,1,54,0,0,0,0,1,0,0,0,0,0,aleatorio,0
42,1,37,0,0,0,1,0,0,0,0,0,1,aleatorio,1
52,1,20,0,0,0,0,0,0,1,1,1,1,aleatorio,1
69,2,53,0,1,0,0,0,0,1,0,0,2,aleatorio,2
43,2,13,1,0,0,0,0,1,1,0,1,1,aleatorio,1
22,1,36,0,0,0,0,1,0,0,0,1,0,aleatorio,0
70,4,48,0,0,0,0,1,1,0,0,0,0,aleatorio,0
53,1,332,0,0,0,0,0,1,0,0,0,0,aleatorio,0
22,4,35,0,1,0,0,1,0,1,0,0,2,aleatorio,2
35,4,1,1,1,0,1,0,1,0,2,2,2,aleatorio,2
69,1,54,0,0,0,0,1,0,0,0,0,0,aleatorio,0
59,1,20,0,0,0,0,0,1,0,0,0,0,aleatorio,0
41,2,8,1,0,0,1,0,1,0,0,0,2,aleatorio,2
63,3,26,1,0,1,0,1,1,0,0,0,2,aleatorio,2
49,3,107,0,0,1,0,1,0,0,0,0,2,aleatorio,2
52,3,6,1,0,0,1,1,0,1,0,0,2,aleatorio,2
61,2,11,1,0,0,0,0,1,1,0,0,0,aleatorio,1
69,1,261,0,0,0,0,1,0,0,0,0,0,aleatorio,0
68,2,155,0,0,0,1,0,0,1,0,2,1,aleatorio,1
69,1,10,0,0,0,0,0,1,0,0,0,0,aleatorio,0
33,2,22,1,0,0,0,1,1,0,0,0,1,aleatorio,1
55,2,2,1,0,1,0,0,1,0,1,1,2,aleatorio,2
58,2,17,1,0,0,0,0,1,0,4,4,1,aleatorio,1
41,6,27,1,1,0,1,0,1,1,1,1,2,aleatorio,2
69,1,79,0,0,0,0,0,1,0,0,1,0,aleatorio,0
65,3,10,1,0,1,1,0,1,0,0,0,2,aleatorio,2
37,1,216,0,0,0,0,0,1,0,0,0,0,aleatorio,0
23,0,999,0,0,0,0,0,0,0,1,1,1,aleatorio,1
63,2,249,0,0,0,1,1,0,0,1,1,1,aleatorio,1
54,1,1,0,0,0,1,0,0,0,0,0,1,aleatorio,1
57,3,2,1,0,0,1,1,1,0,0,0,2,aleatorio,2
18,4,2,1,0,0,1,0,1,1,0,0,2,aleatorio,2
26,1,372,0,0,0,0,1,0,0,0,0,0,aleatorio,0
34,4,59,0,0,1,1,1,1,0,0,0,2,aleatorio,2
28,1,40,0,0,0,1,0,0,0,0,0,1,aleatorio,1
27,2,15,1,0,1,0,1,0,0,0,0,2,aleatorio,2
32,2,9,1,0,0,0,0,1,0,0,0,1,aleatorio,1
62,1,45,0,0,0,1,0,0,0,0,0,1,aleatorio,1
60,1,323,0,0,0,0,1,0,0,0,0,0,aleatorio,0
64,3,21,1,0,1,0,1,0,0,0,0,0,aleatorio,2
48,1,61,0,0,0,0,1,0,0,2,2,1,aleatorio,1
63,1,80,0,0,0,0,1,0,0,0,0,1,aleatorio,0
38,1,18,0,0,0,0,1,0,0,0,0,0,aleatorio,0
18,3,5,1,0,0,0,1,1,0,0,0,1,aleatorio,1
39,1,44,0,0,0,0,1,0,0,1,1,1,aleatorio,1
34,1,327,0,0,0,1,0,0,0,1,3,1,aleatorio,1
35,3,17,1,1,0,1,0,0,1,0,0,2,aleatorio,2
47,1,36,0,0,0,1,0,0,0,0,0,1,aleatorio,1
49,1,11,0,0,0,0,0,1,0,1,1,2,aleatorio,2
22,1,278,0,0,0,0,1,0,0,0,1,0,aleatorio,0
57,1,0,0,0,0,1,0,0,0,4,4,2,aleatorio,2
31,4,7,1,0,1,0,0,1,1,0,0,2,aleatorio,2
32,1,25,0,0,0,0,0,0,1,0,0,0,aleatorio,0
20,2,7,1,0,1,0,0,1,0,0,0,2,aleatorio,2
35,1,10,0,0,0,0,0,0,1,0,0,0,aleatorio,0
66,3,0,1,0,0,0,1,1,0,0,0,1,aleatorio,1
49,5,31,0,1,1,1,1,1,0,0,0,2,aleatorio,2
69,1,160,0,0,0,0,1,0,0,0,0,0,aleatorio,0
30,4,15,1,0,0,0,1,1,0,0,0,1,aleatorio,1
42,1,2,0,0,0,0,1,0,0,0,0,0,aleatorio,0
35,1,251,0,0,0,0,0,0,1,0,0,0,aleatorio,0
60,4,25,1,1,1,1,0,0,0,0,0,2,aleatorio,2
56,6,4,1,0,0,0,1,1,1,0,0,1,aleatorio,1
25,2,30,1,0,0,0,0,1,1,0,0,1,aleatorio,1
66,1,254,0,0,0,0,1,0,0,0,1,0,aleatorio,0
35,1,12,0,0,0,0,0,1,0,0,1,0,aleatorio,0
31,1,54,0,0,0,0,1,0,0,1,2,0,aleatorio,1
19,6,6,1,0,1,0,1,1,1,0,0,2,aleatorio,2
51,1,268,0,0,0,0,1,0,0,0,0,0,aleatorio,0
59,1,127,0,0,0,0,1,0,0,3,3,1,aleatorio,1
23,4,24,1,0,1,0,1,1,1,0,0,2,aleatorio,2
44,2,20,1,0,0,0,1,1,0,0,0,1,aleatorio,1
56,2,52,0,0,0,1,0,1,0,0,0,1,aleatorio,1
41,1,381,0,0,0,0,1,0,0,0,0,0,aleatorio,0
70,2,12,1,0,0,0,1,1,0,0,0,1,aleatorio,1
59,2,9,1,0,0,1,0,0,1,0,0,2,aleatorio,2
38,1,264,0,0,0,0,0,1,0,0,0,0,aleatorio,0
24,1,279,0,0,0,0,1,0,0,0,0,0,aleatorio,0
51,4,2,1,0,0,1,1,0,1,1,1,2,aleatorio,2
56,3,57,0,0,0,1,1,0,1,1,1,1,aleatorio,1
43,1,26,0,0,0,1,0,0,0,0,0,1,aleatorio,1
38,1,42,0,0,0,1,0,0,0,0,0,1,aleatorio,1
18,1,104,0,0,0,0,0,1,0,1,1,2,aleatorio,1
35,2,21,1,0,0,0,1,1,0,0,0,1,aleatorio,1
52,1,34,0,0,0,0,0,1,0,0,0,0,aleatorio,0
32,6,9,1,0,1,1,0,1,1,1,1,0,aleatorio,2
35,2,9,1,0,0,0,1,1,0,0,0,1,aleatorio,1
27,1,15,0,0,0,0,1,0,0,0,0,0,aleatorio,0
57,1,165,0,0,0,0,0,1,0,2,3,1,aleatorio,1
67,1,143,0,0,0,0,0,1,0,0,0,0,aleatorio,0
38,1,277,0,0,0,0,1,0,0,0,0,2,aleatorio,0
20,5,2,1,1,0,1,1,1,0,0,0,2,aleatorio,2
47,1,9,0,0,0,0,0,1,0,0,0,0,aleatorio,0
44,2,12,1,0,0,0,0,1,1,0,0,1,aleatorio,1
26,3,0,1,0,0,0,1,0,1,0,0,1,aleatorio,1
46,2,4,1,1,0,1,0,0,0,0,0,2,aleatorio,2
54,1,11,0,0,1,0,0,0,0,0,0,2,aleatorio,2
52,1,60,0,0,0,0,0,1,0,0,0,0,aleatorio,0
47,1,4,0,0,0,0,0,1,0,0,0,0,aleatorio,0
38,2,0,1,0,0,0,1,1,0,0,0,1,aleatorio,1
47,1,27,0,0,0,0,1,0,0,1,3,1,aleatorio,1
20,3,15,1,0,0,0,1,0,1,2,2,2,aleatorio,2
43,3,40,0,0,1,0,1,0,0,1,2,2,aleatorio,2
19,4,3,1,0,0,0,1,0,1,0,0,1,aleatorio,1
49,4,27,1,0,1,1,1,1,0,0,0,2,aleatorio,2
42,1,118,0,0,0,0,1,0,0,0,0,0,aleatorio,0
20,3,205,0,0,0,1,1,1,0,1,1,1,aleatorio,1
20,2,77,0,0,0,0,1,0,1,0,0,2,aleatorio,0
23,2,55,0,0,0,1,0,1,0,0,0,1,aleatorio,1
52,3,2,1,0,0,1,0,0,1,0,0,2,aleatorio,2
61,1,21,0,0,0,0,1,0,0,0,0,0,aleatorio,0
36,5,12,1,1,0,0,1,1,1,3,3,2,aleatorio,2
27,2,36,0,1,0,0,0,1,0,0,0,2,aleatorio,2
51,1,3,0,0,0,1,0,0,0,0,0,1,aleatorio,1
63,2,323,0,0,0,1,0,1,0,0,0,1,aleatorio,1
43,1,26,0,0,0,0,1,0,0,0,0,0,aleatorio,0
69,1,66,0,0,0,0,1,0,0,0,0,0,aleatorio,0
28,1,142,0,0,0,0,1,0,0,1,1,1,aleatorio,1
41,1,20,0,0,0,0,0,1,0,0,0,0,aleatorio,0
19,1,158,0,0,0,0,0,1,0,0,0,0,aleatorio,0
64,1,162,0,0,0,0,1,0,0,0,0,0,aleatorio,0
40,2,42,0,0,0,0,0,1,1,0,0,2,aleatorio,0
30,3,192,0,0,0,1,1,1,0,0,0,1,aleatorio,1
19,3,15,1,1,0,1,1,0,0,0,0,2,aleatorio,2
40,1,43,0,0,0,0,0,1,0,0,0,0,aleatorio,0
59,1,169,0,0,0,0,1,0,0,2,2,1,aleatorio,1
52,5,9,1,1,1,1,0,0,1,0,0,2,aleatorio,2
36,1,6,0,0,0,0,0,0,1,0,0,0,aleatorio,0
40,3,2,1,0,0,0,0,1,1,0,0,0,aleatorio,1
56,4,11,1,1,0,0,1,1,0,0,1,1,aleatorio,2
21,1,203,0,0,0,0,0,0,1,0,0,0,aleatorio,0
28,4,3,1,0,1,1,0,0,1,1,3,2,aleatorio,2
50,2,32,0,0,0,0,1,1,0,1,1,1,aleatorio,1
29,3,37,0,0,0,1,1,1,0,0,0,1,aleatorio,1
68,6,0,1,1,0,1,1,1,1,0,1,2,aleatorio,2
32,6,5,1,1,0,0,1,1,0,0,0,2,aleatorio,2
53,2,8,1,0,0,1,0,1,0,0,0,2,aleatorio,2
65,4,8,1,0,0,0,1,0,1,0,1,1,aleatorio,1
50,1,17,0,0,0,1,0,0,0,0,1,1,aleatorio,1
64,1,16,0,0,0,1,0,0,0,1,1,1,aleatorio,1
70,2,24,1,0,1,0,0,1,0,1,1,2,aleatorio,2
30,2,1,1,1,0,0,0,0,1,0,0,2,aleatorio,2
30,2,10,1,0,1,1,0,0,0,1,1,2,aleatorio,2
25,6,8,1,0,0,0,1,1,1,0,0,1,aleatorio,1
56,1,11,0,0,0,1,0,0,0,0,0,1,aleatorio,1
22,6,0,1,1,0,0,1,1,0,0,0,2,aleatorio,2
45,2,3,1,0,1,0,0,0,1,3,4,2,aleatorio,2
29,4,1,1,0,0,0,1,1,1,0,0,1,aleatorio,1
26,1,19,0,0,0,0,1,0,0,0,0,0,aleatorio,0
22,1,148,0,0,0,0,0,1,0,0,0,0,aleatorio,0
52,2,10,1,0,1,1,0,0,0,1,1,2,aleatorio,2
68,1,15,0,0,0,0,0,0,1,0,0,0,aleatorio,0
28,6,7,1,0,1,1,1,0,1,0,1,1,aleatorio,2
44,3,3,1,0,0,0,0,1,1,0,0,1,aleatorio,1
53,6,0,1,1,0,1,1,1,0,0,0,0,aleatorio,2
70,2,41,0,0,0,0,0,1,1,0,1,0,aleatorio,0
44,1,167,0,0,0,0,0,0,1,0,0,0,aleatorio,0
38,2,88,0,0,0,0,0,0,1,0,0,0,aleatorio,0
45,1,10,0,0,0,1,0,0,0,0,1,1,aleatorio,1
43,1,50,0,0,0,0,0,0,1,0,0,0,aleatorio,0
38,1,123,0,0,0,0,0,1,0,0,2,0,aleatorio,0
55,1,366,0,0,0,1,0,0,0,0,0,1,aleatorio,1
20,1,26,0,0,0,0,1,0,0,0,0,0,aleatorio,0
67,1,49,0,0,0,0,0,0,1,0,1,0,aleatorio,0
28,3,0,1,1,0,0,0,1,0,0,0,2,aleatorio,2
41,1,139,0,0,0,0,0,1,0,1,2,1,aleatorio,1
19,1,23,0,0,0,0,0,1,0,0,1,0,aleatorio,0
55,1,313,0,0,0,0,1,0,0,0,1,2,aleatorio,0
65,1,36,0,0,0,0,1,0,0,0,0,0,aleatorio,0
51,1,201,0,0,0,0,1,0,0,0,0,0,aleatorio,0
35,0,999,0,0,0,0,0,0,0,2,2,1,aleatorio,1
46,2,57,0,0,0,0,1,1,0,1,1,1,aleatorio,1
35,6,4,1,0,0,1,1,1,0,0,0,2,aleatorio,2
20,2,14,1,1,0,1,0,0,0,0,2,2,aleatorio,2
53,3,12,1,0,0,0,1,1,1,0,0,1,aleatorio,1
25,1,282,0,0,0,1,0,0,0,0,1,1,aleatorio,1
39,5,9,1,0,1,0,1,1,0,0,0,2,aleatorio,2
27,3,11,1,0,0,0,1,1,0,1,1,2,aleatorio,2
25,2,26,1,0,1,1,0,0,0,1,1,2,aleatorio,2
62,1,324,0,0,0,0,1,0,0,0,0,0,aleatorio,0
55,1,3,0,1,0,0,0,0,0,0,0,2,aleatorio,2
28,1,95,0,0,0,0,0,0,1,0,0,0,aleatorio,0
32,2,36,0,0,0,0,0,1,0,0,0,0,aleatorio,0
48,1,22,0,0,1,0,0,0,0,0,0,2,aleatorio,2
27,1,7,0,0,0,1,0,0,0,0,1,1,aleatorio,1
38,3,0,1,0,0,0,1,1,0,0,0,1,aleatorio,1
31,1,34,0,0,0,0,1,0,0,2,2,2,aleatorio,1
21,3,44,0,0,0,0,1,0,1,0,0,2,aleatorio,0
28,1,37,0,0,0,0,0,1,0,0,0,0,aleatorio,0
70,3,104,0,0,0,1,1,0,1,2,3,1,aleatorio,1
20,2,20,1,0,0,0,1,0,1,1,1,1,aleatorio,1
32,1,29,0,0,0,0,0,1,0,0,1,0,aleatorio,0
47,1,40,0,0,0,0,0,1,0,0,0,0,aleatorio,0
70,1,260,0,1,0,0,0,0,0,0,1,2,aleatorio,2
57,2,45,0,0,0,0,0,1,1,0,0,0,aleatorio,0
48,1,237,0,0,0,0,0,0,1,0,1,0,aleatorio,0
55,2,2,1,1,0,0,0,0,1,0,0,2,aleatorio,2
65,2,6,1,0,0,0,1,1,0,0,0,1,aleatorio,1
29,1,343,0,0,0,0,0,1,0,0,3,0,aleatorio,0
42,1,324,0,1,0,0,0,0,0,1,1,2,aleatorio,2
40,5,23,1,0,1,0,1,1,0,0,0,2,aleatorio,2
42,1,7,0,0,0,0,0,1,0,0,0,0,aleatorio,0
62,1,268,0,0,0,0,0,0,1,1,1,1,aleatorio,1
64,1,36,0,0,0,0,0,0,1,0,0,0,aleatorio,0
20,5,49,0,0,0,1,0,1,1,0,0,1,aleatorio,1
24,3,5,1,0,0,1,1,0,1,2,3,2,aleatorio,2
66,1,30,0,0,0,0,1,0,0,0,0,0,aleatorio,0
59,2,10,1,0,0,0,0,1,1,0,0,1,aleatorio,1
69,1,60,0,0,0,0,1,0,0,1,2,1,aleatorio,1
35,1,141,0,0,0,0,0,1,0,0,0,0,aleatorio,0
47,1,8,0,0,0,0,0,1,0,0,0,0,aleatorio,0
59,1,4,0,0,0,0,1,0,0,0,0,0,aleatorio,0
64,0,999,0,0,0,0,0,0,0,2,2,1,aleatorio,1
41,1,254,0,0,0,0,1,0,0,0,0,0,aleatorio,0
65,1,20,0,0,1,0,0,0,0,0,1,2,aleatorio,2
70,2,43,0,0,0,1,0,1,0,1,1,1,aleatorio,1
63,5,15,1,0,0,0,1,1,1,0,0,1,aleatorio,1
19,4,166,0,0,0,0,1,0,1,0,1,0,aleatorio,0
34,2,76,0,0,0,0,1,1,0,0,0,0,aleatorio,0
57,2,87,0,0,0,1,1,0,0,0,0,1,aleatorio,1
54,3,3,1,0,0,0,1,1,1,0,0,1,aleatorio,1
30,1,22,0,0,0,0,0,0,1,0,0,0,aleatorio,0
18,1,56,0,0,0,0,0,1,0,0,0,0,aleatorio,0
56,2,11,1,0,0,0,1,0,1,1,1,2,aleatorio,2
61,3,8,1,0,0,0,1,0,1,0,0,0,aleatorio,1
58,1,21,0,0,0,0,1,0,0,0,0,0,aleatorio,0
55,4,11,1,0,1,0,1,1,0,1,2,2,aleatorio,2
58,1,31,0,0,0,0,1,0,0,0,0,1,aleatorio,0
31,2,28,1,1,0,0,0,1,0,1,1,2,aleatorio,2
19,1,330,0,0,0,0,0,0,1,0,0,0,aleatorio,0
63,1,393,0,0,0,0,0,1,0,1,2,1,aleatorio,1
28,5,9,1,0,1,1,1,1,0,0,0,0,aleatorio,2
46,1,163,0,0,0,0,0,1,0,0,0,1,aleatorio,0
37,1,139,0,0,0,1,0,0,0,3,4,1,aleatorio,1
37,1,46,0,0,0,0,1,0,0,0,0,0,aleatorio,0
22,5,0,1,1,0,0,0,1,1,1,1,2,aleatorio,2
65,2,10,1,0,0,0,0,1,1,0,0,1,aleatorio,1
18,3,36,0,0,0,1,1,1,0,1,1,1,aleatorio,1
24,1,113,0,0,0,0,0,1,0,0,0,0,aleatorio,0
64,2,0,1,0,0,0,1,0,0,0,0,1,aleatorio,1
22,2,34,0,0,0,1,0,1,0,0,0,1,aleatorio,1
19,4,33,0,0,0,0,1,1,0,0,0,0,aleatorio,0
65,2,50,0,0,0,0,0,0,1,0,0,0,aleatorio,0
24,1,390,0,0,0,0,1,0,0,2,2,1,aleatorio,1
44,1,12,0,0,0,0,1,0,0,0,0,0,aleatorio,0
56,1,311,0,0,0,0,0,1,0,0,1,0,aleatorio,0
22,5,2,1,0,0,0,0,1,1,0,0,1,aleatorio,1
60,1,12,0,0,0,0,0,0,1,0,0,0,aleatorio,0
33,2,211,0,0,0,1,1,0,0,0,0,1,aleatorio,1
67,1,379,0,0,0,0,0,1,0,1,4,0,aleatorio,1
52,5,2,1,0,1,1,0,1,1,0,0,2,aleatorio,2
29,1,51,0,0,0,1,0,0,0,0,0,1,aleatorio,1
43,1,19,0,0,0,1,0,0,0,0,1,1,aleatorio,1
49,2,195,0,0,0,0,1,1,0,1,1,1,aleatorio,1
30,6,10,1,1,0,0,1,1,0,0,0,2,aleatorio,2
58,2,14,1,0,0,1,0,0,1,0,0,2,aleatorio,2
41,3,9,1,0,0,0,0,1,1,1,1,2,aleatorio,2
35,1,331,0,0,0,1,0,0,0,0,0,1,aleatorio,1
67,2,348,0,1,0,0,1,0,0,2,2,2,aleatorio,2
26,1,16,0,1,0,0,0,0,0,2,3,2,aleatorio,2
27,1,273,0,0,0,0,0,0,1,0,0,0,aleatorio,0
32,1,5,0,0,0,0,1,0,0,0,0,0,aleatorio,0
67,5,8,1,1,0,0,1,1,1,1,1,2,aleatorio,2
30,3,4,1,0,1,1,0,0,0,0,0,2,aleatorio,2
28,3,33,0,0,0,0,1,1,1,1,1,1,aleatorio,1
66,0,999,0,0,0,0,0,0,0,1,2,0,aleatorio,1
59,1,5,0,0,1,0,0,0,0,0,2,2,aleatorio,2
38,1,20,0,0,0,0,1,0,0,0,0,0,aleatorio,0
23,1,10,0,0,0,1,0,0,0,0,0,0,aleatorio,1
54,6,13,1,1,0,1,0,1,1,0,0,2,aleatorio,2
52,2,190,0,0,0,0,1,0,1,1,1,1,aleatorio,1
27,1,9,0,0,0,0,1,0,0,0,0,0,aleatorio,0
60,1,4,0,0,0,0,0,0,1,0,0,0,aleatorio,0
49,1,8,0,0,0,0,1,0,0,0,0,0,aleatorio,0
37,2,40,0,0,0,0,0,1,1,0,0,0,aleatorio,0
70,3,8,1,0,0,0,1,1,0,0,0,2,aleatorio,1
68,4,12,1,0,0,1,1,1,0,1,1,2,aleatorio,2
70,1,46,0,0,0,0,0,1,0,0,0,0,aleatorio,0
58,3,35,0,0,1,0,1,1,0,1,2,2,aleatorio,2
69,1,243,0,0,0,0,0,1,0,0,2,0,aleatorio,0
58,1,60,0,0,0,1,0,0,0,0,0,1,aleatorio,1
70,3,4,1,1,0,0,0,1,1,4,4,1,aleatorio,2
22,1,284,0,0,0,0,0,0,1,0,0,0,aleatorio,0
36,1,24,0,0,0,0,0,1,0,1,1,1,aleatorio,1
70,2,1,1,0,0,0,1,0,1,0,0,2,aleatorio,1
55,3,31,0,0,0,0,1,1,0,0,0,0,aleatorio,0
60,2,55,0,0,0,1,0,0,1,1,2,1,aleatorio,1
52,1,21,0,0,0,0,1,0,0,0,0,0,aleatorio,0
24,1,51,0,0,1,0,0,0,0,0,0,2,aleatorio,2
55,4,2,1,0,1,1,0,1,0,0,0,2,aleatorio,2
55,1,60,0,0,0,1,0,0,0,0,0,0,aleatorio,1
37,2,295,0,0,0,0,1,1,0,0,0,0,aleatorio,0
41,4,5,1,1,1,0,0,0,1,1,1,2,aleatorio,2
68,2,195,0,0,0,1,0,1,0,1,1,1,aleatorio,1
36,1,43,0,0,0,1,0,0,0,0,1,1,aleatorio,1
52,1,267,0,0,0,0,0,0,1,2,2,0,aleatorio,1
55,2,44,0,0,0,0,1,1,0,0,0,0,aleatorio,0
31,1,6,0,0,0,0,1,0,0,0,0,0,aleatorio,0
21,5,28,1,0,0,1,0,1,1,0,0,2,aleatorio,2
28,5,2,1,0,0,0,1,1,1,0,0,1,aleatorio,1
20,3,5,1,0,0,0,1,0,0,0,0,1,aleatorio,1
34,1,330,0,0,0,1,0,0,0,1,3,1,aleatorio,1
37,6,0,1,0,1,1,0,1,1,1,1,2,aleatorio,2
68,2,135,0,0,0,0,0,0,1,1,1,1,aleatorio,1
44,5,6,1,1,1,0,0,0,0,0,1,2,aleatorio,2
39,3,113,0,0,0,0,1,1,1,0,0,0,aleatorio,0
43,1,0,0,0,0,0,1,0,0,0,0,0,aleatorio,0
43,1,13,0,1,0,0,0,0,0,0,0,0,aleatorio,2
39,1,70,0,0,0,0,1,0,0,0,0,0,aleatorio,0
29,1,365,0,0,0,0,0,1,0,0,0,0,aleatorio,0
51,3,3,1,0,0,0,1,0,1,0,0,1,aleatorio,1
52,2,0,1,0,1,0,0,1,0,0,0,2,aleatorio,2
39,2,56,0,0,0,0,0,1,1,0,0,0,aleatorio,0
65,1,333,0,0,0,1,0,0,0,0,0,1,aleatorio,1
43,3,1,1,0,1,0,1,0,1,0,0,2,aleatorio,2
20,5,10,1,0,0,0,0,1,1,1,3,2,aleatorio,2
63,2,57,0,0,1,0,0,0,0,3,3,2,aleatorio,2
68,2,27,1,0,0,0,0,1,0,1,1,1,aleatorio,1
34,1,11,0,0,0,1,0,0,0,0,0,1,aleatorio,1
44,1,70,0,1,0,0,0,0,0,2,3,2,aleatorio,2
31,4,30,1,0,0,0,1,0,1,1,1,1,aleatorio,1
41,5,0,1,0,0,1,0,1,1,1,3,2,aleatorio,2
65,1,4,0,0,0,0,1,0,0,0,1,0,aleatorio,0
45,1,339,0,0,0,0,1,0,0,0,0,0,aleatorio,0
42,2,12,1,0,0,0,1,0,1,0,0,1,aleatorio,1
33,2,30,1,0,1,0,1,0,0,0,0,2,aleatorio,2
66,1,52,0,0,0,0,0,0,1,0,0,0,aleatorio,0
20,4,4,1,1,0,1,0,1,0,0,0,2,aleatorio,2
19,3,7,1,1,0,0,1,0,0,0,0,2,aleatorio,2
51,2,43,0,0,0,0,0,1,1,0,0,0,aleatorio,0
50,1,33,0,0,0,0,0,0,1,1,1,1,aleatorio,1
46,4,33,0,1,0,0,1,1,0,2,2,2,aleatorio,2
42,4,2,1,1,0,0,1,0,1,3,4,2,aleatorio,2
33,1,9,0,0,0,0,1,0,0,0,0,0,aleatorio,0
36,1,47,0,0,0,0,1,0,0,1,1,1,aleatorio,1
52,6,3,1,0,0,1,1,1,1,2,2,0,aleatorio,2
70,1,4,0,0,0,1,0,0,0,0,1,1,aleatorio,1
48,2,133,0,0,0,0,1,0,0,1,1,2,aleatorio,1
48,1,51,0,0,0,0,0,0,1,0,0,0,aleatorio,0
42,1,3,0,0,0,0,1,0,0,0,0,2,aleatorio,0
26,1,55,0,0,0,0,1,0,0,0,1,0,aleatorio,0
44,2,9,1,0,0,1,0,0,1,0,0,0,aleatorio,2
48,1,14,0,0,0,0,1,0,0,0,0,0,aleatorio,0
56,4,6,1,0,0,1,1,0,0,2,3,2,aleatorio,2
18,3,9,1,0,0,0,1,0,1,0,0,1,aleatorio,1
24,1,330,0,0,0,0,1,0,0,2,2,1,aleatorio,1
25,1,97,0,0,0,0,1,0,0,0,0,0,aleatorio,0
21,1,64,0,0,0,1,0,0,0,0,0,1,aleatorio,1
57,3,11,1,0,0,0,1,1,0,0,0,1,aleatorio,1
52,3,11,1,0,1,0,1,1,0,1,1,2,aleatorio,2
32,5,0,1,1,0,1,0,1,0,0,0,2,aleatorio,2
65,2,132,0,0,0,0,1,0,0,0,0,0,aleatorio,0
54,2,32,0,0,0,0,1,0,0,0,0,0,aleatorio,0
70,3,183,0,1,0,0,0,1,0,1,1,2,aleatorio,2
67,3,54,0,0,0,0,1,1,1,0,0,0,aleatorio,0
59,1,245,0,0,0,0,1,0,0,0,0,0,aleatorio,0
48,2,5,1,0,0,0,0,1,1,0,0,1,aleatorio,1
18,1,394,0,0,0,1,0,0,0,0,0,1,aleatorio,1
51,1,397,0,0,0,1,0,0,0,0,0,1,aleatorio,1
31,0,999,0,0,0,0,0,0,0,1,2,1,aleatorio,1
47,5,9,1,0,1,0,1,0,1,0,1,2,aleatorio,2
39,3,3,1,0,1,0,1,0,0,4,4,2,aleatorio,2
42,2,69,0,0,0,1,1,0,0,0,0,1,aleatorio,1
52,2,257,0,1,0,0,0,0,1,0,0,2,aleatorio,2
57,1,309,0,0,0,0,0,1,0,1,2,1,aleatorio,1
49,1,11,0,0,0,0,0,1,0,0,0,0,aleatorio,0
48,2,2,1,0,0,0,1,1,0,0,0,1,aleatorio,1
39,2,156,0,0,0,0,1,0,1,0,0,0,aleatorio,0
34,1,24,0,0,0,0,0,1,0,2,2,1,aleatorio,1
65,2,45,0,0,0,0,1,1,0,0,0,0,aleatorio,0
65,2,19,1,0,0,0,1,0,1,2,3,1,aleatorio,1
42,3,16,1,0,0,0,1,1,0,0,1,1,aleatorio,1
25,4,0,1,1,0,1,0,1,1,0,0,2,aleatorio,2
39,1,44,0,0,0,0,0,1,0,0,0,0,aleatorio,0
21,1,14,0,0,0,0,1,0,0,0,0,0,aleatorio,0
38,6,4,1,1,1,0,0,1,1,0,1,2,aleatorio,2
63,1,178,0,0,0,1,0,0,0,0,0,1,aleatorio,1
40,1,39,0,0,0,0,1,0,0,0,0,0,aleatorio,0
54,6,13,1,0,1,0,1,0,1,0,0,2,aleatorio,2
53,3,50,0,0,0,1,0,1,0,2,2,1,aleatorio,1
66,1,293,0,0,0,0,1,0,0,0,0,0,aleatorio,0
38,3,1,1,0,0,1,0,1,1,0,0,2,aleatorio,2
53,3,50,0,0,0,1,1,0,0,0,1,1,aleatorio,1
31,6,1,1,1,1,0,1,0,1,2,2,2,aleatorio,2
24,2,60,0,0,0,0,1,0,1,0,0,2,aleatorio,0
43,5,34,0,0,0,1,1,1,0,3,3,1,aleatorio,1
22,1,38,0,0,0,0,1,0,0,0,0,0,aleatorio,0
58,2,158,0,0,0,0,1,0,0,0,0,0,aleatorio,0
65,5,9,1,1,0,0,1,0,1,0,0,2,aleatorio,2
40,2,60,0,0,0,0,0,1,0,1,1,1,aleatorio,1
63,2,24,1,0,0,0,1,0,1,0,0,1,aleatorio,1
50,1,160,0,0,0,0,0,0,1,0,0,0,aleatorio,0
39,2,49,0,0,0,0,1,1,0,0,0,0,aleatorio,0
25,1,139,0,0,0,0,0,0,1,0,0,0,aleatorio,0
30,2,2,1,0,1,0,0,1,0,0,0,2,aleatorio,2
60,6,0,1,1,1,0,1,1,1,2,2,2,aleatorio,2
53,3,79,0,0,1,0,0,1,0,0,0,2,aleatorio,2
54,6,12,1,0,0,1,1,0,1,0,1,2,aleatorio,2
36,1,1,0,0,0,0,0,1,0,1,2,2,aleatorio,2
56,6,0,1,1,1,1,1,0,1,0,0,2,aleatorio,2
30,1,58,0,0,0,1,0,0,0,0,0,1,aleatorio,1
48,3,39,0,0,0,1,0,1,1,0,0,1,aleatorio,1
21,1,58,0,0,0,0,1,0,0,0,0,0,aleatorio,0
55,2,209,0,1,1,0,0,0,0,1,1,2,aleatorio,2
42,2,40,0,0,0,0,0,1,0,0,0,0,aleatorio,0
67,1,6,0,0,0,0,0,1,0,0,0,0,aleatorio,0
57,1,5,0,0,0,0,0,0,1,0,0,0,aleatorio,0
48,1,20,0,0,0,0,0,0,1,0,0,0,aleatorio,0
40,4,1,1,0,1,0,1,1,1,0,0,2,aleatorio,2
60,5,0,1,1,0,1,1,0,1,2,2,2,aleatorio,2
37,5,22,1,0,0,0,1,1,1,0,0,1,aleatorio,1
50,1,0,0,0,0,0,1,0,0,0,0,0,aleatorio,0
57,1,128,0,0,0,0,1,0,0,1,1,1,aleatorio,1
59,2,1,1,0,0,0,1,0,1,0,0,1,aleatorio,1
64,4,15,1,0,0,1,0,1,0,0,1,2,aleatorio,2
25,3,3,1,0,1,0,0,0,1,1,2,2,aleatorio,2
52,1,8,0,0,0,0,0,1,0,0,0,0,aleatorio,0
64,2,57,0,0,0,1,1,0,0,0,0,0,aleatorio,1
28,6,0,1,1,1,0,1,1,0,0,1,2,aleatorio,2
26,4,6,1,0,1,1,0,1,0,0,0,1,aleatorio,2
58,2,59,0,0,0,1,0,0,0,0,0,1,aleatorio,1
52,1,15,0,0,0,0,0,1,0,0,1,0,aleatorio,0
41,2,45,0,0,0,1,0,0,1,1,1,1,aleatorio,1
32,2,0,1,1,0,0,0,1,0,0,0,1,aleatorio,2
68,5,7,1,0,1,0,0,1,1,0,1,2,aleatorio,2
38,2,14,1,0,1,0,0,1,0,2,3,2,aleatorio,2
37,1,46,0,0,0,0,1,0,0,4,4,1,aleatorio,1
63,1,44,0,0,0,0,1,0,0,0,0,0,aleatorio,0
46,5,1,1,1,1,1,0,1,0,0,0,2,aleatorio,2
22,1,196,0,0,1,0,0,0,0,0,0,2,aleatorio,2
21,4,35,0,1,0,0,1,0,0,1,1,2,aleatorio,2
36,3,4,1,1,0,0,0,1,0,1,2,2,aleatorio,2
59,1,277,0,0,0,0,0,0,1,0,0,1,aleatorio,0
19,6,0,1,1,0,1,1,1,0,2,3,2,aleatorio,2
62,1,378,0,0,0,0,1,0,0,0,0,0,aleatorio,0
60,4,5,1,1,0,0,1,1,0,0,1,2,aleatorio,2
53,3,4,1,0,0,0,1,0,0,0,0,1,aleatorio,1
61,2,37,0,0,0,0,1,0,0,0,0,0,aleatorio,0
21,0,999,0,0,0,0,0,0,0,2,4,1,aleatorio,1
52,1,263,0,0,0,0,1,0,0,0,1,0,aleatorio,0
28,1,12,0,0,0,0,1,0,0,0,0,0,aleatorio,0
66,6,5,1,0,1,1,1,1,0,0,0,2,aleatorio,2
19,2,41,0,0,0,0,1,1,0,0,0,0,aleatorio,0
44,1,30,0,0,0,0,0,1,0,0,0,0,aleatorio,0
27,2,9,1,0,0,1,0,0,0,0,1,2,aleatorio,2
22,4,5,1,1,0,0,1,1,1,0,1,2,aleatorio,2
23,2,5,1,0,1,0,0,0,1,1,1,2,aleatorio,2
53,2,274,0,0,0,1,1,0,0,0,0,1,aleatorio,1
24,1,3,0,0,0,0,0,0,1,0,0,0,aleatorio,0
46,1,3,0,0,0,0,0,0,1,0,0,0,aleatorio,0
20,4,7,1,0,0,1,0,0,1,0,0,2,aleatorio,2
62,2,9,1,0,0,0,1,1,0,0,0,1,aleatorio,1
35,1,111,0,0,0,0,0,0,1,0,0,0,aleatorio,0
44,2,71,0,1,0,0,0,0,1,0,0,2,aleatorio,2
23,1,49,0,0,0,0,1,0,0,0,1,0,aleatorio,0
58,3,11,1,0,0,0,1,1,0,0,0,1,aleatorio,1
47,1,8,0,0,0,0,0,0,1,0,0,0,aleatorio,0
44,1,72,0,0,0,0,0,1,0,0,0,0,aleatorio,0
63,2,215,0,0,0,0,1,0,0,2,2,1,aleatorio,1
53,1,282,0,0,1,0,0,0,0,0,0,2,aleatorio,2
23,0,999,0,0,0,0,0,0,0,2,2,1,aleatorio,1
37,1,200,0,0,0,1,0,0,0,0,2,1,aleatorio,1
55,2,19,1,0,0,0,0,1,1,1,2,1,aleatorio,1
20,2,11,1,0,0,0,1,0,1,0,0,1,aleatorio,1
20,1,24,0,1,0,0,0,0,0,0,0,1,aleatorio,2
21,1,86,0,0,0,0,0,1,0,0,0,0,aleatorio,0
63,1,201,0,0,0,0,1,0,0,0,0,0,aleatorio,0
67,3,32,0,0,0,1,1,1,0,1,1,1,aleatorio,1
21,1,46,0,0,0,0,1,0,0,0,0,0,aleatorio,0
46,1,193,0,0,0,0,1,0,0,0,0,0,aleatorio,0
53,4,32,0,0,0,1,1,0,0,0,0,1,aleatorio,1
56,1,37,0,0,0,0,0,1,0,0,0,0,aleatorio,0
43,2,44,0,1,0,0,0,1,0,0,0,2,aleatorio,2
49,1,30,0,0,0,1,0,0,0,0,0,1,aleatorio,1
57,5,5,1,1,0,1,1,1,0,0,0,2,aleatorio,2
43,2,4,1,0,0,0,0,0,1,0,0,1,aleatorio,1
53,1,45,0,0,0,0,0,1,0,0,0,0,aleatorio,0
63,1,30,0,0,0,0,1,0,0,0,0,0,aleatorio,0
45,4,7,1,0,1,1,1,1,0,0,0,2,aleatorio,2
67,4,7,1,0,1,1,1,0,0,1,1,0,aleatorio,2
56,5,12,1,1,0,1,1,1,1,0,1,2,aleatorio,2
63,2,6,1,1,0,0,0,0,0,0,0,2,aleatorio,2
65,3,7,1,0,1,1,0,0,1,0,0,2,aleatorio,2
34,3,142,0,0,0,0,0,1,0,1,2,1,aleatorio,1
47,6,9,1,0,0,1,1,1,1,0,0,2,aleatorio,2
69,1,175,0,0,0,0,0,1,0,1,1,1,aleatorio,1
21,5,10,1,1,0,0,1,0,1,0,1,2,aleatorio,2
30,1,14,0,0,0,0,0,0,1,0,0,0,aleatorio,0
26,1,309,0,0,0,0,1,0,0,0,0,0,aleatorio,0
27,1,264,0,0,0,0,0,1,0,0,1,0,aleatorio,0
44,1,7,0,0,0,0,0,0,1,0,1,0,aleatorio,0
69,2,2,1,0,0,0,0,1,1,0,0,1,aleatorio,1
38,3,5,1,0,1,0,1,1,0,1,2,2,aleatorio,2
63,2,8,1,0,0,1,0,0,1,0,0,2,aleatorio,2
69,2,158,0,0,0,0,1,0,0,1,1,0,aleatorio,1
25,2,37,0,0,0,1,0,1,0,0,0,1,aleatorio,1
45,3,11,1,0,0,0,1,1,1,0,0,1,aleatorio,1
66,3,48,0,0,0,1,1,1,0,0,0,1,aleatorio,1
19,2,1,1,0,0,0,1,1,0,0,0,1,aleatorio,1
70,6,1,1,0,1,1,1,0,1,0,1,2,aleatorio,2
53,0,999,0,0,0,0,0,0,0,2,2,1,aleatorio,1
68,1,10,0,0,0,0,0,0,1,0,0,0,aleatorio,0
63,2,51,0,0,0,0,1,0,1,0,0,0,aleatorio,0
49,1,45,0,0,0,0,0,1,0,0,0,0,aleatorio,0
27,5,4,1,0,0,0,1,1,0,0,0,1,aleatorio,1
26,1,45,0,0,0,0,1,0,0,1,1,1,aleatorio,1
61,3,32,0,0,0,1,0,0,1,0,0,1,aleatorio,1
55,4,3,1,0,1,0,0,1,1,0,0,2,aleatorio,2
53,1,22,0,0,0,0,0,1,0,0,0,2,aleatorio,0
22,3,3,1,1,1,0,1,0,0,1,1,2,aleatorio,2
55,2,161,0,0,0,0,1,0,0,0,0,0,aleatorio,0
22,2,12,1,0,0,0,1,0,1,0,0,1,aleatorio,1
40,3,14,1,1,0,0,0,0,0,0,0,2,aleatorio,2
25,4,1,1,0,0,0,1,1,1,0,0,1,aleatorio,1
54,6,1,1,0,0,0,1,1,1,0,0,1,aleatorio,1
57,1,36,0,0,0,0,0,1,0,0,1,0,aleatorio,0
25,4,8,1,0,1,0,1,1,0,1,2,2,aleatorio,2
43,1,270,0,0,0,1,0,0,0,0,0,1,aleatorio,1
45,2,8,1,0,0,0,0,1,1,3,3,2,aleatorio,2
67,1,7,0,0,0,0,0,0,1,0,0,0,aleatorio,0
61,2,53,0,0,0,1,0,0,0,0,0,1,aleatorio,1
59,1,160,0,0,0,1,0,0,0,0,0,1,aleatorio,1
30,5,3,1,1,1,0,1,1,0,0,0,2,aleatorio,2
61,2,6,1,0,0,0,1,1,0,0,0,1,aleatorio,1
70,5,42,0,1,0,0,1,1,1,0,0,2,aleatorio,2
63,1,29,0,0,0,0,0,1,0,0,0,0,aleatorio,0
44,1,14,0,1,0,0,0,0,0,2,2,0,aleatorio,2
32,1,23,0,0,0,0,1,0,0,1,3,1,aleatorio,1
36,1,0,0,0,0,0,0,0,1,1,1,2,aleatorio,2
34,3,1,1,0,0,0,0,1,1,0,0,1,aleatorio,1
45,3,9,1,0,0,0,1,1,1,1,1,2,aleatorio,2
53,3,22,1,0,0,0,1,1,1,2,2,1,aleatorio,1
20,4,3,1,0,0,1,1,1,1,0,0,2,aleatorio,2
57,1,387,0,0,0,1,0,0,0,1,1,1,aleatorio,1
26,2,221,0,0,0,0,1,1,0,0,1,0,aleatorio,0
64,2,223,0,0,0,1,0,0,1,0,0,1,aleatorio,1
25,1,6,0,0,0,0,0,0,1,0,0,0,aleatorio,0
46,0,999,0,0,0,0,0,0,0,1,1,1,aleatorio,1
27,2,14,1,1,0,0,0,1,0,0,0,2,aleatorio,2
39,2,3,1,0,0,1,1,0,0,0,1,2,aleatorio,2
42,3,2,1,1,1,0,0,0,1,0,1,2,aleatorio,2
58,5,12,1,1,0,0,1,1,0,0,0,2,aleatorio,2
51,1,53,0,0,0,0,1,0,0,0,2,1,aleatorio,0
26,1,12,0,0,0,0,1,0,0,0,1,0,aleatorio,0
66,3,55,0,0,0,0,1,0,1,0,0,0,aleatorio,0
64,1,43,0,1,0,0,0,0,0,0,1,2,aleatorio,2
64,2,82,0,0,0,0,1,1,0,0,0,2,aleatorio,0
43,2,22,1,1,0,0,0,0,1,1,1,2,aleatorio,2
64,1,10,0,0,0,0,0,1,0,0,0,1,aleatorio,0
63,3,39,0,0,1,0,1,1,0,0,0,2,aleatorio,2
24,2,18,1,0,1,0,0,0,0,0,0,2,aleatorio,2
22,5,2,1,0,0,0,1,1,0,0,0,1,aleatorio,1
33,1,39,0,0,0,0,1,0,0,0,0,0,aleatorio,0
61,1,34,0,0,0,0,0,1,0,2,2,1,aleatorio,1
56,4,3,1,0,1,1,1,0,1,1,1,2,aleatorio,2
39,2,8,1,0,0,0,1,1,0,0,0,1,aleatorio,1
46,3,10,1,0,1,0,1,1,0,0,0,1,aleatorio,2
68,2,219,0,0,0,1,0,0,0,0,1,1,aleatorio,1
24,5,3,1,0,0,0,0,1,1,0,0,1,aleatorio,1
62,1,120,0,0,0,0,0,0,1,0,0,0,aleatorio,0
36,2,13,1,0,0,0,1,1,0,0,0,2,aleatorio,1
62,1,11,0,0,0,0,1,0,0,0,0,0,aleatorio,0
25,4,1,1,0,0,1,1,1,1,1,3,2,aleatorio,2
21,3,52,0,1,0,1,0,0,0,0,0,1,aleatorio,2
39,6,7,1,0,1,0,1,1,1,0,0,2,aleatorio,2
37,1,24,0,0,0,0,0,1,0,0,1,0,aleatorio,0
69,1,119,0,0,0,0,0,0,1,0,0,0,aleatorio,0
44,5,0,1,1,0,1,0,0,1,0,0,2,aleatorio,2
70,1,47,0,0,0,0,1,0,0,0,0,0,aleatorio,0
29,6,12,1,1,0,0,1,1,0,0,0,2,aleatorio,2
65,5,6,1,0,0,0,1,0,1,0,0,1,aleatorio,1
45,2,292,0,0,0,1,1,0,0,0,0,1,aleatorio,1
24,3,0,1,1,0,1,0,0,0,0,0,2,aleatorio,2
56,3,34,0,0,0,1,0,1,0,0,0,1,aleatorio,1
62,3,224,0,0,0,1,0,1,0,0,1,1,aleatorio,1
65,5,5,1,0,0,1,0,0,1,0,0,2,aleatorio,2
43,1,22,0,1,0,0,0,0,0,0,0,2,aleatorio,2
31,1,5,0,0,0,0,0,0,1,0,0,0,aleatorio,0
28,2,13,1,0,0,0,1,0,1,0,0,1,aleatorio,1
33,4,22,1,1,1,1,0,0,1,2,3,2,aleatorio,2
42,4,4,1,1,0,1,0,1,1,1,1,2,aleatorio,2
53,3,11,1,0,0,0,1,1,0,0,0,1,aleatorio,1
66,2,32,0,0,0,0,1,0,1,0,0,0,aleatorio,0
64,1,37,0,0,0,0,1,0,0,0,0,2,aleatorio,0
26,1,277,0,0,0,0,0,1,0,0,0,0,aleatorio,0
42,3,15,1,1,1,0,1,0,0,0,1,2,aleatorio,2
33,0,999,0,0,0,0,0,0,0,1,2,1,aleatorio,1
26,1,153,0,0,0,0,1,0,0,0,0,0,aleatorio,0
39,3,5,1,1,0,1,1,0,0,0,0,2,aleatorio,2
18,3,18,1,0,0,0,1,1,0,0,0,1,aleatorio,1
69,1,263,0,0,0,1,0,0,0,1,1,1,aleatorio,1
62,1,12,0,0,1,0,0,0,0,0,0,2,aleatorio,2
61,3,3,1,1,0,1,0,0,0,0,0,2,aleatorio,2
54,1,5,0,0,0,1,0,0,0,0,0,1,aleatorio,1
32,1,93,0,0,0,0,1,0,0,0,0,0,aleatorio,0
49,3,41,0,0,0,0,1,0,1,0,0,0,aleatorio,0
39,3,39,0,0,0,1,0,1,0,0,0,1,aleatorio,1
46,1,10,0,0,0,0,0,0,1,0,0,0,aleatorio,0
28,3,1,1,0,0,1,0,1,1,2,2,2,aleatorio,2
35,1,393,0,0,0,0,0,1,0,0,0,0,aleatorio,0
37,2,9,1,0,0,0,0,0,1,2,2,2,aleatorio,2
23,3,2,1,1,1,0,1,0,0,0,0,2,aleatorio,2
50,6,22,1,0,1,1,1,1,0,0,0,2,aleatorio,2
47,2,6,1,0,0,0,1,1,0,0,1,1,aleatorio,1
50,4,6,1,0,1,1,1,0,0,0,0,2,aleatorio,2
64,1,1,0,0,0,0,0,1,0,0,0,0,aleatorio,0
58,1,232,0,0,0,1,0,0,0,1,1,1,aleatorio,1
30,1,48,0,0,0,0,0,0,1,0,0,0,aleatorio,0
21,1,82,0,0,0,0,1,0,0,0,0,0,aleatorio,0
56,1,163,0,0,0,0,1,0,0,0,0,1,aleatorio,0
30,1,0,0,0,0,1,0,0,0,0,0,1,aleatorio,1
35,1,30,0,0,0,0,0,1,0,0,0,0,aleatorio,0
39,0,999,0,0,0,0,0,0,0,1,2,1,aleatorio,1
70,2,58,0,0,0,0,0,1,1,0,0,0,aleatorio,0
33,1,7,0,0,0,0,1,0,0,0,0,0,aleatorio,0
56,1,21,0,0,0,0,0,1,0,0,0,0,aleatorio,0
45,1,7,0,0,0,0,0,1,0,0,0,0,aleatorio,0
58,1,48,0,0,0,0,1,0,0,0,0,0,aleatorio,0
22,3,77,0,0,0,1,0,0,1,1,1,1,aleatorio,1
26,1,8,0,1,0,0,0,0,0,0,0,2,aleatorio,2
28,1,12,0,0,0,0,0,0,1,0,0,1,aleatorio,0
20,1,158,0,0,0,1,0,0,0,0,0,1,aleatorio,1
70,2,54,0,0,0,0,1,0,1,0,0,0,aleatorio,0
40,1,254,0,0,0,0,0,1,0,0,0,0,aleatorio,0
52,1,10,0,0,0,0,0,0,1,0,0,0,aleatorio,0
57,1,243,0,0,0,0,0,1,0,2,4,1,aleatorio,1
56,3,8,1,0,0,0,1,1,0,0,0,1,aleatorio,1
63,3,12,1,0,1,0,0,1,1,0,0,2,aleatorio,2
21,1,29,0,0,0,0,0,0,1,0,0,0,aleatorio,0
64,1,19,0,0,0,0,0,0,1,0,0,0,aleatorio,0
43,3,5,1,0,0,0,0,1,1,0,0,1,aleatorio,1
46,1,47,0,0,0,0,1,0,0,0,0,0,aleatorio,0
57,3,6,1,0,1,0,1,0,1,0,0,2,aleatorio,2
30,3,2,1,0,0,0,0,1,1,0,0,1,aleatorio,1
55,2,38,0,0,0,0,0,1,0,0,0,0,aleatorio,0
30,3,38,0,0,0,0,1,1,0,3,3,1,aleatorio,1
47,2,18,1,0,0,1,0,0,1,0,0,2,aleatorio,2
48,1,10,0,0,0,0,1,0,0,0,0,0,aleatorio,0
27,1,121,0,0,0,1,0,0,0,0,0,1,aleatorio,1
27,1,228,0,0,0,0,1,0,0,0,0,0,aleatorio,0
56,1,300,0,1,0,0,0,0,0,1,1,2,aleatorio,2
32,2,117,0,0,0,1,0,0,0,0,1,1,aleatorio,1
70,0,999,0,0,0,0,0,0,0,3,3,1,aleatorio,1
38,1,278,0,0,0,0,1,0,0,0,0,0,aleatorio,0
39,2,12,1,1,1,0,0,0,0,0,1,2,aleatorio,2
27,2,40,0,0,0,1,0,0,1,0,1,1,aleatorio,1
26,1,324,0,0,0,1,0,0,0,0,0,1,aleatorio,1
43,4,1,1,1,0,0,1,1,1,0,1,2,aleatorio,2
42,2,27,1,0,0,0,1,1,0,1,1,1,aleatorio,1
56,2,29,1,0,0,0,1,0,1,0,0,1,aleatorio,1
61,2,4,1,0,0,0,1,0,1,0,0,1,aleatorio,1
42,1,37,0,0,0,0,0,1,0,0,0,0,aleatorio,0
34,1,300,0,0,0,0,0,1,0,0,0,0,aleatorio,0
61,3,7,1,0,0,0,1,0,0,0,0,1,aleatorio,1
54,1,94,0,0,0,0,0,0,1,0,1,0,aleatorio,0
56,1,8,0,0,0,0,1,0,0,0,0,0,aleatorio,0
56,5,29,1,0,0,0,1,1,1,0,0,1,aleatorio,1
63,1,2,0,0,1,0,0,0,0,0,0,2,aleatorio,2
22,2,30,1,0,0,0,1,0,0,2,2,1,aleatorio,1
24,3,3,1,1,0,0,1,0,0,0,0,2,aleatorio,2
38,1,9,0,0,0,1,0,0,0,0,0,1,aleatorio,1
24,1,22,0,0,0,0,1,0,0,0,0,0,aleatorio,0
58,1,9,0,0,1,0,0,0,0,0,0,1,aleatorio,2
44,3,4,1,0,0,1,0,0,1,0,0,2,aleatorio,2
37,1,386,0,0,0,0,0,0,1,1,2,1,aleatorio,1
52,1,399,0,0,0,0,0,1,0,2,2,1,aleatorio,1
45,2,144,0,0,0,0,1,0,1,0,0,0,aleatorio,0
27,3,20,1,1,0,1,0,0,1,1,2,2,aleatorio,2
28,1,48,0,0,0,0,0,1,0,0,0,0,aleatorio,0
67,2,4,1,0,0,0,1,0,1,0,0,0,aleatorio,1
22,1,141,0,0,0,1,0,0,0,0,0,1,aleatorio,1
48,2,183,0,0,0,0,1,0,0,0,0,0,aleatorio,0
58,4,7,1,0,0,0,1,1,0,0,0,1,aleatorio,1
23,2,1,1,0,0,1,0,0,1,0,0,2,aleatorio,2
61,1,34,0,0,0,1,0,0,0,0,0,0,aleatorio,1
23,3,3,1,0,0,0,1,1,1,0,0,1,aleatorio,1
49,6,1,1,0,0,0,1,1,1,0,0,1,aleatorio,1
20,1,4,0,0,0,1,0,0,0,0,0,1,aleatorio,1
18,1,24,0,0,0,0,1,0,0,0,0,0,aleatorio,0
47,1,12,0,0,0,0,0,1,0,0,0,0,aleatorio,0
52,2,44,0,0,1,0,1,0,0,1,1,2,aleatorio,2
69,1,15,0,0,0,0,1,0,0,3,4,2,aleatorio,2
53,1,148,0,0,0,0,0,0,1,0,0,0,aleatorio,0
41,2,55,0,0,0,0,0,1,0,0,1,0,aleatorio,0
47,2,27,1,0,0,0,1,1,0,0,0,0,aleatorio,1
38,1,3,0,0,0,0,1,0,0,0,0,0,aleatorio,0
47,2,38,0,0,0,0,0,1,1,0,0,0,aleatorio,0
49,2,60,0,0,0,0,1,1,0,0,0,0,aleatorio,0
38,6,4,1,0,1,1,0,1,1,0,0,2,aleatorio,2
61,1,203,0,0,0,0,1,0,0,0,0,0,aleatorio,0
33,1,58,0,0,0,0,0,1,0,0,1,0,aleatorio,0
38,4,29,1,0,0,0,1,1,1,1,2,1,aleatorio,1
37,2,1,1,1,0,0,0,1,0,0,0,2,aleatorio,2
22,1,15,0,0,0,0,0,0,1,0,2,0,aleatorio,0
63,1,148,0,0,0,0,0,0,1,0,0,0,aleatorio,0
54,1,18,0,0,0,0,1,0,0,0,0,0,aleatorio,0
60,3,1,1,0,0,1,0,1,0,0,0,2,aleatorio,2
59,1,165,0,0,1,0,0,0,0,0,0,2,aleatorio,2
35,2,185,0,0,0,0,1,0,0,1,2,1,aleatorio,1
48,2,35,0,0,0,0,0,1,0,2,2,1,aleatorio,1
60,2,15,1,1,0,0,0,1,0,1,1,2,aleatorio,2
61,2,38,0,0,0,0,1,1,0,1,2,1,aleatorio,1
70,1,14,0,0,0,0,1,0,0,0,0,0,aleatorio,0
27,3,9,1,1,1,0,0,0,0,0,0,2,aleatorio,2
46,2,112,0,0,0,0,1,1,0,0,0,0,aleatorio,0
51,1,58,0,0,0,0,0,1,0,0,0,0,aleatorio,0
45,3,111,0,0,0,0,1,0,1,1,1,1,aleatorio,1
25,3,48,0,1,0,1,0,0,0,1,1,2,aleatorio,2
35,3,9,1,0,0,0,1,1,0,0,0,1,aleatorio,1
55,2,23,1,1,0,1,0,0,0,1,1,2,aleatorio,2
31,4,3,1,1,1,0,0,0,1,0,0,2,aleatorio,2
56,6,9,1,0,1,1,1,1,1,0,0,2,aleatorio,2
44,1,53,0,0,0,0,0,1,0,0,0,0,aleatorio,0
67,1,118,0,0,0,0,0,0,1,3,3,1,aleatorio,1
25,3,27,1,1,0,1,0,0,1,0,0,2,aleatorio,2
52,1,4,0,0,0,0,0,1,0,0,0,1,aleatorio,0
21,1,124,0,0,0,0,0,0,1,0,0,0,aleatorio,0
19,1,164,0,0,0,0,0,1,0,0,0,0,aleatorio,0
54,1,359,0,0,0,0,1,0,0,0,0,0,aleatorio,0
48,2,1,1,0,1,0,0,0,1,0,0,2,aleatorio,2
21,1,174,0,0,0,0,0,0,1,3,3,2,aleatorio,1
58,5,8,1,0,0,1,0,1,0,0,0,2,aleatorio,2
37,3,8,1,1,1,0,0,1,0,0,0,2,aleatorio,2
44,1,11,0,0,0,0,1,0,0,0,0,0,aleatorio,0
35,1,236,0,0,0,1,0,0,0,0,0,2,aleatorio,1
27,2,49,0,0,0,0,0,1,0,0,0,2,aleatorio,0
43,1,40,0,0,0,0,1,0,0,0,0,0,aleatorio,0
55,2,6,1,0,0,0,0,1,0,0,0,1,aleatorio,1
30,6,2,1,0,1,1,1,1,1,0,0,2,aleatorio,2
38,1,31,0,0,0,0,1,0,0,0,1,0,aleatorio,0
44,2,13,1,0,1,0,0,0,1,1,2,2,aleatorio,2
34,3,6,1,0,0,0,0,0,1,0,0,2,aleatorio,1
24,2,9,1,0,0,0,1,0,0,0,0,1,aleatorio,1
62,2,36,0,0,0,1,0,0,1,1,1,0,aleatorio,1
33,1,390,0,0,0,0,0,0,1,0,0,0,aleatorio,0
42,2,263,0,0,1,1,0,0,0,2,3,2,aleatorio,2
27,1,255,0,0,0,0,1,0,0,0,0,0,aleatorio,0
31,1,348,0,0,0,0,0,1,0,0,0,0,aleatorio,0
67,1,43,0,0,0,0,0,0,1,0,0,0,aleatorio,0
64,1,53,0,0,0,0,0,0,1,0,0,0,aleatorio,0
45,1,11,0,0,0,0,1,0,0,0,0,0,aleatorio,0
59,3,1,1,0,1,1,0,0,0,0,0,2,aleatorio,2
25,1,136,0,0,0,1,0,0,0,0,0,1,aleatorio,1
44,2,11,1,1,0,0,0,1,0,0,0,2,aleatorio,2
18,6,10,1,1,0,1,1,1,0,3,3,2,aleatorio,2
22,1,256,0,0,0,1,0,0,0,0,0,1,aleatorio,1
30,2,4,1,0,0,0,1,0,0,0,0,1,aleatorio,1
63,3,14,1,0,0,0,0,1,1,0,0,1,aleatorio,1
40,1,390,0,1,0,0,0,0,0,0,0,2,aleatorio,2
33,3,13,1,0,0,0,1,0,1,2,2,2,aleatorio,2
34,1,6,0,0,0,1,0,0,0,0,0,1,aleatorio,1
33,1,120,0,0,0,0,1,0,0,2,3,1,aleatorio,1
37,3,109,0,1,0,1,0,0,1,0,2,2,aleatorio,2
53,4,19,1,0,1,0,1,0,1,2,2,1,aleatorio,2
38,1,357,0,0,0,1,0,0,0,0,0,1,aleatorio,1
25,5,4,1,1,0,1,1,0,0,0,0,2,aleatorio,2
20,3,10,1,0,1,1,0,0,1,0,1,0,aleatorio,2
55,2,52,0,0,0,0,1,0,0,0,0,0,aleatorio,0
43,2,31,0,0,0,1,0,0,1,0,0,1,aleatorio,1
49,1,26,0,0,0,0,0,1,0,0,1,0,aleatorio,0
62,3,5,1,0,1,0,0,1,0,0,0,2,aleatorio,2
33,1,222,0,0,0,1,0,0,0,1,1,1,aleatorio,1
58,1,280,0,0,0,0,0,1,0,0,2,0,aleatorio,0
40,1,351,0,0,1,0,0,0,0,0,0,2,aleatorio,2
64,1,34,0,0,0,0,0,1,0,2,3,1,aleatorio,1
63,4,3,1,0,0,0,0,1,1,0,0,1,aleatorio,1
66,2,18,1,0,0,0,1,1,0,1,2,1,aleatorio,1
55,1,18,0,0,0,0,0,1,0,0,0,0,aleatorio,0
70,4,22,1,0,0,1,1,0,0,0,0,2,aleatorio,2
64,3,34,0,0,0,0,1,1,1,0,0,0,aleatorio,0
55,1,243,0,0,0,0,0,1,0,0,1,0,aleatorio,0
58,5,1,1,1,0,1,0,0,0,0,0,2,aleatorio,2
65,3,4,1,0,0,0,1,1,1,0,0,1,aleatorio,1
58,4,10,1,0,1,0,0,1,1,0,0,2,aleatorio,2
44,3,56,0,1,0,0,1,0,1,0,0,2,aleatorio,2
36,2,47,0,0,0,1,1,0,0,1,1,1,aleatorio,1
44,1,6,0,0,0,0,0,1,0,0,0,0,aleatorio,0
41,1,138,0,0,0,1,0,0,0,0,0,1,aleatorio,1
43,1,60,0,0,0,0,0,0,1,0,0,0,aleatorio,0
42,1,50,0,0,0,0,1,0,0,2,4,1,aleatorio,1
27,1,1,0,0,0,0,0,0,1,0,0,0,aleatorio,0
55,3,12,1,0,1,0,1,0,1,0,0,2,aleatorio,2
43,4,16,1,1,0,1,1,1,0,0,0,2,aleatorio,2
68,5,12,1,0,0,1,1,1,1,0,0,2,aleatorio,2
31,2,161,0,0,0,0,1,1,0,1,1,1,aleatorio,1
27,1,335,0,0,0,0,0,1,0,0,0,0,aleatorio,0
24,2,8,1,1,0,1,0,0,0,1,1,2,aleatorio,2
34,3,35,0,0,0,1,1,0,0,0,1,1,aleatorio,1
34,4,7,1,1,0,0,1,1,1,0,0,2,aleatorio,2
46,1,223,0,0,0,1,0,0,0,0,0,2,aleatorio,1
27,1,13,0,0,1,0,0,0,0,1,4,2,aleatorio,2
42,0,999,0,0,0,0,0,0,0,2,2,1,aleatorio,1
41,2,11,1,0,0,0,0,1,1,0,1,1,aleatorio,1
51,3,56,0,0,0,0,1,1,0,0,0,0,aleatorio,0
62,1,44,0,0,0,0,1,0,0,1,1,2,aleatorio,1
21,2,27,1,0,0,0,0,1,0,2,2,1,aleatorio,1
49,2,31,0,0,1,1,0,0,0,4,4,2,aleatorio,2
36,2,10,1,0,0,1,1,0,0,0,0,2,aleatorio,2
20,5,4,1,1,0,1,0,1,0,0,0,2,aleatorio,2
62,4,44,0,0,0,0,1,1,0,0,0,0,aleatorio,0
45,1,229,0,0,0,0,1,0,0,1,1,1,aleatorio,1
69,2,7,1,0,0,0,0,1,0,0,1,1,aleatorio,1
55,3,5,1,0,0,0,1,1,1,0,0,1,aleatorio,1
58,1,49,0,0,0,0,1,0,0,0,0,0,aleatorio,0
22,3,14,1,0,0,1,1,0,0,0,1,2,aleatorio,2
48,1,30,0,0,0,0,0,1,0,2,2,2,aleatorio,1
18,2,34,0,0,0,0,1,0,0,0,0,0,aleatorio,0
22,5,6,1,1,0,1,1,1,0,0,1,2,aleatorio,2
19,2,33,0,0,0,0,0,1,1,0,0,0,aleatorio,0
30,3,21,1,1,0,1,0,1,0,0,0,2,aleatorio,2
18,1,14,0,0,0,1,0,0,0,0,1,1,aleatorio,1
66,2,159,0,0,0,0,1,0,1,0,0,0,aleatorio,0
30,1,149,0,0,0,0,1,0,0,0,0,0,aleatorio,0
44,2,108,0,1,0,1,0,0,0,0,1,2,aleatorio,2
65,2,16,1,0,0,0,0,1,1,0,0,1,aleatorio,1
67,2,65,0,0,0,0,0,1,1,0,0,0,aleatorio,0
57,0,999,0,0,0,0,0,0,0,4,4,1,aleatorio,1
63,1,63,0,0,0,0,0,0,1,0,0,0,aleatorio,0
55,3,3,1,0,0,0,0,1,1,0,0,1,aleatorio,1
47,6,3,1,0,1,0,0,1,1,0,0,1,aleatorio,2
64,6,7,1,1,1,0,1,1,1,1,2,2,aleatorio,2
36,3,2,1,0,0,1,1,0,0,0,0,2,aleatorio,2
52,1,330,0,0,0,0,0,1,0,0,0,1,aleatorio,0
39,1,337,0,0,0,0,1,0,0,0,0,0,aleatorio,0
47,3,12,1,0,1,0,1,0,1,1,1,2,aleatorio,2
22,6,1,1,0,0,1,1,1,0,0,0,2,aleatorio,2
31,1,16,0,0,0,0,1,0,0,0,0,0,aleatorio,0
23,3,39,0,0,0,0,1,1,1,0,0,0,aleatorio,0
35,2,8,1,0,0,1,0,1,0,3,3,2,aleatorio,2
34,1,250,0,0,0,0,0,1,0,0,0,2,aleatorio,0
52,2,56,0,0,0,1,1,0,0,0,1,1,aleatorio,1
50,4,5,1,0,0,1,1,0,1,0,0,2,aleatorio,2
28,1,27,0,0,0,0,0,0,1,0,1,0,aleatorio,0
46,1,8,0,0,0,1,0,0,0,0,0,1,aleatorio,1
60,5,7,1,0,0,1,1,1,0,0,0,2,aleatorio,2
33,0,999,0,0,0,0,0,0,0,3,3,1,aleatorio,1
30,1,49,0,0,0,0,0,1,0,0,0,0,aleatorio,0
29,0,999,0,0,0,0,0,0,0,3,3,1,aleatorio,1
33,2,54,0,0,0,0,0,1,1,1,2,1,aleatorio,1
26,1,191,0,0,0,0,0,0,1,0,0,0,aleatorio,0
57,3,9,1,0,0,1,1,0,1,0,0,2,aleatorio,2
69,6,0,1,1,1,0,0,1,1,0,0,2,aleatorio,2
43,1,231,0,0,0,1,0,0,0,0,0,1,aleatorio,1
33,1,58,0,0,0,0,0,1,0,3,3,1,aleatorio,1
22,3,3,1,0,0,0,1,0,1,0,0,0,aleatorio,1
70,1,102,0,0,0,0,1,0,0,1,1,2,aleatorio,1
40,1,30,0,0,0,0,1,0,0,0,0,0,aleatorio,0
30,4,5,1,0,0,0,1,1,1,0,0,1,aleatorio,1
49,5,8,1,0,0,0,1,1,1,0,0,1,aleatorio,1
25,1,394,0,0,0,1,0,0,0,1,1,1,aleatorio,1
58,1,13,0,0,1,0,0,0,0,0,0,0,aleatorio,2
43,1,60,0,0,0,0,1,0,0,0,0,0,aleatorio,0
56,0,999,0,0,0,0,0,0,0,2,2,1,aleatorio,1
34,2,58,0,1,0,0,0,1,0,0,0,2,aleatorio,2
26,2,3,1,1,0,1,0,0,0,1,1,2,aleatorio,2
64,1,5,0,0,0,0,1,0,0,0,1,2,aleatorio,0
40,3,14,1,0,1,0,1,0,1,0,1,2,aleatorio,2
48,1,26,0,0,0,0,0,1,0,0,0,0,aleatorio,0
58,1,44,0,0,0,0,0,0,1,0,0,0,aleatorio,0
24,1,9,0,0,0,0,1,0,0,0,0,0,aleatorio,0
58,1,13,0,1,0,0,0,0,0,2,2,2,aleatorio,2
70,3,13,1,1,0,0,0,1,0,0,0,2,aleatorio,2
34,1,49,0,0,0,0,1,0,0,1,1,1,aleatorio,1
67,5,3,1,0,1,1,1,1,0,2,4,2,aleatorio,2
31,2,214,0,0,0,0,0,1,0,0,0,0,aleatorio,0
51,1,57,0,0,0,0,1,0,0,1,1,1,aleatorio,1
34,2,39,0,0,0,0,1,0,1,0,0,0,aleatorio,0
46,3,0,1,1,0,0,1,0,1,0,0,2,aleatorio,2
58,3,9,1,1,0,0,1,0,0,0,0,2,aleatorio,2
18,3,1,1,1,0,0,1,0,1,0,0,2,aleatorio,2
34,1,355,0,0,0,0,0,1,0,0,0,2,aleatorio,0
68,1,253,0,0,0,0,0,1,0,0,0,0,aleatorio,0
67,2,15,1,0,0,0,0,1,0,0,0,1,aleatorio,1
61,1,376,0,0,0,0,0,0,1,0,0,0,aleatorio,0
57,1,18,0,0,0,0,0,0,1,0,0,0,aleatorio,0
62,6,0,1,0,0,0,1,1,1,0,0,1,aleatorio,1
18,2,52,0,0,0,0,1,0,0,0,0,0,aleatorio,0
56,1,60,0,0,0,0,0,0,1,0,0,0,aleatorio,0
59,1,32,0,0,0,0,0,1,0,0,0,0,aleatorio,0
24,4,6,1,0,0,0,1,1,1,1,1,2,aleatorio,2
28,6,4,1,0,0,1,1,0,1,1,2,2,aleatorio,2
25,3,13,1,0,0,0,1,1,0,0,0,1,aleatorio,1
54,2,60,0,0,0,1,0,1,0,2,4,2,aleatorio,1
51,1,6,0,0,0,0,1,0,0,0,0,0,aleatorio,0
54,1,9,0,0,0,0,0,1,0,2,2,0,aleatorio,2
63,1,0,0,0,0,0,1,0,0,0,0,0,aleatorio,0
23,2,3,1,1,0,0,1,0,0,4,4,0,aleatorio,2
28,6,6,1,0,1,0,1,1,1,0,0,2,aleatorio,2
29,4,3,1,1,0,0,0,1,1,0,0,2,aleatorio,2
34,2,20,1,0,0,0,0,1,1,1,1,1,aleatorio,1
54,1,1,0,0,0,0,0,1,0,0,0,0,aleatorio,0
32,3,14,1,1,0,1,0,0,1,1,1,2,aleatorio,2
65,3,2,1,0,0,0,1,0,1,1,2,1,aleatorio,2
53,4,3,1,0,0,1,1,1,0,1,1,2,aleatorio,2
46,1,56,0,0,0,0,1,0,0,1,1,1,aleatorio,1
30,1,219,0,0,0,0,0,0,1,0,0,0,aleatorio,0
59,3,72,0,0,0,0,1,1,0,0,0,0,aleatorio,0
33,1,317,0,0,0,0,0,0,1,0,0,0,aleatorio,0
56,1,216,0,0,0,0,0,0,1,0,0,0,aleatorio,0
56,4,4,1,0,1,0,0,0,1,2,3,2,aleatorio,2
21,2,7,1,0,1,0,0,1,0,0,0,2,aleatorio,2
27,4,3,1,0,0,1,1,1,1,0,0,1,aleatorio,2
24,2,49,0,0,0,0,1,0,1,0,0,0,aleatorio,0
18,2,24,1,0,0,0,0,1,1,2,2,1,aleatorio,1
57,1,10,0,0,0,0,0,1,0,0,1,0,aleatorio,0
33,2,4,1,0,0,0,1,0,0,0,0,1,aleatorio,1
46,1,176,0,0,0,0,0,1,0,0,0,0,aleatorio,0
66,2,10,1,0,0,0,1,0,1,0,0,1,aleatorio,1
23,2,127,0,0,0,0,0,1,0,0,0,0,aleatorio,0
65,1,16,0,0,1,0,0,0,0,1,1,2,aleatorio,2
58,4,12,1,0,1,1,0,1,0,0,0,2,aleatorio,2
52,5,4,1,0,1,0,0,1,1,1,1,0,aleatorio,2
68,1,46,0,0,0,0,1,0,0,0,0,0,aleatorio,0
50,1,20,0,0,0,1,0,0,0,0,0,1,aleatorio,1
58,3,3,1,1,0,0,0,1,0,0,0,2,aleatorio,2
37,1,11,0,0,0,0,1,0,0,0,0,0,aleatorio,0
26,1,1,0,0,1,0,0,0,0,0,0,2,aleatorio,2
57,3,0,1,0,1,0,0,0,1,1,1,2,aleatorio,2
61,2,7,1,0,0,0,0,1,0,0,0,1,aleatorio,1
29,3,46,0,0,0,1,0,1,0,0,0,1,aleatorio,1
20,2,29,1,0,0,0,0,0,1,0,1,1,aleatorio,1
22,1,14,0,0,0,0,0,1,0,0,0,0,aleatorio,0
39,3,2,1,0,0,0,0,1,0,0,0,1,aleatorio,1
25,3,1,1,0,0,1,0,1,0,0,0,2,aleatorio,2
58,3,6,1,1,0,0,0,0,1,0,0,2,aleatorio,2
53,1,23,0,0,0,1,0,0,0,1,1,1,aleatorio,1
53,2,6,1,0,0,0,1,0,0,0,0,1,aleatorio,1
18,5,41,0,0,0,0,1,1,1,0,0,1,aleatorio,0
23,2,57,0,0,0,1,0,1,0,2,3,0,aleatorio,1
54,2,37,0,0,0,1,0,0,1,1,2,1,aleatorio,1
61,1,1,0,0,0,0,0,0,1,0,1,0,aleatorio,0
58,1,47,0,0,0,0,0,0,1,0,0,1,aleatorio,0
48,1,60,0,1,0,0,0,0,0,1,1,2,aleatorio,2
35,1,9,0,0,0,1,0,0,0,0,0,1,aleatorio,1
69,5,6,1,0,1,0,1,1,0,0,0,2,aleatorio,2
70,1,103,0,0,0,0,0,0,1,0,0,0,aleatorio,0
66,1,7,0,0,0,0,0,0,1,0,0,0,aleatorio,0
35,4,3,1,0,0,0,1,1,1,0,0,1,aleatorio,1
20,2,338,0,0,1,1,0,0,0,0,0,2,aleatorio,2
49,2,13,1,0,0,0,0,1,0,0,0,1,aleatorio,1
48,1,7,0,0,0,0,0,1,0,0,0,0,aleatorio,0
48,1,15,0,0,0,1,0,0,0,1,2,2,aleatorio,2
50,4,1,1,1,1,0,0,0,1,1,1,2,aleatorio,2
66,1,36,0,0,0,0,0,1,0,0,1,0,aleatorio,0
51,2,81,0,0,0,0,1,1,0,0,0,0,aleatorio,0
31,1,40,0,0,1,0,0,0,0,3,4,2,aleatorio,2
23,1,11,0,0,0,0,1,0,0,0,0,0,aleatorio,0
65,2,2,1,0,0,1,0,1,0,0,0,1,aleatorio,2
54,1,205,0,0,0,0,1,0,0,0,0,0,aleatorio,0
47,3,28,1,0,1,0,0,1,1,0,0,2,aleatorio,2
53,2,11,1,0,0,0,1,0,1,0,0,1,aleatorio,1
62,1,128,0,0,0,0,0,1,0,0,0,0,aleatorio,0
28,3,6,1,0,0,1,1,0,0,0,0,2,aleatorio,2
68,1,27,0,0,0,0,1,0,0,0,0,0,aleatorio,0
44,1,57,0,0,0,0,0,1,0,0,0,0,aleatorio,0
51,2,0,1,0,0,0,1,0,0,0,0,1,aleatorio,1
49,1,5,0,0,0,0,0,0,1,0,0,0,aleatorio,0
46,3,1,1,0,0,0,1,1,1,0,0,1,aleatorio,1
22,5,12,1,0,0,1,1,1,1,0,0,0,aleatorio,2
54,1,5,0,0,0,0,1,0,0,0,0,0,aleatorio,0
25,6,8,1,1,1,1,0,0,1,2,2,0,aleatorio,2
27,2,20,1,0,0,1,1,0,0,2,4,2,aleatorio,2
30,1,280,0,0,0,0,1,0,0,0,0,0,aleatorio,0
60,1,90,0,0,0,0,1,0,0,0,0,0,aleatorio,0
31,1,11,0,0,0,0,1,0,0,0,0,0,aleatorio,0
32,1,1,0,0,0,0,1,0,0,0,0,0,aleatorio,0
29,3,35,0,0,0,0,1,0,1,0,0,0,aleatorio,0
67,2,3,1,0,1,0,1,0,0,0,1,2,aleatorio,2
39,1,24,0,0,0,0,0,1,0,0,0,0,aleatorio,0
31,1,96,0,0,0,0,0,1,0,0,0,0,aleatorio,0
46,1,120,0,0,0,1,0,0,0,0,0,1,aleatorio,1
65,2,203,0,0,1,0,0,1,0,0,0,2,aleatorio,2
61,1,15,0,0,0,0,0,0,1,0,0,0,aleatorio,0
53,1,356,0,0,0,0,1,0,0,0,0,0,aleatorio,0
27,1,7,0,0,0,0,1,0,0,0,0,0,aleatorio,0
68,2,11,1,1,0,0,0,0,1,0,1,0,aleatorio,2
62,1,165,0,0,0,0,0,1,0,0,0,0,aleatorio,0
18,1,40,0,0,0,0,0,1,0,1,1,1,aleatorio,1
62,1,44,0,0,0,0,0,1,0,0,0,1,aleatorio,0
40,1,0,0,0,0,0,0,0,1,0,0,0,aleatorio,0
48,2,7,1,1,0,0,0,0,1,1,2,2,aleatorio,2
58,1,105,0,0,0,0,0,1,0,0,0,0,aleatorio,0
67,3,5,1,1,0,0,0,1,1,1,1,2,aleatorio,2
20,4,7,1,0,0,1,1,1,1,0,0,2,aleatorio,2
40,3,13,1,0,1,0,1,0,1,0,0,2,aleatorio,2
47,4,2,1,1,0,1,0,1,0,0,0,2,aleatorio,2
70,1,34,0,0,0,0,0,1,0,0,0,0,aleatorio,0
68,4,6,1,1,0,1,1,0,1,0,0,1,aleatorio,2
29,3,6,1,0,0,1,0,1,1,1,1,0,aleatorio,2
31,2,8,1,0,0,0,0,1,0,0,0,1,aleatorio,1
56,1,354,0,0,0,0,1,0,0,0,0,0,aleatorio,0
66,2,8,1,1,0,0,0,0,1,3,3,2,aleatorio,2
31,4,22,1,1,1,0,0,0,1,0,0,2,aleatorio,2
22,1,35,0,0,0,0,0,1,0,0,0,2,aleatorio,0
28,4,11,1,0,1,1,0,1,0,0,0,2,aleatorio,2
21,1,30,0,0,0,1,0,0,0,2,2,1,aleatorio,1
41,1,53,0,0,0,1,0,0,0,0,0,1,aleatorio,1
33,4,4,1,0,1,1,1,0,0,0,0,1,aleatorio,2
53,1,48,0,0,0,0,0,0,1,0,0,0,aleatorio,0
65,1,283,0,0,0,0,1,0,0,0,0,0,aleatorio,0
58,1,36,0,0,1,0,0,0,0,0,0,2,aleatorio,2
47,3,29,1,0,0,0,1,1,0,0,0,1,aleatorio,1
63,1,50,0,0,0,0,1,0,0,0,0,0,aleatorio,0
30,4,1,1,0,1,1,0,1,0,0,0,0,aleatorio,2
49,4,7,1,0,1,0,1,0,1,0,1,2,aleatorio,2
66,2,7,1,0,0,1,0,1,0,0,0,2,aleatorio,2
32,5,7,1,0,0,1,1,1,1,0,0,2,aleatorio,2
26,2,1,1,1,1,0,0,0,0,0,1,2,aleatorio,2
43,3,11,1,0,0,1,1,0,1,0,0,2,aleatorio,2
57,1,247,0,0,0,0,1,0,0,2,2,1,aleatorio,1
22,1,62,0,0,1,0,0,0,0,0,0,2,aleatorio,2
67,1,5,0,0,0,0,0,1,0,0,0,0,aleatorio,0
23,3,34,0,0,0,0,1,1,0,0,0,0,aleatorio,0
23,2,40,0,0,1,0,1,0,0,0,0,2,aleatorio,2
46,1,109,0,0,0,0,0,1,0,0,1,0,aleatorio,0
21,1,300,0,0,0,0,0,1,0,0,0,0,aleatorio,0
63,1,195,0,0,0,0,0,0,1,0,0,0,aleatorio,0
20,1,33,0,1,0,0,0,0,0,0,0,2,aleatorio,2
38,1,0,0,0,0,0,1,0,0,1,1,2,aleatorio,2
43,1,37,0,0,0,0,1,0,0,1,1,1,aleatorio,1
55,3,21,1,0,0,1,1,0,1,0,0,2,aleatorio,2
38,2,32,0,0,0,0,0,0,1,1,2,1,aleatorio,1
28,3,11,1,1,0,0,1,0,1,0,0,2,aleatorio,2
42,1,225,0,0,0,0,1,0,0,0,0,0,aleatorio,0
30,6,6,1,0,1,1,1,1,1,2,4,1,aleatorio,2
40,1,74,0,0,0,0,0,0,1,0,0,0,aleatorio,0
29,3,6,1,0,0,1,1,0,0,0,0,2,aleatorio,2
23,3,89,0,1,0,1,0,0,1,1,1,2,aleatorio,2
45,3,25,1,0,1,1,0,0,1,2,4,2,aleatorio,2
47,1,32,0,0,0,0,0,1,0,0,0,0,aleatorio,0
64,1,36,0,0,0,0,1,0,0,1,1,1,aleatorio,1
63,1,255,0,0,0,0,1,0,0,0,0,1,aleatorio,0
37,1,47,0,0,0,0,1,0,0,1,1,1,aleatorio,1
53,4,5,1,0,1,1,1,1,0,0,0,2,aleatorio,2
36,1,45,0,0,0,0,0,1,0,1,1,1,aleatorio,1
44,2,48,0,0,0,0,1,0,1,0,0,0,aleatorio,0
43,1,50,0,0,0,0,0,0,1,1,1,1,aleatorio,1
53,1,15,0,0,0,1,0,0,0,0,0,1,aleatorio,1
26,3,5,1,0,1,1,1,0,0,4,4,1,aleatorio,2
39,1,25,0,0,0,0,0,1,0,0,0,0,aleatorio,0
35,2,86,0,0,1,0,1,0,0,1,1,2,aleatorio,2
36,0,999,0,0,0,0,0,0,0,1,1,1,aleatorio,1
31,1,9,0,0,0,0,0,0,1,0,0,0,aleatorio,0
25,1,296,0,0,0,0,0,0,1,0,0,0,aleatorio,0
47,2,10,1,0,1,0,0,0,1,0,0,2,aleatorio,2
36,1,4,0,1,0,0,0,0,0,0,1,2,aleatorio,2
49,1,333,0,0,0,1,0,0,0,1,2,1,aleatorio,1
56,3,5,1,0,1,1,0,1,0,1,1,2,aleatorio,2
26,1,9,0,0,0,0,0,0,1,0,2,0,aleatorio,0
67,2,14,1,0,0,1,1,0,0,0,0,2,aleatorio,2
18,1,4,0,0,0,0,1,0,0,0,0,0,aleatorio,0
30,1,147,0,0,0,0,1,0,0,0,0,0,aleatorio,0
35,5,12,1,1,1,1,1,0,0,0,0,2,aleatorio,2
68,1,11,0,0,0,0,0,1,0,0,0,0,aleatorio,0
66,1,300,0,0,0,0,1,0,0,0,1,2,aleatorio,0
59,1,21,0,0,0,0,0,1,0,1,2,1,aleatorio,1
45,1,235,0,0,0,0,0,0,1,0,0,0,aleatorio,0
28,2,10,1,0,0,1,0,0,0,1,1,2,aleatorio,2
20,3,10,1,0,0,0,1,0,1,0,0,0,aleatorio,1
34,2,0,1,0,0,0,0,1,1,0,0,2,aleatorio,1
68,2,7,1,0,1,0,0,0,0,0,0,2,aleatorio,2
18,0,999,0,0,0,0,0,0,0,3,3,1,aleatorio,1
62,1,32,0,0,0,0,1,0,0,0,1,0,aleatorio,0
18,2,203,0,0,0,0,0,1,1,0,0,0,aleatorio,0
35,3,9,1,0,0,0,0,1,1,0,0,0,aleatorio,1
53,4,36,0,0,0,0,1,1,0,0,2,0,aleatorio,0
36,2,11,1,1,0,0,0,0,1,1,1,2,aleatorio,2
41,2,57,0,0,0,0,1,1,0,0,0,0,aleatorio,0
46,1,22,0,0,0,0,0,1,0,0,0,0,aleatorio,0
45,3,6,1,0,0,0,1,1,1,0,0,1,aleatorio,1
61,4,34,0,0,0,1,1,1,0,0,2,1,aleatorio,1
35,1,272,0,0,0,0,0,1,0,1,1,1,aleatorio,1
44,2,47,0,0,0,0,1,1,0,0,0,0,aleatorio,0
30,2,55,0,0,1,0,0,1,0,0,0,2,aleatorio,2
47,3,134,0,0,0,1,1,0,0,2,4,1,aleatorio,1
35,2,263,0,0,0,0,0,1,0,0,0,0,aleatorio,0
54,1,22,0,0,0,0,1,0,0,0,0,0,aleatorio,0
62,3,12,1,0,0,0,1,1,0,0,0,1,aleatorio,1
36,3,105,0,0,0,0,1,0,1,0,0,0,aleatorio,0
34,6,9,1,0,1,0,1,1,1,0,0,2,aleatorio,2
18,1,3,0,0,0,0,0,0,1,0,0,0,aleatorio,0
51,6,5,1,1,0,1,1,1,0,0,0,0,aleatorio,2
63,1,29,0,0,0,0,1,0,0,0,1,0,aleatorio,0
46,3,8,1,0,1,1,1,0,0,0,0,1,aleatorio,2
46,6,11,1,1,1,1,0,1,1,2,2,2,aleatorio,2
22,1,377,0,0,1,0,0,0,0,0,0,2,aleatorio,2
50,1,179,0,0,0,0,0,0,1,0,0,0,aleatorio,0
64,1,375,0,0,0,0,1,0,0,0,0,0,aleatorio,0
55,0,999,0,0,0,0,0,0,0,3,4,1,aleatorio,1
28,6,6,1,1,1,0,1,1,0,0,2,2,aleatorio,2
35,5,8,1,0,0,0,1,1,1,0,0,1,aleatorio,1
70,2,36,0,0,0,1,0,1,0,0,0,0,aleatorio,1
49,5,13,1,1,1,0,1,1,1,0,0,2,aleatorio,2
30,1,43,0,0,1,0,0,0,0,1,1,2,aleatorio,2
67,5,9,1,1,0,1,1,0,0,0,0,2,aleatorio,2
25,2,3,1,0,0,0,1,0,1,0,0,1,aleatorio,1
38,5,2,1,0,0,0,1,1,0,0,0,1,aleatorio,1
43,2,97,0,0,0,0,1,0,1,0,0,0,aleatorio,0
54,1,396,0,0,0,0,0,0,1,0,0,0,aleatorio,0
45,1,306,0,0,0,0,0,0,1,0,0,0,aleatorio,0
41,1,44,0,0,0,1,0,0,0,0,1,1,aleatorio,1
24,2,3,1,0,0,0,0,1,1,2,2,2,aleatorio,2
69,3,14,1,0,0,1,0,0,1,1,1,2,aleatorio,2
61,2,11,1,0,0,1,0,1,0,1,1,2,aleatorio,2
53,1,9,0,0,0,0,0,0,1,0,0,0,aleatorio,0
67,5,14,1,0,0,1,1,1,1,1,1,2,aleatorio,2
35,3,32,0,0,0,0,1,1,1,1,3,1,aleatorio,1
19,2,32,0,0,0,0,1,0,1,0,0,0,aleatorio,0
46,3,14,1,0,0,0,0,1,0,0,0,1,aleatorio,1
25,3,7,1,0,0,1,1,1,0,0,0,2,aleatorio,2
33,1,229,0,0,0,0,0,0,1,0,1,0,aleatorio,0
58,1,4,0,0,0,0,0,1,0,0,1,0,aleatorio,0
48,2,17,1,0,0,0,1,0,1,1,1,1,aleatorio,1
28,4,22,1,1,0,1,0,1,0,0,0,2,aleatorio,2
42,0,999,0,0,0,0,0,0,0,4,4,1,aleatorio,1
66,4,6,1,0,1,1,0,1,0,0,0,2,aleatorio,2
34,3,1,1,0,0,0,1,1,0,0,0,1,aleatorio,1
51,1,37,0,0,0,1,0,0,0,0,0,2,aleatorio,1
59,1,2,0,0,0,1,0,0,0,0,0,1,aleatorio,1
52,1,46,0,0,0,0,0,1,0,0,0,0,aleatorio,0
37,2,15,1,0,1,0,1,0,0,0,0,2,aleatorio,2
36,1,316,0,1,0,0,0,0,0,4,4,1,aleatorio,2
42,5,20,1,0,1,0,1,1,1,0,0,2,aleatorio,2
48,1,264,0,0,0,0,1,0,0,0,0,0,aleatorio,0
41,3,11,1,0,0,0,1,0,1,0,0,1,aleatorio,1
30,2,46,0,1,0,0,0,0,1,0,0,2,aleatorio,2
54,2,8,1,0,1,0,1,0,0,0,0,2,aleatorio,2
69,1,34,0,0,0,0,0,0,1,0,2,0,aleatorio,0
63,1,263,0,0,0,0,0,0,1,0,0,0,aleatorio,0
61,2,12,1,0,0,0,1,1,0,0,2,1,aleatorio,1
23,1,54,0,0,0,0,0,1,0,0,0,0,aleatorio,0
60,4,32,0,0,0,1,1,1,0,0,0,2,aleatorio,1
45,2,50,0,0,0,1,0,1,0,3,3,1,aleatorio,1
30,2,43,0,0,0,0,0,0,1,0,0,0,aleatorio,0
51,1,139,0,0,0,0,1,0,0,0,0,0,aleatorio,0
66,1,11,0,0,0,1,0,0,0,0,0,2,aleatorio,1
70,3,11,1,0,0,0,0,0,1,0,0,1,aleatorio,1
24,1,53,0,0,0,0,0,0,1,0,0,1,aleatorio,0
43,4,1,1,0,0,1,1,1,1,2,3,1,aleatorio,2
39,1,57,0,0,0,0,0,1,0,0,0,0,aleatorio,0
58,3,3,1,1,0,0,0,1,0,1,1,2,aleatorio,2
18,3,28,1,0,0,0,1,1,0,0,0,1,aleatorio,1
51,4,11,1,1,0,0,1,0,1,2,2,2,aleatorio,2
45,5,5,1,0,0,0,1,1,1,0,1,1,aleatorio,1
70,1,165,0,0,0,1,0,0,0,0,0,1,aleatorio,1
27,2,31,0,0,0,0,1,1,0,3,3,1,aleatorio,1
22,2,54,0,0,0,1,0,1,0,0,0,1,aleatorio,1
64,1,228,0,0,0,1,0,0,0,0,0,0,aleatorio,1
64,6,0,1,0,1,1,1,1,1,2,2,1,aleatorio,2
48,1,42,0,0,0,1,0,0,0,1,1,1,aleatorio,1
49,1,377,0,0,0,0,0,1,0,0,0,0,aleatorio,0
44,2,21,1,0,0,1,0,1,0,1,1,2,aleatorio,2
40,2,183,0,0,0,1,1,0,0,0,0,1,aleatorio,1
19,1,52,0,0,0,0,1,0,0,0,0,0,aleatorio,0
48,1,155,0,0,0,0,0,1,0,1,2,1,aleatorio,1
20,2,0,1,0,0,0,1,1,0,0,0,1,aleatorio,1
67,1,6,0,0,0,0,0,0,1,2,3,2,aleatorio,2
63,1,3,0,0,0,0,1,0,0,0,0,0,aleatorio,0
48,3,9,1,0,0,0,0,1,1,2,2,2,aleatorio,2
58,3,28,1,1,0,0,1,0,0,2,2,2,aleatorio,2
58,1,40,0,0,0,0,0,1,0,0,1,0,aleatorio,0
29,5,0,1,0,1,0,0,1,1,0,0,2,aleatorio,2
63,1,259,0,0,0,0,0,1,0,0,1,0,aleatorio,0
32,3,6,1,1,0,1,1,0,0,0,0,2,aleatorio,2
67,1,136,0,0,0,0,0,0,1,1,2,1,aleatorio,1
49,0,999,0,0,0,0,0,0,0,3,3,1,aleatorio,1
46,4,5,1,1,1,0,1,0,1,0,0,2,aleatorio,2
67,2,55,0,0,0,0,1,1,0,0,0,0,aleatorio,0
44,1,16,0,0,0,1,0,0,0,0,0,2,aleatorio,1
25,2,158,0,0,0,0,1,0,1,0,0,0,aleatorio,0
63,2,49,0,0,0,0,0,1,1,4,4,1,aleatorio,1
35,1,11,0,0,1,0,0,0,0,1,1,2,aleatorio,2
41,4,28,1,0,1,0,0,0,1,1,1,2,aleatorio,2
64,3,9,1,1,0,0,1,1,0,1,1,2,aleatorio,2
57,2,9,1,0,0,0,1,0,1,0,0,1,aleatorio,1
62,2,177,0,0,0,1,0,0,1,0,0,1,aleatorio,1
19,4,6,1,1,1,0,0,0,1,1,1,2,aleatorio,2
38,5,38,0,0,0,1,1,1,0,1,1,1,aleatorio,1
51,1,50,0,0,0,0,1,0,0,1,1,2,aleatorio,1
19,1,9,0,0,0,1,0,0,0,0,0,1,aleatorio,1
19,1,121,0,0,0,0,1,0,0,0,1,1,aleatorio,0
67,1,21,0,0,0,0,0,0,1,0,0,0,aleatorio,0
27,6,1,1,0,0,0,1,0,1,0,0,1,aleatorio,1
47,2,19,1,1,0,0,0,1,0,0,0,2,aleatorio,2
50,1,0,0,0,0,0,0,0,1,0,0,0,aleatorio,0
43,6,0,1,0,1,1,1,1,0,0,0,2,aleatorio,2
33,1,21,0,0,0,0,1,0,0,0,0,0,aleatorio,0
27,2,157,0,0,0,0,0,1,0,1,1,1,aleatorio,1
65,5,1,1,1,1,0,1,0,0,0,0,2,aleatorio,2
29,1,203,0,0,0,0,0,1,0,1,1,1,aleatorio,1
56,1,23,0,0,0,1,0,0,0,1,2,1,aleatorio,1
59,5,19,1,1,0,1,0,0,1,0,0,2,aleatorio,2
66,3,37,0,0,0,0,1,1,1,0,0,0,aleatorio,0
69,5,11,1,1,1,0,1,0,0,0,0,2,aleatorio,2
38,5,18,1,1,1,1,1,1,0,0,0,2,aleatorio,2
38,1,22,0,0,0,0,1,0,0,0,1,0,aleatorio,0
21,2,56,0,0,0,0,1,0,0,1,2,1,aleatorio,1
69,5,0,1,0,0,1,0,1,1,1,1,2,aleatorio,2
55,1,287,0,0,0,1,0,0,0,0,0,1,aleatorio,1
55,1,71,0,0,1,0,0,0,0,0,0,2,aleatorio,2
30,4,29,1,1,1,0,0,0,1,0,0,2,aleatorio,2
35,1,381,0,0,0,0,0,1,0,0,1,0,aleatorio,0
49,2,327,0,0,0,1,1,0,0,3,4,1,aleatorio,1
60,2,45,0,0,0,1,1,0,0,0,0,1,aleatorio,1
51,1,32,0,0,0,1,0,0,0,0,0,1,aleatorio,1
35,1,141,0,0,0,1,0,0,0,4,4,1,aleatorio,1
25,2,80,0,0,0,0,1,0,1,0,0,0,aleatorio,0
60,1,46,0,0,0,0,1,0,0,0,0,0,aleatorio,0
54,4,13,1,0,0,0,1,1,1,0,0,1,aleatorio,1
48,2,5,1,0,0,0,1,0,0,0,0,1,aleatorio,1
30,2,9,1,0,1,0,0,1,0,1,1,1,aleatorio,2
64,3,2,1,0,0,1,0,1,0,1,1,2,aleatorio,2
47,1,21,0,0,0,0,1,0,0,2,3,1,aleatorio,1
36,1,9,0,0,0,0,1,0,0,0,0,0,aleatorio,0
24,2,16,1,0,0,0,1,0,1,0,0,1,aleatorio,1
66,6,5,1,1,1,1,1,1,1,0,0,2,aleatorio,2
60,3,27,1,1,0,1,1,0,0,0,0,2,aleatorio,2
66,1,272,0,0,0,0,1,0,0,1,1,1,aleatorio,1
42,5,25,1,1,0,1,1,0,1,0,0,2,aleatorio,2
53,2,33,0,0,0,0,1,0,1,0,0,0,aleatorio,0
22,1,13,0,0,0,0,0,0,1,0,0,0,aleatorio,0
60,2,11,1,0,0,0,1,0,1,1,1,2,aleatorio,2
36,2,138,0,0,0,0,1,1,0,0,0,2,aleatorio,0
56,1,2,0,0,0,0,0,1,0,0,0,0,aleatorio,0
63,1,38,0,0,0,0,0,1,0,0,0,0,aleatorio,0
66,1,7,0,0,0,0,1,0,0,0,0,0,aleatorio,0
41,1,394,0,0,0,0,0,1,0,0,0,0,aleatorio,0
41,2,42,0,1,0,0,0,1,0,1,1,2,aleatorio,2
31,1,6,0,0,0,1,0,0,0,0,0,1,aleatorio,1
51,5,6,1,1,0,1,0,1,1,2,3,2,aleatorio,2
69,2,39,0,0,1,0,0,1,0,0,0,2,aleatorio,2
58,2,173,0,0,0,1,0,1,0,3,3,1,aleatorio,1
64,5,13,1,0,1,1,0,1,0,1,1,2,aleatorio,2
39,1,58,0,0,0,0,0,1,0,0,0,0,aleatorio,0
63,3,48,0,0,0,0,0,1,1,0,0,0,aleatorio,0
39,1,26,0,0,0,0,0,0,1,0,0,1,aleatorio,0
66,2,66,0,0,0,0,1,1,0,0,0,2,aleatorio,0
35,1,14,0,0,0,0,0,0,1,0,0,0,aleatorio,0
66,1,58,0,0,0,0,1,0,0,0,0,0,aleatorio,0
26,3,12,1,0,0,0,1,0,1,0,0,0,aleatorio,1
25,1,279,0,0,0,0,1,0,0,0,0,0,aleatorio,0
59,1,44,0,0,0,1,0,0,0,2,3,1,aleatorio,1
59,1,15,0,0,0,0,0,1,0,0,0,0,aleatorio,0
27,2,29,1,0,0,0,1,0,1,1,1,2,aleatorio,1
40,1,112,0,0,0,0,1,0,0,0,0,0,aleatorio,0
67,1,140,0,0,0,0,0,1,0,0,0,0,aleatorio,0
64,1,106,0,0,0,0,1,0,0,0,1,0,aleatorio,0
34,1,59,0,0,1,0,0,0,0,0,0,2,aleatorio,2
32,4,6,1,0,0,1,1,0,0,0,0,2,aleatorio,2
24,1,168,0,0,0,0,0,0,1,0,0,0,aleatorio,0
61,6,34,0,0,0,1,0,1,1,0,0,1,aleatorio,1
38,3,34,0,0,0,0,1,1,0,0,0,0,aleatorio,0
69,1,331,0,0,0,0,0,1,0,2,3,1,aleatorio,1
32,1,10,0,0,1,0,0,0,0,0,0,2,aleatorio,2
52,2,49,0,0,0,0,0,1,1,0,0,1,aleatorio,0
69,4,1,1,0,1,1,0,1,1,0,1,2,aleatorio,2
24,3,2,1,1,0,0,0,0,1,1,1,2,aleatorio,2
35,1,20,0,0,0,0,0,1,0,0,0,0,aleatorio,0
42,1,13,0,0,0,0,0,1,0,0,0,1,aleatorio,0
52,5,10,1,0,1,1,0,1,1,0,0,2,aleatorio,2
62,5,59,0,1,1,0,1,1,0,0,0,2,aleatorio,2
43,3,5,1,0,0,1,0,1,0,1,1,2,aleatorio,2
51,1,7,0,0,0,0,0,1,0,0,0,0,aleatorio,0
47,1,16,0,0,0,0,1,0,0,0,0,0,aleatorio,0
27,6,6,1,0,1,1,1,1,0,0,0,2,aleatorio,2
20,1,2,0,0,0,0,0,1,0,0,0,0,aleatorio,0
63,1,10,0,0,0,0,0,1,0,0,0,0,aleatorio,0
25,2,8,1,1,0,0,0,0,1,2,3,2,aleatorio,2
32,2,51,0,0,0,0,0,1,0,0,0,1,aleatorio,0
30,1,20,0,0,0,0,0,0,1,0,0,0,aleatorio,0
55,2,42,0,0,0,0,1,1,0,0,0,0,aleatorio,0
54,3,9,1,0,0,0,1,0,1,1,1,2,aleatorio,2
48,2,32,0,0,0,0,0,1,1,0,0,0,aleatorio,0
62,0,999,0,0,0,0,0,0,0,3,3,1,aleatorio,1
20,1,53,0,0,0,1,0,0,0,1,1,1,aleatorio,1
30,1,116,0,0,0,0,0,1,0,0,0,0,aleatorio,0
56,1,6,0,0,0,0,0,1,0,0,0,1,aleatorio,0
19,1,14,0,0,0,0,1,0,0,0,0,2,aleatorio,0
23,1,7,0,0,0,0,0,0,1,0,0,0,aleatorio,0
55,3,52,0,0,1,1,0,1,0,0,1,2,aleatorio,2
21,2,5,1,0,1,0,0,1,0,4,4,0,aleatorio,2
57,1,44,0,0,0,0,0,1,0,0,1,0,aleatorio,0
66,2,0,1,0,0,0,0,0,1,0,0,1,aleatorio,1
53,1,0,0,0,0,0,1,0,0,0,0,0,aleatorio,0
18,3,31,0,0,0,1,0,1,1,0,1,1,aleatorio,1
37,1,20,0,0,1,0,0,0,0,0,0,2,aleatorio,2
56,2,49,0,0,0,1,1,0,0,0,0,1,aleatorio,1
69,1,60,0,0,0,1,0,0,0,0,0,1,aleatorio,1
42,1,214,0,0,0,1,0,0,0,0,0,1,aleatorio,1
21,2,248,0,0,1,0,1,0,0,0,0,2,aleatorio,2
51,1,182,0,0,0,1,0,0,0,1,1,1,aleatorio,1
57,2,38,0,0,0,0,1,0,1,0,0,0,aleatorio,0
38,1,26,0,0,0,0,0,1,0,2,4,1,aleatorio,1
49,4,10,1,0,0,0,1,1,1,0,2,1,aleatorio,1
26,2,24,1,0,0,0,1,1,0,1,2,1,aleatorio,1
56,3,47,0,0,0,1,1,0,1,1,1,1,aleatorio,1
63,3,23,1,1,0,1,0,0,0,0,0,2,aleatorio,2
49,2,0,1,1,0,0,1,0,0,0,0,2,aleatorio,2
27,2,44,0,0,0,0,1,0,1,2,3,1,aleatorio,1
26,1,20,0,0,0,0,0,0,1,0,0,0,aleatorio,0
62,2,38,0,0,0,0,1,1,0,0,0,0,aleatorio,0
70,1,252,0,0,0,1,0,0,0,0,0,1,aleatorio,1
18,2,129,0,0,0,0,1,0,0,0,0,0,aleatorio,0
31,1,8,0,0,0,0,1,0,0,0,0,0,aleatorio,0
30,2,33,0,0,0,0,0,1,1,0,0,0,aleatorio,0
46,4,19,1,0,1,0,1,0,1,0,0,2,aleatorio,2
31,1,9,0,0,0,0,0,1,0,0,0,0,aleatorio,0
57,1,47,0,0,0,0,1,0,0,1,1,1,aleatorio,1
20,4,3,1,0,0,1,0,1,0,0,1,2,aleatorio,2
58,3,3,1,0,0,1,0,0,1,0,0,2,aleatorio,2
57,2,56,0,0,0,0,1,1,0,0,2,0,aleatorio,0
24,2,48,0,0,0,0,1,0,1,0,0,0,aleatorio,0
53,1,60,0,0,0,0,1,0,0,0,1,0,aleatorio,0
64,1,17,0,0,0,0,0,1,0,1,1,1,aleatorio,1
60,1,180,0,0,0,1,0,0,0,0,0,1,aleatorio,1
41,3,21,1,0,0,1,0,0,1,0,0,2,aleatorio,2
57,2,231,0,0,0,1,1,0,0,2,2,1,aleatorio,1
55,1,285,0,0,0,0,1,0,0,0,0,0,aleatorio,0
54,1,235,0,0,0,0,0,0,1,0,0,0,aleatorio,0
68,3,4,1,0,0,0,1,1,0,0,1,2,aleatorio,1
41,4,34,0,1,1,1,0,1,0,0,0,2,aleatorio,2
37,3,1,1,0,1,0,1,1,0,1,2,2,aleatorio,2
39,2,144,0,0,0,1,1,0,0,3,3,1,aleatorio,1
36,1,148,0,0,0,0,1,0,0,1,2,1,aleatorio,1
34,2,8,1,0,0,0,1,1,0,1,1,2,aleatorio,2
48,1,15,0,0,0,0,0,1,0,0,0,0,aleatorio,0
42,4,0,1,0,1,1,0,0,1,0,0,2,aleatorio,2
25,4,9,1,1,0,1,1,0,0,1,1,2,aleatorio,2
38,1,33,0,0,1,0,0,0,0,0,0,2,aleatorio,2
65,2,32,0,0,0,0,1,1,0,2,2,1,aleatorio,1
18,3,17,1,0,0,0,1,1,0,1,1,1,aleatorio,1
45,1,14,0,1,0,0,0,0,0,1,2,2,aleatorio,2
69,1,97,0,0,0,0,0,0,1,0,0,0,aleatorio,0
33,1,23,0,0,0,0,1,0,0,0,0,0,aleatorio,0
19,1,267,0,0,0,0,1,0,0,0,0,0,aleatorio,0
36,1,153,0,0,0,0,0,0,1,0,0,2,aleatorio,0
41,3,34,0,0,0,1,1,1,0,0,0,1,aleatorio,1
23,1,54,0,0,0,0,0,0,1,2,2,1,aleatorio,1
60,3,12,1,0,1,0,0,1,0,0,0,2,aleatorio,2
48,5,1,1,0,1,0,1,1,0,0,1,2,aleatorio,2
25,3,0,1,0,0,1,0,0,1,0,0,2,aleatorio,2
60,2,8,1,0,0,0,0,1,0,0,0,1,aleatorio,1
19,2,31,0,0,0,0,0,0,1,0,0,0,aleatorio,0
30,1,15,0,0,0,0,0,1,0,0,0,0,aleatorio,0
28,5,1,1,1,0,0,1,1,1,1,4,2,aleatorio,2
40,3,2,1,0,1,0,0,1,1,0,1,2,aleatorio,2
20,1,395,0,0,0,0,1,0,0,0,0,0,aleatorio,0
57,2,27,1,0,0,1,1,0,0,0,1,2,aleatorio,2
49,1,24,0,0,0,0,1,0,0,0,0,0,aleatorio,0
39,3,15,1,0,0,0,1,1,1,0,0,1,aleatorio,1
55,6,4,1,1,1,0,1,1,1,0,0,2,aleatorio,2
45,3,1,1,0,0,1,1,1,0,4,4,2,aleatorio,2
67,3,15,1,0,0,1,0,1,0,0,0,1,aleatorio,2
53,1,319,0,0,0,1,0,0,0,0,0,1,aleatorio,1
59,4,2,1,0,1,0,1,0,1,2,3,2,aleatorio,2
64,2,7,1,0,0,0,1,0,0,1,1,2,aleatorio,2
65,1,56,0,0,0,0,0,1,0,0,0,0,aleatorio,0
26,2,32,0,0,1,0,1,0,0,0,0,2,aleatorio,2
31,1,146,0,0,0,0,0,1,0,0,0,0,aleatorio,0
59,1,166,0,0,0,1,0,0,0,0,1,1,aleatorio,1
56,2,53,0,0,0,0,0,1,0,0,0,0,aleatorio,0
64,1,190,0,1,0,0,0,0,0,0,1,2,aleatorio,2
18,1,5,0,0,0,1,0,0,0,1,1,2,aleatorio,2
18,1,45,0,0,0,0,1,0,0,1,1,2,aleatorio,1
24,1,306,0,0,0,0,1,0,0,2,3,1,aleatorio,1
54,1,34,0,0,0,0,0,1,0,0,0,0,aleatorio,0
37,6,45,0,0,0,1,1,0,1,1,4,1,aleatorio,1
70,4,12,1,1,1,1,1,0,0,0,0,2,aleatorio,2
67,2,2,1,0,0,0,1,1,0,0,0,1,aleatorio,1
57,1,133,0,0,0,0,1,0,0,1,1,1,aleatorio,1
21,2,37,0,1,0,0,0,0,0,2,2,2,aleatorio,2
68,3,0,1,0,0,1,0,1,0,0,0,1,aleatorio,2
25,5,2,1,1,0,0,1,1,0,0,0,2,aleatorio,2
59,2,46,0,0,0,0,1,1,0,0,0,0,aleatorio,0
33,3,11,1,1,0,0,0,1,0,1,1,2,aleatorio,2
59,1,56,0,0,0,0,0,1,0,2,3,1,aleatorio,1
29,1,338,0,0,0,0,1,0,0,0,0,0,aleatorio,0
47,4,35,0,0,0,1,1,0,1,0,0,1,aleatorio,1
59,2,105,0,0,0,0,0,1,0,0,0,0,aleatorio,0
47,4,16,1,0,1,0,1,1,1,0,1,2,aleatorio,2
52,1,393,0,0,0,0,0,0,1,1,1,1,aleatorio,1
26,1,40,0,0,0,1,0,0,0,1,1,1,aleatorio,1
70,2,349,0,0,0,0,0,1,1,0,1,0,aleatorio,0
37,1,24,0,0,0,0,1,0,0,2,2,1,aleatorio,1
18,6,15,1,1,1,1,1,1,1,1,3,2,aleatorio,2
35,3,60,0,1,1,1,0,0,0,0,1,2,aleatorio,2
34,4,5,1,0,0,1,1,1,1,2,2,2,aleatorio,2
30,2,34,0,0,0,0,1,1,0,0,0,0,aleatorio,0
23,1,28,0,0,0,0,0,1,0,0,0,0,aleatorio,0
51,3,6,1,1,0,0,0,1,0,1,1,2,aleatorio,2
39,1,388,0,0,0,0,1,0,0,0,0,0,aleatorio,0
43,3,39,0,0,0,1,0,1,0,0,0,1,aleatorio,1
66,2,208,0,0,0,1,0,0,0,0,0,1,aleatorio,1
49,1,33,0,0,0,0,1,0,0,0,0,0,aleatorio,0
48,2,56,0,1,0,0,0,1,0,1,1,2,aleatorio,2
27,1,241,0,0,0,0,1,0,0,0,0,0,aleatorio,0
53,1,280,0,0,0,1,0,0,0,0,1,1,aleatorio,1
47,1,14,0,0,0,0,0,1,0,0,0,0,aleatorio,0
46,2,55,0,0,0,1,1,0,0,0,0,1,aleatorio,1
19,1,207,0,0,0,0,0,1,0,0,0,0,aleatorio,0
34,0,999,0,0,0,0,0,0,0,1,1,1,aleatorio,1
43,6,5,1,1,1,1,1,0,0,2,2,1,aleatorio,2
20,3,36,0,0,0,1,1,0,0,1,2,1,aleatorio,1
61,6,6,1,0,1,1,0,1,1,3,3,2,aleatorio,2
53,1,36,0,0,0,0,1,0,0,0,0,0,aleatorio,0
56,1,19,0,0,0,0,0,1,0,0,0,0,aleatorio,0
27,5,13,1,0,0,0,1,1,1,0,0,1,aleatorio,1
68,2,6,1,0,0,1,1,0,0,1,1,2,aleatorio,2
62,1,206,0,0,0,1,0,0,0,0,0,1,aleatorio,1
42,4,6,1,0,1,0,1,1,0,0,0,2,aleatorio,2
23,3,47,0,0,0,0,1,1,1,0,0,0,aleatorio,0
25,2,181,0,0,0,1,0,0,1,0,0,1,aleatorio,1
24,2,12,1,1,0,0,1,0,0,2,3,2,aleatorio,2
51,4,6,1,1,0,0,0,0,1,0,0,2,aleatorio,2
31,2,17,1,0,0,0,0,0,1,1,1,1,aleatorio,1
37,3,52,0,0,0,1,0,1,0,0,0,1,aleatorio,1
45,3,4,1,0,1,0,1,0,0,2,2,2,aleatorio,2
62,1,47,0,0,0,0,1,0,0,0,0,0,aleatorio,0
58,1,10,0,0,0,0,0,1,0,0,0,0,aleatorio,0
70,1,3,0,1,0,0,0,0,0,0,0,2,aleatorio,2
65,5,7,1,1,1,1,1,0,0,0,0,2,aleatorio,2
58,2,1,1,0,0,0,1,0,1,0,0,2,aleatorio,1
61,1,21,0,0,0,0,0,0,1,0,0,0,aleatorio,0
29,2,63,0,0,0,1,1,0,0,3,4,1,aleatorio,1
39,1,251,0,0,0,0,0,1,0,0,0,0,aleatorio,0
61,1,251,0,0,0,1,0,0,0,2,2,1,aleatorio,1
46,1,127,0,0,0,0,0,1,0,0,0,0,aleatorio,0
44,2,5,1,1,0,0,0,1,0,0,0,2,aleatorio,2
58,6,29,1,1,1,0,1,1,0,1,2,2,aleatorio,2
66,1,5,0,0,0,0,0,1,0,0,0,2,aleatorio,0
62,3,0,1,1,0,0,1,0,1,0,0,2,aleatorio,2
59,0,999,0,0,0,0,0,0,0,4,4,1,aleatorio,1
29,2,14,1,0,1,0,0,1,0,0,2,2,aleatorio,2
50,3,11,1,0,1,0,1,0,1,1,1,2,aleatorio,2
18,1,37,0,0,0,0,0,1,0,0,0,0,aleatorio,0
30,6,8,1,1,1,0,0,1,1,1,2,2,aleatorio,2
43,3,51,0,0,0,1,0,0,1,3,3,1,aleatorio,1
36,1,4,0,0,0,0,0,0,1,0,0,0,aleatorio,0
33,1,72,0,0,0,0,0,1,0,0,0,0,aleatorio,0
24,3,13,1,0,0,0,1,1,1,0,0,1,aleatorio,1
36,3,6,1,0,1,0,1,0,1,0,0,2,aleatorio,2
28,1,345,0,0,0,0,0,1,0,0,0,1,aleatorio,0
25,1,140,0,0,0,0,0,1,0,0,0,2,aleatorio,0
23,1,16,0,0,0,1,0,0,0,1,1,1,aleatorio,1
42,2,3,1,0,0,1,0,1,0,1,1,2,aleatorio,2
69,5,0,1,0,1,0,1,1,1,0,0,2,aleatorio,2
47,3,4,1,1,0,0,1,1,0,2,2,2,aleatorio,2
63,2,147,0,0,0,0,0,1,0,0,0,0,aleatorio,0
37,1,372,0,0,1,0,0,0,0,0,0,1,aleatorio,2
39,2,18,1,0,0,0,0,1,0,1,1,1,aleatorio,1
29,1,21,0,0,0,0,0,1,0,0,0,0,aleatorio,0
48,4,5,1,0,1,1,0,1,1,0,0,2,aleatorio,2
59,4,22,1,1,0,0,0,1,1,0,0,2,aleatorio,2
22,2,76,0,1,0,0,0,1,0,0,0,2,aleatorio,2
55,3,33,0,0,0,0,0,1,1,3,3,1,aleatorio,1
68,1,53,0,1,0,0,0,0,0,0,0,2,aleatorio,2
38,2,151,0,0,0,0,0,0,1,0,0,0,aleatorio,0
27,4,1,1,0,1,1,1,1,0,0,0,2,aleatorio,2
32,6,10,1,1,1,1,0,0,1,0,0,2,aleatorio,2
32,5,15,1,1,1,0,0,1,1,2,2,2,aleatorio,2
37,1,323,0,0,0,0,0,0,1,0,0,0,aleatorio,0
60,1,35,0,0,0,0,0,0,1,0,0,1,aleatorio,0
19,1,20,0,0,0,0,0,1,0,0,0,0,aleatorio,0
46,2,5,1,1,0,0,0,1,0,1,4,2,aleatorio,2
51,3,17,1,0,0,0,1,1,0,0,0,1,aleatorio,1
21,2,6,1,0,0,0,1,1,0,0,0,1,aleatorio,1
67,1,5,0,0,0,0,0,0,1,0,0,0,aleatorio,0
54,1,36,0,0,0,0,1,0,0,2,2,1,aleatorio,1
24,1,49,0,0,0,0,0,1,0,0,0,2,aleatorio,0
49,1,4,0,0,0,0,0,0,1,0,0,0,aleatorio,0
30,1,133,0,0,0,0,1,0,0,0,0,0,aleatorio,0
56,1,125,0,0,0,1,0,0,0,0,0,1,aleatorio,1
69,2,45,0,0,0,1,1,0,0,0,1,0,aleatorio,1
62,1,3,0,0,0,0,1,0,0,0,0,0,aleatorio,0
35,0,999,0,0,0,0,0,0,0,1,1,1,aleatorio,1
48,1,31,0,0,0,0,0,1,0,0,0,0,aleatorio,0
66,2,1,1,0,0,0,0,1,1,0,0,0,aleatorio,1
50,3,4,1,0,0,0,1,1,0,0,0,1,aleatorio,1
44,3,7,1,0,1,0,1,0,1,1,1,2,aleatorio,2
70,2,24,1,0,0,0,0,1,1,0,0,1,aleatorio,1
53,1,4,0,0,0,1,0,0,0,0,0,1,aleatorio,1
49,1,4,0,0,0,1,0,0,0,0,0,1,aleatorio,1
18,2,155,0,0,0,0,0,1,1,1,2,1,aleatorio,1
38,6,2,1,1,1,0,0,0,1,0,0,2,aleatorio,2
26,1,9,0,0,0,1,0,0,0,0,0,1,aleatorio,1
62,4,110,0,0,0,0,1,0,1,2,2,1,aleatorio,1
34,3,29,1,1,0,0,1,0,0,2,3,2,aleatorio,2
63,2,8,1,0,1,0,0,1,0,0,0,2,aleatorio,2
23,3,19,1,0,0,1,0,0,1,1,1,2,aleatorio,2
54,6,41,0,0,0,0,1,0,1,1,2,1,aleatorio,1
41,4,1,1,1,0,0,1,0,1,0,0,2,aleatorio,2
19,1,27,0,0,0,0,0,0,1,0,0,0,aleatorio,0
28,2,43,0,0,0,0,1,0,0,1,1,1,aleatorio,1
64,0,999,0,0,0,0,0,0,0,1,1,1,aleatorio,1
40,2,47,0,0,0,1,1,0,0,1,1,1,aleatorio,1
52,3,9,1,1,0,0,0,1,0,1,1,2,aleatorio,2
50,1,15,0,0,0,0,0,0,1,0,0,0,aleatorio,0
31,3,15,1,0,0,0,0,1,1,0,0,1,aleatorio,1
66,2,20,1,0,0,0,1,0,1,0,1,2,aleatorio,1
70,5,32,0,0,0,1,1,1,1,0,0,1,aleatorio,1
62,2,27,1,0,0,0,1,1,0,0,0,1,aleatorio,1
38,5,18,1,0,0,1,1,0,1,0,0,2,aleatorio,2
33,1,4,0,0,0,0,0,1,0,0,1,0,aleatorio,0
42,1,33,0,0,0,0,0,0,1,0,1,0,aleatorio,0
68,4,3,1,0,0,0,1,1,1,0,0,1,aleatorio,1
55,0,999,0,0,0,0,0,0,0,1,1,1,aleatorio,1
22,5,13,1,1,1,0,0,0,1,0,0,2,aleatorio,2
37,1,154,0,0,0,1,0,0,0,0,0,1,aleatorio,1
26,1,18,0,0,0,0,1,0,0,0,0,2,aleatorio,0
28,1,39,0,0,0,0,1,0,0,2,2,1,aleatorio,1
51,4,3,1,1,0,1,0,1,0,0,0,2,aleatorio,2
30,2,284,0,0,0,1,1,0,0,0,0,1,aleatorio,1
57,1,54,0,0,0,1,0,0,0,0,0,1,aleatorio,1
64,1,16,0,0,0,0,0,1,0,0,0,0,aleatorio,0
20,1,0,0,0,0,1,0,0,0,0,0,1,aleatorio,1
20,1,44,0,0,0,0,1,0,0,0,0,0,aleatorio,0
61,1,12,0,0,0,0,1,0,0,2,2,2,aleatorio,2
39,4,8,1,1,1,0,0,0,1,0,0,1,aleatorio,2
44,4,12,1,0,0,0,1,0,1,0,0,1,aleatorio,1
22,1,196,0,0,0,0,0,0,1,0,1,1,aleatorio,0
53,1,211,0,0,0,0,1,0,0,2,2,1,aleatorio,1
46,3,23,1,0,0,0,1,0,0,2,2,0,aleatorio,1
19,2,4,1,0,0,0,1,1,0,0,1,1,aleatorio,1
46,2,9,1,0,1,0,1,0,0,0,0,2,aleatorio,2
54,4,59,0,0,0,0,1,1,0,0,0,0,aleatorio,0
59,3,83,0,0,0,1,0,0,1,0,0,0,aleatorio,1
46,5,2,1,0,1,1,1,1,1,0,0,2,aleatorio,2
47,1,49,0,0,0,0,0,0,1,0,0,1,aleatorio,0
61,3,0,1,1,0,0,0,0,1,1,1,2,aleatorio,2
69,1,252,0,0,0,1,0,0,0,0,0,1,aleatorio,1
63,2,13,1,0,1,0,1,0,0,0,0,2,aleatorio,2
20,2,30,1,1,1,0,0,0,0,0,0,2,aleatorio,2
21,1,10,0,0,0,0,1,0,0,0,0,0,aleatorio,0
26,2,3,1,0,0,0,1,0,1,0,0,1,aleatorio,1
42,0,999,0,0,0,0,0,0,0,1,1,1,aleatorio,1
31,6,6,1,0,1,1,0,1,1,1,1,2,aleatorio,2
20,1,326,0,0,0,0,1,0,0,0,0,0,aleatorio,0
49,1,37,0,0,0,0,0,0,1,0,0,0,aleatorio,0
70,1,321,0,0,0,1,0,0,0,3,3,1,aleatorio,1
26,2,65,0,1,0,0,0,0,0,3,3,2,aleatorio,2
20,3,5,1,1,0,0,0,1,0,2,3,2,aleatorio,2
58,1,182,0,0,0,1,0,0,0,0,0,1,aleatorio,1
48,4,14,1,1,1,1,0,0,1,1,1,2,aleatorio,2
69,3,6,1,0,1,0,0,0,1,2,3,2,aleatorio,2
30,1,8,0,0,0,0,1,0,0,0,0,0,aleatorio,0
40,1,57,0,0,0,0,0,0,1,0,1,0,aleatorio,0
20,2,16,1,0,0,0,1,0,0,0,0,2,aleatorio,1
36,3,29,1,0,0,0,1,1,0,0,0,1,aleatorio,1
40,1,79,0,0,0,0,0,0,1,0,0,0,aleatorio,0
66,3,3,1,0,0,0,1,0,1,0,0,1,aleatorio,1
69,1,38,0,0,0,0,0,0,1,0,0,0,aleatorio,0
66,3,9,1,0,0,0,0,1,1,0,0,1,aleatorio,1
22,1,30,0,0,0,0,0,1,0,1,1,2,aleatorio,1
64,1,39,0,0,0,0,0,1,0,0,1,0,aleatorio,0
48,1,59,0,0,0,0,0,0,1,0,0,0,aleatorio,0
67,1,60,0,0,0,0,0,1,0,2,3,1,aleatorio,1
65,6,2,1,1,1,0,1,0,0,1,1,2,aleatorio,2
21,4,99,0,0,0,0,1,1,1,0,0,0,aleatorio,0
60,2,53,0,0,0,0,1,1,0,0,0,0,aleatorio,0
20,2,22,1,0,0,1,1,0,0,1,2,2,aleatorio,2
43,3,33,0,0,0,0,0,1,1,1,1,1,aleatorio,1
48,5,7,1,1,1,1,0,0,1,0,0,1,aleatorio,2
64,2,12,1,0,0,1,1,0,0,0,0,2,aleatorio,2
60,1,241,0,0,0,0,0,1,0,0,0,1,aleatorio,0
34,1,15,0,0,0,0,0,0,1,0,0,0,aleatorio,0
58,1,15,0,0,0,0,1,0,0,1,1,2,aleatorio,2
26,1,280,0,0,0,0,0,0,1,0,0,0,aleatorio,0
35,1,34,0,0,0,0,1,0,0,0,0,0,aleatorio,0
68,1,112,0,0,0,0,0,0,1,0,0,0,aleatorio,0
22,1,44,0,0,0,0,1,0,0,0,0,0,aleatorio,0
31,3,38,0,0,0,1,1,1,0,1,1,1,aleatorio,1
48,1,13,0,0,0,0,1,0,0,0,0,0,aleatorio,0
49,2,59,0,0,0,0,0,0,1,0,0,0,aleatorio,0
21,1,8,0,0,0,0,1,0,0,0,1,2,aleatorio,0
30,1,24,0,0,0,1,0,0,0,0,0,1,aleatorio,1
30,0,999,0,0,0,0,0,0,0,1,1,1,aleatorio,1
52,1,234,0,0,0,0,0,1,0,0,0,0,aleatorio,0
58,1,13,0,0,0,0,0,0,1,0,0,1,aleatorio,0
62,2,20,1,1,1,0,0,0,0,0,2,1,aleatorio,2
41,1,104,0,1,0,0,0,0,0,0,1,2,aleatorio,2
47,1,23,0,0,0,0,0,0,1,1,1,1,aleatorio,1
19,1,328,0,0,0,0,1,0,0,0,0,0,aleatorio,0
61,2,3,1,0,0,0,1,0,0,1,1,2,aleatorio,2
44,5,6,1,1,0,0,0,1,1,2,2,1,aleatorio,2
32,6,3,1,1,1,0,1,1,0,0,0,2,aleatorio,2
43,2,47,0,0,0,1,0,0,0,1,2,1,aleatorio,1
66,1,348,0,0,0,0,0,1,0,1,1,1,aleatorio,1
29,5,2,1,1,0,1,1,1,0,3,3,2,aleatorio,2
33,1,50,0,0,0,0,0,0,1,0,0,0,aleatorio,0
51,3,6,1,0,0,0,1,1,0,0,0,1,aleatorio,1
57,1,14,0,0,0,0,0,1,0,0,0,0,aleatorio,0
64,1,286,0,0,0,0,1,0,0,0,0,0,aleatorio,0
23,2,12,1,0,0,0,1,0,1,1,1,2,aleatorio,2
36,1,247,0,0,0,0,1,0,0,0,0,2,aleatorio,0
45,3,15,1,0,1,1,1,0,0,0,1,2,aleatorio,2
51,4,0,1,0,0,1,1,1,0,1,1,2,aleatorio,2
67,5,10,1,0,0,1,0,1,1,0,0,2,aleatorio,2
55,3,5,1,0,0,1,1,1,0,1,1,1,aleatorio,2
42,2,6,1,0,0,0,1,0,0,0,0,1,aleatorio,1
47,1,31,0,0,0,0,0,1,0,0,1,0,aleatorio,0
46,1,34,0,0,0,0,0,0,1,0,0,0,aleatorio,0
44,1,10,0,0,0,0,0,1,0,0,0,0,aleatorio,0
68,1,31,0,0,0,0,0,0,1,0,0,0,aleatorio,0
65,2,39,0,0,0,1,1,0,0,2,2,1,aleatorio,1
51,5,0,1,1,1,1,0,0,1,0,0,2,aleatorio,2
52,3,29,1,1,0,0,1,1,0,1,1,0,aleatorio,2
43,1,149,0,0,0,0,1,0,0,1,3,1,aleatorio,1
48,1,112,0,0,0,0,0,1,0,0,0,0,aleatorio,0
55,1,0,0,0,0,0,0,0,1,1,1,0,aleatorio,2
39,1,282,0,0,0,0,0,1,0,0,0,1,aleatorio,0
21,2,46,0,0,0,0,1,1,0,0,0,0,aleatorio,0
55,1,17,0,0,0,0,1,0,0,0,0,0,aleatorio,0
61,1,183,0,0,0,0,1,0,0,0,0,0,aleatorio,0
40,2,47,0,0,0,0,1,0,1,0,1,0,aleatorio,0
62,2,43,0,0,0,0,1,0,1,0,0,1,aleatorio,0
67,1,48,0,0,0,0,0,1,0,0,0,0,aleatorio,0
43,1,28,0,0,0,0,0,0,1,0,0,0,aleatorio,0
58,3,37,0,0,0,0,1,1,1,0,0,0,aleatorio,0
63,2,260,0,0,0,0,0,0,1,0,0,1,aleatorio,0
38,3,9,1,1,0,0,0,1,0,0,0,2,aleatorio,2
27,3,2,1,1,0,0,1,1,0,0,0,0,aleatorio,2
33,2,54,0,0,0,0,1,0,0,0,1,0,aleatorio,0
22,1,369,0,0,0,0,1,0,0,1,1,2,aleatorio,1
26,1,275,0,0,0,0,0,0,1,0,0,0,aleatorio,0
52,1,10,0,0,0,1,0,0,0,0,0,1,aleatorio,1
49,1,336,0,0,0,0,0,0,1,0,1,0,aleatorio,0
69,1,44,0,0,0,0,0,0,1,0,0,0,aleatorio,0
40,2,2,1,0,0,1,0,0,1,1,1,2,aleatorio,2
53,2,53,0,0,0,0,1,1,0,3,4,1,aleatorio,1
31,1,26,0,0,0,0,0,0,1,0,0,2,aleatorio,0
28,2,40,0,0,1,0,0,0,0,4,4,2,aleatorio,2
21,2,55,0,0,0,0,0,1,0,0,0,0,aleatorio,0
56,2,46,0,0,0,1,1,0,0,0,0,1,aleatorio,1
18,1,10,0,0,0,0,0,1,0,1,3,2,aleatorio,2
32,1,15,0,0,0,0,0,1,0,0,0,0,aleatorio,0
42,4,52,0,0,1,1,1,0,0,0,0,0,aleatorio,2
41,1,227,0,0,0,0,0,0,1,0,0,0,aleatorio,0
54,5,8,1,0,0,0,1,0,1,0,0,1,aleatorio,1
39,2,58,0,0,0,0,0,1,0,2,2,1,aleatorio,1
29,5,6,1,1,0,1,0,0,1,1,1,2,aleatorio,2
34,1,6,0,0,0,0,1,0,0,0,0,0,aleatorio,0
66,1,354,0,0,0,0,0,1,0,0,0,0,aleatorio,0
25,1,67,0,0,0,1,0,0,0,0,0,1,aleatorio,1
63,1,14,0,1,0,0,0,0,0,1,1,2,aleatorio,2
62,2,8,1,0,0,0,1,0,1,1,1,2,aleatorio,2
43,2,14,1,1,0,0,1,0,0,0,1,2,aleatorio,2
32,1,54,0,0,0,0,0,0,1,0,0,0,aleatorio,0
23,1,31,0,0,0,0,0,1,0,0,0,0,aleatorio,0
46,2,10,1,1,0,0,0,0,1,0,0,2,aleatorio,2
60,1,32,0,0,0,0,0,0,1,0,0,0,aleatorio,0
47,1,85,0,0,0,0,0,1,0,3,4,1,aleatorio,1
27,2,30,1,0,0,0,0,1,0,1,1,1,aleatorio,1
65,1,137,0,0,0,0,1,0,0,0,0,0,aleatorio,0
42,1,6,0,0,0,0,0,1,0,0,0,0,aleatorio,0
34,2,19,1,0,0,0,0,1,0,1,1,1,aleatorio,1
48,1,40,0,0,0,0,0,0,1,0,0,0,aleatorio,0
69,1,56,0,0,0,1,0,0,0,1,1,1,aleatorio,1
63,1,36,0,0,0,1,0,0,0,0,0,1,aleatorio,1
69,2,1,1,0,0,0,1,0,0,0,0,1,aleatorio,1
20,1,59,0,0,0,0,0,1,0,2,2,1,aleatorio,1
32,2,141,0,0,0,0,1,1,0,1,3,1,aleatorio,1
39,3,289,0,1,0,0,0,0,1,0,0,2,aleatorio,2
31,1,399,0,0,0,0,0,1,0,0,0,0,aleatorio,0
35,1,24,0,0,0,0,1,0,0,0,0,0,aleatorio,0
68,3,7,1,0,0,0,0,1,1,0,0,1,aleatorio,1
47,1,8,0,0,0,1,0,0,0,0,0,1,aleatorio,1
66,3,14,1,0,0,1,0,1,0,0,0,2,aleatorio,2
20,2,8,1,0,0,1,0,1,0,0,0,2,aleatorio,2
49,2,51,0,1,1,0,0,0,0,2,2,2,aleatorio,2
68,1,161,0,0,0,1,0,0,0,1,1,1,aleatorio,1
66,2,6,1,0,1,0,1,0,0,0,0,2,aleatorio,2
20,3,40,0,0,1,0,1,0,0,0,0,2,aleatorio,2
49,0,999,0,0,0,0,0,0,0,2,4,1,aleatorio,1
61,1,5,0,0,0,0,0,0,1,0,0,0,aleatorio,0
46,4,6,1,0,0,0,1,0,1,3,4,1,aleatorio,2
27,1,70,0,0,0,0,1,0,0,0,0,0,aleatorio,0
23,1,397,0,0,0,0,0,0,1,0,0,1,aleatorio,0
65,1,77,0,0,0,0,1,0,0,0,0,0,aleatorio,0
34,1,240,0,0,0,0,0,0,1,0,0,0,aleatorio,0
33,2,12,1,0,1,0,1,0,0,0,0,2,aleatorio,2
54,0,999,0,0,0,0,0,0,0,1,1,1,aleatorio,1
25,2,26,1,0,0,0,0,0,1,0,0,1,aleatorio,1
39,3,22,1,0,1,0,1,0,1,0,2,2,aleatorio,2
63,3,7,1,0,0,1,0,1,1,0,0,2,aleatorio,2
59,5,23,1,0,1,1,0,1,1,1,2,2,aleatorio,2
40,1,305,0,0,0,0,0,0,1,0,0,0,aleatorio,0
19,4,6,1,1,0,0,0,1,1,1,1,2,aleatorio,2
55,1,313,0,0,0,0,0,1,0,0,1,0,aleatorio,0
57,1,42,0,1,0,0,0,0,0,2,2,2,aleatorio,2
40,2,14,1,1,0,0,1,0,0,0,0,2,aleatorio,2
68,4,12,1,1,0,1,0,0,0,2,2,2,aleatorio,2
49,2,43,0,0,0,1,0,1,0,0,0,1,aleatorio,1
33,2,6,1,0,0,0,1,1,0,0,0,1,aleatorio,1
44,2,58,0,0,0,0,1,1,0,1,1,1,aleatorio,1
47,1,13,0,0,0,1,0,0,0,0,0,1,aleatorio,1
49,4,8,1,1,1,1,1,0,0,0,0,2,aleatorio,2
19,2,334,0,1,0,0,0,0,1,1,2,2,aleatorio,2
18,1,352,0,0,0,0,0,1,0,0,0,0,aleatorio,0
27,2,2,1,0,0,0,0,0,1,0,0,1,aleatorio,1
45,2,19,1,1,0,0,0,0,0,2,2,2,aleatorio,2
33,4,12,1,0,1,1,1,0,1,0,0,2,aleatorio,2
18,2,10,1,0,0,1,0,1,0,0,0,2,aleatorio,2
38,1,8,0,0,0,0,1,0,0,0,1,0,aleatorio,0
19,2,40,0,1,0,0,0,1,0,0,0,2,aleatorio,2
43,0,999,0,0,0,0,0,0,0,2,3,1,aleatorio,1
36,3,38,0,1,1,0,0,0,1,1,1,2,aleatorio,2
28,5,1,1,0,1,0,0,1,1,0,0,2,aleatorio,2
24,1,34,0,0,0,0,0,1,0,1,2,2,aleatorio,1
62,4,2,1,1,1,1,0,1,0,0,0,2,aleatorio,2
58,1,230,0,0,0,0,0,1,0,0,0,0,aleatorio,0
57,2,30,1,0,0,0,0,1,0,2,2,1,aleatorio,1
46,3,60,0,0,1,0,1,1,0,0,0,2,aleatorio,2
56,4,27,1,0,1,0,1,1,0,0,0,2,aleatorio,2
43,1,33,0,0,0,0,0,0,1,0,0,0,aleatorio,0
39,4,37,0,1,1,0,1,0,0,0,0,2,aleatorio,2
26,2,45,0,0,0,0,1,0,1,0,0,0,aleatorio,0
45,2,12,1,0,0,0,1,0,0,0,0,1,aleatorio,1
35,2,22,1,0,0,0,1,0,0,4,4,0,aleatorio,1
52,4,0,1,0,0,0,1,0,0,0,0,1,aleatorio,1
56,2,11,1,0,1,0,0,1,0,1,1,2,aleatorio,2
33,1,46,0,0,0,0,0,1,0,0,0,0,aleatorio,0
60,2,30,1,0,1,0,1,0,0,0,0,2,aleatorio,2
27,6,5,1,0,1,1,1,0,1,0,0,2,aleatorio,2
49,4,1,1,0,0,0,1,0,1,0,0,1,aleatorio,1
54,1,338,0,0,0,0,0,1,0,0,0,0,aleatorio,0
19,5,29,1,0,1,1,0,1,1,0,0,2,aleatorio,2
32,2,7,1,0,0,0,1,0,1,0,0,1,aleatorio,1
59,3,9,1,0,0,0,1,1,1,0,0,1,aleatorio,1
26,4,2,1,0,0,1,1,1,1,3,3,2,aleatorio,2
42,4,0,1,0,1,0,1,1,0,2,3,2,aleatorio,2
59,1,222,0,0,0,0,0,0,1,0,0,0,aleatorio,0
22,3,96,0,0,0,0,1,1,0,0,0,0,aleatorio,0
63,1,35,0,0,0,1,0,0,0,0,0,1,aleatorio,1
26,1,36,0,0,0,0,1,0,0,0,0,0,aleatorio,0
54,1,6,0,0,0,0,0,1,0,2,2,2,aleatorio,2
60,1,91,0,0,0,0,1,0,0,0,0,0,aleatorio,0
59,1,7,0,0,0,0,0,1,0,0,0,0,aleatorio,0
59,6,1,1,1,1,0,0,1,1,0,0,2,aleatorio,2
34,1,392,0,0,0,1,0,0,0,0,0,1,aleatorio,1
67,2,3,1,0,0,0,0,1,0,0,0,1,aleatorio,1
35,1,388,0,0,0,1,0,0,0,0,0,1,aleatorio,1
56,2,9,1,0,0,0,0,1,0,0,0,1,aleatorio,1
49,1,12,0,0,0,0,1,0,0,2,2,1,aleatorio,2
68,1,26,0,0,0,0,0,0,1,0,0,0,aleatorio,0
45,0,999,0,0,0,0,0,0,0,1,1,1,aleatorio,1
31,1,34,0,0,0,0,0,0,1,0,0,0,aleatorio,0
51,1,387,0,0,0,0,1,0,0,0,1,0,aleatorio,0
56,1,49,0,0,0,0,1,0,0,0,0,0,aleatorio,0
40,1,40,0,0,0,0,1,0,0,1,1,1,aleatorio,1
51,1,8,0,0,0,1,0,0,0,0,0,1,aleatorio,1
56,2,33,0,1,1,0,0,0,0,0,0,2,aleatorio,2
60,1,11,0,0,0,0,0,0,1,0,0,0,aleatorio,0
58,2,47,0,1,0,0,0,0,0,0,0,0,aleatorio,2
32,1,40,0,0,0,1,0,0,0,0,0,1,aleatorio,1
51,1,58,0,0,0,1,0,0,0,0,0,1,aleatorio,1
24,6,0,1,1,1,1,1,1,0,0,1,2,aleatorio,2
42,2,56,0,0,0,0,1,0,0,0,0,0,aleatorio,0
49,1,59,0,0,0,0,0,1,0,0,0,0,aleatorio,0
29,2,0,1,0,0,0,0,1,0,1,2,2,aleatorio,2
36,1,343,0,0,0,0,1,0,0,0,0,2,aleatorio,0
46,3,0,1,0,0,0,1,1,1,0,3,1,aleatorio,1
25,2,35,0,0,0,1,0,0,1,2,3,1,aleatorio,1
34,1,11,0,0,0,0,1,0,0,0,0,0,aleatorio,0
59,2,51,0,0,0,1,0,1,0,0,0,1,aleatorio,1
48,1,96,0,0,0,1,0,0,0,1,2,1,aleatorio,1
46,2,41,0,0,0,0,1,1,0,1,1,1,aleatorio,1
53,2,101,0,0,0,0,1,1,0,0,0,0,aleatorio,0
28,1,13,0,0,0,1,0,0,0,0,0,1,aleatorio,1
65,5,7,1,0,0,0,1,1,0,0,0,1,aleatorio,1
37,1,219,0,0,0,0,1,0,0,0,0,0,aleatorio,0
32,1,177,0,0,0,0,1,0,0,0,0,0,aleatorio,0
39,1,351,0,0,1,0,0,0,0,0,0,2,aleatorio,2
60,6,2,1,0,1,1,1,0,1,0,0,2,aleatorio,2
42,2,60,0,1,0,1,0,0,0,1,1,2,aleatorio,2
33,2,37,0,0,0,0,1,1,0,0,0,0,aleatorio,0
51,2,5,1,0,0,1,0,0,0,1,1,2,aleatorio,2
22,3,57,0,0,0,0,1,1,0,0,0,0,aleatorio,0
24,2,4,1,0,0,0,0,1,0,0,0,1,aleatorio,1
33,1,48,0,0,0,0,1,0,0,1,2,1,aleatorio,1
29,3,9,1,0,0,0,1,0,1,0,0,1,aleatorio,1
29,1,108,0,0,0,1,0,0,0,0,0,1,aleatorio,1
37,3,52,0,0,0,1,1,1,0,0,0,1,aleatorio,1
35,1,97,0,0,0,1,0,0,0,0,0,0,aleatorio,1
42,5,18,1,1,0,1,1,0,1,1,1,2,aleatorio,2
68,3,2,1,0,1,0,1,0,0,0,0,2,aleatorio,2
34,2,35,0,0,0,0,1,1,0,0,0,0,aleatorio,0
21,2,28,1,0,0,0,1,1,0,1,1,0,aleatorio,1
66,3,42,0,0,0,0,1,1,1,0,0,2,aleatorio,0
63,3,5,1,0,1,0,1,0,0,0,0,2,aleatorio,2
43,4,1,1,1,1,1,0,0,0,0,0,2,aleatorio,2
34,3,30,1,0,0,0,0,1,1,0,0,1,aleatorio,1
23,6,2,1,1,1,1,1,1,0,1,1,2,aleatorio,2
41,1,9,0,0,0,0,0,0,1,0,0,0,aleatorio,0
53,1,352,0,0,0,0,1,0,0,0,1,0,aleatorio,0
42,1,31,0,0,0,0,0,1,0,0,1,2,aleatorio,0
42,1,209,0,0,0,1,0,0,0,0,0,1,aleatorio,1
36,4,2,1,1,1,1,0,0,0,0,0,2,aleatorio,2
35,1,28,0,0,0,0,1,0,0,0,0,0,aleatorio,0
18,5,2,1,1,1,1,0,0,1,0,0,0,aleatorio,2
39,3,3,1,1,0,1,1,0,0,0,0,2,aleatorio,2
38,2,8,1,0,0,0,1,0,1,0,0,1,aleatorio,1
23,2,23,1,0,0,0,0,1,0,0,0,1,aleatorio,1
39,1,15,0,0,0,0,0,1,0,0,0,0,aleatorio,0
39,4,8,1,0,0,0,0,1,1,0,0,2,aleatorio,1
56,2,12,1,0,0,0,1,0,0,0,0,1,aleatorio,1
51,1,38,0,0,0,0,0,1,0,0,0,0,aleatorio,0
60,6,15,1,1,0,0,1,1,1,0,1,2,aleatorio,2
54,3,18,1,0,1,0,1,0,1,1,2,2,aleatorio,2
40,1,4,0,0,0,0,1,0,0,0,0,0,aleatorio,0
57,2,35,0,0,0,0,0,1,1,1,1,1,aleatorio,1
40,1,28,0,0,0,0,0,1,0,0,0,0,aleatorio,0
57,1,18,0,0,0,0,0,1,0,0,0,0,aleatorio,0
59,3,39,0,0,0,0,1,1,0,1,4,1,aleatorio,1
67,1,1,0,0,0,1,0,0,0,4,4,2,aleatorio,2
69,2,69,0,0,0,1,0,1,0,0,0,1,aleatorio,1
66,1,30,0,0,0,1,0,0,0,0,0,1,aleatorio,1
30,6,5,1,0,1,1,1,0,0,0,0,2,aleatorio,2
66,1,171,0,0,0,0,0,0,1,1,1,1,aleatorio,1
53,5,8,1,0,0,1,1,0,1,0,1,2,aleatorio,2
50,1,329,0,0,0,0,0,0,1,0,0,2,aleatorio,0
43,1,55,0,0,0,0,1,0,0,0,0,0,aleatorio,0
35,3,2,1,0,0,0,1,1,0,0,0,0,aleatorio,1
31,3,41,0,1,1,1,0,0,0,0,0,2,aleatorio,2
24,5,9,1,0,0,1,0,1,1,0,0,2,aleatorio,2
50,1,26,0,0,0,0,1,0,0,0,0,1,aleatorio,0
63,1,10,0,0,0,0,1,0,0,0,0,0,aleatorio,0
48,1,37,0,0,0,1,0,0,0,2,3,1,aleatorio,1
39,2,107,0,0,0,1,0,1,0,0,0,1,aleatorio,1
53,6,1,1,1,0,0,1,1,1,0,0,2,aleatorio,2
39,6,0,1,1,0,1,1,1,1,0,0,2,aleatorio,2
32,2,54,0,0,0,0,1,0,1,0,0,0,aleatorio,0
28,6,1,1,1,0,1,1,1,0,2,2,2,aleatorio,2
52,5,38,0,0,1,1,1,0,1,0,0,2,aleatorio,2
29,4,4,1,1,0,1,0,1,0,0,0,2,aleatorio,2
21,1,10,0,0,0,1,0,0,0,0,0,1,aleatorio,1
64,1,97,0,0,0,0,0,0,1,0,0,0,aleatorio,0
44,3,1,1,0,1,0,0,1,1,0,2,2,aleatorio,2
59,2,2,1,0,0,0,1,0,1,0,1,1,aleatorio,1
20,2,72,0,1,0,0,0,0,0,0,0,2,aleatorio,2
26,3,1,1,0,0,0,0,1,1,0,0,1,aleatorio,1
50,2,63,0,0,0,1,1,0,0,0,0,0,aleatorio,1
28,0,999,0,0,0,0,0,0,0,2,2,1,aleatorio,1
60,2,52,0,0,0,0,1,1,0,1,2,1,aleatorio,1
33,2,32,0,0,0,1,0,0,0,0,1,1,aleatorio,1
62,2,22,1,0,0,0,1,0,0,0,0,1,aleatorio,1
53,1,330,0,0,0,0,1,0,0,0,0,2,aleatorio,0
62,2,33,0,0,0,0,1,0,0,1,1,2,aleatorio,1
55,1,6,0,0,0,0,0,1,0,1,1,2,aleatorio,2
70,5,15,1,0,1,0,1,0,1,2,4,2,aleatorio,2
48,6,0,1,0,0,1,1,0,1,3,3,2,aleatorio,2
35,2,46,0,0,0,1,1,0,0,0,0,1,aleatorio,1
58,1,48,0,0,0,0,1,0,0,3,3,1,aleatorio,1
38,3,5,1,0,0,0,1,0,0,0,1,1,aleatorio,1
27,4,5,1,1,0,1,1,0,1,1,1,2,aleatorio,2
23,4,1,1,0,0,0,1,1,1,0,1,1,aleatorio,1
58,1,36,0,0,0,0,0,0,1,0,0,2,aleatorio,0
26,1,255,0,0,0,0,0,1,0,0,0,0,aleatorio,0
63,4,11,1,0,1,0,1,0,0,0,0,2,aleatorio,2
40,0,999,0,0,0,0,0,0,0,3,3,1,aleatorio,1
70,2,27,1,0,0,0,0,0,1,0,0,1,aleatorio,1
38,3,16,1,0,1,0,0,0,1,0,0,2,aleatorio,2
21,3,1,1,0,0,0,0,1,1,0,0,1,aleatorio,1
70,2,297,0,0,0,0,1,0,0,2,2,1,aleatorio,1
57,1,12,0,0,0,0,0,1,0,0,0,0,aleatorio,0
68,3,36,0,0,0,0,1,1,0,0,0,0,aleatorio,0
35,6,11,1,1,1,0,1,1,1,3,4,2,aleatorio,2
47,3,12,1,0,1,0,1,1,0,0,0,2,aleatorio,2
25,2,6,1,0,0,0,0,1,0,1,1,2,aleatorio,2
37,1,20,0,0,0,0,0,1,0,0,0,2,aleatorio,0
65,2,45,0,0,0,1,0,1,0,1,1,1,aleatorio,1
39,2,1,1,0,0,1,0,1,0,0,0,2,aleatorio,2
22,1,3,0,0,0,0,0,1,0,0,0,0,aleatorio,0
45,3,28,1,0,0,1,1,1,0,1,1,2,aleatorio,2
67,3,7,1,0,1,0,0,1,1,0,0,2,aleatorio,2
69,1,382,0,0,0,0,0,0,1,0,0,0,aleatorio,0
52,4,4,1,1,0,0,0,1,1,0,0,2,aleatorio,2
33,2,39,0,0,0,1,0,1,0,0,0,1,aleatorio,1
36,4,2,1,0,1,1,0,0,1,1,1,0,aleatorio,2
25,1,58,0,0,0,0,0,1,0,0,0,0,aleatorio,0
69,5,5,1,0,1,0,1,0,1,0,0,2,aleatorio,2
49,2,46,0,0,0,0,0,1,0,0,0,0,aleatorio,0
44,3,7,1,0,0,0,1,1,0,0,0,1,aleatorio,1
68,3,23,1,0,1,0,0,0,1,0,0,2,aleatorio,2
27,1,234,0,0,0,0,1,0,0,1,2,1,aleatorio,1
56,1,159,0,0,0,0,0,0,1,3,3,1,aleatorio,1
50,1,57,0,0,0,0,0,1,0,0,0,0,aleatorio,0
58,1,14,0,0,0,0,0,0,1,0,0,0,aleatorio,0
45,1,6,0,0,0,0,0,1,0,0,0,0,aleatorio,0
31,1,223,0,0,0,0,0,0,1,0,0,0,aleatorio,0
42,4,19,1,0,0,0,1,1,0,1,1,1,aleatorio,1
31,2,3,1,0,1,0,0,1,0,0,0,2,aleatorio,2
55,1,95,0,0,0,0,0,0,1,0,0,0,aleatorio,0
54,6,8,1,0,1,0,1,1,0,0,0,2,aleatorio,2
26,2,40,0,0,0,0,1,0,0,2,3,1,aleatorio,1
59,1,10,0,0,0,0,0,1,0,0,0,0,aleatorio,0
39,2,9,1,0,0,0,1,0,0,0,0,1,aleatorio,1
49,2,115,0,0,0,1,0,0,1,1,1,1,aleatorio,1
54,6,2,1,0,0,1,1,1,1,3,4,2,aleatorio,2
37,1,16,0,0,0,1,0,0,0,0,0,1,aleatorio,1
50,1,4,0,0,0,0,1,0,0,1,1,2,aleatorio,2
66,3,2,1,1,0,1,0,1,0,3,4,0,aleatorio,2
46,3,3,1,0,0,0,0,1,1,1,1,2,aleatorio,2
42,1,175,0,0,0,0,0,1,0,0,0,0,aleatorio,0
66,3,35,0,0,0,1,0,0,1,1,1,1,aleatorio,1
40,1,14,0,1,0,0,0,0,0,0,0,2,aleatorio,2
21,3,2,1,0,0,0,0,1,1,0,0,1,aleatorio,1
63,5,6,1,0,1,1,0,1,0,0,0,2,aleatorio,2
67,1,356,0,1,0,0,0,0,0,2,2,2,aleatorio,2
43,2,54,0,0,0,1,0,0,0,0,0,1,aleatorio,1
18,2,25,1,0,0,0,1,0,1,1,1,1,aleatorio,1
39,2,1,1,0,0,0,1,1,0,0,0,1,aleatorio,1
20,6,77,0,0,1,1,1,0,0,0,0,2,aleatorio,2
53,2,6,1,0,0,1,0,1,0,0,0,2,aleatorio,2
65,1,11,0,0,0,1,0,0,0,0,1,1,aleatorio,1
52,1,2,0,0,1,0,0,0,0,0,0,2,aleatorio,2
46,2,1,1,0,1,0,1,0,0,1,1,2,aleatorio,2
18,1,49,0,0,0,0,0,1,0,1,1,1,aleatorio,1
20,1,56,0,0,0,0,0,1,0,1,1,1,aleatorio,1
39,1,12,0,0,0,0,0,1,0,0,1,0,aleatorio,0
54,2,115,0,0,0,0,1,0,1,0,0,0,aleatorio,0
50,1,93,0,0,0,0,0,0,1,0,0,0,aleatorio,0
20,1,65,0,1,0,0,0,0,0,0,0,2,aleatorio,2
63,0,999,0,0,0,0,0,0,0,2,2,1,aleatorio,1
43,3,13,1,1,0,1,0,1,0,0,0,2,aleatorio,2
65,2,14,1,0,0,0,1,1,0,0,0,1,aleatorio,1
70,1,46,0,0,0,0,0,1,0,1,1,1,aleatorio,1
22,3,0,1,0,0,0,1,0,0,0,0,0,aleatorio,1
44,2,1,1,0,0,0,1,0,1,0,0,1,aleatorio,1
25,1,140,0,0,0,0,1,0,0,0,0,0,aleatorio,0
59,1,37,0,0,0,0,0,1,0,0,0,0,aleatorio,0
28,3,13,1,0,0,0,0,1,1,0,0,1,aleatorio,1
38,2,273,0,0,0,0,1,0,1,2,2,1,aleatorio,1
60,5,13,1,0,0,0,1,1,0,0,0,1,aleatorio,1
61,1,0,0,0,0,1,0,0,0,0,1,1,aleatorio,1
57,3,126,0,0,0,0,1,1,1,0,0,0,aleatorio,0
39,1,30,0,0,0,0,0,1,0,0,0,0,aleatorio,0
51,2,48,0,0,0,1,0,0,1,2,3,1,aleatorio,1
65,1,55,0,0,0,0,0,0,1,0,0,1,aleatorio,0
49,3,20,1,0,1,1,0,0,1,0,0,2,aleatorio,2
64,2,4,1,0,0,1,1,0,0,0,0,2,aleatorio,2
24,3,13,1,1,0,1,1,0,0,0,1,2,aleatorio,2
22,1,1,0,0,1,0,0,0,0,0,0,2,aleatorio,2
31,1,271,0,0,0,0,0,1,0,0,2,2,aleatorio,0
54,3,8,1,0,0,0,1,1,0,0,0,1,aleatorio,1
41,1,369,0,0,0,0,1,0,0,0,0,0,aleatorio,0
32,2,1,1,0,0,0,1,0,1,0,0,1,aleatorio,1
43,1,1,0,0,0,0,0,0,1,0,0,0,aleatorio,0
22,3,2,1,0,0,0,1,1,1,0,0,1,aleatorio,1
61,1,4,0,0,0,0,0,0,1,0,0,0,aleatorio,0
57,3,42,0,0,0,0,0,1,0,0,0,0,aleatorio,0
20,5,16,1,0,1,1,1,0,0,0,0,2,aleatorio,2
69,2,40,0,0,0,0,0,1,0,0,0,0,aleatorio,0
28,2,274,0,0,0,1,0,0,1,1,1,1,aleatorio,1
26,1,34,0,0,0,0,0,0,1,0,0,0,aleatorio,0
48,3,10,1,0,0,0,1,1,0,0,0,1,aleatorio,1
19,0,999,0,0,0,0,0,0,0,2,2,1,aleatorio,1
20,6,6,1,1,0,0,1,1,1,0,0,2,aleatorio,2
30,1,67,0,0,0,0,0,1,0,0,0,0,aleatorio,0
68,2,2,1,0,0,0,1,0,1,0,0,1,aleatorio,1
61,3,155,0,0,1,0,0,0,1,2,2,2,aleatorio,2
23,1,55,0,0,0,0,1,0,0,0,0,0,aleatorio,0
46,3,2,1,0,0,0,0,1,1,0,0,1,aleatorio,1
69,1,2,0,0,0,1,0,0,0,0,0,1,aleatorio,1
53,1,129,0,0,0,0,0,0,1,0,1,0,aleatorio,0
67,6,28,1,1,0,1,0,1,1,1,1,2,aleatorio,2
37,1,0,0,0,0,1,0,0,0,0,0,1,aleatorio,1
32,4,9,1,1,1,1,0,1,0,0,0,2,aleatorio,2
53,1,18,0,0,0,0,0,1,0,0,0,0,aleatorio,0
47,5,10,1,1,1,0,1,1,0,0,0,2,aleatorio,2
36,2,43,0,0,0,0,1,1,0,1,1,1,aleatorio,1
37,2,6,1,0,0,0,1,0,1,0,0,0,aleatorio,1
29,2,3,1,0,0,1,0,1,0,0,1,2,aleatorio,2
36,6,6,1,1,0,0,1,1,1,0,0,2,aleatorio,2
28,2,192,0,0,0,0,1,1,0,0,0,0,aleatorio,0
43,3,9,1,0,1,1,1,0,0,1,1,2,aleatorio,2
59,4,15,1,0,0,1,0,0,0,1,1,2,aleatorio,2
35,1,5,0,0,0,0,0,0,1,0,0,0,aleatorio,0
29,1,26,0,0,0,0,0,1,0,0,0,0,aleatorio,0
66,2,57,0,0,0,0,1,1,0,0,0,0,aleatorio,0
37,2,171,0,0,0,0,0,1,1,0,0,0,aleatorio,0
51,2,51,0,0,0,0,1,1,0,0,0,0,aleatorio,0
68,1,21,0,0,0,0,0,0,1,0,0,0,aleatorio,0
22,6,0,1,1,1,1,1,1,0,3,3,2,aleatorio,2
18,1,42,0,0,0,0,0,1,0,0,0,0,aleatorio,0
64,2,56,0,0,0,0,1,0,1,0,0,0,aleatorio,0
58,1,33,0,0,0,0,0,1,0,0,1,0,aleatorio,0
38,1,12,0,0,0,0,0,1,0,0,0,0,aleatorio,0
56,1,152,0,0,0,0,1,0,0,0,0,0,aleatorio,0
60,2,58,0,0,0,0,0,1,1,0,0,0,aleatorio,0
40,5,8,1,0,1,0,0,1,1,0,0,2,aleatorio,2
37,3,21,1,0,1,1,0,0,1,0,0,2,aleatorio,2
59,5,7,1,0,1,1,0,1,1,0,0,2,aleatorio,2
20,1,70,0,0,0,0,1,0,0,0,0,0,aleatorio,0
50,6,2,1,0,0,1,1,1,1,0,0,2,aleatorio,2
26,1,238,0,0,0,0,0,1,0,0,0,0,aleatorio,0
54,1,50,0,0,0,0,0,1,0,0,0,0,aleatorio,0
38,2,19,1,0,1,1,0,0,0,0,0,2,aleatorio,2
70,2,4,1,0,0,0,1,1,0,0,0,1,aleatorio,1
37,6,19,1,0,1,1,1,1,1,0,0,2,aleatorio,2
69,4,7,1,1,0,1,1,0,0,0,0,2,aleatorio,2
57,3,19,1,0,0,0,1,1,0,0,0,1,aleatorio,1
64,4,9,1,1,0,1,0,0,1,0,0,2,aleatorio,2
36,1,50,0,0,0,0,0,1,0,0,1,0,aleatorio,0
64,2,37,0,0,0,0,1,1,0,0,0,0,aleatorio,0
24,2,8,1,1,0,0,0,0,1,0,0,0,aleatorio,2
25,4,4,1,0,1,1,0,1,0,0,0,2,aleatorio,2
47,0,999,0,0,0,0,0,0,0,2,2,1,aleatorio,1
63,1,171,0,0,0,0,0,1,0,0,0,0,aleatorio,0
26,1,28,0,0,0,0,0,1,0,0,0,0,aleatorio,0
66,5,1,1,1,0,0,1,1,1,0,0,2,aleatorio,2
38,3,1,1,1,1,0,0,0,1,0,2,2,aleatorio,2
26,2,4,1,1,0,0,1,0,0,1,2,2,aleatorio,2
30,2,33,0,0,0,0,1,0,0,0,0,0,aleatorio,0
23,5,5,1,0,0,1,1,1,1,0,0,2,aleatorio,2
18,2,15,1,1,0,0,0,0,1,1,1,1,aleatorio,2
29,1,33,0,0,0,0,0,0,1,0,0,0,aleatorio,0
59,3,32,0,1,0,0,0,0,1,0,0,2,aleatorio,2
25,6,5,1,0,0,1,1,1,1,0,0,2,aleatorio,2
44,2,0,1,0,0,0,1,0,1,0,0,1,aleatorio,1
47,1,52,0,0,1,0,0,0,0,0,0,1,aleatorio,2
61,6,2,1,1,1,1,0,0,0,0,0,2,aleatorio,2
38,5,5,1,0,1,0,0,1,0,2,4,2,aleatorio,2
67,6,18,1,1,0,0,1,0,1,0,0,2,aleatorio,2
48,3,37,0,0,0,0,1,1,1,0,0,0,aleatorio,0
62,2,35,0,0,0,0,1,0,1,0,2,1,aleatorio,0
39,3,14,1,1,1,0,0,1,0,1,1,2,aleatorio,2
44,2,13,1,1,0,0,0,0,1,0,0,2,aleatorio,2
68,6,2,1,1,0,1,1,1,0,2,2,2,aleatorio,2
42,6,4,1,1,1,0,0,1,1,0,0,2,aleatorio,2
58,1,11,0,0,0,0,1,0,0,2,2,2,aleatorio,2
23,1,143,0,0,0,0,1,0,0,0,0,0,aleatorio,0
23,3,1,1,1,0,0,1,0,1,2,2,2,aleatorio,2
62,3,11,1,0,0,0,1,1,0,0,0,1,aleatorio,1
24,1,35,0,0,0,0,1,0,0,0,1,0,aleatorio,0
46,2,35,0,0,0,1,0,1,0,1,2,1,aleatorio,1
69,1,3,0,0,0,0,0,0,1,0,0,1,aleatorio,0
25,3,19,1,0,0,0,1,1,0,1,1,1,aleatorio,1
33,4,9,1,0,0,0,1,1,1,0,0,1,aleatorio,1
24,3,48,0,0,0,0,0,1,1,0,0,0,aleatorio,0
67,3,47,0,0,1,1,0,0,0,0,0,2,aleatorio,2
37,5,0,1,0,0,0,1,1,1,0,0,1,aleatorio,1
41,5,5,1,0,0,0,1,1,1,0,0,1,aleatorio,1
18,5,11,1,0,1,1,1,1,0,1,1,2,aleatorio,2
52,4,2,1,1,1,0,0,0,1,0,0,2,aleatorio,2
58,1,3,0,0,0,0,0,1,0,0,0,0,aleatorio,0
43,1,6,0,0,0,0,0,0,1,0,0,0,aleatorio,0
51,3,3,1,0,1,1,0,1,0,1,1,2,aleatorio,2
63,2,95,0,0,0,1,1,0,0,0,0,2,aleatorio,1
34,6,1,1,0,1,0,1,1,0,2,2,2,aleatorio,2
24,1,58,0,0,0,1,0,0,0,0,0,1,aleatorio,1
63,1,6,0,0,0,0,0,1,0,0,0,0,aleatorio,0
41,1,4,0,0,0,0,0,1,0,0,0,0,aleatorio,0
54,1,378,0,0,0,0,0,1,0,0,0,0,aleatorio,0
53,1,357,0,0,0,0,0,1,0,1,1,1,aleatorio,1
35,1,7,0,0,0,1,0,0,0,0,0,1,aleatorio,1
20,2,21,1,1,0,1,0,0,0,2,2,2,aleatorio,2
56,1,274,0,0,0,0,1,0,0,0,2,2,aleatorio,0
64,2,2,1,0,0,0,1,0,1,0,0,1,aleatorio,1
59,1,5,0,0,0,0,1,0,0,0,0,0,aleatorio,0
28,1,398,0,0,0,0,1,0,0,0,1,0,aleatorio,0
54,1,119,0,0,0,0,0,0,1,0,0,0,aleatorio,0
42,1,32,0,0,0,0,0,0,1,0,0,0,aleatorio,0
47,6,3,1,1,1,1,1,1,0,2,2,1,aleatorio,2
21,2,2,1,0,0,0,0,1,1,0,3,1,aleatorio,1
19,1,189,0,0,0,0,1,0,0,0,0,0,aleatorio,0
49,3,23,1,0,0,0,0,1,1,0,0,1,aleatorio,1
23,1,90,0,0,0,1,0,0,0,0,1,1,aleatorio,1
68,1,88,0,0,0,0,1,0,0,0,0,0,aleatorio,0
41,1,37,0,0,0,0,1,0,0,0,0,2,aleatorio,0
53,4,1,1,1,0,0,1,0,1,0,0,2,aleatorio,2
61,1,29,0,0,0,1,0,0,0,1,1,1,aleatorio,1
40,3,7,1,0,0,0,0,1,1,0,0,1,aleatorio,1
57,2,50,0,0,0,0,0,1,1,0,0,0,aleatorio,0
55,4,9,1,0,1,0,1,0,0,0,0,2,aleatorio,2
51,1,156,0,0,0,0,1,0,0,1,1,1,aleatorio,1
24,1,1,0,0,0,0,1,0,0,2,3,2,aleatorio,2
42,1,58,0,0,0,0,0,0,1,0,1,0,aleatorio,0
59,1,15,0,0,0,0,1,0,0,0,0,0,aleatorio,0
50,1,63,0,0,0,0,1,0,0,0,0,0,aleatorio,0
40,2,52,0,0,0,0,0,1,1,0,0,0,aleatorio,0
45,4,4,1,1,1,0,1,1,0,1,1,2,aleatorio,2
62,4,26,1,1,0,0,1,1,0,1,2,2,aleatorio,2
24,2,22,1,0,0,0,0,0,1,0,0,1,aleatorio,1
31,5,8,1,1,1,0,0,1,0,2,2,2,aleatorio,2
23,1,34,0,0,0,0,0,1,0,1,1,1,aleatorio,1
67,3,192,0,0,0,1,1,0,1,3,3,1,aleatorio,1
43,2,34,0,0,0,0,1,1,0,0,0,0,aleatorio,0
61,1,293,0,0,0,0,1,0,0,0,1,0,aleatorio,0
25,6,15,1,1,1,1,0,1,1,0,0,2,aleatorio,2
29,2,22,1,0,0,0,1,0,1,0,0,2,aleatorio,1
18,6,13,1,1,1,1,0,1,1,4,4,2,aleatorio,2
28,1,250,0,0,0,0,1,0,0,0,0,0,aleatorio,0
39,1,22,0,1,0,0,0,0,0,0,0,2,aleatorio,2
59,1,36,0,0,0,0,0,0,1,0,0,0,aleatorio,0
54,1,42,0,0,0,0,0,1,0,1,1,1,aleatorio,1
29,2,33,0,0,0,0,0,0,1,1,1,1,aleatorio,1
37,1,42,0,0,0,0,0,1,0,0,1,0,aleatorio,0
32,1,124,0,0,0,0,0,1,0,0,0,0,aleatorio,0
69,1,97,0,0,0,1,0,0,0,2,3,1,aleatorio,1
36,2,4,1,0,0,1,0,0,0,0,0,2,aleatorio,2
56,1,42,0,0,0,0,1,0,0,0,0,0,aleatorio,0
66,5,37,0,0,0,0,1,1,1,0,0,0,aleatorio,0
49,4,14,1,0,0,0,1,1,0,0,1,1,aleatorio,1
56,2,11,1,0,0,0,1,0,1,0,0,1,aleatorio,1
48,3,13,1,1,1,1,0,0,0,1,2,2,aleatorio,2
41,1,54,0,0,0,0,0,1,0,1,1,1,aleatorio,1
31,1,345,0,0,0,0,0,0,1,1,1,1,aleatorio,1
43,1,178,0,0,0,0,0,1,0,1,2,1,aleatorio,1
39,2,158,0,0,0,1,0,1,0,0,1,2,aleatorio,1
46,1,236,0,0,0,0,1,0,0,0,0,0,aleatorio,0
36,4,2,1,0,0,1,1,1,1,0,0,2,aleatorio,2
63,1,14,0,0,0,1,0,0,0,0,0,1,aleatorio,1
28,4,7,1,1,0,1,0,0,1,0,0,2,aleatorio,2
65,4,13,1,0,1,1,0,1,1,0,0,2,aleatorio,2
68,1,55,0,0,0,0,0,1,0,0,0,0,aleatorio,0
52,5,10,1,0,0,0,1,1,1,0,0,1,aleatorio,1
52,6,15,1,1,1,1,0,1,1,0,0,2,aleatorio,2
30,3,5,1,0,0,1,0,1,1,0,0,2,aleatorio,2
70,1,2,0,0,0,0,0,0,1,0,0,0,aleatorio,0
31,3,6,1,0,0,0,1,1,1,1,1,2,aleatorio,2
35,1,57,0,0,0,1,0,0,0,0,0,1,aleatorio,1
38,5,1,1,1,0,0,1,1,1,0,0,2,aleatorio,2
18,1,6,0,0,0,0,1,0,0,0,0,0,aleatorio,0
39,1,11,0,0,0,0,0,1,0,0,0,0,aleatorio,0
33,2,19,1,0,0,0,0,0,1,1,1,1,aleatorio,1
53,1,3,0,0,1,0,0,0,0,0,0,2,aleatorio,2
48,1,6,0,0,0,0,1,0,0,0,0,0,aleatorio,0
67,1,41,0,0,0,0,0,1,0,0,0,2,aleatorio,0
31,1,59,0,0,0,0,1,0,0,0,0,1,aleatorio,0
67,1,309,0,0,0,0,1,0,0,0,0,0,aleatorio,0
33,4,1,1,1,0,0,0,1,1,1,1,2,aleatorio,2
29,1,29,0,0,0,0,0,1,0,0,0,0,aleatorio,0
39,1,310,0,0,0,0,0,1,0,0,0,0,aleatorio,0
51,1,39,0,0,0,0,1,0,0,1,2,1,aleatorio,1
54,1,243,0,0,0,0,1,0,0,0,0,0,aleatorio,0
18,2,32,0,1,0,0,0,1,0,1,1,2,aleatorio,2
52,2,31,0,0,0,1,0,1,0,0,0,1,aleatorio,1
22,1,14,0,0,0,0,0,1,0,1,1,2,aleatorio,2
33,1,11,0,0,0,0,1,0,0,0,1,2,aleatorio,0
48,4,13,1,1,0,0,0,1,1,4,4,2,aleatorio,2
46,2,48,0,0,0,0,0,1,0,0,0,0,aleatorio,0
42,6,0,1,1,1,0,1,0,1,0,0,2,aleatorio,2
50,2,23,1,0,0,0,0,1,0,0,1,1,aleatorio,1
70,0,999,0,0,0,0,0,0,0,2,2,1,aleatorio,1
45,5,4,1,1,0,1,1,0,1,0,0,2,aleatorio,2
28,1,270,0,0,0,0,0,1,0,0,0,1,aleatorio,0
47,1,43,0,0,0,0,0,0,1,0,0,0,aleatorio,0
60,3,26,1,0,0,0,0,1,1,0,0,1,aleatorio,1
64,2,7,1,0,0,0,1,0,1,0,0,1,aleatorio,1
51,5,5,1,0,0,1,0,0,1,0,0,2,aleatorio,2
54,1,19,0,0,0,0,0,0,1,0,1,0,aleatorio,0
48,1,306,0,0,0,0,1,0,0,0,0,0,aleatorio,0
18,1,342,0,0,0,0,0,1,0,0,0,0,aleatorio,0
44,1,49,0,0,0,0,0,0,1,0,0,0,aleatorio,0
32,2,34,0,0,0,0,1,0,1,0,2,0,aleatorio,0
70,2,10,1,0,0,0,0,1,0,0,0,1,aleatorio,1
40,1,53,0,0,0,0,0,1,0,0,2,0,aleatorio,0
49,2,2,1,0,0,0,1,0,1,1,1,2,aleatorio,2
65,6,7,1,0,1,0,0,1,1,1,2,1,aleatorio,2
37,1,317,0,0,0,1,0,0,0,2,2,1,aleatorio,1
35,1,93,0,0,0,0,1,0,0,0,0,0,aleatorio,0
19,4,42,0,0,0,0,0,1,1,0,0,0,aleatorio,0
60,1,57,0,0,0,0,0,1,0,0,0,0,aleatorio,0
25,1,29,0,0,0,0,1,0,0,0,0,0,aleatorio,0
46,2,5,1,0,0,0,1,0,1,0,0,1,aleatorio,1
67,1,52,0,0,0,0,0,1,0,0,0,2,aleatorio,0
54,2,1,1,0,0,0,1,0,0,0,0,1,aleatorio,1
28,3,5,1,0,1,1,0,1,0,0,0,2,aleatorio,2
41,1,58,0,0,0,0,0,1,0,0,0,1,aleatorio,0
44,2,5,1,0,0,0,0,1,0,0,0,1,aleatorio,1
61,1,50,0,0,0,1,0,0,0,0,0,1,aleatorio,1
36,1,202,0,0,0,0,1,0,0,0,1,0,aleatorio,0
52,2,19,1,0,0,0,1,0,1,3,3,1,aleatorio,1
58,4,36,0,1,0,0,1,1,1,0,0,1,aleatorio,2
19,1,27,0,0,0,0,1,0,0,0,0,2,aleatorio,0
43,2,8,1,1,0,0,0,0,0,0,1,1,aleatorio,2
52,1,17,0,0,0,0,0,0,1,0,0,0,aleatorio,0
47,2,112,0,0,0,1,0,1,0,0,0,1,aleatorio,1
58,1,50,0,0,0,0,1,0,0,1,1,2,aleatorio,1
19,0,999,0,0,0,0,0,0,0,1,2,1,aleatorio,1
66,1,299,0,0,0,0,1,0,0,1,3,1,aleatorio,1
50,1,202,0,0,1,0,0,0,0,0,0,2,aleatorio,2
30,3,15,1,0,0,1,0,1,0,0,0,0,aleatorio,2
66,1,139,0,0,0,0,1,0,0,1,2,1,aleatorio,1
23,5,0,1,0,0,0,1,1,1,0,0,0,aleatorio,1
24,3,4,1,0,1,0,1,0,1,0,0,2,aleatorio,2
34,1,10,0,0,0,1,0,0,0,0,0,1,aleatorio,1
56,5,86,0,1,0,1,0,1,0,0,0,2,aleatorio,2
38,1,8,0,0,0,0,0,0,1,0,0,0,aleatorio,0
62,1,10,0,0,0,0,0,1,0,0,0,0,aleatorio,0
33,2,10,1,0,0,1,1,0,0,0,0,2,aleatorio,2
37,1,2,0,0,0,0,0,1,0,0,0,0,aleatorio,0
18,1,26,0,1,0,0,0,0,0,4,4,2,aleatorio,2
34,1,176,0,0,0,0,1,0,0,4,4,1,aleatorio,1
27,2,21,1,0,0,0,1,1,0,1,1,0,aleatorio,1
31,2,113,0,0,1,0,0,0,0,0,0,2,aleatorio,2
57,2,165,0,0,0,0,1,1,0,0,0,0,aleatorio,0
65,2,1,1,0,0,0,1,0,1,0,0,1,aleatorio,1
61,2,0,1,1,0,0,1,0,0,0,0,2,aleatorio,2
38,1,34,0,0,0,0,0,1,0,0,0,0,aleatorio,0
28,3,2,1,1,0,0,1,0,1,0,2,2,aleatorio,2
51,1,27,0,0,0,1,0,0,0,1,1,1,aleatorio,1
57,1,9,0,0,0,0,0,1,0,0,0,0,aleatorio,0
52,5,5,1,1,0,0,0,1,1,0,0,2,aleatorio,2
56,1,22,0,0,0,0,0,0,1,0,0,0,aleatorio,0
60,4,8,1,0,0,0,1,1,0,0,0,1,aleatorio,1
42,1,355,0,0,0,0,0,0,1,0,0,0,aleatorio,0
62,1,49,0,0,0,1,0,0,0,2,2,1,aleatorio,1
18,4,14,1,0,0,1,1,0,1,0,0,2,aleatorio,2
65,1,12,0,0,0,1,0,0,0,0,0,1,aleatorio,1
49,1,15,0,0,0,1,0,0,0,0,0,1,aleatorio,1
27,1,7,0,0,0,0,0,0,1,0,0,0,aleatorio,0
21,1,10,0,0,0,0,0,1,0,0,0,0,aleatorio,0
49,2,1,1,0,0,0,0,1,1,0,0,1,aleatorio,1
30,1,18,0,0,0,0,0,1,0,2,4,1,aleatorio,1
20,3,54,0,0,0,1,1,0,1,0,0,1,aleatorio,1
48,1,10,0,0,0,0,0,0,1,0,0,0,aleatorio,0
24,3,15,1,1,0,1,0,1,0,0,0,2,aleatorio,2
32,3,345,0,0,0,0,1,1,1,0,0,0,aleatorio,0
64,2,10,1,0,0,1,1,0,0,0,0,2,aleatorio,2
43,1,52,0,0,0,0,0,1,0,0,0,0,aleatorio,0
55,1,129,0,0,0,0,0,0,1,0,0,0,aleatorio,0
54,1,48,0,0,0,0,0,0,1,0,0,0,aleatorio,0
48,4,10,1,0,0,1,0,0,1,0,0,2,aleatorio,2
47,5,0,1,1,0,1,1,0,1,1,1,2,aleatorio,2
42,1,14,0,0,1,0,0,0,0,0,0,2,aleatorio,2
51,1,4,0,0,0,1,0,0,0,0,0,1,aleatorio,1
41,1,371,0,0,0,0,0,0,1,0,0,0,aleatorio,0
19,1,59,0,0,0,0,0,0,1,0,0,0,aleatorio,0
36,1,8,0,0,0,0,0,0,1,0,0,0,aleatorio,0
44,1,49,0,0,0,1,0,0,0,0,0,1,aleatorio,1
22,4,10,1,0,0,0,1,0,1,0,0,1,aleatorio,1
67,2,18,1,0,0,0,0,1,0,0,0,1,aleatorio,1
48,2,124,0,0,0,1,0,0,1,0,0,2,aleatorio,1
18,1,23,0,0,0,0,0,1,0,0,0,0,aleatorio,0
58,1,22,0,0,0,0,0,1,0,0,0,0,aleatorio,0
48,1,348,0,0,0,0,0,0,1,0,1,0,aleatorio,0
30,2,9,1,1,0,0,0,1,0,1,1,2,aleatorio,2
38,1,348,0,0,0,0,0,0,1,0,0,0,aleatorio,0
60,2,222,0,0,0,0,0,0,1,2,2,1,aleatorio,1
41,2,41,0,1,1,0,0,0,0,0,0,2,aleatorio,2
52,3,3,1,0,0,0,1,1,1,0,0,1,aleatorio,1
60,6,11,1,0,0,1,1,1,1,0,0,2,aleatorio,2
41,3,44,0,0,0,0,1,1,1,0,0,0,aleatorio,0
57,3,48,0,0,1,0,1,0,0,2,2,2,aleatorio,2
44,1,151,0,0,0,0,1,0,0,1,1,2,aleatorio,1
65,6,39,0,0,1,1,1,1,1,1,1,2,aleatorio,2
21,1,15,0,0,0,0,0,1,0,0,0,0,aleatorio,0
30,3,6,1,0,0,0,1,0,1,1,1,2,aleatorio,2
38,4,2,1,0,0,1,1,1,0,2,2,2,aleatorio,2
69,2,1,1,0,0,1,0,1,0,0,0,2,aleatorio,2
54,1,28,0,0,0,0,0,0,1,0,0,0,aleatorio,0
66,1,162,0,0,0,0,1,0,0,0,1,0,aleatorio,0
36,2,6,1,0,0,1,0,0,1,0,0,2,aleatorio,2
63,1,0,0,0,0,0,0,1,0,0,0,0,aleatorio,0
29,1,260,0,0,0,1,0,0,0,0,0,2,aleatorio,1
64,1,26,0,0,0,0,1,0,0,1,1,1,aleatorio,1
63,1,58,0,0,0,0,1,0,0,0,0,0,aleatorio,0
58,2,35,0,0,0,1,0,0,1,0,0,1,aleatorio,1
48,2,6,1,1,0,1,0,0,0,1,1,2,aleatorio,2
67,2,13,1,0,0,0,0,1,1,0,0,1,aleatorio,1
56,2,139,0,0,0,1,1,0,0,0,0,1,aleatorio,1
62,6,10,1,1,0,1,0,1,0,3,4,2,aleatorio,2
68,3,22,1,1,0,0,1,0,0,1,1,2,aleatorio,2
30,1,96,0,0,0,0,0,1,0,0,0,0,aleatorio,0
26,2,10,1,0,1,0,0,1,0,0,0,2,aleatorio,2
49,1,16,0,0,0,0,0,0,1,0,0,0,aleatorio,0
48,1,46,0,0,0,0,1,0,0,0,0,0,aleatorio,0
50,1,35,0,0,0,0,0,1,0,0,0,2,aleatorio,0
18,3,8,1,0,0,0,1,1,1,0,0,1,aleatorio,1
65,5,0,1,1,0,1,1,1,1,0,0,2,aleatorio,2
52,1,55,0,0,0,0,1,0,0,1,1,1,aleatorio,1
22,4,9,1,0,0,0,1,1,1,0,1,1,aleatorio,1
35,2,42,0,0,0,1,0,1,0,2,3,1,aleatorio,1
55,1,15,0,0,0,0,0,0,1,0,0,0,aleatorio,0
28,1,170,0,0,1,0,0,0,0,0,0,2,aleatorio,2
57,2,14,1,0,0,0,0,1,1,0,0,1,aleatorio,1
23,4,14,1,0,1,1,0,1,0,0,0,2,aleatorio,2
18,5,39,0,0,0,1,0,1,1,0,1,1,aleatorio,1
55,1,20,0,0,0,0,1,0,0,0,0,0,aleatorio,0
57,1,162,0,0,0,0,1,0,0,0,0,0,aleatorio,0
50,1,10,0,0,0,1,0,0,0,0,0,1,aleatorio,1
37,1,382,0,0,0,0,0,1,0,0,1,0,aleatorio,0
37,3,0,1,0,0,1,0,1,0,0,0,2,aleatorio,2
48,2,57,0,0,0,1,0,0,1,0,0,1,aleatorio,1
51,1,186,0,0,0,0,0,1,0,2,2,1,aleatorio,1
57,4,9,1,0,0,0,1,0,1,0,0,1,aleatorio,1
57,4,7,1,1,1,1,0,0,0,0,0,2,aleatorio,2
31,3,25,1,0,0,0,1,1,1,0,0,1,aleatorio,1
68,2,26,1,0,0,0,1,1,0,0,0,1,aleatorio,1
68,4,2,1,0,0,1,0,1,1,1,1,2,aleatorio,2
28,1,275,0,0,0,0,1,0,0,0,0,1,aleatorio,0
59,1,50,0,0,0,0,1,0,0,0,0,0,aleatorio,0
42,1,203,0,1,0,0,0,0,0,0,0,2,aleatorio,2
35,3,36,0,0,0,1,1,0,0,3,4,1,aleatorio,1
68,1,292,0,0,0,0,0,0,1,1,2,1,aleatorio,1
28,2,4,1,0,0,0,0,0,1,0,0,1,aleatorio,1
27,3,11,1,0,0,0,1,0,0,0,0,1,aleatorio,1
26,1,155,0,0,0,0,1,0,0,1,2,1,aleatorio,1
69,6,5,1,0,0,1,1,1,1,2,2,2,aleatorio,2
22,4,2,1,0,0,1,1,1,0,0,0,2,aleatorio,2
54,1,335,0,0,0,1,0,0,0,0,0,1,aleatorio,1
50,2,15,1,0,0,0,1,1,0,0,0,1,aleatorio,1
18,5,0,1,1,1,1,0,1,0,2,2,2,aleatorio,2
44,6,2,1,0,0,1,1,1,1,1,2,2,aleatorio,2
52,1,8,0,1,0,0,0,0,0,0,0,2,aleatorio,2
43,2,260,0,0,0,1,0,1,0,0,0,1,aleatorio,1
45,1,98,0,0,0,0,0,0,1,1,1,1,aleatorio,1
36,3,12,1,0,0,0,1,1,1,0,2,1,aleatorio,1
22,2,12,1,0,0,0,1,0,0,0,0,0,aleatorio,1
34,3,44,0,0,0,0,1,1,1,0,0,0,aleatorio,0
26,1,128,0,0,0,0,1,0,0,0,2,0,aleatorio,0
49,2,9,1,1,0,1,0,0,0,0,0,2,aleatorio,2
63,2,39,0,0,0,1,0,1,0,1,1,1,aleatorio,1
67,4,32,0,0,1,0,1,1,0,0,0,2,aleatorio,2
48,4,4,1,0,1,0,1,1,1,2,2,2,aleatorio,2
32,1,13,0,0,0,0,0,1,0,0,0,0,aleatorio,0
62,1,10,0,0,0,0,0,0,1,0,0,0,aleatorio,0
28,3,44,0,0,0,1,0,1,0,0,0,1,aleatorio,1
63,3,48,0,0,0,1,1,0,0,0,0,1,aleatorio,1
55,1,23,0,0,0,1,0,0,0,0,0,1,aleatorio,1
51,1,248,0,0,0,0,1,0,0,0,3,0,aleatorio,0
58,4,6,1,1,0,0,1,1,0,0,0,2,aleatorio,2
33,5,0,1,1,0,1,0,1,1,1,1,2,aleatorio,2
51,3,20,1,1,1,0,0,1,0,0,0,2,aleatorio,2
28,4,0,1,1,0,1,0,1,0,0,1,2,aleatorio,2
40,3,4,1,0,1,1,0,0,0,0,0,2,aleatorio,2
55,2,4,1,0,0,1,0,1,0,1,2,2,aleatorio,2
42,1,377,0,0,0,0,0,0,1,0,0,0,aleatorio,0
23,4,15,1,1,1,0,0,1,0,0,0,2,aleatorio,2
60,1,381,0,0,0,0,1,0,0,0,0,0,aleatorio,0
23,2,7,1,1,0,0,0,0,0,1,2,2,aleatorio,2
65,1,24,0,0,0,1,0,0,0,0,0,1,aleatorio,1
36,1,5,0,0,0,0,0,0,1,0,0,0,aleatorio,0
40,2,5,1,0,0,1,0,1,0,0,0,2,aleatorio,2
23,6,4,1,1,1,1,1,0,1,0,0,0,aleatorio,2
48,3,44,0,0,0,1,1,0,1,0,0,1,aleatorio,1
37,3,2,1,0,0,0,1,1,0,0,1,0,aleatorio,1
51,1,17,0,0,0,0,0,0,1,1,3,1,aleatorio,1
30,1,54,0,0,1,0,0,0,0,0,0,2,aleatorio,2
52,1,7,0,0,0,0,1,0,0,0,0,0,aleatorio,0
18,4,3,1,1,0,1,0,0,1,3,4,0,aleatorio,2
66,2,17,1,0,1,0,0,1,0,2,2,2,aleatorio,2
26,2,68,0,0,0,0,1,1,0,0,0,0,aleatorio,0
47,2,126,0,0,0,1,0,0,1,1,1,1,aleatorio,1
33,3,9,1,1,0,0,0,0,1,0,0,1,aleatorio,2
50,4,42,0,0,0,1,1,0,1,0,0,1,aleatorio,1
56,1,172,0,0,0,1,0,0,0,0,0,1,aleatorio,1
58,1,23,0,0,0,0,1,0,0,1,2,1,aleatorio,1
46,3,6,1,1,0,0,1,0,0,0,0,2,aleatorio,2
61,5,5,1,0,1,0,0,1,0,1,1,2,aleatorio,2
55,2,38,0,0,0,0,0,1,1,2,4,1,aleatorio,1
66,1,66,0,0,0,0,0,1,0,0,0,2,aleatorio,0
35,2,335,0,0,0,0,1,0,0,1,1,1,aleatorio,1
38,4,10,1,1,0,1,1,0,1,0,0,2,aleatorio,2
54,3,7,1,0,0,1,1,0,1,0,1,2,aleatorio,2
56,2,1,1,0,1,0,0,1,0,0,0,2,aleatorio,2
32,3,25,1,0,0,0,1,1,0,2,2,1,aleatorio,1
21,1,12,0,0,0,0,1,0,0,1,1,2,aleatorio,2
32,4,54,0,0,0,1,0,1,1,2,2,1,aleatorio,1
26,3,49,0,0,0,0,1,0,1,0,1,0,aleatorio,0
40,2,5,1,1,0,1,0,0,0,0,0,2,aleatorio,2
61,3,7,1,1,0,0,1,1,0,0,1,2,aleatorio,2
63,1,46,0,0,0,0,0,1,0,0,0,0,aleatorio,0
56,3,21,1,0,0,0,1,1,1,0,0,1,aleatorio,1
64,4,3,1,0,0,1,1,0,1,1,1,2,aleatorio,2
42,2,7,1,0,0,0,0,1,0,0,0,1,aleatorio,1
64,1,8,0,0,0,0,0,0,1,0,0,0,aleatorio,0
55,1,28,0,0,0,0,1,0,0,0,0,0,aleatorio,0
26,3,11,1,0,0,0,1,0,0,0,2,1,aleatorio,1
64,1,5,0,0,0,0,0,0,1,0,1,0,aleatorio,0
50,2,13,1,0,1,0,0,1,0,3,4,0,aleatorio,2
70,4,0,1,0,0,0,1,1,1,0,0,1,aleatorio,1
28,1,3,0,0,1,0,0,0,0,0,0,2,aleatorio,2
67,1,2,0,0,0,1,0,0,0,0,0,1,aleatorio,1
49,5,7,1,1,0,1,1,1,0,1,1,2,aleatorio,2
48,2,12,1,0,0,0,0,1,0,0,0,1,aleatorio,1
23,3,6,1,1,0,1,1,0,0,0,0,2,aleatorio,2
38,1,257,0,0,0,1,0,0,0,0,0,0,aleatorio,1
52,1,14,0,0,0,0,1,0,0,0,2,0,aleatorio,0
54,4,6,1,1,0,0,1,1,0,2,2,2,aleatorio,2
52,2,215,0,0,0,0,0,0,1,0,0,0,aleatorio,0
44,1,58,0,0,0,0,0,1,0,0,0,0,aleatorio,0
35,1,9,0,1,0,0,0,0,0,2,3,2,aleatorio,2
65,1,335,0,0,0,0,0,0,1,0,0,0,aleatorio,0
49,1,4,0,0,0,0,0,1,0,0,0,0,aleatorio,0
70,1,33,0,0,0,0,0,0,1,0,0,0,aleatorio,0
69,1,8,0,0,0,0,0,1,0,0,1,0,aleatorio,0
59,1,3,0,0,0,0,0,1,0,0,0,0,aleatorio,0
59,2,15,1,1,0,1,0,0,0,0,0,2,aleatorio,2
70,3,23,1,0,0,0,0,1,1,0,0,1,aleatorio,1
52,1,121,0,0,0,1,0,0,0,1,1,1,aleatorio,1
38,1,228,0,0,0,1,0,0,0,0,0,1,aleatorio,1
28,2,132,0,0,0,0,1,1,0,0,0,0,aleatorio,0
29,5,42,0,0,0,1,1,0,1,0,0,1,aleatorio,1
22,2,208,0,0,0,0,1,1,0,0,0,0,aleatorio,0
36,3,51,0,1,0,1,1,0,0,0,1,2,aleatorio,2
60,1,31,0,0,0,0,0,1,0,0,0,0,aleatorio,0
65,5,1,1,0,1,1,0,1,1,0,1,2,aleatorio,2
66,1,255,0,0,0,0,1,0,0,0,0,0,aleatorio,0
51,1,29,0,0,0,1,0,0,0,1,1,1,aleatorio,1
52,3,15,1,0,0,1,0,1,0,0,1,2,aleatorio,2
70,3,13,1,0,1,0,0,1,0,0,0,2,aleatorio,2
48,1,27,0,0,0,0,1,0,0,0,0,0,aleatorio,0
44,2,1,1,0,0,1,0,1,0,0,0,2,aleatorio,2
48,2,6,1,1,0,1,0,0,0,0,0,2,aleatorio,2
20,2,21,1,0,0,1,0,0,1,0,0,2,aleatorio,2
47,6,4,1,0,1,1,0,1,1,0,0,2,aleatorio,2
40,1,49,0,0,0,1,0,0,0,3,4,1,aleatorio,1
23,1,292,0,0,0,1,0,0,0,0,0,1,aleatorio,1
27,5,0,1,1,1,0,1,1,0,0,0,0,aleatorio,2
51,2,59,0,0,0,1,1,0,0,0,1,1,aleatorio,1
67,1,77,0,0,0,0,1,0,0,0,0,0,aleatorio,0
63,5,1,1,0,0,0,1,1,1,0,0,2,aleatorio,1
45,2,5,1,0,0,0,1,0,1,0,0,1,aleatorio,1
42,2,9,1,0,0,0,0,1,1,0,0,1,aleatorio,1
61,1,6,0,0,0,0,0,1,0,0,0,0,aleatorio,0
20,1,58,0,0,1,0,0,0,0,0,0,2,aleatorio,2
68,2,7,1,1,0,0,1,0,0,1,1,2,aleatorio,2
24,1,55,0,0,0,0,0,0,1,0,0,0,aleatorio,0
41,1,17,0,0,0,0,0,0,1,0,0,0,aleatorio,0
32,1,84,0,0,0,0,1,0,0,0,0,0,aleatorio,0
25,1,46,0,0,0,0,0,1,0,0,0,0,aleatorio,0
37,1,4,0,0,0,0,0,1,0,0,0,0,aleatorio,0
51,5,7,1,0,0,0,1,1,1,0,0,1,aleatorio,1
61,2,29,1,0,0,0,0,1,1,0,1,1,aleatorio,1
40,1,42,0,0,0,0,0,0,1,0,0,0,aleatorio,0
55,1,6,0,0,0,0,0,0,1,0,0,0,aleatorio,0
36,3,55,0,0,0,1,1,1,0,0,0,1,aleatorio,1
20,1,292,0,0,0,0,1,0,0,0,0,1,aleatorio,0
36,0,999,0,0,0,0,0,0,0,3,3,1,aleatorio,1
70,6,0,1,1,0,1,1,0,1,0,1,2,aleatorio,2
50,5,47,0,0,0,1,1,1,1,0,0,1,aleatorio,1
31,2,6,1,0,0,0,1,0,1,0,0,1,aleatorio,1
38,3,8,1,1,0,1,1,0,0,2,2,1,aleatorio,2
20,5,1,1,1,1,0,0,0,1,0,0,2,aleatorio,2
67,2,4,1,1,0,1,0,0,0,1,2,2,aleatorio,2
33,2,77,0,0,0,0,1,0,1,1,1,1,aleatorio,1
37,2,56,0,0,0,0,1,0,1,0,0,0,aleatorio,0
50,2,6,1,0,1,0,0,0,1,0,1,2,aleatorio,2
63,1,37,0,0,0,1,0,0,0,4,4,0,aleatorio,1
20,1,96,0,0,0,0,0,1,0,0,0,0,aleatorio,0
58,4,0,1,0,0,1,1,1,1,0,0,2,aleatorio,2
66,2,2,1,0,0,0,0,1,0,0,0,1,aleatorio,1
21,4,41,0,0,0,0,1,1,0,0,0,0,aleatorio,0
69,4,22,1,1,1,0,0,1,0,1,1,2,aleatorio,2
46,3,0,1,0,0,1,0,1,0,0,1,2,aleatorio,2
57,1,50,0,0,0,0,0,0,1,0,0,1,aleatorio,0
21,3,11,1,0,0,0,1,1,0,1,2,2,aleatorio,2
26,2,43,0,0,0,0,0,1,1,0,0,0,aleatorio,0
44,3,37,0,1,0,1,0,1,0,0,0,2,aleatorio,2
63,3,4,1,0,1,0,0,1,1,1,3,2,aleatorio,2
64,1,43,0,0,0,0,0,0,1,0,0,0,aleatorio,0
55,2,38,0,0,0,0,1,1,0,0,0,0,aleatorio,0
29,3,22,1,0,1,0,1,0,1,0,2,2,aleatorio,2
32,1,36,0,0,0,1,0,0,0,1,1,1,aleatorio,1
44,1,22,0,0,0,1,0,0,0,0,0,1,aleatorio,1
31,1,303,0,0,0,0,0,0,1,0,0,0,aleatorio,0
59,2,187,0,0,0,0,0,1,0,3,4,1,aleatorio,1
57,4,22,1,0,0,1,1,1,0,1,1,2,aleatorio,2
36,2,38,0,0,0,1,0,0,1,1,2,1,aleatorio,1
45,1,2,0,0,0,0,1,0,0,0,0,0,aleatorio,0
45,3,0,1,1,0,1,1,0,0,0,0,2,aleatorio,2
34,1,274,0,0,0,1,0,0,0,0,0,1,aleatorio,1
24,2,53,0,0,0,0,1,0,0,0,0,0,aleatorio,0
28,3,6,1,0,0,0,1,0,1,0,0,1,aleatorio,1
50,0,999,0,0,0,0,0,0,0,2,3,1,aleatorio,1
52,1,13,0,0,0,0,0,0,1,1,1,2,aleatorio,2
32,2,0,1,0,0,0,0,1,0,0,1,1,aleatorio,1
20,6,1,1,1,1,1,0,1,1,0,0,2,aleatorio,2
29,1,55,0,0,0,0,1,0,0,0,0,0,aleatorio,0
35,3,3,1,0,0,0,1,0,1,0,0,1,aleatorio,1
38,1,10,0,0,0,0,1,0,0,0,0,0,aleatorio,0
55,1,29,0,0,0,0,1,0,0,1,1,1,aleatorio,1
60,1,363,0,0,0,0,1,0,0,0,0,0,aleatorio,0
30,1,4,0,0,0,0,1,0,0,0,0,0,aleatorio,0
44,1,14,0,1,0,0,0,0,0,0,0,2,aleatorio,2
59,1,20,0,0,0,0,1,0,0,1,1,2,aleatorio,1
32,1,11,0,0,0,0,0,1,0,0,0,0,aleatorio,0
69,2,321,0,0,0,0,0,0,1,0,0,1,aleatorio,0
55,1,22,0,0,0,0,1,0,0,0,0,0,aleatorio,0
54,1,11,0,0,0,0,0,0,1,0,0,0,aleatorio,0
25,2,17,1,0,0,0,0,1,1,0,0,1,aleatorio,1
69,3,108,0,0,0,0,1,0,0,0,0,0,aleatorio,0
66,4,10,1,0,0,0,1,0,1,0,0,1,aleatorio,1
68,2,10,1,1,0,0,0,1,0,0,1,2,aleatorio,2
22,2,3,1,0,0,0,1,1,0,0,0,1,aleatorio,1
49,2,0,1,0,0,0,1,1,0,1,1,2,aleatorio,2
31,1,34,0,1,0,0,0,0,0,1,1,2,aleatorio,2
52,4,3,1,0,1,0,1,1,0,0,0,2,aleatorio,2
39,2,183,0,0,0,0,1,0,1,0,0,0,aleatorio,0
47,1,7,0,0,0,0,1,0,0,0,0,0,aleatorio,0
53,5,0,1,1,1,1,0,1,1,0,1,2,aleatorio,2
37,5,3,1,1,1,0,1,0,0,0,0,2,aleatorio,2
41,3,15,1,0,0,1,0,1,1,0,0,2,aleatorio,2
50,5,8,1,0,0,0,1,1,1,0,0,1,aleatorio,1
58,2,232,0,0,0,1,1,0,0,1,2,0,aleatorio,1
69,4,13,1,1,0,0,1,0,0,0,0,2,aleatorio,2
66,1,341,0,0,0,0,0,0,1,0,0,0,aleatorio,0
51,2,168,0,0,0,0,1,0,0,0,0,0,aleatorio,0
57,5,34,0,0,1,1,1,0,1,0,0,2,aleatorio,2
27,6,11,1,1,1,1,0,1,1,1,1,2,aleatorio,2
53,3,40,0,0,0,0,1,1,0,0,0,0,aleatorio,0
33,1,24,0,0,0,1,0,0,0,0,0,1,aleatorio,1
35,2,53,0,0,0,0,1,0,1,0,0,0,aleatorio,0
63,2,2,1,0,1,0,1,0,0,0,0,2,aleatorio,2
50,1,125,0,0,0,0,1,0,0,0,0,0,aleatorio,0
56,1,65,0,0,0,0,0,1,0,0,0,2,aleatorio,0
25,6,5,1,0,1,1,1,0,1,1,2,2,aleatorio,2
35,4,17,1,1,1,0,0,1,1,0,0,2,aleatorio,2
57,0,999,0,0,0,0,0,0,0,3,3,1,aleatorio,1
20,6,3,1,1,1,1,1,0,0,0,1,2,aleatorio,2
30,1,16,0,0,0,1,0,0,0,0,0,1,aleatorio,1
33,1,8,0,0,0,0,0,0,1,0,0,0,aleatorio,0
46,4,4,1,0,0,0,0,1,1,0,0,1,aleatorio,1
32,1,137,0,0,0,0,0,1,0,0,0,0,aleatorio,0
27,1,11,0,0,0,1,0,0,0,0,0,1,aleatorio,1
44,3,1,1,0,1,1,0,0,1,0,0,2,aleatorio,2
51,1,3,0,1,0,0,0,0,0,0,0,2,aleatorio,2
25,1,46,0,0,0,1,0,0,0,0,1,1,aleatorio,1
61,1,86,0,0,0,0,0,0,1,0,0,0,aleatorio,0
32,4,4,1,0,1,1,1,0,1,0,0,1,aleatorio,2
31,1,42,0,0,0,0,1,0,0,0,0,0,aleatorio,0
66,5,26,1,1,1,0,0,0,1,1,2,2,aleatorio,2
61,2,58,0,0,0,1,1,0,0,1,1,1,aleatorio,1
51,2,7,1,0,0,0,0,1,1,0,0,1,aleatorio,1
57,1,5,0,0,0,1,0,0,0,0,0,1,aleatorio,1
19,3,31,0,0,0,1,1,1,0,0,0,1,aleatorio,1
44,3,1,1,0,0,0,0,1,1,0,0,1,aleatorio,1
55,1,0,0,0,0,0,1,0,0,0,1,0,aleatorio,0
26,1,396,0,1,0,0,0,0,0,0,1,2,aleatorio,2
59,4,3,1,1,0,1,0,0,0,0,0,2,aleatorio,2
52,1,9,0,0,0,0,0,1,0,0,0,0,aleatorio,0
52,1,41,0,0,0,0,1,0,0,2,2,1,aleatorio,1
70,1,54,0,0,1,0,0,0,0,0,0,2,aleatorio,2
54,5,11,1,0,1,1,1,1,0,0,0,2,aleatorio,2
36,1,13,0,0,0,0,0,1,0,0,0,0,aleatorio,0
65,2,37,0,0,0,0,1,1,0,0,2,0,aleatorio,0
26,2,6,1,0,0,0,0,1,1,0,0,1,aleatorio,1
70,2,196,0,0,0,0,1,0,0,0,0,0,aleatorio,0
24,2,11,1,1,0,0,0,1,0,0,0,2,aleatorio,2
38,1,252,0,0,0,1,0,0,0,1,1,1,aleatorio,1
25,2,6,1,0,0,0,1,0,1,0,0,1,aleatorio,1
31,4,6,1,0,1,0,1,0,1,2,2,2,aleatorio,2
31,1,220,0,0,0,0,0,1,0,0,0,0,aleatorio,0
61,5,1,1,1,0,0,0,0,1,0,0,2,aleatorio,2
33,1,375,0,0,0,0,0,0,1,0,0,0,aleatorio,0
42,5,16,1,1,0,0,1,1,0,0,0,2,aleatorio,2
60,1,7,0,0,0,0,1,0,0,0,0,0,aleatorio,0
50,1,311,0,1,0,0,0,0,0,0,0,2,aleatorio,2
54,5,14,1,0,0,1,0,1,1,0,0,2,aleatorio,2
28,5,47,0,0,1,0,0,1,1,1,4,2,aleatorio,2
60,5,1,1,0,1,1,1,1,1,0,0,2,aleatorio,2
31,3,31,0,0,0,0,1,0,0,0,0,0,aleatorio,0
42,3,2,1,0,0,0,1,1,1,0,0,1,aleatorio,1
52,1,59,0,0,0,0,0,1,0,1,1,1,aleatorio,1
34,1,1,0,0,0,0,1,0,0,0,0,0,aleatorio,0
52,4,9,1,0,0,0,1,1,1,0,0,0,aleatorio,1
34,1,7,0,0,0,1,0,0,0,0,0,0,aleatorio,1
67,4,2,1,1,0,1,1,1,0,0,0,2,aleatorio,2
42,2,47,0,0,0,1,0,1,0,0,1,2,aleatorio,1
60,4,8,1,1,1,0,0,0,0,0,0,2,aleatorio,2
37,1,7,0,0,0,0,0,1,0,0,0,0,aleatorio,0
55,2,16,1,0,0,0,1,0,1,0,0,1,aleatorio,1
68,4,32,0,1,1,1,1,0,0,0,0,2,aleatorio,2
70,2,15,1,0,0,0,0,1,0,0,0,1,aleatorio,1
46,2,44,0,1,0,0,0,1,0,0,0,2,aleatorio,2
44,1,106,0,0,0,1,0,0,0,0,0,0,aleatorio,1
32,2,33,0,0,0,0,1,1,0,1,1,1,aleatorio,1
23,5,6,1,0,0,1,1,1,0,0,0,2,aleatorio,2
37,1,385,0,0,0,0,0,0,1,0,0,0,aleatorio,0
53,2,0,1,1,0,0,0,1,0,0,0,2,aleatorio,2
55,3,20,1,0,0,0,1,0,1,3,4,1,aleatorio,1
70,5,4,1,1,1,0,0,1,0,0,0,2,aleatorio,2
63,1,251,0,0,0,0,1,0,0,2,3,1,aleatorio,1
66,1,45,0,0,0,0,0,0,1,0,0,2,aleatorio,0
56,2,67,0,1,1,0,0,0,0,0,0,2,aleatorio,2
56,3,123,0,1,1,0,0,1,0,0,0,2,aleatorio,2
30,1,141,0,0,0,0,0,1,0,2,2,2,aleatorio,1
32,2,7,1,0,0,0,0,1,1,0,0,1,aleatorio,1
44,1,190,0,0,0,0,0,1,0,0,0,0,aleatorio,0
44,4,0,1,0,0,1,1,1,1,0,0,2,aleatorio,2
35,1,14,0,0,0,0,0,1,0,1,1,2,aleatorio,2
41,1,52,0,0,0,0,0,0,1,0,0,0,aleatorio,0
20,6,2,1,1,1,1,0,0,0,0,0,2,aleatorio,2
47,2,3,1,0,1,0,0,0,0,0,0,2,aleatorio,2
38,4,0,1,1,0,1,0,1,1,0,0,2,aleatorio,2
69,4,30,1,0,0,1,0,1,1,0,1,2,aleatorio,2
24,2,33,0,0,0,0,0,1,1,0,0,0,aleatorio,0
63,2,9,1,0,0,0,1,0,1,0,0,1,aleatorio,1
66,1,13,0,0,0,0,1,0,0,0,0,0,aleatorio,0
48,1,27,0,0,0,1,0,0,0,0,0,1,aleatorio,1
44,1,87,0,0,0,0,0,0,1,1,1,1,aleatorio,1
55,5,7,1,0,0,1,0,1,1,2,2,2,aleatorio,2
39,1,2,0,0,0,0,0,1,0,0,0,2,aleatorio,0
29,1,3,0,0,0,0,1,0,0,0,0,0,aleatorio,0
30,1,40,0,0,0,0,1,0,0,0,0,0,aleatorio,0
59,1,8,0,0,0,0,0,0,1,0,0,0,aleatorio,0
55,2,9,1,0,0,0,0,1,1,0,0,1,aleatorio,1
42,3,21,1,0,0,0,1,1,1,0,0,1,aleatorio,1
67,1,6,0,0,0,1,0,0,0,0,0,1,aleatorio,1
60,2,12,1,0,1,0,0,1,0,1,2,2,aleatorio,2
34,1,43,0,0,0,0,1,0,0,0,0,0,aleatorio,0
38,6,8,1,0,0,1,1,1,1,1,2,2,aleatorio,2
39,1,233,0,0,0,0,0,1,0,1,1,1,aleatorio,1
34,4,8,1,0,0,1,0,0,1,0,0,2,aleatorio,2
53,2,38,0,0,0,0,1,0,0,2,3,1,aleatorio,1
41,1,28,0,0,0,0,1,0,0,0,0,0,aleatorio,0
21,1,6,0,0,0,0,0,1,0,0,0,0,aleatorio,0
68,2,5,1,0,1,0,1,0,0,0,1,2,aleatorio,2
54,1,57,0,0,0,0,1,0,0,0,0,0,aleatorio,0
48,3,14,1,0,0,0,1,1,1,0,1,1,aleatorio,1
22,2,12,1,0,0,0,0,0,1,2,2,2,aleatorio,2
56,1,0,0,0,0,1,0,0,0,0,0,1,aleatorio,1
37,2,44,0,0,1,0,1,0,0,3,4,2,aleatorio,2
24,1,28,0,0,0,0,1,0,0,0,1,0,aleatorio,0
35,1,41,0,0,0,0,0,1,0,0,0,0,aleatorio,0
20,4,11,1,0,0,0,1,1,0,0,0,0,aleatorio,1
69,1,192,0,0,0,0,1,0,0,0,0,0,aleatorio,0
25,1,234,0,0,0,1,0,0,0,1,2,1,aleatorio,1
64,1,171,0,0,1,0,0,0,0,0,0,0,aleatorio,2
24,1,167,0,0,0,1,0,0,0,0,2,2,aleatorio,1
31,1,31,0,0,0,0,1,0,0,0,0,0,aleatorio,0
70,4,37,0,1,1,1,0,0,1,1,1,2,aleatorio,2
18,1,7,0,0,0,0,0,1,0,0,0,0,aleatorio,0
44,2,23,1,1,0,1,0,0,0,0,0,2,aleatorio,2
61,2,10,1,0,0,0,1,1,0,1,1,2,aleatorio,2
26,5,5,1,1,1,1,1,0,0,0,0,2,aleatorio,2
68,1,25,0,0,0,0,0,1,0,0,0,0,aleatorio,0
26,1,201,0,0,0,0,1,0,0,0,0,0,aleatorio,0
57,1,48,0,0,0,0,0,1,0,0,0,0,aleatorio,0
24,5,8,1,1,1,0,0,1,0,0,0,2,aleatorio,2
39,3,5,1,0,1,1,0,1,0,0,0,0,aleatorio,2
43,1,386,0,0,0,0,0,1,0,0,1,0,aleatorio,0
67,1,32,0,0,0,0,0,0,1,0,0,0,aleatorio,0
18,1,2,0,0,0,0,0,1,0,0,2,0,aleatorio,0
22,0,999,0,0,0,0,0,0,0,1,4,1,aleatorio,1
32,6,0,1,0,0,0,1,1,0,0,1,1,aleatorio,1
47,1,43,0,0,0,0,1,0,0,0,0,0,aleatorio,0
26,5,5,1,0,1,1,1,1,0,1,1,2,aleatorio,2
60,4,0,1,1,0,0,1,1,0,0,0,2,aleatorio,2
40,1,39,0,0,0,1,0,0,0,1,1,2,aleatorio,1
68,6,1,1,1,1,1,1,1,0,0,0,1,aleatorio,2
56,4,6,1,0,1,0,1,1,0,1,1,2,aleatorio,2
38,4,8,1,0,0,1,0,1,0,0,0,2,aleatorio,2
58,2,33,0,0,1,0,0,0,0,0,0,2,aleatorio,2
57,2,187,0,0,0,0,0,1,0,0,0,0,aleatorio,0
31,3,1,1,0,0,1,1,0,0,0,0,2,aleatorio,2
60,1,37,0,1,0,0,0,0,0,1,1,1,aleatorio,2
70,2,3,1,0,0,0,1,0,0,0,0,1,aleatorio,1
55,1,12,0,0,0,0,0,0,1,0,0,0,aleatorio,0
60,2,57,0,0,0,0,1,1,0,0,1,0,aleatorio,0
32,1,9,0,0,0,0,0,1,0,0,0,0,aleatorio,0
61,1,366,0,1,0,0,0,0,0,0,0,2,aleatorio,2
50,3,52,0,1,0,0,0,1,1,0,0,2,aleatorio,2
63,6,7,1,0,0,0,1,1,0,0,0,1,aleatorio,1
49,1,72,0,0,0,0,0,0,1,0,0,0,aleatorio,0
44,3,56,0,1,0,1,1,0,0,0,0,2,aleatorio,2
70,3,0,1,0,0,0,1,1,0,0,0,1,aleatorio,1
38,1,82,0,0,0,0,0,1,0,2,3,1,aleatorio,1
32,3,0,1,1,0,0,0,1,1,0,0,2,aleatorio,2
23,1,48,0,0,0,0,0,0,1,0,0,1,aleatorio,0
20,1,44,0,0,0,0,0,0,1,1,1,1,aleatorio,1
64,1,55,0,1,0,0,0,0,0,1,1,2,aleatorio,2
67,2,12,1,1,0,0,0,0,1,0,0,2,aleatorio,2
