idade,qtd_ocorrencias_totais,dias_desde_ultima_ocorrencia,frequencia_aumentou,teve_viol_fisica,teve_viol_sexual,teve_ameaca,teve_viol_psicologica,teve_viol_moral,teve_viol_patrimonial,qtd_panico_acionado,qtd_panico_todos,possui_historico_anterior,nivel_risco,origem,nivel_gabarito
62,2,5,1,0,0,0,1,1,0,0,0,1,1,aleatorio,1
35,1,6,0,0,0,1,0,0,0,0,0,0,1,aleatorio,1
43,1,0,0,0,0,0,0,0,1,0,0,1,0,aleatorio,0
69,1,30,0,0,0,0,0,0,1,0,0,0,0,aleatorio,0
22,1,20,0,0,1,0,0,0,0,2,2,1,1,aleatorio,2
24,2,3,1,0,0,0,0,1,1,0,0,1,1,aleatorio,1
53,1,19,0,0,0,0,1,0,0,1,1,0,1,aleatorio,1
33,1,17,0,0,0,1,0,0,0,0,0,1,1,aleatorio,1
54,1,12,0,0,0,0,0,0,1,0,0,0,0,aleatorio,0
61,1,1,0,0,0,1,0,0,0,0,0,0,1,aleatorio,1
33,3,6,1,0,0,0,0,1,1,0,0,1,0,aleatorio,1
58,3,3,1,0,1,1,0,1,0,0,0,1,2,aleatorio,2
45,1,20,0,0,1,0,0,0,0,1,1,0,2,aleatorio,2
30,2,0,1,0,0,1,1,0,0,0,0,1,2,aleatorio,2
50,1,15,0,0,0,0,1,0,0,0,0,0,0,aleatorio,0
35,1,6,0,0,0,0,0,0,1,0,0,1,0,aleatorio,0
43,1,27,0,1,0,0,0,0,0,0,0,1,2,aleatorio,2
34,3,0,1,0,0,0,1,0,1,0,0,1,1,aleatorio,1
70,3,5,1,0,0,1,0,1,0,1,2,1,2,aleatorio,2
26,2,10,1,0,1,0,0,1,0,0,0,1,2,aleatorio,2
61,1,14,0,0,0,1,0,0,0,0,0,1,1,aleatorio,1
56,3,9,1,1,0,0,1,0,0,0,1,1,0,aleatorio,2
56,2,23,1,0,0,0,0,1,0,0,0,1,1,aleatorio,1
46,3,3,1,0,0,0,1,1,0,0,0,1,1,aleatorio,1
20,1,22,0,0,1,0,0,0,0,2,4,0,2,aleatorio,2
68,1,3,0,0,0,0,1,0,0,0,0,1,0,aleatorio,0
29,1,2,0,0,0,0,0,1,0,0,0,1,0,aleatorio,0
49,1,10,0,0,0,0,0,0,1,0,0,1,0,aleatorio,0
50,1,25,0,0,0,0,1,0,0,1,1,0,1,aleatorio,1
28,3,0,1,0,0,0,1,1,0,0,0,1,1,aleatorio,1
61,1,0,0,1,0,0,0,0,0,2,2,1,2,aleatorio,2
45,1,16,0,0,0,0,0,0,1,0,0,1,0,aleatorio,0
31,2,0,1,0,1,0,0,0,1,0,0,1,2,aleatorio,2
30,3,2,1,0,0,1,1,1,0,1,2,0,2,aleatorio,2
60,2,25,1,0,0,0,1,0,1,0,0,1,1,aleatorio,1
29,2,6,1,0,1,0,0,0,1,2,2,1,2,aleatorio,2
67,1,16,0,0,0,0,1,0,0,1,1,1,1,aleatorio,1
67,1,15,0,0,0,0,1,0,0,0,0,1,2,aleatorio,0
64,2,1,1,0,1,1,0,0,0,0,0,1,2,aleatorio,2
43,2,3,1,1,0,0,1,0,0,0,0,1,2,aleatorio,2
30,1,13,0,0,0,0,1,0,0,0,0,0,0,aleatorio,0
46,1,8,0,0,0,0,0,1,0,0,0,1,0,aleatorio,0
29,2,4,1,0,0,1,0,1,0,0,0,1,2,aleatorio,2
58,1,1,0,0,0,0,0,0,1,0,0,1,1,aleatorio,0
58,1,14,0,0,0,0,0,0,1,0,0,0,0,aleatorio,0
61,1,30,0,0,0,1,0,0,0,1,2,0,1,aleatorio,1
27,2,2,1,0,0,1,0,1,0,0,1,1,2,aleatorio,2
44,2,0,1,1,0,0,1,0,0,0,0,1,2,aleatorio,2
43,2,4,1,0,1,0,1,0,0,0,0,1,2,aleatorio,2
46,2,1,1,0,0,1,0,0,1,0,0,0,2,aleatorio,2
19,2,3,1,1,0,0,0,1,0,1,1,1,2,aleatorio,2
61,1,16,0,0,0,0,0,1,0,2,2,1,1,aleatorio,1
36,1,13,0,0,0,0,0,1,0,0,0,0,0,aleatorio,0
59,1,27,0,0,0,0,0,0,1,0,0,1,0,aleatorio,0
58,1,19,0,0,0,0,0,0,1,0,0,1,0,aleatorio,0
33,1,21,0,0,0,0,0,0,1,0,0,1,0,aleatorio,0
45,0,999,0,0,0,0,0,0,0,1,1,1,2,aleatorio,1
37,1,1,0,1,0,0,0,0,0,0,0,1,0,aleatorio,2
44,3,13,1,0,0,0,1,1,0,0,0,1,1,aleatorio,1
52,1,5,0,0,0,0,0,1,0,0,0,1,0,aleatorio,0
18,2,0,1,1,0,0,0,1,0,1,1,1,2,aleatorio,2
70,2,0,1,0,0,0,0,1,1,0,0,1,1,aleatorio,1
20,2,1,1,0,0,0,1,0,1,0,0,0,1,aleatorio,1
43,2,11,1,0,0,0,0,1,1,0,0,1,1,aleatorio,1
51,1,18,0,0,0,0,0,0,1,0,0,1,0,aleatorio,0
44,3,1,1,0,0,1,1,0,0,0,0,1,2,aleatorio,2
31,2,1,1,1,0,0,1,0,0,1,1,1,1,aleatorio,2
18,1,14,0,0,0,0,0,0,1,0,2,1,0,aleatorio,0
28,1,8,0,0,1,0,0,0,0,0,0,1,2,aleatorio,2
29,1,19,0,1,0,0,0,0,0,0,0,0,2,aleatorio,2
53,1,9,0,0,0,0,0,1,0,0,0,1,0,aleatorio,0
29,3,0,1,1,0,0,1,1,0,0,0,1,2,aleatorio,2
67,2,2,1,0,0,0,0,1,0,0,0,1,1,aleatorio,1
41,2,0,1,0,0,0,0,1,0,0,0,1,1,aleatorio,1
68,1,14,0,0,0,0,1,0,0,0,0,1,0,aleatorio,0
24,1,20,0,0,0,0,0,0,1,1,1,1,1,aleatorio,1
37,1,1,0,0,0,0,1,0,0,3,3,0,2,aleatorio,2
67,2,3,1,0,0,1,1,0,0,2,3,1,2,aleatorio,2
34,2,7,1,1,0,0,0,0,1,0,0,1,2,aleatorio,2
51,1,14,0,0,0,1,0,0,0,0,0,1,1,aleatorio,1
36,3,3,1,0,0,0,1,1,0,0,0,1,1,aleatorio,1
47,1,20,0,0,0,0,0,1,0,0,0,1,0,aleatorio,0
24,1,27,0,0,0,0,0,1,0,0,0,1,0,aleatorio,0
49,1,17,0,0,0,0,0,0,1,0,0,1,0,aleatorio,0
22,3,3,1,0,0,0,1,0,1,0,1,1,1,aleatorio,1
49,1,3,0,0,0,1,0,0,0,1,1,1,2,aleatorio,2
53,2,8,1,0,0,0,0,1,1,0,0,0,1,aleatorio,1
37,2,4,1,0,0,0,0,1,0,0,0,1,1,aleatorio,1
20,2,0,1,0,0,1,0,0,1,0,0,1,2,aleatorio,2
38,4,0,1,0,0,0,0,1,1,0,0,0,1,aleatorio,1
47,1,30,0,0,0,0,1,0,0,0,0,0,0,aleatorio,0
38,2,7,1,0,0,0,0,1,1,0,0,1,1,aleatorio,1
26,3,3,1,0,0,0,1,1,0,1,1,1,2,aleatorio,2
41,2,10,1,0,1,0,0,0,1,0,0,1,2,aleatorio,2
48,0,999,0,0,0,0,0,0,0,2,2,1,1,aleatorio,1
65,2,11,1,0,0,0,1,0,1,0,0,1,1,aleatorio,1
24,2,13,1,0,0,0,1,0,0,0,0,1,1,aleatorio,1
46,1,17,0,0,0,1,0,0,0,0,0,1,1,aleatorio,1
18,1,12,0,0,0,0,0,1,0,0,0,1,0,aleatorio,0
47,1,27,0,0,0,0,1,0,0,1,1,1,1,aleatorio,1
19,3,2,1,0,0,0,0,1,1,0,0,0,1,aleatorio,1
47,1,11,0,0,0,0,0,1,0,0,0,0,0,aleatorio,0
67,2,1,1,0,0,0,0,1,0,0,0,0,1,aleatorio,1
48,2,2,1,0,0,0,1,0,1,1,1,1,2,aleatorio,2
34,1,15,0,0,0,1,0,0,0,0,1,1,1,aleatorio,1
53,1,5,0,0,0,1,0,0,0,0,1,1,1,aleatorio,1
19,1,26,0,0,1,0,0,0,0,0,0,1,2,aleatorio,2
63,1,2,0,1,0,0,0,0,0,1,4,1,2,aleatorio,2
25,2,4,1,1,0,0,0,0,1,1,1,1,2,aleatorio,2
53,2,5,1,1,0,0,0,0,1,0,0,0,1,aleatorio,2
22,1,6,0,0,0,0,0,1,0,0,0,1,0,aleatorio,0
19,1,27,0,0,0,0,1,0,0,1,1,1,1,aleatorio,1
56,2,6,1,0,1,0,1,0,0,0,0,1,2,aleatorio,2
49,1,15,0,0,0,0,0,1,0,0,0,1,0,aleatorio,0
35,1,14,0,0,0,0,0,1,0,0,2,1,0,aleatorio,0
21,1,28,0,0,0,0,0,1,0,0,0,1,0,aleatorio,0
35,2,8,1,0,0,0,1,0,0,0,0,1,1,aleatorio,1
20,1,9,0,0,0,0,0,1,0,1,1,1,2,aleatorio,2
24,2,2,1,0,0,0,1,1,0,0,0,1,1,aleatorio,1
56,1,10,0,0,0,0,0,1,0,0,0,1,0,aleatorio,0
38,3,5,1,0,1,1,1,0,0,2,2,0,2,aleatorio,2
46,1,21,0,0,0,0,1,0,0,0,0,1,0,aleatorio,0
56,1,22,0,0,0,0,1,0,0,0,0,1,0,aleatorio,0
43,1,0,0,1,0,0,0,0,0,0,0,1,2,aleatorio,2
19,1,8,0,1,0,0,0,0,0,0,0,1,2,aleatorio,2
55,3,3,1,0,0,0,1,1,0,0,1,1,1,aleatorio,1
18,1,22,0,0,0,0,0,1,0,1,2,1,1,aleatorio,1
70,2,9,1,0,0,0,0,1,1,0,1,1,1,aleatorio,1
68,2,11,1,0,0,0,0,1,0,0,0,1,1,aleatorio,1
56,3,8,1,1,0,1,0,0,1,1,1,1,2,aleatorio,2
70,1,13,0,1,0,0,0,0,0,0,0,1,2,aleatorio,2
53,2,12,1,0,0,0,0,1,1,0,0,1,1,aleatorio,1
31,1,14,0,0,0,0,0,1,0,0,0,0,0,aleatorio,0
59,3,0,1,1,1,0,1,0,0,0,0,1,2,aleatorio,2
60,2,1,1,1,0,0,0,1,0,0,0,1,2,aleatorio,2
43,1,27,0,0,0,0,0,0,1,0,1,1,0,aleatorio,0
36,1,7,0,1,0,0,0,0,0,0,0,1,2,aleatorio,2
69,3,1,1,1,0,0,0,0,1,3,3,1,2,aleatorio,2
41,1,29,0,0,0,0,0,0,1,0,0,1,0,aleatorio,0
21,1,3,0,0,0,1,0,0,0,0,0,1,0,aleatorio,1
52,1,2,0,0,0,1,0,0,0,0,0,1,1,aleatorio,1
37,1,14,0,0,0,0,0,1,0,0,0,1,0,aleatorio,0
42,5,4,1,1,1,0,1,1,0,0,0,1,2,aleatorio,2
40,2,4,1,1,0,0,0,0,1,0,0,1,2,aleatorio,2
27,2,7,1,0,0,0,1,1,0,0,0,1,1,aleatorio,1
49,3,3,1,1,1,0,0,0,0,0,0,1,2,aleatorio,2
42,1,29,0,0,0,0,0,1,0,1,1,1,1,aleatorio,1
30,1,5,0,0,0,0,1,0,0,0,0,0,2,aleatorio,0
38,1,23,0,0,0,0,0,0,1,0,0,0,0,aleatorio,0
58,1,27,0,0,0,0,0,0,1,1,2,0,1,aleatorio,1
33,2,1,1,0,1,0,0,0,1,0,0,1,2,aleatorio,2
34,1,22,0,1,0,0,0,0,0,0,0,1,2,aleatorio,2
30,1,15,0,0,0,0,0,1,0,0,0,0,0,aleatorio,0
53,2,5,1,0,0,0,1,0,1,0,0,1,1,aleatorio,1
52,1,9,0,0,0,0,0,0,1,0,1,0,0,aleatorio,0
33,2,10,1,1,0,0,0,1,0,0,0,1,2,aleatorio,2
67,2,11,1,1,0,1,0,0,0,0,0,1,2,aleatorio,2
69,3,9,1,0,0,1,0,1,0,0,0,0,2,aleatorio,2
30,1,7,0,0,0,0,1,0,0,0,0,0,2,aleatorio,0
54,1,14,0,0,0,0,0,1,0,0,0,1,0,aleatorio,0
63,1,1,0,0,0,1,0,0,0,2,2,0,2,aleatorio,2
24,1,4,0,0,1,0,0,0,0,0,0,1,2,aleatorio,2
40,1,30,0,0,0,1,0,0,0,0,0,0,2,aleatorio,1
39,1,20,0,0,0,1,0,0,0,0,0,1,1,aleatorio,1
33,1,11,0,0,0,0,0,1,0,0,0,1,0,aleatorio,0
20,1,23,0,0,0,0,0,1,0,0,0,0,0,aleatorio,0
63,1,6,0,1,0,0,0,0,0,0,0,0,2,aleatorio,2
66,2,26,1,0,0,1,0,0,1,0,0,1,2,aleatorio,2
69,3,4,1,1,1,0,0,0,0,1,1,0,2,aleatorio,2
50,1,2,0,0,0,0,1,0,0,0,0,1,0,aleatorio,0
64,5,1,1,0,1,1,0,1,0,0,0,1,2,aleatorio,2
39,1,0,0,0,0,0,1,0,0,0,0,1,0,aleatorio,0
48,1,22,0,0,0,1,0,0,0,0,0,0,2,aleatorio,1
35,1,7,0,0,0,0,0,1,0,0,0,1,0,aleatorio,0
36,1,14,0,0,0,0,0,0,1,0,0,0,0,aleatorio,0
42,2,26,1,0,0,0,0,1,0,0,1,1,0,aleatorio,1
20,1,13,0,0,0,1,0,0,0,0,0,1,2,aleatorio,1
44,2,11,1,0,0,0,1,0,0,0,0,1,1,aleatorio,1
38,1,22,0,0,0,0,1,0,0,1,2,0,1,aleatorio,1
51,1,9,0,0,0,0,0,1,0,0,0,1,0,aleatorio,0
61,2,13,1,0,1,0,0,1,0,0,0,1,2,aleatorio,2
26,1,10,0,0,0,0,0,0,1,0,0,1,0,aleatorio,0
42,1,30,0,0,0,0,0,1,0,0,0,1,0,aleatorio,0
21,1,1,0,0,0,0,0,1,0,0,0,1,0,aleatorio,0
36,2,9,1,0,0,0,1,0,0,0,1,1,1,aleatorio,1
19,3,2,1,1,0,0,1,0,0,0,0,1,2,aleatorio,2
24,2,5,1,0,0,0,1,0,1,0,0,0,1,aleatorio,1
38,2,0,1,0,1,0,1,0,0,0,0,1,2,aleatorio,2
31,1,21,0,0,0,1,0,0,0,0,0,1,1,aleatorio,1
25,1,5,0,0,0,0,1,0,0,0,0,1,0,aleatorio,0
51,2,5,1,0,0,0,1,1,0,0,0,1,1,aleatorio,1
27,2,3,1,0,0,0,1,1,0,0,0,0,0,aleatorio,1
31,2,4,1,0,1,0,1,0,0,0,0,1,2,aleatorio,2
56,1,14,0,0,0,0,0,0,1,0,0,1,0,aleatorio,0
30,1,0,0,0,0,1,0,0,0,0,0,1,1,aleatorio,1
49,1,11,0,0,0,0,1,0,0,0,0,0,0,aleatorio,0
66,1,13,0,0,0,1,0,0,0,0,0,0,1,aleatorio,1
45,1,26,0,0,0,0,1,0,0,0,1,1,1,aleatorio,0
22,2,4,1,1,0,1,0,0,0,0,0,1,2,aleatorio,2
42,1,10,0,0,0,0,0,1,0,0,0,1,0,aleatorio,0
70,3,0,1,0,0,0,1,0,1,0,0,1,1,aleatorio,1
24,2,7,1,0,0,0,1,1,0,0,0,1,1,aleatorio,1
29,1,14,0,0,0,1,0,0,0,1,1,0,2,aleatorio,2
39,1,6,0,0,0,1,0,0,0,0,0,1,1,aleatorio,1
35,2,1,1,0,0,0,0,1,0,0,0,1,1,aleatorio,1
61,2,6,1,1,1,0,0,0,0,2,2,1,2,aleatorio,2
55,3,2,1,1,1,1,0,0,0,0,0,1,2,aleatorio,2
29,2,8,1,0,0,0,1,0,0,2,2,1,2,aleatorio,2
41,1,29,0,0,0,1,0,0,0,0,0,0,1,aleatorio,1
36,1,1,0,0,0,1,0,0,0,0,0,1,1,aleatorio,1
22,1,10,0,0,0,1,0,0,0,0,1,1,2,aleatorio,1
28,1,26,0,1,0,0,0,0,0,1,1,1,2,aleatorio,2
42,2,0,1,0,1,0,1,0,0,0,1,0,2,aleatorio,2
20,2,7,1,0,1,0,0,1,0,0,0,0,2,aleatorio,2
63,2,16,1,0,1,0,1,0,0,0,0,1,2,aleatorio,2
38,2,19,1,0,1,1,0,0,0,0,0,0,2,aleatorio,2
65,2,1,1,0,0,0,0,1,0,0,0,1,1,aleatorio,1
66,1,21,0,0,0,0,0,1,0,0,0,1,0,aleatorio,0
28,1,10,0,0,0,0,1,0,0,0,0,1,0,aleatorio,0
24,1,6,0,0,1,0,0,0,0,0,1,1,2,aleatorio,2
70,2,1,1,0,1,0,0,0,1,0,0,1,2,aleatorio,2
67,1,13,0,0,1,0,0,0,0,2,2,0,2,aleatorio,2
56,1,26,0,0,0,1,0,0,0,1,1,1,1,aleatorio,1
44,1,25,0,0,0,0,0,0,1,1,1,1,1,aleatorio,1
44,2,7,1,1,1,0,0,0,0,0,0,1,2,aleatorio,2
54,1,29,0,0,0,0,0,1,0,1,1,0,1,aleatorio,1
65,2,11,1,0,0,0,0,1,1,0,0,1,1,aleatorio,1
57,2,13,1,0,0,0,0,0,1,0,0,1,1,aleatorio,1
42,1,8,0,0,1,0,0,0,0,0,0,1,2,aleatorio,2
48,2,8,1,0,0,0,1,0,0,0,0,0,1,aleatorio,1
30,1,17,0,0,0,0,0,0,1,0,0,0,0,aleatorio,0
50,2,6,1,0,0,0,1,1,0,0,0,0,1,aleatorio,1
30,4,1,1,0,0,0,1,1,1,0,0,1,1,aleatorio,1
51,3,5,1,0,0,0,0,1,0,0,1,1,1,aleatorio,1
22,1,5,0,1,0,0,0,0,0,0,0,1,2,aleatorio,2
44,2,1,1,0,0,1,0,0,0,1,2,1,2,aleatorio,2
41,2,22,1,0,0,0,0,1,0,1,1,1,2,aleatorio,1
31,1,17,0,0,0,1,0,0,0,0,0,1,1,aleatorio,1
46,1,5,0,0,0,0,1,0,0,0,0,1,0,aleatorio,0
61,3,1,1,0,1,0,1,0,1,1,1,1,2,aleatorio,2
31,1,0,0,0,0,0,0,0,1,0,0,1,0,aleatorio,0
52,1,10,0,0,0,0,0,1,0,0,0,1,0,aleatorio,0
66,1,10,0,0,0,0,1,0,0,0,0,1,0,aleatorio,0
31,1,2,0,0,0,1,0,0,0,0,0,1,1,aleatorio,1
65,1,5,0,0,0,0,0,1,0,0,0,1,0,aleatorio,0
47,1,22,0,0,0,0,0,0,1,0,0,1,0,aleatorio,0
31,1,7,0,0,0,0,0,0,1,0,0,0,1,aleatorio,0
53,1,1,0,0,0,0,0,1,0,0,0,1,0,aleatorio,0
48,1,9,0,0,0,0,0,1,0,0,0,1,0,aleatorio,0
37,1,13,0,0,0,1,0,0,0,1,1,0,2,aleatorio,2
33,1,6,0,0,0,0,0,1,0,0,0,1,0,aleatorio,0
64,3,4,1,1,0,0,0,0,1,0,2,1,2,aleatorio,2
28,1,15,0,0,0,0,0,0,1,0,0,1,0,aleatorio,0
52,0,999,0,0,0,0,0,0,0,2,2,1,1,aleatorio,1
48,1,3,0,0,0,0,1,0,0,0,1,1,1,aleatorio,0
19,2,7,1,1,0,0,1,0,0,0,0,1,2,aleatorio,2
29,1,11,0,0,0,1,0,0,0,0,0,1,1,aleatorio,1
30,2,4,1,0,0,0,1,1,0,0,0,0,1,aleatorio,1
41,1,6,0,0,0,0,0,1,0,0,0,1,1,aleatorio,0
39,4,2,1,1,1,0,0,0,0,0,0,1,2,aleatorio,2
22,1,12,0,0,1,0,0,0,0,0,0,1,2,aleatorio,2
38,4,3,1,1,0,1,0,0,1,0,0,1,2,aleatorio,2
68,4,1,1,1,0,1,1,0,1,0,0,1,2,aleatorio,2
21,1,17,0,0,0,0,1,0,0,0,0,0,0,aleatorio,0
65,1,24,0,0,0,0,1,0,0,0,0,1,0,aleatorio,0
53,1,10,0,0,0,1,0,0,0,0,1,1,1,aleatorio,1
51,3,10,1,0,1,1,0,1,0,0,0,1,2,aleatorio,2
64,1,3,0,0,0,0,1,0,0,0,0,1,0,aleatorio,0
36,1,20,0,0,0,0,0,0,1,0,0,0,0,aleatorio,0
25,0,999,0,0,0,0,0,0,0,3,3,1,1,aleatorio,1
19,2,1,1,0,0,1,0,0,1,1,1,1,2,aleatorio,2
61,1,7,0,0,0,1,0,0,0,0,0,0,1,aleatorio,1
38,1,13,0,1,0,0,0,0,0,0,0,1,2,aleatorio,2
20,4,7,1,0,0,0,1,0,1,0,0,1,1,aleatorio,1
70,2,4,1,0,0,1,0,0,1,0,0,1,2,aleatorio,2
56,1,20,0,0,0,0,0,1,0,0,0,1,0,aleatorio,0
39,1,24,0,0,0,0,0,1,0,0,0,0,0,aleatorio,0
25,2,0,1,0,0,0,1,0,1,0,0,1,1,aleatorio,1
41,2,0,1,1,0,0,0,1,0,0,0,1,2,aleatorio,2
18,1,0,0,0,0,1,0,0,0,0,0,1,1,aleatorio,1
47,1,8,0,0,0,0,1,0,0,1,2,1,2,aleatorio,2
50,1,2,0,0,1,0,0,0,0,1,1,1,2,aleatorio,2
46,0,999,0,0,0,0,0,0,0,2,2,0,0,aleatorio,1
43,1,15,0,0,0,0,0,1,0,0,0,1,0,aleatorio,0
45,4,9,1,0,0,0,1,1,1,0,0,1,1,aleatorio,1
47,2,19,1,0,0,0,0,1,1,2,2,1,1,aleatorio,1
36,1,19,0,0,0,0,0,1,0,0,0,0,0,aleatorio,0
43,2,0,1,0,0,0,0,0,1,0,0,1,0,aleatorio,1
26,1,6,0,0,1,0,0,0,0,0,0,0,2,aleatorio,2
66,1,7,0,0,0,0,1,0,0,0,0,0,0,aleatorio,0
65,1,11,0,0,0,0,1,0,0,0,0,1,0,aleatorio,0
58,2,7,1,0,0,1,1,0,0,0,1,1,2,aleatorio,2
25,2,1,1,1,0,0,0,0,1,0,0,1,2,aleatorio,2
64,4,0,1,0,0,0,0,1,1,0,0,0,1,aleatorio,1
44,1,6,0,0,0,1,0,0,0,0,0,1,1,aleatorio,1
23,1,7,0,0,0,0,0,1,0,0,1,1,0,aleatorio,0
42,1,21,0,0,0,0,1,0,0,0,0,0,0,aleatorio,0
67,3,1,1,0,0,0,0,1,1,0,0,1,1,aleatorio,1
18,3,10,1,0,1,1,0,1,0,0,0,1,2,aleatorio,2
24,2,6,1,0,0,0,0,1,0,1,1,1,2,aleatorio,2
67,1,19,0,0,0,0,0,1,0,0,0,0,2,aleatorio,0
44,3,10,1,0,0,0,1,1,0,0,0,1,1,aleatorio,1
31,1,4,0,0,0,0,0,1,0,0,0,1,0,aleatorio,0
25,3,8,1,1,0,0,1,1,0,0,2,1,2,aleatorio,2
38,0,999,0,0,0,0,0,0,0,1,1,1,1,aleatorio,1
37,2,5,1,0,1,0,0,0,1,1,2,1,2,aleatorio,2
35,2,9,1,1,0,0,1,0,0,0,0,0,2,aleatorio,2
40,1,5,0,0,0,1,0,0,0,0,0,1,1,aleatorio,1
63,3,3,1,0,0,0,1,1,1,0,0,1,1,aleatorio,1
28,1,11,0,0,0,0,0,1,0,0,0,1,0,aleatorio,0
41,3,0,1,0,1,1,1,0,0,0,0,1,2,aleatorio,2
33,3,13,1,0,0,0,1,0,0,0,0,1,1,aleatorio,1
53,1,11,0,0,0,0,0,1,0,2,2,1,2,aleatorio,2
37,3,3,1,1,0,0,0,1,1,0,0,0,2,aleatorio,2
51,1,21,0,0,0,0,1,0,0,1,1,1,1,aleatorio,1
60,1,10,0,0,0,0,1,0,0,0,0,1,0,aleatorio,0
48,1,0,0,0,1,0,0,0,0,0,0,0,2,aleatorio,2
30,2,15,1,0,0,1,0,0,1,0,0,1,2,aleatorio,2
37,1,15,0,0,1,0,0,0,0,2,3,1,2,aleatorio,2
56,2,27,1,0,1,0,0,0,0,1,1,1,2,aleatorio,2
19,1,5,0,0,0,0,0,1,0,0,0,1,2,aleatorio,0
67,1,0,0,0,0,1,0,0,0,0,1,1,1,aleatorio,1
66,1,3,0,1,0,0,0,0,0,0,0,0,2,aleatorio,2
54,1,5,0,0,0,0,0,0,1,0,0,1,0,aleatorio,0
62,1,3,0,0,0,0,0,0,1,1,1,0,2,aleatorio,2
46,2,6,1,0,0,0,1,1,0,0,0,0,1,aleatorio,1
55,1,14,0,0,0,0,1,0,0,0,0,0,0,aleatorio,0
55,1,28,0,0,0,0,0,1,0,0,0,1,0,aleatorio,0
62,4,0,1,0,1,0,1,1,0,3,3,1,2,aleatorio,2
26,4,3,1,1,0,0,1,0,1,0,0,1,2,aleatorio,2
66,0,999,0,0,0,0,0,0,0,1,1,1,1,aleatorio,1
53,1,29,0,0,0,1,0,0,0,0,0,1,1,aleatorio,1
63,2,11,1,1,0,0,0,1,0,2,3,1,2,aleatorio,2
44,1,2,0,0,0,0,1,0,0,0,0,1,0,aleatorio,0
47,1,3,0,0,0,0,0,0,1,0,0,1,0,aleatorio,0
68,2,6,1,0,0,0,1,0,0,0,0,1,1,aleatorio,1
63,2,7,1,0,0,0,1,1,0,0,0,1,1,aleatorio,1
70,1,4,0,0,0,1,0,0,0,0,0,0,1,aleatorio,1
18,2,18,1,0,0,0,1,0,1,1,2,1,1,aleatorio,1
69,2,4,1,0,1,0,0,0,1,2,2,1,2,aleatorio,2
40,1,25,0,0,0,0,0,1,0,0,0,1,0,aleatorio,0
68,2,4,1,0,1,0,1,0,0,0,0,1,2,aleatorio,2
41,1,24,0,0,0,0,1,0,0,0,0,1,0,aleatorio,0
22,1,14,0,1,0,0,0,0,0,2,3,0,2,aleatorio,2
36,1,30,0,0,0,1,0,0,0,0,0,1,1,aleatorio,1
59,2,16,1,0,0,0,1,0,1,1,1,1,1,aleatorio,1
23,3,0,1,1,0,0,0,0,1,0,0,1,2,aleatorio,2
70,2,13,1,0,0,0,1,0,0,0,0,0,1,aleatorio,1
18,1,5,0,0,0,1,0,0,0,0,0,1,1,aleatorio,1
24,1,7,0,0,0,0,1,0,0,0,0,1,0,aleatorio,0
34,1,1,0,0,0,0,0,0,1,0,0,1,0,aleatorio,0
56,2,10,1,0,0,0,0,1,0,0,0,1,1,aleatorio,1
20,2,12,1,0,0,0,0,1,0,0,0,1,1,aleatorio,1
19,2,3,1,0,0,0,0,1,1,0,0,1,1,aleatorio,1
66,3,4,1,0,1,1,0,0,0,1,1,0,2,aleatorio,2
39,1,3,0,0,0,0,0,0,1,0,0,1,0,aleatorio,0
55,1,9,0,0,0,1,0,0,0,0,0,0,0,aleatorio,1
70,1,14,0,0,0,1,0,0,0,0,0,0,1,aleatorio,1
70,1,29,0,0,0,0,0,1,0,2,2,0,1,aleatorio,1
67,1,14,0,0,0,0,1,0,0,0,0,1,0,aleatorio,0
45,1,14,0,0,0,0,0,1,0,0,0,1,2,aleatorio,0
21,1,29,0,0,0,1,0,0,0,0,0,1,1,aleatorio,1
47,1,0,0,0,0,0,1,0,0,0,0,1,0,aleatorio,0
51,2,1,1,0,0,0,0,1,0,0,0,1,1,aleatorio,1
67,4,8,1,0,0,1,0,1,1,0,0,1,2,aleatorio,2
63,1,4,0,0,0,0,0,0,1,0,0,0,0,aleatorio,0
65,1,10,0,0,0,0,0,1,0,0,0,1,0,aleatorio,0
22,2,1,1,0,0,0,1,1,0,0,0,0,1,aleatorio,1
63,2,2,1,0,1,0,0,0,1,0,0,0,2,aleatorio,2
55,1,24,0,0,0,0,1,0,0,1,1,1,1,aleatorio,1
27,2,13,1,0,0,0,1,1,0,0,0,1,1,aleatorio,1
37,1,6,0,0,0,0,0,1,0,0,0,0,0,aleatorio,0
52,1,13,0,0,0,1,0,0,0,1,1,0,2,aleatorio,2
40,1,1,0,0,0,1,0,0,0,0,0,1,1,aleatorio,1
38,1,25,0,0,0,0,0,1,0,0,1,1,0,aleatorio,0
70,1,8,0,1,0,0,0,0,0,0,0,0,2,aleatorio,2
65,3,1,1,0,0,0,1,1,0,1,3,1,2,aleatorio,2
29,1,0,0,0,0,1,0,0,0,0,0,0,1,aleatorio,1
24,2,9,1,0,0,0,0,0,1,0,0,1,1,aleatorio,1
61,3,1,1,1,1,0,0,1,0,2,2,1,2,aleatorio,2
43,1,8,0,0,0,0,1,0,0,0,0,1,0,aleatorio,0
69,2,16,1,0,0,0,0,1,1,0,0,0,1,aleatorio,1
39,2,19,1,0,0,1,0,1,0,0,1,1,2,aleatorio,2
47,3,1,1,0,0,1,0,1,1,0,0,1,2,aleatorio,2
47,2,1,1,0,1,0,1,0,0,1,3,1,2,aleatorio,2
64,1,4,0,0,0,0,0,1,0,0,0,1,0,aleatorio,0
31,2,2,1,0,0,0,1,0,1,0,0,1,1,aleatorio,1
56,2,3,1,0,0,0,1,0,1,0,0,1,1,aleatorio,1
21,2,3,1,0,0,0,0,1,0,0,0,1,2,aleatorio,1
60,3,13,1,0,0,0,0,1,1,0,0,1,1,aleatorio,1
55,1,3,0,0,0,1,0,0,0,0,0,1,1,aleatorio,1
69,1,17,0,0,0,0,0,1,0,1,1,1,1,aleatorio,1
31,1,25,0,1,0,0,0,0,0,1,2,1,2,aleatorio,2
23,2,5,1,0,0,0,1,1,0,0,0,1,1,aleatorio,1
45,3,0,1,0,0,0,1,1,0,0,1,0,1,aleatorio,1
70,4,5,1,0,1,1,1,0,0,0,0,1,2,aleatorio,2
66,2,10,1,0,0,1,0,0,1,0,0,0,2,aleatorio,2
33,2,4,1,0,0,0,1,0,0,0,0,0,1,aleatorio,1
25,2,3,1,0,0,0,1,1,0,0,0,1,0,aleatorio,1
35,1,2,0,0,0,0,0,0,1,0,0,1,0,aleatorio,0
62,2,15,1,0,0,0,0,1,0,0,0,0,1,aleatorio,1
40,1,13,0,0,0,0,0,0,1,0,0,1,0,aleatorio,0
52,1,25,0,0,0,0,0,1,0,0,0,1,0,aleatorio,0
39,3,23,1,0,0,0,1,1,1,0,0,1,1,aleatorio,1
68,2,1,1,0,0,0,0,1,1,1,1,1,2,aleatorio,2
68,3,13,1,0,0,1,1,0,0,0,0,1,2,aleatorio,2
61,1,3,0,0,0,0,0,0,1,1,3,1,2,aleatorio,2
29,1,12,0,0,0,1,0,0,0,0,0,0,0,aleatorio,1
26,1,9,0,0,0,0,0,1,0,0,0,0,0,aleatorio,0
55,2,2,1,0,0,0,0,1,0,0,0,0,1,aleatorio,1
54,1,18,0,1,0,0,0,0,0,0,0,1,2,aleatorio,2
64,1,6,0,0,0,0,0,1,0,0,0,0,0,aleatorio,0
49,1,9,0,0,0,0,1,0,0,0,0,1,0,aleatorio,0
24,1,27,0,0,0,0,1,0,0,1,1,1,1,aleatorio,1
20,1,11,0,0,0,0,0,1,0,0,0,1,0,aleatorio,0
34,3,7,1,0,0,0,1,1,1,0,0,0,1,aleatorio,1
30,1,29,0,0,0,0,0,1,0,1,2,1,1,aleatorio,1
38,1,12,0,1,0,0,0,0,0,0,0,1,2,aleatorio,2
62,2,23,1,0,0,0,1,0,0,0,0,1,1,aleatorio,1
55,2,3,1,0,0,0,0,0,1,0,0,1,1,aleatorio,1
64,1,4,0,0,0,0,1,0,0,0,0,1,0,aleatorio,0
54,1,24,0,0,0,0,0,1,0,1,1,1,1,aleatorio,1
37,1,13,0,0,0,1,0,0,0,0,0,1,1,aleatorio,1
42,1,7,0,0,0,0,0,0,1,0,0,1,0,aleatorio,0
35,1,11,0,0,1,0,0,0,0,0,0,1,2,aleatorio,2
46,4,0,1,0,0,0,0,1,0,0,1,1,1,aleatorio,1
52,3,6,1,0,1,0,1,1,0,0,0,0,2,aleatorio,2
69,1,10,0,0,0,1,0,0,0,0,0,0,1,aleatorio,1
29,2,12,1,0,0,0,1,0,1,0,1,0,1,aleatorio,1
39,1,12,0,1,0,0,0,0,0,0,0,0,2,aleatorio,2
66,4,7,1,0,0,0,1,1,1,0,0,1,2,aleatorio,1
65,1,29,0,0,0,0,1,0,0,0,0,0,0,aleatorio,0
47,2,0,1,1,0,0,1,0,0,1,2,1,2,aleatorio,2
69,1,9,0,0,0,0,0,0,1,0,0,1,2,aleatorio,0
18,2,0,1,0,0,0,1,1,0,0,0,1,1,aleatorio,1
50,1,25,0,0,0,0,0,1,0,2,2,1,1,aleatorio,1
56,1,17,0,0,0,0,0,1,0,1,1,1,1,aleatorio,1
67,4,9,1,0,0,0,1,1,0,0,0,1,1,aleatorio,1
49,3,6,1,0,1,0,1,0,0,1,1,1,2,aleatorio,2
29,1,12,0,0,0,0,1,0,0,0,0,0,0,aleatorio,0
63,1,2,0,0,1,0,0,0,0,0,0,1,2,aleatorio,2
26,1,15,0,0,1,0,0,0,0,1,1,1,2,aleatorio,2
44,2,1,1,0,0,0,0,1,1,0,0,1,0,aleatorio,1
35,1,13,0,0,0,0,1,0,0,1,2,1,2,aleatorio,2
62,1,12,0,0,0,1,0,0,0,0,1,1,1,aleatorio,1
35,1,26,0,0,0,0,1,0,0,2,3,1,1,aleatorio,1
64,3,10,1,0,0,1,0,1,1,0,0,1,2,aleatorio,2
51,1,3,0,0,0,0,1,0,0,0,0,1,0,aleatorio,0
20,1,15,0,0,0,0,1,0,0,0,0,1,0,aleatorio,0
55,3,2,1,0,1,0,1,0,1,0,0,1,2,aleatorio,2
47,2,0,1,0,0,0,0,0,1,0,0,0,1,aleatorio,1
70,3,0,1,0,0,0,1,0,1,1,1,1,2,aleatorio,2
21,2,0,1,0,0,0,0,1,1,0,0,1,1,aleatorio,1
45,1,30,0,0,0,0,1,0,0,3,3,1,1,aleatorio,1
47,1,25,0,0,1,0,0,0,0,0,0,1,2,aleatorio,2
31,3,5,1,0,0,0,0,1,1,0,0,1,1,aleatorio,1
67,1,18,0,0,0,0,0,1,0,0,0,1,0,aleatorio,0
54,2,0,1,0,0,1,0,1,0,0,0,1,0,aleatorio,2
31,1,26,0,0,0,1,0,0,0,0,0,1,1,aleatorio,1
46,1,0,0,0,0,0,0,0,1,0,0,0,0,aleatorio,0
63,1,2,0,0,0,0,1,0,0,0,0,1,0,aleatorio,0
27,1,10,0,0,0,0,0,1,0,0,0,1,1,aleatorio,0
43,1,28,0,0,0,0,0,1,0,0,0,0,0,aleatorio,0
40,1,15,0,0,0,0,1,0,0,0,0,0,0,aleatorio,0
67,2,2,1,0,0,0,1,1,0,0,0,1,1,aleatorio,1
53,2,1,1,0,0,0,1,0,0,1,1,1,2,aleatorio,2
47,1,20,0,0,0,0,0,0,1,0,0,1,0,aleatorio,0
50,2,9,1,1,0,0,0,0,0,0,0,1,2,aleatorio,2
52,1,5,0,0,0,0,0,0,1,0,1,1,0,aleatorio,0
23,1,25,0,0,0,0,0,1,0,0,0,0,0,aleatorio,0
20,1,17,0,0,0,0,1,0,0,0,1,1,0,aleatorio,0
65,1,2,0,0,0,0,1,0,0,0,0,1,0,aleatorio,0
31,1,24,0,0,0,0,0,1,0,0,0,1,0,aleatorio,0
62,1,21,0,0,0,0,0,0,1,0,0,1,0,aleatorio,0
36,2,14,1,0,0,1,1,0,0,0,0,1,2,aleatorio,2
38,1,21,0,0,0,0,0,0,1,0,1,1,0,aleatorio,0
62,2,3,1,0,0,1,0,0,1,0,0,1,2,aleatorio,2
62,2,14,1,0,0,0,0,1,1,0,0,1,1,aleatorio,1
26,1,20,0,0,0,0,0,1,0,1,1,1,1,aleatorio,1
19,2,5,1,1,0,0,0,0,1,2,2,1,2,aleatorio,2
37,2,10,1,0,0,0,1,1,0,0,0,1,1,aleatorio,1
37,3,3,1,0,1,1,0,0,0,0,0,1,2,aleatorio,2
48,1,21,0,0,0,1,0,0,0,1,2,1,2,aleatorio,1
36,1,4,0,0,1,0,0,0,0,1,1,0,2,aleatorio,2
52,1,4,0,0,0,0,0,1,0,1,1,1,1,aleatorio,2
50,1,14,0,0,0,0,0,0,1,0,0,1,0,aleatorio,0
22,3,6,1,0,0,0,1,1,0,0,0,1,1,aleatorio,1
41,1,2,0,0,0,0,0,0,1,0,0,0,2,aleatorio,0
49,2,7,1,0,0,1,0,0,1,0,0,1,2,aleatorio,2
26,1,17,0,0,0,0,1,0,0,1,1,0,1,aleatorio,1
46,3,6,1,0,1,1,0,0,0,1,1,1,2,aleatorio,2
59,2,3,1,0,0,0,1,1,0,1,3,1,2,aleatorio,2
26,4,9,1,0,1,1,0,1,0,0,0,1,2,aleatorio,2
43,1,4,0,1,0,0,0,0,0,0,0,1,2,aleatorio,2
34,1,0,0,0,0,0,0,0,1,2,3,0,2,aleatorio,2
56,1,26,0,0,0,0,0,1,0,0,1,1,0,aleatorio,0
21,1,10,0,0,0,0,0,0,1,0,0,0,2,aleatorio,0
30,1,6,0,0,0,0,0,1,0,0,0,1,0,aleatorio,0
38,2,2,1,0,1,0,0,0,1,0,0,1,2,aleatorio,2
19,2,21,1,0,1,1,0,0,0,0,0,0,2,aleatorio,2
50,2,8,1,0,0,0,1,1,0,0,0,1,1,aleatorio,1
53,2,25,1,1,0,0,1,0,0,2,2,1,2,aleatorio,2
41,2,13,1,1,0,0,1,0,0,1,1,1,0,aleatorio,2
48,2,0,1,0,0,0,1,0,1,0,1,1,1,aleatorio,1
68,2,12,1,0,0,0,1,0,1,0,0,1,1,aleatorio,1
33,1,7,0,0,0,0,1,0,0,0,0,1,0,aleatorio,0
45,2,11,1,0,0,0,1,0,1,0,0,1,1,aleatorio,1
28,4,2,1,0,0,0,1,0,1,0,0,0,1,aleatorio,1
43,2,9,1,0,0,1,1,0,0,0,0,0,2,aleatorio,2
34,1,8,0,1,0,0,0,0,0,0,0,1,0,aleatorio,2
53,4,9,1,0,0,0,1,0,1,0,0,1,1,aleatorio,1
40,3,12,1,1,0,0,0,1,1,1,1,1,2,aleatorio,2
31,2,1,1,0,1,0,0,1,0,0,0,1,1,aleatorio,2
42,1,27,0,0,0,0,0,0,1,2,2,1,1,aleatorio,1
53,2,14,1,1,0,0,0,0,1,0,0,1,2,aleatorio,2
59,1,27,0,0,0,1,0,0,0,0,0,0,1,aleatorio,1
20,1,21,0,0,0,0,0,0,1,0,0,1,0,aleatorio,0
56,3,4,1,0,0,1,1,1,0,0,0,1,0,aleatorio,2
22,4,2,1,0,0,1,1,1,0,0,0,1,2,aleatorio,2
18,1,9,0,0,0,0,0,0,1,0,0,1,0,aleatorio,0
70,1,30,0,0,0,0,1,0,0,1,1,1,1,aleatorio,1
70,1,5,0,0,0,0,1,0,0,0,0,0,0,aleatorio,0
52,2,8,1,0,0,0,1,1,0,0,0,1,1,aleatorio,1
42,2,2,1,0,0,0,0,1,1,0,1,1,1,aleatorio,1
33,2,4,1,0,1,0,0,1,0,0,0,1,2,aleatorio,2
23,1,4,0,0,0,1,0,0,0,0,0,1,1,aleatorio,1
44,1,22,0,1,0,0,0,0,0,1,1,1,2,aleatorio,2
33,4,5,1,0,1,0,0,0,1,1,1,1,2,aleatorio,2
31,1,3,0,0,0,0,1,0,0,0,0,1,0,aleatorio,0
43,4,4,1,1,1,0,1,1,0,0,0,1,2,aleatorio,2
50,3,1,1,0,0,0,0,1,1,0,1,1,1,aleatorio,1
31,1,0,0,0,1,0,0,0,0,0,0,1,2,aleatorio,2
62,1,2,0,0,0,0,0,1,0,1,1,1,2,aleatorio,2
46,1,12,0,0,0,0,0,0,1,0,0,1,0,aleatorio,0
38,5,5,1,1,0,1,1,1,1,2,2,1,2,aleatorio,2
33,1,14,0,0,0,0,0,0,1,0,0,1,0,aleatorio,0
40,2,1,1,0,1,0,0,0,0,0,0,1,2,aleatorio,2
24,1,7,0,0,0,0,0,0,1,1,1,1,2,aleatorio,2
54,1,4,0,1,0,0,0,0,0,0,0,0,1,aleatorio,2
55,3,13,1,0,0,1,1,0,0,0,0,1,2,aleatorio,2
31,0,999,0,0,0,0,0,0,0,1,1,1,1,aleatorio,1
62,2,5,1,0,0,0,1,0,1,0,0,0,1,aleatorio,1
41,1,2,0,0,0,1,0,0,0,0,0,1,1,aleatorio,1
37,4,3,1,0,1,1,0,1,1,2,3,1,2,aleatorio,2
24,1,9,0,0,0,0,0,0,1,0,0,1,0,aleatorio,0
22,2,2,1,0,1,0,0,0,1,0,0,1,2,aleatorio,2
32,1,4,0,1,0,0,0,0,0,2,2,1,2,aleatorio,2
23,1,14,0,0,0,0,0,1,0,0,0,1,0,aleatorio,0
19,1,9,0,0,0,0,1,0,0,2,2,1,2,aleatorio,2
39,1,7,0,0,0,0,0,1,0,0,1,0,0,aleatorio,0
38,1,4,0,0,0,1,0,0,0,0,0,1,1,aleatorio,1
52,1,2,0,0,0,0,0,1,0,0,0,1,0,aleatorio,0
40,2,0,1,0,0,0,0,1,1,0,0,1,1,aleatorio,1
70,1,8,0,0,0,0,1,0,0,0,0,1,0,aleatorio,0
19,1,17,0,0,0,0,1,0,0,1,1,1,1,aleatorio,1
58,2,6,1,0,0,0,0,0,1,0,0,1,1,aleatorio,1
56,2,16,1,0,0,1,0,0,0,1,1,1,2,aleatorio,2
21,2,2,1,0,0,0,1,0,1,0,0,1,1,aleatorio,1
29,3,0,1,0,0,1,0,1,0,0,0,1,2,aleatorio,2
70,1,8,0,0,0,1,0,0,0,0,0,1,1,aleatorio,1
46,1,8,0,0,0,0,1,0,0,3,4,0,1,aleatorio,2
68,2,20,1,0,0,0,1,1,0,0,0,1,1,aleatorio,1
35,1,0,0,0,0,0,1,0,0,0,3,1,0,aleatorio,0
59,1,2,0,0,0,0,0,1,0,0,0,1,0,aleatorio,0
32,1,4,0,0,0,0,0,1,0,0,0,1,0,aleatorio,0
66,1,1,0,0,0,1,0,0,0,0,0,0,1,aleatorio,1
61,1,25,0,0,0,0,0,1,0,0,0,1,0,aleatorio,0
55,3,5,1,0,1,0,0,1,0,0,0,0,2,aleatorio,2
28,1,22,0,0,0,0,1,0,0,1,1,1,1,aleatorio,1
50,2,21,1,0,0,0,1,1,0,0,1,0,1,aleatorio,1
42,1,0,0,0,0,0,0,0,1,0,0,1,0,aleatorio,0
39,0,999,0,0,0,0,0,0,0,2,2,1,1,aleatorio,1
42,1,13,0,0,0,1,0,0,0,0,0,0,1,aleatorio,1
24,1,25,0,0,1,0,0,0,0,0,1,1,2,aleatorio,2
63,3,2,1,0,1,0,1,0,1,0,0,0,0,aleatorio,2
21,2,4,1,0,0,0,0,0,1,0,1,1,1,aleatorio,1
42,4,7,1,0,0,0,1,1,1,0,0,0,1,aleatorio,1
37,1,11,0,0,0,1,0,0,0,0,0,1,1,aleatorio,1
48,1,4,0,1,0,0,0,0,0,0,0,0,2,aleatorio,2
69,1,10,0,0,0,0,0,1,0,0,0,0,1,aleatorio,0
58,1,6,0,0,0,0,0,1,0,0,0,1,0,aleatorio,0
19,1,20,0,0,0,0,1,0,0,0,0,1,0,aleatorio,0
42,2,22,1,0,0,1,0,1,0,0,0,1,2,aleatorio,2
62,2,7,1,0,0,0,0,1,0,0,0,1,1,aleatorio,1
33,2,1,1,0,1,1,0,0,0,0,0,1,2,aleatorio,2
34,1,0,0,0,0,0,1,0,0,0,0,1,0,aleatorio,0
57,1,21,0,0,0,0,0,1,0,0,0,1,0,aleatorio,0
25,1,8,0,0,0,0,0,0,1,0,0,1,0,aleatorio,0
18,2,24,1,0,0,0,1,1,0,0,0,1,0,aleatorio,1
43,1,21,0,0,0,0,0,1,0,0,0,1,0,aleatorio,0
44,1,5,0,0,0,1,0,0,0,0,0,1,1,aleatorio,1
70,4,5,1,0,0,0,0,1,0,1,2,1,2,aleatorio,2
25,2,6,1,0,0,0,1,0,1,0,0,0,1,aleatorio,1
43,2,4,1,0,0,0,0,1,0,0,0,0,1,aleatorio,1
28,1,2,0,0,0,0,1,0,0,0,0,1,0,aleatorio,0
38,1,15,0,0,0,0,0,1,0,0,1,1,0,aleatorio,0
70,1,23,0,0,0,0,0,1,0,1,1,1,1,aleatorio,1
55,1,10,0,0,0,0,1,0,0,0,0,1,1,aleatorio,0
48,1,28,0,0,0,0,0,0,1,0,0,1,0,aleatorio,0
38,4,4,1,1,1,1,0,0,1,1,1,1,0,aleatorio,2
20,1,16,0,0,1,0,0,0,0,1,1,1,2,aleatorio,2
45,1,1,0,1,0,0,0,0,0,0,0,1,1,aleatorio,2
52,3,2,1,0,0,0,1,1,0,0,0,0,1,aleatorio,1
40,2,11,1,0,0,0,1,1,0,0,0,1,0,aleatorio,1
56,4,2,1,0,0,0,1,1,1,0,1,1,2,aleatorio,1
67,1,9,0,0,0,0,0,1,0,0,0,0,0,aleatorio,0
57,1,14,0,0,1,0,0,0,0,0,0,0,2,aleatorio,2
67,1,2,0,0,0,0,0,1,0,0,0,0,0,aleatorio,0
48,1,20,0,0,0,0,0,0,1,1,1,1,1,aleatorio,1
27,1,12,0,0,0,0,0,0,1,2,3,0,2,aleatorio,2
68,1,26,0,0,0,0,1,0,0,0,0,1,0,aleatorio,0
22,1,3,0,0,0,0,1,0,0,0,0,0,0,aleatorio,0
32,1,13,0,0,0,1,0,0,0,0,0,1,1,aleatorio,1
37,1,20,0,0,0,0,1,0,0,0,0,1,2,aleatorio,0
44,2,0,1,0,0,0,1,1,0,0,1,1,1,aleatorio,1
43,2,2,1,1,0,0,1,0,0,0,0,1,2,aleatorio,2
54,1,10,0,0,0,0,1,0,0,0,0,1,0,aleatorio,0
43,1,4,0,0,0,0,0,0,1,0,0,1,0,aleatorio,0
65,1,30,0,0,0,0,1,0,0,0,0,1,0,aleatorio,0
43,2,3,1,0,1,0,1,0,0,0,0,1,2,aleatorio,2
62,1,15,0,0,0,0,1,0,0,0,0,0,0,aleatorio,0
37,1,14,0,0,0,0,1,0,0,1,3,1,2,aleatorio,2
50,1,5,0,0,0,0,0,1,0,0,0,1,0,aleatorio,0
36,3,14,1,0,0,0,1,1,1,0,0,1,1,aleatorio,1
26,1,30,0,0,0,0,0,1,0,0,0,1,0,aleatorio,0
35,2,3,1,0,0,1,1,0,0,1,1,1,2,aleatorio,2
66,2,1,1,0,0,0,1,0,1,0,0,1,1,aleatorio,1
27,2,2,1,0,0,0,1,1,0,0,0,1,1,aleatorio,1
46,2,23,1,0,0,0,0,1,1,1,2,1,1,aleatorio,1
60,1,28,0,0,0,0,0,0,1,1,2,1,1,aleatorio,1
70,1,10,0,0,0,0,0,0,1,0,0,0,0,aleatorio,0
34,2,11,1,0,0,0,1,0,1,0,0,1,1,aleatorio,1
27,1,0,0,0,0,1,0,0,0,3,3,1,2,aleatorio,2
27,1,30,0,1,0,0,0,0,0,0,0,0,2,aleatorio,2
60,1,19,0,1,0,0,0,0,0,0,0,1,2,aleatorio,2
40,1,22,0,0,0,1,0,0,0,0,0,1,1,aleatorio,1
35,1,5,0,0,0,0,0,0,1,0,0,1,0,aleatorio,0
35,1,10,0,0,0,0,0,1,0,0,0,1,0,aleatorio,0
52,3,9,1,0,1,1,1,0,0,1,1,1,0,aleatorio,2
32,1,7,0,0,0,0,1,0,0,0,0,1,0,aleatorio,0
49,1,21,0,0,0,0,1,0,0,2,2,1,1,aleatorio,1
38,1,10,0,0,0,0,0,0,1,0,1,0,0,aleatorio,0
57,2,9,1,0,0,1,0,1,0,1,1,1,2,aleatorio,2
38,2,6,1,0,0,0,1,1,0,0,0,0,1,aleatorio,1
41,1,7,0,0,0,0,0,1,0,0,0,1,0,aleatorio,0
54,2,8,1,0,0,0,1,0,0,1,1,1,2,aleatorio,2
18,3,9,1,0,0,0,0,1,1,0,0,1,1,aleatorio,1
44,1,7,0,0,0,0,0,1,0,0,0,1,1,aleatorio,0
63,1,13,0,0,0,0,0,1,0,1,1,1,2,aleatorio,2
57,3,8,1,0,0,0,1,0,0,0,0,1,1,aleatorio,1
50,1,20,0,0,0,0,0,0,1,0,0,1,0,aleatorio,0
67,2,5,1,0,0,0,1,0,0,0,0,1,1,aleatorio,1
38,1,17,0,0,0,1,0,0,0,0,0,1,1,aleatorio,1
61,2,9,1,0,0,0,1,1,0,0,0,1,1,aleatorio,1
39,1,28,0,0,0,0,0,1,0,0,0,1,1,aleatorio,0
58,1,22,0,0,0,0,0,0,1,0,0,1,2,aleatorio,0
27,1,15,0,0,0,0,1,0,0,0,0,1,0,aleatorio,0
57,2,2,1,0,0,0,1,1,0,1,4,1,1,aleatorio,2
61,1,1,0,0,0,0,0,1,0,1,1,1,2,aleatorio,2
61,1,6,0,0,0,0,0,0,1,0,1,1,2,aleatorio,0
41,1,10,0,0,0,0,0,0,1,0,1,0,0,aleatorio,0
68,0,999,0,0,0,0,0,0,0,1,1,0,1,aleatorio,1
33,2,6,1,0,0,1,0,0,1,0,0,1,2,aleatorio,2
50,2,6,1,0,0,0,1,1,0,2,2,1,2,aleatorio,2
65,1,4,0,0,0,0,0,1,0,0,0,1,1,aleatorio,0
43,1,16,0,0,0,0,0,1,0,0,0,1,0,aleatorio,0
37,1,4,0,0,1,0,0,0,0,2,3,0,2,aleatorio,2
64,4,0,1,0,1,1,1,1,0,0,0,1,2,aleatorio,2
18,1,0,0,0,0,0,0,1,0,3,3,1,2,aleatorio,2
60,2,15,1,0,1,0,0,0,0,1,1,1,0,aleatorio,2
55,3,11,1,0,0,1,0,1,1,1,1,1,2,aleatorio,2
31,2,11,1,1,0,0,0,0,0,1,1,1,0,aleatorio,2
44,2,13,1,1,0,0,0,1,0,0,0,1,1,aleatorio,2
69,1,19,0,0,0,0,0,0,1,1,1,1,1,aleatorio,1
21,2,13,1,0,0,0,1,0,0,0,0,1,0,aleatorio,1
22,1,7,0,0,0,0,0,1,0,0,0,1,0,aleatorio,0
18,3,7,1,0,1,1,0,0,0,0,0,1,2,aleatorio,2
36,3,0,1,0,1,0,0,1,0,0,0,1,2,aleatorio,2
51,1,15,0,0,1,0,0,0,0,0,0,1,2,aleatorio,2
30,1,29,0,0,0,0,1,0,0,0,0,1,0,aleatorio,0
32,1,4,0,0,0,1,0,0,0,0,0,1,1,aleatorio,1
43,4,3,1,1,1,1,0,1,0,1,1,1,2,aleatorio,2
53,2,7,1,0,1,0,0,1,0,0,0,1,2,aleatorio,2
45,1,3,0,1,0,0,0,0,0,0,0,1,2,aleatorio,2
67,4,0,1,1,0,0,1,1,0,0,0,1,2,aleatorio,2
57,1,9,0,0,0,1,0,0,0,0,0,0,1,aleatorio,1
28,2,4,1,0,0,0,0,1,1,0,0,0,1,aleatorio,1
29,2,4,1,0,1,0,0,1,0,0,0,1,2,aleatorio,2
28,1,7,0,0,0,0,0,0,1,0,0,1,0,aleatorio,0
20,1,5,0,0,0,0,1,0,0,0,2,1,0,aleatorio,0
20,1,12,0,0,0,0,0,1,0,2,2,1,2,aleatorio,2
46,3,2,1,0,0,0,1,1,1,0,0,1,0,aleatorio,1
54,1,12,0,0,0,0,1,0,0,0,0,0,1,aleatorio,0
69,2,26,1,0,0,0,1,1,0,0,1,1,1,aleatorio,1
44,1,1,0,0,0,1,0,0,0,0,0,1,1,aleatorio,1
69,1,11,0,0,0,0,1,0,0,0,0,1,0,aleatorio,0
54,3,0,1,1,1,1,0,0,0,0,0,1,2,aleatorio,2
33,1,15,0,0,0,0,1,0,0,0,0,1,0,aleatorio,0
23,2,0,1,0,1,0,1,0,0,0,0,1,2,aleatorio,2
21,1,23,0,0,0,0,0,0,1,0,1,1,1,aleatorio,0
21,1,30,0,0,0,1,0,0,0,0,0,1,0,aleatorio,1
41,1,9,0,0,0,0,0,0,1,0,0,1,0,aleatorio,0
45,1,25,0,0,0,0,0,0,1,0,0,0,2,aleatorio,0
21,2,0,1,0,0,1,0,0,0,0,0,1,2,aleatorio,2
33,2,3,1,0,0,0,1,1,0,0,0,1,1,aleatorio,1
41,1,8,0,0,0,0,0,0,1,0,0,1,0,aleatorio,0
27,1,2,0,0,0,0,0,0,1,0,0,0,0,aleatorio,0
55,1,26,0,0,0,1,0,0,0,1,1,1,1,aleatorio,1
55,3,8,1,0,0,1,0,1,0,0,0,1,2,aleatorio,2
34,1,22,0,0,0,0,1,0,0,0,0,1,0,aleatorio,0
67,1,4,0,0,0,0,0,0,1,0,0,0,0,aleatorio,0
36,2,11,1,0,0,0,1,0,0,0,0,1,1,aleatorio,1
58,3,14,1,0,0,0,1,0,0,0,0,1,1,aleatorio,1
61,2,6,1,0,0,0,0,1,1,1,1,1,2,aleatorio,2
25,1,9,0,0,0,0,0,0,1,0,0,1,0,aleatorio,0
19,0,999,0,0,0,0,0,0,0,1,2,1,1,aleatorio,1
68,2,4,1,0,0,0,1,0,1,1,1,1,2,aleatorio,2
41,1,8,0,0,0,0,1,0,0,3,3,1,2,aleatorio,2
19,2,9,1,0,0,0,1,0,1,0,0,1,1,aleatorio,1
57,1,1,0,0,0,0,0,1,0,0,0,1,0,aleatorio,0
46,2,3,1,0,1,1,0,0,0,0,0,1,2,aleatorio,2
70,1,23,0,0,0,0,1,0,0,0,0,1,1,aleatorio,0
34,1,8,0,0,0,1,0,0,0,0,1,1,1,aleatorio,1
34,1,12,0,0,0,1,0,0,0,0,0,0,1,aleatorio,1
69,1,6,0,0,0,0,0,0,1,0,0,1,2,aleatorio,0
61,1,17,0,0,0,0,0,1,0,0,0,0,0,aleatorio,0
18,3,2,1,1,0,0,1,1,0,0,0,1,2,aleatorio,2
54,1,3,0,0,0,0,1,0,0,0,0,0,0,aleatorio,0
37,2,12,1,0,0,0,1,0,1,0,0,1,1,aleatorio,1
23,5,5,1,1,0,0,0,1,0,0,0,1,2,aleatorio,2
32,2,21,1,0,0,0,0,1,0,1,1,1,1,aleatorio,1
35,0,999,0,0,0,0,0,0,0,2,2,1,1,aleatorio,1
47,1,19,0,0,0,1,0,0,0,0,1,1,1,aleatorio,1
57,1,22,0,0,0,0,1,0,0,0,0,1,0,aleatorio,0
42,5,2,1,0,0,0,1,1,1,0,0,1,1,aleatorio,1
24,1,4,0,0,0,0,1,0,0,0,0,1,0,aleatorio,0
58,1,25,0,0,0,0,0,0,1,0,0,1,0,aleatorio,0
46,1,24,0,0,0,0,0,0,1,0,0,1,0,aleatorio,0
44,2,11,1,1,1,0,0,0,0,0,0,1,2,aleatorio,2
41,1,12,0,0,0,0,0,1,0,2,2,1,2,aleatorio,2
60,1,25,0,0,1,0,0,0,0,0,0,0,0,aleatorio,2
28,1,21,0,0,0,0,0,1,0,0,0,1,0,aleatorio,0
50,2,4,1,0,0,0,1,0,1,2,2,1,2,aleatorio,2
51,1,18,0,0,0,0,1,0,0,0,0,1,0,aleatorio,0
40,1,26,0,0,0,0,1,0,0,0,0,1,0,aleatorio,0
37,2,8,1,0,0,0,1,0,0,0,0,1,1,aleatorio,1
47,1,13,0,0,0,1,0,0,0,0,0,1,1,aleatorio,1
52,2,3,1,0,0,0,1,1,0,0,0,1,1,aleatorio,1
50,1,0,0,0,0,0,1,0,0,0,0,1,0,aleatorio,0
40,1,13,0,1,0,0,0,0,0,0,0,0,2,aleatorio,2
45,1,26,0,1,0,0,0,0,0,0,0,1,0,aleatorio,2
48,2,11,1,0,0,0,0,1,0,0,0,1,1,aleatorio,1
41,1,4,0,1,0,0,0,0,0,0,1,1,2,aleatorio,2
32,1,15,0,0,1,0,0,0,0,0,0,1,2,aleatorio,2
69,1,3,0,0,0,0,1,0,0,0,0,1,0,aleatorio,0
70,2,3,1,0,0,1,0,0,1,1,1,1,2,aleatorio,2
26,1,30,0,0,0,0,0,0,1,2,3,1,0,aleatorio,1
28,1,5,0,0,0,0,0,1,0,0,0,0,0,aleatorio,0
55,0,999,0,0,0,0,0,0,0,4,4,0,1,aleatorio,1
60,1,24,0,1,0,0,0,0,0,0,0,1,0,aleatorio,2
69,1,3,0,0,0,0,0,1,0,0,0,1,0,aleatorio,0
18,1,24,0,1,0,0,0,0,0,0,0,0,2,aleatorio,2
50,1,4,0,0,0,1,0,0,0,0,0,0,1,aleatorio,1
27,1,16,0,0,0,0,1,0,0,0,0,1,0,aleatorio,0
50,1,17,0,0,0,0,1,0,0,1,1,1,1,aleatorio,1
22,1,2,0,0,0,0,0,1,0,0,0,0,0,aleatorio,0
52,1,12,0,0,0,0,0,0,1,0,0,0,2,aleatorio,0
24,2,14,1,0,0,0,1,0,0,0,0,1,2,aleatorio,1
67,3,10,1,0,0,0,1,1,0,0,0,1,1,aleatorio,1
30,2,12,1,0,0,0,0,1,1,1,1,1,2,aleatorio,2
30,1,16,0,0,0,0,0,0,1,0,0,1,0,aleatorio,0
24,1,3,0,0,0,0,0,1,0,0,0,1,0,aleatorio,0
29,1,8,0,0,0,1,0,0,0,1,1,1,2,aleatorio,2
68,3,13,1,0,0,0,1,0,1,1,2,1,2,aleatorio,2
65,3,9,1,0,0,0,1,1,0,0,0,1,1,aleatorio,1
37,1,5,0,0,0,0,1,0,0,1,1,1,2,aleatorio,2
66,1,13,0,0,0,0,0,0,1,1,1,0,2,aleatorio,2
65,1,20,0,0,0,0,0,1,0,0,0,1,0,aleatorio,0
60,3,1,1,1,0,0,1,0,1,0,0,0,2,aleatorio,2
55,2,3,1,0,0,0,1,1,0,0,0,0,1,aleatorio,1
38,3,0,1,0,0,0,1,0,1,0,0,1,1,aleatorio,1
29,1,9,0,0,0,0,0,0,1,0,0,1,0,aleatorio,0
37,1,2,0,0,0,1,0,0,0,0,0,0,1,aleatorio,1
51,1,1,0,0,0,1,0,0,0,0,0,1,1,aleatorio,1
70,2,12,1,0,0,0,0,1,1,0,1,1,1,aleatorio,1
43,3,1,1,0,0,0,1,1,1,0,0,0,0,aleatorio,1
46,1,12,0,0,0,1,0,0,0,0,0,0,1,aleatorio,1
39,1,13,0,0,0,0,1,0,0,0,0,1,0,aleatorio,0
20,2,13,1,0,0,0,0,1,1,0,0,0,1,aleatorio,1
40,2,16,1,0,0,0,0,1,1,0,0,0,1,aleatorio,1
43,1,2,0,0,0,0,0,1,0,0,0,1,0,aleatorio,0
21,1,5,0,0,0,1,0,0,0,0,0,1,1,aleatorio,1
66,1,27,0,0,1,0,0,0,0,0,1,1,2,aleatorio,2
59,1,5,0,0,0,0,0,1,0,0,0,1,0,aleatorio,0
52,2,11,1,0,0,0,1,0,1,0,0,1,0,aleatorio,1
67,2,29,1,0,0,0,0,1,1,0,0,0,1,aleatorio,1
19,1,8,0,0,0,0,0,0,1,0,0,1,0,aleatorio,0
49,3,7,1,1,0,0,1,1,0,0,0,1,2,aleatorio,2
29,1,4,0,0,0,0,1,0,0,0,0,1,0,aleatorio,0
31,2,0,1,0,0,0,0,1,0,0,1,1,1,aleatorio,1
18,4,0,1,0,0,0,1,1,0,0,0,1,1,aleatorio,1
42,2,14,1,0,0,0,1,1,0,0,0,1,1,aleatorio,1
65,1,15,0,0,0,0,1,0,0,2,2,1,2,aleatorio,2
59,1,8,0,0,0,0,0,1,0,0,0,0,0,aleatorio,0
63,1,4,0,0,0,0,1,0,0,0,0,0,0,aleatorio,0
60,1,11,0,0,0,0,0,0,1,0,0,1,0,aleatorio,0
51,1,18,0,0,0,1,0,0,0,2,2,0,2,aleatorio,1
44,2,11,1,0,0,1,0,1,0,0,1,1,2,aleatorio,2
26,1,8,0,0,0,1,0,0,0,0,0,1,1,aleatorio,1
36,1,1,0,0,0,0,1,0,0,0,0,1,0,aleatorio,0
39,1,8,0,0,0,0,1,0,0,0,0,1,0,aleatorio,0
19,1,15,0,0,1,0,0,0,0,2,2,0,2,aleatorio,2
65,1,15,0,0,0,1,0,0,0,0,0,0,2,aleatorio,1
69,2,12,1,0,0,0,1,1,0,0,0,1,1,aleatorio,1
65,2,2,1,0,0,1,1,0,0,1,1,1,2,aleatorio,2
60,1,9,0,0,0,1,0,0,0,0,0,1,2,aleatorio,1
52,3,3,1,1,0,0,1,0,0,0,0,1,0,aleatorio,2
44,2,4,1,0,0,0,1,1,0,0,0,1,1,aleatorio,1
39,2,11,1,0,0,0,0,1,1,0,1,1,1,aleatorio,1
70,2,13,1,0,0,0,1,0,1,0,0,1,1,aleatorio,1
54,2,2,1,0,0,1,0,1,0,0,0,1,2,aleatorio,2
23,5,13,1,1,1,0,1,1,1,0,0,1,2,aleatorio,2
34,1,10,0,0,0,1,0,0,0,0,0,1,1,aleatorio,1
60,1,13,0,1,0,0,0,0,0,0,0,1,2,aleatorio,2
65,3,2,1,1,0,0,1,1,0,0,0,1,2,aleatorio,2
41,1,11,0,0,0,0,0,0,1,0,0,1,0,aleatorio,0
54,1,14,0,0,0,0,0,0,1,0,0,0,0,aleatorio,0
30,1,24,0,0,0,1,0,0,0,0,1,1,1,aleatorio,1
63,1,18,0,0,1,0,0,0,0,0,0,1,2,aleatorio,2
68,3,3,1,1,0,1,0,1,0,0,0,1,2,aleatorio,2
20,2,15,1,0,0,0,0,1,0,0,0,1,1,aleatorio,1
63,3,4,1,0,0,1,0,0,0,2,2,1,2,aleatorio,2
44,1,15,0,0,0,0,0,1,0,0,1,1,0,aleatorio,0
45,1,20,0,0,0,1,0,0,0,0,0,1,1,aleatorio,1
57,1,27,0,0,0,0,1,0,0,1,1,1,1,aleatorio,1
63,2,3,1,0,0,0,0,1,1,1,1,1,2,aleatorio,2
63,1,9,0,0,0,1,0,0,0,0,0,1,1,aleatorio,1
30,2,7,1,0,0,0,1,0,1,0,0,1,1,aleatorio,1
65,4,1,1,0,1,0,1,0,1,0,0,1,2,aleatorio,2
36,1,0,0,0,0,0,1,0,0,0,0,1,0,aleatorio,0
69,2,8,1,0,0,0,0,1,1,0,0,1,1,aleatorio,1
22,1,6,0,0,1,0,0,0,0,0,0,1,2,aleatorio,2
25,3,2,1,0,1,0,1,1,0,0,0,1,2,aleatorio,2
26,2,4,1,0,0,1,0,1,0,0,0,1,2,aleatorio,2
68,1,1,0,0,0,0,0,1,0,0,0,1,0,aleatorio,0
67,3,6,1,0,0,0,1,1,0,0,0,1,1,aleatorio,1
49,2,13,1,1,1,0,0,0,0,0,1,0,2,aleatorio,2
64,4,5,1,0,0,1,1,0,1,1,2,1,2,aleatorio,2
52,1,20,0,1,0,0,0,0,0,0,0,1,2,aleatorio,2
60,1,2,0,0,0,0,0,0,1,0,0,1,0,aleatorio,0
52,2,0,1,0,0,1,0,0,1,1,1,1,2,aleatorio,2
24,2,7,1,0,1,0,1,0,0,3,3,1,2,aleatorio,2
25,3,2,1,0,0,0,1,1,0,0,0,1,1,aleatorio,1
63,1,14,0,1,0,0,0,0,0,0,0,0,2,aleatorio,2
36,2,14,1,0,0,0,0,0,1,0,0,1,1,aleatorio,1
46,1,19,0,0,0,0,0,1,0,0,0,0,0,aleatorio,0
34,2,9,1,0,0,0,1,1,0,0,0,0,1,aleatorio,1
66,2,12,1,0,0,0,1,1,0,0,0,1,1,aleatorio,1
18,3,7,1,0,0,0,1,1,1,0,0,1,1,aleatorio,1
24,1,13,0,0,0,0,0,1,0,0,0,0,0,aleatorio,0
59,1,22,0,0,0,0,0,1,0,0,0,0,0,aleatorio,0
65,2,2,1,0,0,1,0,0,1,0,1,1,2,aleatorio,2
33,3,1,1,1,0,0,1,0,0,0,0,1,2,aleatorio,2
49,2,5,1,0,1,0,0,1,0,2,2,1,2,aleatorio,2
46,1,2,0,0,1,0,0,0,0,0,0,1,2,aleatorio,2
65,1,8,0,1,0,0,0,0,0,0,0,1,2,aleatorio,2
27,1,10,0,0,0,1,0,0,0,0,1,1,1,aleatorio,1
40,5,2,1,0,1,0,1,1,1,0,0,1,2,aleatorio,2
29,1,15,0,0,0,1,0,0,0,0,0,0,1,aleatorio,1
34,3,4,1,0,0,0,1,1,0,0,0,1,1,aleatorio,1
28,1,13,0,0,0,1,0,0,0,0,0,1,1,aleatorio,1
53,2,15,1,0,0,0,0,1,1,0,0,1,1,aleatorio,1
29,2,17,1,0,0,0,0,1,0,1,1,1,1,aleatorio,1
24,2,6,1,0,0,1,0,0,1,0,0,1,2,aleatorio,2
38,2,15,1,0,0,0,1,0,0,0,0,1,1,aleatorio,1
26,1,4,0,0,0,0,0,0,1,0,0,1,0,aleatorio,0
38,1,19,0,0,0,0,1,0,0,1,1,0,1,aleatorio,1
33,2,15,1,0,0,0,0,1,0,0,0,0,1,aleatorio,1
19,1,14,0,0,0,1,0,0,0,0,0,0,1,aleatorio,1
70,1,8,0,0,0,0,0,0,1,0,1,1,0,aleatorio,0
31,1,14,0,0,0,0,1,0,0,2,2,1,2,aleatorio,2
24,3,1,1,1,1,1,0,0,0,0,0,1,2,aleatorio,2
23,1,11,0,0,0,1,0,0,0,0,0,0,1,aleatorio,1
51,1,17,0,0,0,0,0,0,1,1,1,0,0,aleatorio,1
30,1,8,0,1,0,0,0,0,0,1,1,1,2,aleatorio,2
23,2,0,1,0,0,0,1,0,1,0,0,1,1,aleatorio,1
20,5,0,1,1,1,0,1,1,0,1,1,0,2,aleatorio,2
43,1,7,0,0,0,0,0,0,1,0,0,1,0,aleatorio,0
23,1,11,0,0,0,0,0,0,1,0,1,0,0,aleatorio,0
55,2,9,1,0,1,0,1,0,0,0,0,1,2,aleatorio,2
65,1,6,0,0,1,0,0,0,0,0,0,1,2,aleatorio,2
43,2,4,1,0,0,0,0,0,1,0,0,1,1,aleatorio,1
38,2,12,1,0,0,1,0,0,1,1,1,1,2,aleatorio,2
57,1,11,0,0,0,0,0,1,0,0,0,1,0,aleatorio,0
41,1,11,0,0,0,0,0,1,0,1,1,1,2,aleatorio,2
51,2,2,1,0,1,0,0,0,1,0,0,1,2,aleatorio,2
46,1,13,0,0,0,0,0,1,0,1,1,1,2,aleatorio,2
39,1,5,0,0,0,0,0,1,0,0,0,1,0,aleatorio,0
41,1,15,0,0,0,0,0,1,0,0,0,1,0,aleatorio,0
59,3,4,1,0,0,0,0,1,0,0,0,0,1,aleatorio,1
67,1,23,0,0,0,0,0,1,0,0,0,0,0,aleatorio,0
58,1,25,0,0,0,0,0,1,0,0,0,1,0,aleatorio,0
25,1,18,0,1,0,0,0,0,0,0,0,1,2,aleatorio,2
65,1,10,0,1,0,0,0,0,0,0,0,1,2,aleatorio,2
41,2,11,1,0,0,0,1,0,1,0,0,1,1,aleatorio,1
25,1,12,0,0,0,0,1,0,0,0,0,0,1,aleatorio,0
34,1,29,0,0,0,0,0,0,1,2,3,1,1,aleatorio,1
34,2,4,1,0,0,0,0,1,1,0,0,0,1,aleatorio,1
47,3,2,1,1,0,1,1,0,0,0,0,1,0,aleatorio,2
25,1,11,0,0,0,0,1,0,0,0,0,1,0,aleatorio,0
25,2,9,1,0,0,0,1,0,0,1,1,1,2,aleatorio,2
64,1,2,0,0,1,0,0,0,0,1,1,0,2,aleatorio,2
40,1,22,0,0,0,0,0,0,1,0,0,1,0,aleatorio,0
26,2,3,1,0,0,0,1,1,0,0,0,1,1,aleatorio,1
70,1,21,0,0,0,0,0,0,1,1,1,1,1,aleatorio,1
46,3,11,1,0,0,0,1,0,1,0,0,1,1,aleatorio,1
59,1,4,0,0,0,0,1,0,0,0,0,1,0,aleatorio,0
18,2,0,1,1,1,0,0,0,0,1,1,1,2,aleatorio,2
68,1,29,0,0,0,0,0,1,0,0,0,1,0,aleatorio,0
43,3,4,1,0,1,0,0,1,1,2,2,1,2,aleatorio,2
49,1,4,0,0,0,1,0,0,0,0,0,0,1,aleatorio,1
50,1,7,0,0,0,0,0,0,1,0,0,1,0,aleatorio,0
70,1,17,0,0,0,1,0,0,0,0,0,1,1,aleatorio,1
41,1,13,0,0,0,0,0,0,1,0,0,1,1,aleatorio,0
59,2,8,1,0,0,0,1,0,1,0,0,1,1,aleatorio,1
50,2,2,1,1,1,0,0,0,0,0,0,0,2,aleatorio,2
49,1,11,0,0,0,0,0,0,1,0,0,1,0,aleatorio,0
42,4,5,1,0,0,1,1,1,1,0,0,0,2,aleatorio,2
18,2,9,1,0,0,0,1,0,1,0,0,1,1,aleatorio,1
31,1,12,0,0,0,1,0,0,0,0,0,1,1,aleatorio,1
26,1,4,0,0,0,1,0,0,0,3,3,1,2,aleatorio,2
69,2,7,1,0,0,0,0,1,1,0,1,0,1,aleatorio,1
49,1,20,0,0,0,0,0,0,1,0,0,1,0,aleatorio,0
42,1,13,0,0,0,0,1,0,0,1,1,1,2,aleatorio,2
28,1,4,0,0,0,0,0,0,1,0,0,1,0,aleatorio,0
68,2,4,1,0,0,0,1,0,1,0,0,1,1,aleatorio,1
50,1,12,0,0,0,0,0,1,0,0,0,1,0,aleatorio,0
49,2,0,1,0,0,0,0,1,0,0,0,1,1,aleatorio,1
43,1,13,0,0,0,0,0,1,0,0,0,1,0,aleatorio,0
65,1,9,0,0,0,0,0,1,0,0,1,1,0,aleatorio,0
29,1,1,0,1,0,0,0,0,0,0,0,1,1,aleatorio,2
44,2,14,1,0,0,0,0,1,0,0,0,1,1,aleatorio,1
56,2,3,1,0,1,0,0,1,0,1,1,1,2,aleatorio,2
32,0,999,0,0,0,0,0,0,0,2,2,1,1,aleatorio,1
43,2,4,1,0,0,0,1,1,0,0,1,1,1,aleatorio,1
59,1,9,0,0,0,1,0,0,0,0,0,0,1,aleatorio,1
34,1,11,0,1,0,0,0,0,0,1,1,1,2,aleatorio,2
59,2,5,1,1,0,0,0,1,0,0,0,1,2,aleatorio,2
69,4,1,1,0,0,0,0,1,1,0,0,1,1,aleatorio,1
64,1,8,0,0,0,1,0,0,0,0,0,1,1,aleatorio,1
57,1,0,0,0,0,0,1,0,0,0,0,1,0,aleatorio,0
56,2,9,1,0,0,0,1,0,1,0,0,1,1,aleatorio,1
31,1,0,0,0,0,0,0,1,0,1,1,1,2,aleatorio,2
60,1,1,0,0,0,0,1,0,0,0,0,1,0,aleatorio,0
51,1,15,0,0,0,1,0,0,0,0,0,1,1,aleatorio,1
69,2,14,1,0,0,0,1,0,0,0,0,1,1,aleatorio,1
18,1,4,0,0,0,0,1,0,0,0,0,1,0,aleatorio,0
69,1,13,0,1,0,0,0,0,0,0,0,1,2,aleatorio,2
31,2,4,1,0,0,0,1,0,1,0,0,1,1,aleatorio,1
57,1,30,0,0,0,0,1,0,0,1,2,1,1,aleatorio,1
56,2,1,1,0,0,1,0,1,0,0,0,1,2,aleatorio,2
54,1,13,0,0,0,1,0,0,0,0,0,1,1,aleatorio,1
47,1,16,0,0,0,0,0,1,0,0,0,1,0,aleatorio,0
23,1,2,0,0,0,0,0,1,0,0,0,1,0,aleatorio,0
43,1,0,0,0,0,1,0,0,0,0,1,1,1,aleatorio,1
48,2,0,1,0,0,0,1,0,0,0,0,1,1,aleatorio,1
66,1,3,0,0,0,0,0,0,1,0,0,1,0,aleatorio,0
56,1,10,0,0,0,1,0,0,0,0,0,0,0,aleatorio,1
48,3,12,1,1,1,0,0,1,0,0,0,1,1,aleatorio,2
25,1,29,0,0,0,0,1,0,0,0,0,1,1,aleatorio,0
18,4,1,1,0,0,0,1,1,1,0,0,1,1,aleatorio,1
22,1,20,0,0,0,0,1,0,0,0,1,1,0,aleatorio,0
20,1,11,0,0,1,0,0,0,0,2,2,1,2,aleatorio,2
63,1,0,0,0,0,0,1,0,0,0,0,1,0,aleatorio,0
30,1,3,0,0,0,1,0,0,0,0,0,1,1,aleatorio,1
30,2,14,1,0,0,1,0,0,1,0,0,1,2,aleatorio,2
69,1,12,0,0,0,0,0,0,1,0,0,1,0,aleatorio,0
42,1,26,0,0,0,1,0,0,0,0,0,1,1,aleatorio,1
19,1,8,0,0,0,0,0,1,0,0,1,1,0,aleatorio,0
56,1,20,0,0,0,1,0,0,0,2,2,1,1,aleatorio,1
43,1,20,0,0,0,1,0,0,0,0,0,1,0,aleatorio,1
67,2,16,1,0,1,0,0,1,0,0,0,1,2,aleatorio,2
38,2,2,1,0,1,0,0,0,0,0,0,1,2,aleatorio,2
24,4,2,1,0,1,1,1,0,0,0,0,1,2,aleatorio,2
70,3,0,1,0,1,0,0,1,0,0,0,1,1,aleatorio,2
33,1,12,0,0,0,0,1,0,0,1,1,0,0,aleatorio,2
18,1,29,0,0,0,0,0,0,1,1,2,1,1,aleatorio,1
51,1,6,0,0,0,0,0,0,1,0,0,1,0,aleatorio,0
58,2,15,1,0,0,0,1,1,0,0,0,1,1,aleatorio,1
23,1,26,0,0,0,1,0,0,0,3,3,1,1,aleatorio,1
28,1,26,0,1,0,0,0,0,0,2,3,1,2,aleatorio,2
37,1,27,0,0,0,0,0,0,1,0,0,1,0,aleatorio,0
56,1,8,0,0,0,0,0,0,1,0,0,1,0,aleatorio,0
68,2,20,1,0,1,0,0,1,0,0,0,1,2,aleatorio,2
40,3,5,1,1,1,0,0,0,1,0,1,0,2,aleatorio,2
55,2,10,1,0,1,0,1,0,0,0,0,0,2,aleatorio,2
42,2,4,1,0,0,1,0,1,0,0,0,1,1,aleatorio,2
19,1,9,0,0,0,0,0,1,0,0,0,1,0,aleatorio,0
58,3,8,1,0,0,0,1,0,1,0,0,1,1,aleatorio,1
50,2,11,1,0,0,1,1,0,0,0,0,1,2,aleatorio,2
52,1,24,0,0,0,0,1,0,0,0,0,1,0,aleatorio,0
43,1,25,0,0,0,0,1,0,0,0,0,0,0,aleatorio,0
63,3,14,1,0,1,0,1,0,0,0,0,1,2,aleatorio,2
34,2,4,1,0,0,0,1,0,1,0,0,1,1,aleatorio,1
35,3,12,1,0,0,0,1,1,0,0,0,1,1,aleatorio,1
40,1,15,0,0,0,0,0,1,0,0,0,0,0,aleatorio,0
68,2,5,1,0,0,1,0,1,0,0,0,1,2,aleatorio,2
68,3,10,1,0,0,0,1,1,1,0,0,1,1,aleatorio,1
64,1,4,0,0,0,0,1,0,0,1,1,1,2,aleatorio,2
48,1,5,0,0,0,1,0,0,0,0,0,1,1,aleatorio,1
25,1,1,0,0,1,0,0,0,0,0,0,1,2,aleatorio,2
39,2,4,1,0,0,0,0,1,1,0,0,0,0,aleatorio,1
55,1,2,0,0,0,0,0,1,0,1,1,1,1,aleatorio,2
67,2,7,1,1,1,0,0,0,0,0,0,0,2,aleatorio,2
34,1,9,0,0,0,0,0,0,1,0,0,0,0,aleatorio,0
62,1,23,0,0,0,1,0,0,0,0,0,1,1,aleatorio,1
68,2,13,1,0,0,0,0,1,1,0,0,1,1,aleatorio,1
60,1,18,0,0,0,0,0,0,1,0,0,1,0,aleatorio,0
18,2,6,1,0,0,1,0,1,0,1,1,1,2,aleatorio,2
70,1,13,0,0,0,0,0,1,0,0,0,1,0,aleatorio,0
67,1,2,0,0,0,1,0,0,0,0,0,1,1,aleatorio,1
65,2,8,1,0,0,0,0,1,1,0,0,1,2,aleatorio,1
29,2,13,1,0,0,0,1,0,1,0,1,1,1,aleatorio,1
29,2,5,1,1,0,0,1,0,0,0,0,1,2,aleatorio,2
61,3,11,1,0,0,1,0,1,1,0,0,1,2,aleatorio,2
31,1,9,0,0,0,0,0,0,1,0,0,0,0,aleatorio,0
40,1,1,0,0,0,0,0,1,0,0,0,1,0,aleatorio,0
31,1,12,0,0,0,0,0,1,0,0,0,1,0,aleatorio,0
33,1,7,0,1,0,0,0,0,0,0,0,0,2,aleatorio,2
24,0,999,0,0,0,0,0,0,0,2,2,1,1,aleatorio,1
60,3,1,1,1,0,0,0,1,0,0,0,1,2,aleatorio,2
65,1,16,0,0,0,0,0,1,0,1,1,1,1,aleatorio,1
61,1,29,0,0,0,0,0,1,0,0,0,1,0,aleatorio,0
56,2,4,1,0,0,1,0,0,0,0,0,1,1,aleatorio,2
31,1,1,0,0,0,1,0,0,0,0,0,1,1,aleatorio,1
48,1,1,0,0,0,0,1,0,0,0,0,1,0,aleatorio,0
55,2,6,1,0,0,0,1,1,0,0,0,1,1,aleatorio,1
36,2,5,1,0,0,1,0,1,0,0,0,1,2,aleatorio,2
64,3,4,1,1,0,0,0,1,0,2,2,1,0,aleatorio,2
59,1,10,0,0,0,0,0,0,1,0,0,1,0,aleatorio,0
68,1,16,0,0,0,0,0,0,1,0,0,0,0,aleatorio,0
24,1,29,0,0,0,0,0,0,1,0,0,1,0,aleatorio,0
42,3,9,1,1,1,0,0,0,0,0,0,0,2,aleatorio,2
21,1,21,0,1,0,0,0,0,0,0,0,1,0,aleatorio,2
51,2,0,1,0,0,0,0,1,1,1,1,1,2,aleatorio,2
38,1,30,0,0,0,0,1,0,0,0,1,1,0,aleatorio,0
62,1,4,0,1,0,0,0,0,0,0,0,1,2,aleatorio,2
20,3,3,1,0,0,0,1,1,0,0,0,1,1,aleatorio,1
68,3,0,1,0,0,0,1,1,1,0,0,1,1,aleatorio,1
28,1,6,0,0,0,0,0,1,0,0,0,1,0,aleatorio,0
33,2,2,1,0,0,0,0,1,1,0,0,1,1,aleatorio,1
34,1,30,0,0,0,0,1,0,0,0,1,1,0,aleatorio,0
64,2,8,1,0,0,0,1,0,1,0,0,1,1,aleatorio,1
42,1,2,0,0,0,0,0,1,0,0,0,1,0,aleatorio,0
63,0,999,0,0,0,0,0,0,0,3,4,1,2,aleatorio,1
32,1,10,0,0,0,1,0,0,0,0,0,1,1,aleatorio,1
38,1,28,0,0,0,0,1,0,0,0,1,1,0,aleatorio,0
35,1,21,0,0,0,0,1,0,0,0,0,1,2,aleatorio,0
30,1,0,0,0,0,0,0,1,0,0,0,1,0,aleatorio,0
68,1,26,0,0,0,1,0,0,0,0,0,0,1,aleatorio,1
48,1,8,0,0,0,0,0,0,1,0,0,0,2,aleatorio,0
39,3,2,1,0,0,0,1,1,0,0,0,1,1,aleatorio,1
25,1,27,0,0,0,1,0,0,0,0,0,1,1,aleatorio,1
49,1,12,0,0,0,0,0,0,1,0,0,1,2,aleatorio,0
29,1,10,0,0,0,0,0,0,1,0,0,1,0,aleatorio,0
28,1,10,0,0,0,1,0,0,0,0,0,1,2,aleatorio,1
58,2,5,1,0,0,1,1,0,0,0,0,0,2,aleatorio,2
61,1,30,0,0,0,0,0,1,0,0,0,0,0,aleatorio,0
31,3,3,1,0,0,0,1,1,0,0,0,1,1,aleatorio,1
30,1,7,0,1,0,0,0,0,0,3,3,1,2,aleatorio,2
41,1,1,0,0,0,0,1,0,0,0,0,0,0,aleatorio,0
35,1,8,0,0,0,1,0,0,0,0,0,0,1,aleatorio,1
52,2,14,1,0,0,0,0,1,1,0,0,1,1,aleatorio,1
70,3,8,1,0,0,0,0,1,0,0,0,1,1,aleatorio,1
48,1,5,0,0,0,0,0,1,0,0,0,0,0,aleatorio,0
18,1,20,0,0,0,0,0,0,1,0,1,1,0,aleatorio,0
23,1,6,0,0,1,0,0,0,0,0,0,0,2,aleatorio,2
43,1,4,0,0,0,0,1,0,0,0,0,1,0,aleatorio,0
34,2,4,1,1,0,1,0,0,0,0,1,1,2,aleatorio,2
70,1,20,0,0,0,0,0,1,0,1,1,1,1,aleatorio,1
20,2,11,1,0,1,0,0,1,0,0,0,1,2,aleatorio,2
28,1,4,0,0,0,1,0,0,0,0,0,1,1,aleatorio,1
49,3,0,1,0,0,1,1,1,0,0,0,1,2,aleatorio,2
25,2,7,1,0,0,1,1,0,0,0,0,0,2,aleatorio,2
62,2,4,1,0,0,0,0,1,0,0,0,0,1,aleatorio,1
61,1,8,0,1,0,0,0,0,0,1,1,1,1,aleatorio,2
46,1,7,0,0,0,0,1,0,0,0,0,1,0,aleatorio,0
31,2,4,1,0,0,0,0,0,1,0,0,1,1,aleatorio,1
20,1,8,0,0,0,0,1,0,0,0,0,1,0,aleatorio,0
47,1,6,0,0,0,0,1,0,0,0,0,1,0,aleatorio,0
33,1,14,0,0,1,0,0,0,0,0,0,1,2,aleatorio,2
64,2,7,1,1,0,0,1,0,0,0,0,1,2,aleatorio,2
35,1,11,0,0,0,0,1,0,0,0,0,1,0,aleatorio,0
34,2,0,1,0,0,0,1,1,0,0,0,1,2,aleatorio,1
64,1,19,0,0,0,0,0,1,0,0,0,1,1,aleatorio,0
54,1,11,0,0,0,0,0,1,0,0,0,0,0,aleatorio,0
56,2,22,1,0,1,0,0,1,0,1,2,0,2,aleatorio,2
50,3,7,1,0,0,0,1,1,0,0,0,1,1,aleatorio,1
63,4,0,1,0,0,1,0,1,0,1,1,1,2,aleatorio,2
66,2,4,1,0,0,0,1,1,0,0,0,0,1,aleatorio,1
42,1,13,0,0,0,0,1,0,0,0,0,1,0,aleatorio,0
23,1,23,0,0,1,0,0,0,0,0,1,0,2,aleatorio,2
30,1,6,0,0,0,0,1,0,0,0,0,1,0,aleatorio,0
63,1,7,0,0,0,1,0,0,0,0,0,1,1,aleatorio,1
46,1,24,0,0,0,0,1,0,0,0,0,0,0,aleatorio,0
42,1,3,0,0,0,1,0,0,0,1,1,1,0,aleatorio,2
24,4,9,1,1,1,0,0,0,1,0,0,1,0,aleatorio,2
30,1,10,0,0,0,0,0,1,0,0,0,1,0,aleatorio,0
39,1,15,0,0,0,0,0,1,0,0,0,1,0,aleatorio,0
43,5,0,1,1,1,1,0,0,0,0,1,1,2,aleatorio,2
65,1,9,0,0,1,0,0,0,0,0,0,0,2,aleatorio,2
47,2,8,1,1,0,0,0,0,1,0,1,1,2,aleatorio,2
51,1,7,0,0,0,0,0,0,1,0,0,0,0,aleatorio,0
53,2,7,1,0,0,0,0,1,1,0,0,1,1,aleatorio,1
70,1,25,0,0,0,0,1,0,0,1,1,0,1,aleatorio,1
46,1,0,0,0,0,0,0,1,0,0,0,0,0,aleatorio,0
49,1,2,0,1,0,0,0,0,0,0,1,1,2,aleatorio,2
37,1,12,0,0,0,0,0,0,1,0,0,1,0,aleatorio,0
25,1,9,0,0,0,0,0,1,0,0,0,1,0,aleatorio,0
18,3,4,1,1,0,1,1,0,0,0,0,1,0,aleatorio,2
35,1,13,0,0,0,0,0,0,1,1,1,0,2,aleatorio,2
49,3,8,1,1,1,1,0,0,0,0,0,1,2,aleatorio,2
63,1,16,0,0,0,0,0,1,0,1,1,1,1,aleatorio,1
34,1,6,0,0,0,0,1,0,0,0,0,0,0,aleatorio,0
29,2,6,1,0,0,0,1,1,0,1,1,0,2,aleatorio,2
40,1,9,0,0,0,0,0,1,0,0,0,1,0,aleatorio,0
28,1,30,0,0,0,0,0,1,0,0,0,1,0,aleatorio,0
32,1,10,0,0,1,0,0,0,0,0,0,1,1,aleatorio,2
30,4,3,1,0,1,0,1,1,1,0,0,1,2,aleatorio,2
35,1,1,0,0,0,1,0,0,0,2,2,0,2,aleatorio,2
60,4,0,1,0,0,0,1,1,1,0,0,0,1,aleatorio,1
51,1,10,0,0,0,0,0,0,1,0,0,1,0,aleatorio,0
26,1,5,0,0,0,0,1,0,0,0,0,1,0,aleatorio,0
26,2,10,1,1,0,0,0,0,1,0,1,1,2,aleatorio,2
50,1,7,0,0,0,0,0,1,0,0,0,0,0,aleatorio,0
61,1,9,0,0,0,0,0,1,0,0,0,1,0,aleatorio,0
56,4,6,1,0,0,1,1,1,1,0,0,1,2,aleatorio,2
27,1,14,0,0,1,0,0,0,0,0,0,1,2,aleatorio,2
63,1,11,0,0,1,0,0,0,0,0,0,1,2,aleatorio,2
53,1,3,0,0,0,0,1,0,0,0,0,1,0,aleatorio,0
66,1,18,0,0,0,0,0,1,0,0,0,1,0,aleatorio,0
34,1,7,0,0,1,0,0,0,0,0,0,1,2,aleatorio,2
37,2,14,1,0,0,0,1,1,0,0,0,0,1,aleatorio,1
44,1,8,0,0,0,0,1,0,0,0,0,1,0,aleatorio,0
45,2,11,1,0,1,0,0,0,0,0,0,1,2,aleatorio,2
35,1,0,0,0,1,0,0,0,0,0,0,1,2,aleatorio,2
19,1,16,0,0,0,0,0,0,1,0,0,1,0,aleatorio,0
43,1,25,0,0,0,0,0,0,1,0,0,0,0,aleatorio,0
21,1,12,0,0,0,0,1,0,0,0,0,1,0,aleatorio,0
58,1,25,0,1,0,0,0,0,0,0,0,1,2,aleatorio,2
27,2,1,1,0,0,0,0,1,1,0,0,1,1,aleatorio,1
59,1,6,0,0,0,0,0,0,1,0,0,0,0,aleatorio,0
36,1,14,0,1,0,0,0,0,0,0,0,1,2,aleatorio,2
57,1,9,0,1,0,0,0,0,0,0,0,0,2,aleatorio,2
21,1,14,0,0,0,0,0,1,0,0,0,1,0,aleatorio,0
37,1,14,0,1,0,0,0,0,0,0,0,1,2,aleatorio,2
29,1,23,0,0,0,0,1,0,0,1,1,1,1,aleatorio,1
70,1,7,0,0,0,0,1,0,0,0,0,0,0,aleatorio,0
21,1,15,0,0,1,0,0,0,0,0,0,1,2,aleatorio,2
49,2,6,1,1,1,0,0,0,0,1,3,0,2,aleatorio,2
30,1,7,0,0,0,0,0,0,1,0,0,1,0,aleatorio,0
20,3,7,1,0,0,0,0,1,0,0,0,1,1,aleatorio,1
61,1,4,0,0,0,0,1,0,0,0,0,1,0,aleatorio,0
63,1,25,0,0,1,0,0,0,0,0,0,1,2,aleatorio,2
56,2,1,1,0,1,0,1,0,0,0,0,1,2,aleatorio,2
70,4,0,1,0,1,0,1,0,0,0,0,1,2,aleatorio,2
68,2,8,1,1,1,0,0,0,0,0,0,1,2,aleatorio,2
49,2,11,1,0,0,0,1,0,0,1,1,1,2,aleatorio,2
56,3,5,1,0,0,0,0,1,0,0,0,0,1,aleatorio,1
24,1,13,0,0,0,0,0,0,1,0,0,1,0,aleatorio,0
51,1,3,0,0,0,0,0,0,1,0,0,1,0,aleatorio,0
29,2,10,1,0,0,0,0,0,1,0,0,0,1,aleatorio,1
59,1,12,0,0,0,0,0,1,0,0,0,1,0,aleatorio,0
62,4,3,1,0,1,0,1,1,1,1,2,1,2,aleatorio,2
36,4,2,1,0,0,1,1,1,1,0,0,0,2,aleatorio,2
64,2,11,1,0,0,0,1,0,1,0,0,0,1,aleatorio,1
60,1,29,0,0,0,0,0,0,1,0,0,1,0,aleatorio,0
22,1,15,0,1,0,0,0,0,0,0,0,0,2,aleatorio,2
25,1,12,0,0,0,0,0,0,1,0,0,1,0,aleatorio,0
32,2,2,1,1,0,0,0,0,1,0,0,0,2,aleatorio,2
31,2,8,1,0,0,0,1,0,1,0,0,1,1,aleatorio,1
27,2,7,1,1,1,0,0,0,0,1,1,1,2,aleatorio,2
68,1,8,0,0,0,0,0,0,1,0,0,1,0,aleatorio,0
68,1,19,0,0,0,0,1,0,0,0,0,0,0,aleatorio,0
27,1,28,0,0,1,0,0,0,0,0,0,1,2,aleatorio,2
27,2,5,1,0,0,0,1,0,1,0,0,1,1,aleatorio,1
48,2,0,1,0,0,1,1,0,0,0,0,0,2,aleatorio,2
33,1,16,0,0,0,0,0,0,1,0,0,1,0,aleatorio,0
41,1,18,0,0,0,0,0,0,1,0,0,1,0,aleatorio,0
70,2,6,1,0,0,0,1,1,0,0,0,1,0,aleatorio,1
45,3,12,1,0,0,0,1,1,1,0,0,0,2,aleatorio,1
21,1,5,0,0,0,0,0,1,0,0,0,0,0,aleatorio,0
65,1,6,0,0,0,0,0,1,0,0,0,0,0,aleatorio,0
25,2,4,1,0,0,0,0,0,1,0,0,1,1,aleatorio,1
69,1,23,0,0,0,0,1,0,0,0,0,1,0,aleatorio,0
64,1,23,0,0,0,0,0,1,0,0,0,0,0,aleatorio,0
31,1,14,0,0,0,1,0,0,0,1,2,1,2,aleatorio,2
27,3,3,1,1,0,1,0,0,0,0,0,1,2,aleatorio,2
32,3,4,1,0,0,0,1,1,1,0,1,1,2,aleatorio,1
47,1,4,0,0,0,0,0,1,0,0,0,1,0,aleatorio,0
33,1,18,0,0,0,0,0,0,1,0,0,1,0,aleatorio,0
47,3,0,1,0,0,0,0,1,1,0,0,1,1,aleatorio,1
56,1,23,0,0,0,0,0,1,0,0,0,0,0,aleatorio,0
18,1,20,0,0,0,1,0,0,0,0,0,1,1,aleatorio,1
61,2,15,1,0,1,0,0,1,0,0,0,1,2,aleatorio,2
22,1,22,0,0,0,1,0,0,0,0,0,1,1,aleatorio,1
48,2,0,1,0,0,0,0,0,1,0,1,1,1,aleatorio,1
47,3,0,1,0,0,0,1,0,1,0,1,1,1,aleatorio,1
37,1,9,0,0,0,0,0,1,0,0,0,1,0,aleatorio,0
50,1,22,0,0,0,0,0,1,0,0,0,0,0,aleatorio,0
40,1,19,0,0,0,0,0,0,1,1,3,1,1,aleatorio,1
68,1,10,0,0,1,0,0,0,0,1,1,1,1,aleatorio,2
18,2,1,1,0,0,0,0,1,0,0,0,1,1,aleatorio,1
34,2,1,1,0,0,0,0,1,1,0,0,1,1,aleatorio,1
50,2,2,1,0,1,0,1,0,0,0,0,1,2,aleatorio,2
68,2,1,1,0,0,0,1,1,0,0,0,1,1,aleatorio,1
24,3,0,1,0,1,1,0,0,0,0,0,1,2,aleatorio,2
23,1,17,0,0,0,0,1,0,0,2,2,1,1,aleatorio,1
67,2,11,1,0,0,0,1,0,1,0,2,1,1,aleatorio,1
49,2,0,1,1,0,0,0,0,1,0,0,1,2,aleatorio,2
18,1,13,0,0,0,0,0,1,0,0,0,1,0,aleatorio,0
42,3,9,1,0,1,0,1,1,0,0,0,1,2,aleatorio,2
34,4,2,1,0,0,1,1,0,1,1,1,1,0,aleatorio,2
27,1,26,0,1,0,0,0,0,0,0,0,0,2,aleatorio,2
18,1,29,0,0,0,0,0,1,0,0,0,1,0,aleatorio,0
35,1,30,0,0,0,1,0,0,0,1,1,1,2,aleatorio,1
58,4,3,1,1,0,1,0,1,1,0,0,1,2,aleatorio,2
24,2,6,1,0,1,1,0,0,0,0,0,1,2,aleatorio,2
18,2,2,1,0,0,0,1,1,0,0,0,1,1,aleatorio,1
50,1,6,0,0,0,0,0,0,1,0,0,0,0,aleatorio,0
23,1,27,0,0,0,0,0,1,0,1,1,1,1,aleatorio,1
34,2,15,1,0,0,0,1,1,0,0,0,1,1,aleatorio,1
21,2,3,1,0,0,0,1,1,0,0,1,1,1,aleatorio,1
28,1,26,0,0,0,1,0,0,0,0,0,0,1,aleatorio,1
63,1,28,0,0,0,0,1,0,0,0,1,1,0,aleatorio,0
48,1,23,0,0,0,0,0,1,0,1,1,0,1,aleatorio,1
58,1,10,0,0,0,0,0,0,1,0,0,1,0,aleatorio,0
46,1,10,0,0,0,0,0,1,0,0,0,1,0,aleatorio,0
32,1,22,0,0,0,0,0,1,0,0,0,1,0,aleatorio,0
23,2,23,1,0,0,0,1,0,0,1,1,1,1,aleatorio,1
26,2,14,1,0,0,0,0,1,0,0,0,1,1,aleatorio,1
60,1,26,0,0,0,1,0,0,0,0,0,1,1,aleatorio,1
58,1,21,0,0,0,0,0,1,0,0,2,1,0,aleatorio,0
34,1,5,0,0,0,1,0,0,0,0,0,1,1,aleatorio,1
64,1,14,0,0,0,1,0,0,0,0,2,0,0,aleatorio,1
37,2,3,1,1,0,0,1,0,0,2,4,1,2,aleatorio,2
32,2,3,1,0,0,1,1,0,0,0,0,0,2,aleatorio,2
46,1,9,0,0,0,0,0,0,1,0,0,1,0,aleatorio,0
48,2,10,1,1,0,0,0,1,0,0,0,1,2,aleatorio,2
23,1,6,0,0,0,1,0,0,0,0,0,1,1,aleatorio,1
38,1,0,0,0,1,0,0,0,0,1,2,1,2,aleatorio,2
60,1,18,0,0,0,0,1,0,0,0,0,1,1,aleatorio,0
43,1,8,0,0,0,0,0,1,0,0,0,1,0,aleatorio,0
58,1,25,0,0,1,0,0,0,0,0,0,1,2,aleatorio,2
62,2,9,1,0,0,0,0,1,0,0,0,1,1,aleatorio,1
25,1,7,0,0,0,0,0,1,0,0,0,1,0,aleatorio,0
51,0,999,0,0,0,0,0,0,0,3,3,1,2,aleatorio,1
34,3,14,1,0,0,1,0,1,0,0,0,1,2,aleatorio,2
43,2,26,1,0,0,1,0,0,1,1,1,1,1,aleatorio,2
30,1,4,0,0,0,0,0,1,0,0,0,1,0,aleatorio,0
52,1,9,0,0,0,0,0,1,0,0,0,0,0,aleatorio,0
34,0,999,0,0,0,0,0,0,0,1,2,1,1,aleatorio,1
60,1,11,0,0,0,0,1,0,0,0,0,1,0,aleatorio,0
59,2,2,1,0,0,0,0,1,0,0,0,1,1,aleatorio,1
40,1,18,0,0,0,0,0,1,0,0,0,1,0,aleatorio,0
25,1,6,0,0,0,0,0,0,1,0,0,1,0,aleatorio,0
52,2,6,1,0,1,0,1,0,0,0,0,1,2,aleatorio,2
30,1,14,0,0,0,0,1,0,0,0,0,1,0,aleatorio,0
18,2,1,1,1,0,1,0,0,0,2,2,1,2,aleatorio,2
32,1,7,0,0,0,0,0,1,0,0,0,1,0,aleatorio,0
63,1,5,0,0,0,0,0,1,0,0,0,1,0,aleatorio,0
18,1,1,0,0,0,0,1,0,0,1,1,1,2,aleatorio,2
44,3,3,1,0,0,0,1,0,1,0,0,1,1,aleatorio,1
69,1,7,0,1,0,0,0,0,0,0,0,1,2,aleatorio,2
45,1,14,0,0,0,0,1,0,0,0,0,1,1,aleatorio,0
67,2,11,1,0,0,0,0,1,0,0,0,0,1,aleatorio,1
61,2,9,1,0,0,0,1,0,0,0,0,1,1,aleatorio,1
66,1,0,0,0,0,0,0,1,0,0,0,1,0,aleatorio,0
60,1,27,0,0,0,0,0,1,0,1,1,1,1,aleatorio,1
39,0,999,0,0,0,0,0,0,0,1,1,1,1,aleatorio,1
26,1,11,0,0,1,0,0,0,0,1,1,0,2,aleatorio,2
47,1,27,0,0,0,0,1,0,0,0,0,1,0,aleatorio,0
64,0,999,0,0,0,0,0,0,0,3,4,1,1,aleatorio,1
56,2,9,1,0,1,1,0,0,0,0,0,1,2,aleatorio,2
53,1,26,0,0,0,1,0,0,0,0,0,0,1,aleatorio,1
38,1,14,0,0,0,0,1,0,0,0,1,1,1,aleatorio,0
21,1,8,0,0,0,0,1,0,0,0,0,0,0,aleatorio,0
30,1,2,0,0,0,0,0,0,1,0,0,1,0,aleatorio,0
53,2,10,1,0,0,0,0,1,1,0,0,0,1,aleatorio,1
34,1,23,0,0,0,0,0,1,0,0,0,1,0,aleatorio,0
52,2,11,1,0,0,0,0,1,1,0,0,0,1,aleatorio,1
59,2,28,1,0,0,0,1,1,0,0,1,1,0,aleatorio,1
35,1,1,0,0,0,0,0,0,1,0,0,1,0,aleatorio,0
21,1,9,0,0,0,0,0,1,0,1,1,1,2,aleatorio,2
19,1,18,0,0,0,0,0,1,0,0,1,0,0,aleatorio,0
33,1,7,0,0,0,0,0,1,0,0,0,1,0,aleatorio,0
20,1,9,0,0,0,0,0,1,0,0,0,1,0,aleatorio,0
41,1,21,0,0,0,1,0,0,0,0,0,0,1,aleatorio,1
42,2,13,1,0,0,0,1,0,1,0,0,1,1,aleatorio,1
67,1,12,0,0,0,0,0,1,0,0,0,1,0,aleatorio,0
40,1,26,0,0,0,1,0,0,0,1,1,0,1,aleatorio,1
22,1,17,0,0,0,0,1,0,0,0,0,1,0,aleatorio,0
47,1,6,0,0,1,0,0,0,0,1,1,1,2,aleatorio,2
29,2,9,1,0,0,0,1,1,0,0,0,1,1,aleatorio,1
63,2,6,1,0,0,0,0,1,1,0,0,1,1,aleatorio,1
41,4,10,1,1,1,0,1,0,1,0,0,0,2,aleatorio,2
18,1,11,0,0,0,0,0,0,1,0,0,1,0,aleatorio,0
45,1,8,0,0,0,1,0,0,0,1,2,1,2,aleatorio,2
55,1,9,0,0,0,0,0,0,1,0,0,1,0,aleatorio,0
33,1,21,0,0,0,0,0,0,1,1,1,1,1,aleatorio,1
60,4,1,1,0,1,0,1,0,1,1,1,1,2,aleatorio,2
52,3,2,1,1,1,0,0,0,0,1,1,1,2,aleatorio,2
60,1,8,0,0,0,1,0,0,0,0,0,1,1,aleatorio,1
44,2,19,1,1,0,0,1,0,0,0,0,1,2,aleatorio,2
47,2,12,1,0,1,1,0,0,0,0,0,1,2,aleatorio,2
32,1,16,0,0,0,0,0,1,0,1,1,1,1,aleatorio,1
32,1,24,0,0,0,1,0,0,0,0,0,1,1,aleatorio,1
63,1,23,0,0,0,0,0,0,1,0,0,1,1,aleatorio,0
33,1,0,0,1,0,0,0,0,0,0,0,1,2,aleatorio,2
31,0,999,0,0,0,0,0,0,0,3,3,1,1,aleatorio,1
33,1,15,0,0,0,0,0,0,1,0,0,1,0,aleatorio,0
69,3,2,1,0,0,1,0,1,0,0,0,0,2,aleatorio,2
59,1,18,0,0,0,0,1,0,0,0,0,1,0,aleatorio,0
36,1,15,0,0,0,0,0,1,0,0,0,0,0,aleatorio,0
52,5,4,1,0,0,1,1,0,0,0,0,1,0,aleatorio,2
46,1,19,0,0,0,0,1,0,0,1,1,0,1,aleatorio,1
30,1,0,0,0,0,0,1,0,0,1,1,1,2,aleatorio,2
48,1,12,0,0,0,0,0,1,0,0,0,1,0,aleatorio,0
44,2,21,1,1,0,1,0,0,0,1,1,1,2,aleatorio,2
42,2,5,1,0,0,0,1,1,0,0,0,1,1,aleatorio,1
26,4,0,1,1,0,0,0,1,1,0,0,1,2,aleatorio,2
31,1,11,0,0,1,0,0,0,0,0,0,1,2,aleatorio,2
70,2,8,1,1,0,0,1,0,0,1,1,1,2,aleatorio,2
33,2,1,1,0,0,1,0,0,1,0,0,1,2,aleatorio,2
66,1,25,0,0,0,1,0,0,0,0,0,1,1,aleatorio,1
25,2,5,1,0,0,0,1,0,1,0,0,1,1,aleatorio,1
70,3,4,1,0,0,0,1,0,1,0,0,1,1,aleatorio,1
47,1,7,0,1,0,0,0,0,0,0,0,1,2,aleatorio,2
22,1,7,0,1,0,0,0,0,0,0,0,1,2,aleatorio,2
66,1,8,0,0,0,0,0,0,1,0,0,1,0,aleatorio,0
60,1,28,0,0,0,1,0,0,0,0,0,1,1,aleatorio,1
46,1,6,0,0,1,0,0,0,0,1,1,1,2,aleatorio,2
69,1,12,0,0,0,0,0,1,0,0,0,1,0,aleatorio,0
37,4,7,1,1,0,1,1,1,0,2,2,1,2,aleatorio,2
70,2,8,1,1,0,0,0,0,1,0,0,1,0,aleatorio,2
28,1,23,0,0,0,1,0,0,0,0,0,1,1,aleatorio,1
57,1,10,0,0,0,1,0,0,0,0,0,1,2,aleatorio,1
37,1,16,0,0,0,0,1,0,0,1,3,1,1,aleatorio,1
29,2,6,1,0,0,0,1,0,0,1,1,1,2,aleatorio,2
31,1,28,0,0,0,0,0,0,1,2,2,1,1,aleatorio,1
49,2,6,1,0,0,0,0,0,1,0,0,1,1,aleatorio,1
59,1,8,0,0,0,1,0,0,0,0,0,1,1,aleatorio,1
68,1,10,0,0,0,1,0,0,0,0,0,1,1,aleatorio,1
19,2,8,1,0,1,0,0,0,0,0,0,1,2,aleatorio,2
23,2,11,1,0,0,0,1,0,1,0,0,0,1,aleatorio,1
33,1,6,0,0,0,0,1,0,0,0,0,1,0,aleatorio,0
28,1,0,0,0,0,1,0,0,0,0,0,1,1,aleatorio,1
47,2,10,1,0,1,0,0,0,0,0,0,1,2,aleatorio,2
31,1,7,0,0,0,1,0,0,0,0,0,1,1,aleatorio,1
20,1,2,0,1,0,0,0,0,0,0,0,1,2,aleatorio,2
43,2,3,1,0,0,0,0,1,0,0,0,0,1,aleatorio,1
67,1,15,0,0,0,0,0,1,0,0,0,1,0,aleatorio,0
45,2,11,1,1,0,0,1,0,0,0,0,1,1,aleatorio,2
57,1,2,0,0,0,0,0,0,1,1,1,1,2,aleatorio,2
59,1,26,0,0,0,0,0,1,0,0,0,1,0,aleatorio,0
49,2,21,1,0,0,0,0,1,1,0,0,0,1,aleatorio,1
47,1,8,0,0,0,0,0,0,1,0,1,1,0,aleatorio,0
37,1,20,0,0,0,0,0,1,0,0,0,0,0,aleatorio,0
31,1,17,0,0,0,0,0,1,0,1,1,1,1,aleatorio,1
44,1,1,0,0,0,0,0,0,1,0,0,1,0,aleatorio,0
60,1,10,0,0,0,0,0,0,1,0,0,1,0,aleatorio,0
54,2,2,1,1,0,0,0,1,0,1,1,1,2,aleatorio,2
36,2,14,1,0,0,0,1,1,0,0,1,0,1,aleatorio,1
21,4,5,1,1,0,0,1,1,1,0,0,1,2,aleatorio,2
39,1,13,0,0,0,0,0,1,0,3,3,0,2,aleatorio,2
32,3,6,1,0,0,0,0,1,1,0,0,1,1,aleatorio,1
36,1,20,0,0,0,0,0,1,0,0,0,0,0,aleatorio,0
33,2,3,1,0,1,1,0,0,0,0,0,1,2,aleatorio,2
55,2,13,1,1,1,0,0,0,0,0,0,1,2,aleatorio,2
45,1,6,0,0,0,0,1,0,0,0,0,1,1,aleatorio,0
29,1,19,0,0,0,0,0,0,1,0,0,1,0,aleatorio,0
58,1,1,0,0,0,0,1,0,0,0,0,1,0,aleatorio,0
21,1,12,0,0,0,1,0,0,0,0,0,1,1,aleatorio,1
18,2,8,1,0,1,1,0,0,0,0,0,1,2,aleatorio,2
51,2,5,1,0,0,0,0,1,0,0,0,1,1,aleatorio,1
36,1,8,0,0,0,1,0,0,0,0,0,1,1,aleatorio,1
37,1,18,0,0,0,0,0,0,1,2,2,1,1,aleatorio,1
18,1,15,0,0,0,0,0,0,1,0,0,1,0,aleatorio,0
47,3,3,1,0,1,0,0,1,0,0,0,1,2,aleatorio,2
22,2,2,1,0,0,0,1,0,0,0,0,1,1,aleatorio,1
38,3,3,1,1,0,0,0,0,1,0,0,1,2,aleatorio,2
23,2,12,1,0,0,0,0,1,1,1,2,1,0,aleatorio,2
52,3,7,1,0,0,0,1,1,1,0,0,0,1,aleatorio,1
47,1,13,0,0,1,0,0,0,0,0,0,0,0,aleatorio,2
43,1,10,0,0,0,0,1,0,0,2,3,1,2,aleatorio,2
65,1,21,0,0,0,0,1,0,0,0,0,0,0,aleatorio,0
18,1,9,0,0,0,0,0,1,0,0,0,0,0,aleatorio,0
61,2,2,1,0,1,1,0,0,0,0,0,0,2,aleatorio,2
53,1,6,0,0,0,0,0,1,0,0,0,1,0,aleatorio,0
70,1,29,0,0,0,0,0,0,1,0,0,1,0,aleatorio,0
47,2,7,1,0,0,1,0,1,0,0,0,1,2,aleatorio,2
20,1,2,0,0,0,0,1,0,0,1,1,0,2,aleatorio,2
30,2,0,1,0,0,1,0,0,0,1,1,1,2,aleatorio,2
67,1,11,0,0,0,0,0,0,1,0,0,1,0,aleatorio,0
70,1,5,0,0,0,0,0,1,0,1,1,1,2,aleatorio,2
59,3,2,1,0,0,0,0,0,1,0,0,1,1,aleatorio,1
67,1,2,0,0,0,0,0,0,1,0,0,1,0,aleatorio,0
68,2,18,1,0,0,0,1,1,0,0,0,1,1,aleatorio,1
49,2,17,1,0,0,0,0,1,0,0,0,1,1,aleatorio,1
47,3,1,1,0,0,0,1,1,0,0,0,1,1,aleatorio,1
65,2,2,1,1,0,1,0,0,0,0,0,1,2,aleatorio,2
28,2,5,1,0,0,0,0,1,1,0,0,1,1,aleatorio,1
23,1,14,0,0,0,0,0,0,1,0,0,1,0,aleatorio,0
57,1,4,0,0,0,1,0,0,0,0,0,1,1,aleatorio,1
50,2,18,1,0,0,0,0,1,0,0,0,1,1,aleatorio,1
64,1,15,0,0,0,0,1,0,0,0,0,1,0,aleatorio,0
46,1,11,0,0,0,1,0,0,0,0,0,1,1,aleatorio,1
58,2,0,1,0,0,0,1,0,0,0,0,1,1,aleatorio,1
67,1,13,0,0,0,0,0,1,0,0,0,1,0,aleatorio,0
51,1,1,0,0,0,0,0,1,0,1,1,1,2,aleatorio,2
41,1,2,0,0,0,1,0,0,0,1,1,1,2,aleatorio,2
46,2,12,1,0,0,0,1,0,1,0,0,1,1,aleatorio,1
24,1,0,0,0,0,0,0,0,1,0,0,1,0,aleatorio,0
52,1,7,0,0,0,0,1,0,0,0,0,1,0,aleatorio,0
45,1,4,0,0,0,0,0,1,0,0,0,1,0,aleatorio,0
18,2,6,1,0,0,0,0,1,0,0,0,1,1,aleatorio,1
27,1,7,0,1,0,0,0,0,0,0,0,0,2,aleatorio,2
20,2,23,1,0,0,1,0,0,0,0,0,1,2,aleatorio,2
30,2,1,1,1,0,0,0,0,1,0,0,1,2,aleatorio,2
27,0,999,0,0,0,0,0,0,0,1,1,1,1,aleatorio,1
57,1,2,0,0,0,0,0,0,1,0,0,1,0,aleatorio,0
37,1,7,0,0,0,1,0,0,0,0,0,1,1,aleatorio,1
36,2,13,1,0,0,0,1,1,0,0,0,0,1,aleatorio,1
46,3,5,1,0,0,0,1,1,0,0,0,1,1,aleatorio,1
57,1,8,0,0,0,0,0,0,1,0,0,0,0,aleatorio,0
40,1,9,0,0,0,0,1,0,0,0,0,1,0,aleatorio,0
65,1,28,0,0,0,0,0,0,1,0,0,0,0,aleatorio,0
33,1,13,0,1,0,0,0,0,0,2,4,1,2,aleatorio,2
23,2,6,1,0,1,0,1,0,0,0,0,1,2,aleatorio,2
58,1,11,0,0,0,0,1,0,0,0,1,1,0,aleatorio,0
29,1,26,0,0,0,0,0,1,0,0,0,0,1,aleatorio,0
63,2,4,1,0,1,0,1,0,0,0,0,1,2,aleatorio,2
20,1,0,0,0,0,0,1,0,0,0,0,0,0,aleatorio,0
23,1,3,0,0,0,1,0,0,0,0,0,1,1,aleatorio,1
60,1,6,0,0,0,0,0,0,1,0,0,1,1,aleatorio,0
69,3,7,1,1,0,0,0,1,0,1,1,1,2,aleatorio,2
51,1,1,0,1,0,0,0,0,0,1,1,0,2,aleatorio,2
20,2,15,1,0,0,0,0,1,1,0,0,1,1,aleatorio,1
39,1,9,0,0,0,1,0,0,0,0,0,1,0,aleatorio,1
30,1,26,0,0,0,0,1,0,0,2,2,0,1,aleatorio,1
53,1,26,0,0,0,0,0,0,1,0,0,1,0,aleatorio,0
70,1,9,0,1,0,0,0,0,0,0,0,1,2,aleatorio,2
65,2,6,1,0,0,0,1,0,0,0,0,1,1,aleatorio,1
60,1,21,0,0,0,0,0,0,1,1,2,1,2,aleatorio,1
25,1,7,0,0,0,0,0,0,1,0,0,1,0,aleatorio,0
69,1,0,0,0,0,0,0,1,0,0,0,0,0,aleatorio,0
21,2,3,1,0,0,0,1,0,0,1,2,1,2,aleatorio,2
21,3,2,1,0,0,0,1,0,1,2,2,1,2,aleatorio,2
56,1,29,0,0,0,0,0,0,1,0,0,1,0,aleatorio,0
50,1,25,0,0,0,0,0,1,0,0,0,0,0,aleatorio,0
58,2,1,1,0,0,0,1,1,0,0,0,1,1,aleatorio,1
37,1,15,0,1,0,0,0,0,0,0,0,1,1,aleatorio,2
22,2,2,1,0,0,1,0,0,0,2,3,1,2,aleatorio,2
34,1,27,0,0,0,0,0,0,1,0,0,1,0,aleatorio,0
29,2,3,1,0,0,0,1,0,1,0,0,1,1,aleatorio,1
63,3,7,1,1,0,0,0,1,0,0,0,1,2,aleatorio,2
23,0,999,0,0,0,0,0,0,0,3,3,1,1,aleatorio,1
39,1,22,0,0,0,0,1,0,0,0,0,1,0,aleatorio,0
25,1,4,0,0,0,0,0,0,1,0,0,1,0,aleatorio,0
65,0,999,0,0,0,0,0,0,0,1,1,1,1,aleatorio,1
66,1,4,0,0,0,0,1,0,0,0,0,1,0,aleatorio,0
56,1,20,0,0,0,0,0,1,0,1,1,1,1,aleatorio,1
30,2,11,1,0,0,0,1,0,1,2,2,1,2,aleatorio,2
45,3,3,1,1,0,0,1,0,0,0,0,1,2,aleatorio,2
21,3,0,1,0,0,0,1,0,1,1,1,0,2,aleatorio,2
47,2,4,1,0,0,1,0,1,0,1,1,1,2,aleatorio,2
63,1,16,0,0,0,1,0,0,0,1,3,1,1,aleatorio,1
41,2,0,1,0,0,0,1,0,1,0,0,1,1,aleatorio,1
25,2,6,1,0,0,1,1,0,0,0,0,1,2,aleatorio,2
24,1,1,0,0,0,0,1,0,0,0,1,1,1,aleatorio,0
44,2,6,1,0,0,0,0,0,1,0,0,0,0,aleatorio,1
66,1,1,0,0,0,0,0,1,0,0,0,1,0,aleatorio,0
64,1,12,0,0,0,0,0,0,1,0,0,1,0,aleatorio,0
37,2,2,1,0,0,1,1,0,0,0,0,1,2,aleatorio,2
21,1,18,0,0,0,0,1,0,0,0,0,1,0,aleatorio,0
59,1,20,0,1,0,0,0,0,0,1,1,0,2,aleatorio,2
34,3,8,1,1,1,0,0,0,1,0,0,1,0,aleatorio,2
24,1,4,0,0,0,1,0,0,0,0,0,1,1,aleatorio,1
30,1,20,0,0,0,0,0,1,0,0,0,1,0,aleatorio,0
19,1,23,0,1,0,0,0,0,0,2,2,1,2,aleatorio,2
70,1,30,0,0,0,0,0,0,1,0,0,1,1,aleatorio,0
23,2,6,1,1,0,1,0,0,0,0,0,1,2,aleatorio,2
18,2,16,1,0,0,1,0,0,0,0,0,0,2,aleatorio,2
19,1,22,0,0,0,0,1,0,0,0,0,1,0,aleatorio,0
23,1,22,0,0,0,0,0,1,0,0,0,1,0,aleatorio,0
19,5,4,1,1,1,0,0,1,0,0,0,1,2,aleatorio,2
53,1,7,0,0,0,0,0,0,1,0,0,1,0,aleatorio,0
46,2,4,1,0,0,0,1,1,0,0,0,0,1,aleatorio,1
64,2,5,1,0,0,1,1,0,0,0,0,0,2,aleatorio,2
41,2,6,1,0,0,0,1,1,0,0,0,1,1,aleatorio,1
40,1,12,0,0,0,0,0,0,1,0,0,1,0,aleatorio,0
54,1,3,0,0,0,0,0,0,1,0,0,1,0,aleatorio,0
29,2,11,1,0,0,0,0,0,1,0,0,0,1,aleatorio,1
38,1,10,0,0,0,1,0,0,0,0,0,1,1,aleatorio,1
62,1,26,0,0,0,0,0,0,1,0,0,1,1,aleatorio,0
40,2,10,1,0,1,1,0,0,0,1,2,0,0,aleatorio,2
41,1,5,0,0,0,0,1,0,0,0,0,1,0,aleatorio,0
28,1,10,0,0,0,0,0,1,0,0,0,1,0,aleatorio,0
40,1,3,0,0,0,0,1,0,0,0,0,0,0,aleatorio,0
69,2,1,1,0,1,0,0,0,1,0,0,1,2,aleatorio,2
35,0,999,0,0,0,0,0,0,0,1,1,1,1,aleatorio,1
21,2,4,1,0,1,1,0,0,0,0,0,1,2,aleatorio,2
39,1,22,0,0,0,0,0,1,0,1,2,1,1,aleatorio,1
24,1,20,0,0,0,0,0,0,1,0,0,1,0,aleatorio,0
24,3,4,1,1,0,0,1,0,0,0,0,1,2,aleatorio,2
31,2,5,1,1,0,0,0,1,0,2,2,0,2,aleatorio,2
44,1,9,0,0,0,0,1,0,0,0,0,1,0,aleatorio,0
66,1,6,0,0,0,1,0,0,0,0,0,0,1,aleatorio,1
32,1,13,0,0,0,1,0,0,0,1,1,0,2,aleatorio,2
19,2,15,1,1,0,0,1,0,0,0,0,1,2,aleatorio,2
38,1,13,0,0,0,1,0,0,0,0,0,1,1,aleatorio,1
40,2,0,1,0,0,0,1,0,1,0,0,1,1,aleatorio,1
40,2,3,1,0,0,0,1,0,1,0,0,1,1,aleatorio,1
47,1,14,0,0,0,0,0,1,0,0,0,1,0,aleatorio,0
20,1,14,0,0,0,0,0,0,1,0,0,0,1,aleatorio,0
68,1,2,0,0,1,0,0,0,0,1,1,0,2,aleatorio,2
45,1,17,0,0,0,0,0,0,1,0,0,1,0,aleatorio,0
36,1,25,0,0,0,0,0,1,0,0,0,1,1,aleatorio,0
47,1,3,0,0,0,0,1,0,0,0,0,1,0,aleatorio,0
44,2,4,1,0,0,0,0,1,0,0,0,0,1,aleatorio,1
67,1,1,0,1,0,0,0,0,0,0,0,1,2,aleatorio,2
41,2,4,1,0,0,0,1,1,0,0,0,1,1,aleatorio,1
56,1,2,0,0,0,1,0,0,0,1,2,0,2,aleatorio,2
43,2,4,1,0,1,0,0,1,0,1,1,1,2,aleatorio,2
69,2,4,1,1,1,0,0,0,0,0,0,1,2,aleatorio,2
19,1,7,0,1,0,0,0,0,0,1,1,1,2,aleatorio,2
43,1,16,0,0,0,1,0,0,0,0,0,1,0,aleatorio,1
22,1,8,0,0,0,1,0,0,0,0,0,1,1,aleatorio,1
66,1,22,0,0,0,0,0,0,1,0,0,0,0,aleatorio,0
56,2,9,1,0,0,0,1,0,0,0,0,1,1,aleatorio,1
18,1,2,0,1,0,0,0,0,0,0,0,1,2,aleatorio,2
54,2,2,1,0,0,0,0,1,1,1,1,0,2,aleatorio,2
29,1,22,0,0,0,1,0,0,0,0,0,0,2,aleatorio,1
55,2,1,1,0,0,0,1,1,0,0,0,0,1,aleatorio,1
27,2,6,1,1,0,0,0,0,1,0,0,0,2,aleatorio,2
65,2,5,1,0,0,0,1,0,1,0,0,1,1,aleatorio,1
29,2,5,1,0,0,0,0,1,1,0,0,1,1,aleatorio,1
37,1,19,0,0,0,0,0,1,0,1,1,0,1,aleatorio,1
34,0,999,0,0,0,0,0,0,0,3,4,1,1,aleatorio,1
26,1,5,0,0,0,0,0,1,0,0,0,0,0,aleatorio,0
62,2,3,1,0,0,0,1,0,1,0,1,1,1,aleatorio,1
21,2,9,1,1,0,0,0,0,0,0,1,1,2,aleatorio,2
32,1,16,0,0,0,0,1,0,0,1,1,1,2,aleatorio,1
69,1,17,0,0,0,1,0,0,0,0,0,1,1,aleatorio,1
60,3,5,1,0,0,0,1,1,0,0,0,1,1,aleatorio,1
45,1,21,0,0,0,1,0,0,0,1,1,0,1,aleatorio,1
19,2,1,1,1,0,0,0,0,0,0,0,1,2,aleatorio,2
48,2,10,1,0,0,1,0,0,0,2,2,0,1,aleatorio,2
36,1,2,0,0,0,0,1,0,0,0,0,1,0,aleatorio,0
39,2,0,1,0,0,1,1,0,0,0,0,1,2,aleatorio,2
64,2,0,1,0,0,0,1,1,0,0,0,1,1,aleatorio,1
18,1,6,0,0,0,1,0,0,0,0,0,1,1,aleatorio,1
20,1,22,0,0,0,0,1,0,0,0,1,1,1,aleatorio,0
67,3,2,1,0,0,0,0,1,1,0,0,1,1,aleatorio,1
45,3,0,1,0,0,1,1,0,0,0,0,1,2,aleatorio,2
70,2,11,1,0,0,0,1,1,0,0,0,1,1,aleatorio,1
39,2,1,1,0,0,0,0,1,1,2,2,1,2,aleatorio,2
19,1,27,0,0,0,0,1,0,0,0,0,1,0,aleatorio,0
41,1,8,0,0,0,0,1,0,0,0,0,1,0,aleatorio,0
28,1,6,0,0,0,0,0,0,1,0,0,1,0,aleatorio,0
32,2,2,1,1,1,0,0,0,0,0,0,1,2,aleatorio,2
69,3,9,1,1,1,0,0,0,0,0,0,0,2,aleatorio,2
47,1,13,0,0,0,0,0,1,0,0,0,1,0,aleatorio,0
62,2,7,1,0,0,0,1,0,0,0,0,1,1,aleatorio,1
55,2,11,1,1,0,1,0,0,0,1,2,1,2,aleatorio,2
63,1,9,0,0,0,0,0,0,1,0,0,1,0,aleatorio,0
69,3,10,1,0,0,0,1,1,0,0,0,1,1,aleatorio,1
59,5,11,1,1,0,1,1,0,0,0,0,1,2,aleatorio,2
20,1,8,0,0,0,0,1,0,0,1,1,0,2,aleatorio,2
56,2,2,1,0,0,0,1,0,1,0,0,1,1,aleatorio,1
30,1,17,0,0,0,0,0,1,0,0,0,1,0,aleatorio,0
69,1,28,0,0,0,1,0,0,0,0,0,1,1,aleatorio,1
37,2,14,1,1,0,0,0,1,0,0,1,1,2,aleatorio,2
68,1,5,0,1,0,0,0,0,0,0,0,1,2,aleatorio,2
43,2,1,1,0,1,0,0,0,0,0,0,1,2,aleatorio,2
47,1,11,0,0,0,0,0,1,0,2,2,1,2,aleatorio,2
48,1,7,0,0,0,0,0,1,0,0,0,1,0,aleatorio,0
69,4,9,1,1,1,0,1,1,0,0,0,1,2,aleatorio,2
48,1,9,0,0,0,0,1,0,0,0,0,1,0,aleatorio,0
31,1,4,0,0,0,0,0,0,1,0,0,0,0,aleatorio,0
28,0,999,0,0,0,0,0,0,0,1,2,1,1,aleatorio,1
44,3,4,1,1,1,1,0,0,0,0,0,1,2,aleatorio,2
37,2,5,1,0,0,0,1,0,0,0,0,0,1,aleatorio,1
19,1,6,0,0,0,0,1,0,0,0,0,0,0,aleatorio,0
31,1,30,0,0,0,0,1,0,0,0,0,1,0,aleatorio,0
65,1,2,0,0,0,0,0,1,0,0,0,1,0,aleatorio,0
40,2,2,1,0,0,0,0,1,1,0,3,0,1,aleatorio,1
18,2,11,1,0,0,0,1,0,1,0,0,1,1,aleatorio,1
31,1,4,0,0,0,0,1,0,0,0,0,1,2,aleatorio,0
58,1,13,0,0,0,0,1,0,0,0,0,1,1,aleatorio,0
43,3,8,1,0,0,0,1,0,1,0,0,1,1,aleatorio,1
41,1,13,0,0,0,1,0,0,0,0,0,1,1,aleatorio,1
32,2,6,1,0,0,0,1,1,0,1,1,0,2,aleatorio,2
33,2,10,1,0,1,1,0,0,0,1,1,1,2,aleatorio,2
60,3,10,1,0,1,0,0,0,1,0,0,1,2,aleatorio,2
24,1,28,0,0,0,0,0,0,1,0,0,1,0,aleatorio,0
38,2,9,1,1,1,0,0,0,0,0,0,0,2,aleatorio,2
63,4,7,1,1,0,1,1,1,0,0,1,0,2,aleatorio,2
31,1,13,0,0,0,0,1,0,0,0,0,1,0,aleatorio,0
51,1,5,0,1,0,0,0,0,0,0,0,0,2,aleatorio,2
35,1,1,0,0,0,1,0,0,0,0,0,1,1,aleatorio,1
44,1,15,0,0,0,0,1,0,0,0,0,0,0,aleatorio,0
25,1,19,0,0,0,1,0,0,0,0,0,0,1,aleatorio,1
26,1,0,0,0,0,0,1,0,0,0,0,0,0,aleatorio,0
57,1,27,0,1,0,0,0,0,0,0,0,0,2,aleatorio,2
54,2,1,1,0,1,1,0,0,0,0,0,1,0,aleatorio,2
39,1,23,0,0,0,0,1,0,0,0,0,1,0,aleatorio,0
45,1,11,0,0,0,0,0,1,0,0,0,1,1,aleatorio,0
29,2,4,1,0,1,0,0,1,0,2,2,1,2,aleatorio,2
27,2,13,1,1,0,0,0,0,1,1,1,1,2,aleatorio,2
43,1,14,0,0,0,0,0,1,0,0,0,0,0,aleatorio,0
32,2,3,1,0,0,0,1,0,1,0,0,1,0,aleatorio,1
42,2,14,1,0,1,0,0,1,0,0,0,1,2,aleatorio,2
52,1,7,0,0,0,1,0,0,0,0,0,1,1,aleatorio,1
66,1,12,0,0,0,0,1,0,0,0,0,1,0,aleatorio,0
68,2,7,1,0,0,0,0,1,0,0,0,1,1,aleatorio,1
62,1,28,0,0,0,0,0,1,0,0,0,1,0,aleatorio,0
43,2,15,1,0,0,0,0,1,1,0,0,1,1,aleatorio,1
22,2,2,1,0,0,0,0,1,1,0,0,1,1,aleatorio,1
22,5,3,1,0,0,1,1,1,1,0,0,1,2,aleatorio,2
41,4,5,1,0,0,0,1,1,1,0,1,1,1,aleatorio,1
31,1,26,0,0,0,0,0,0,1,1,1,0,1,aleatorio,1
51,1,16,0,0,0,1,0,0,0,1,1,1,1,aleatorio,1
41,1,6,0,0,0,0,0,0,1,2,2,1,2,aleatorio,2
31,1,21,0,0,0,0,0,1,0,0,0,0,0,aleatorio,0
65,1,4,0,1,0,0,0,0,0,1,1,0,2,aleatorio,2
29,3,2,1,0,1,0,0,1,0,0,0,1,2,aleatorio,2
50,3,4,1,0,1,1,0,0,1,0,0,1,2,aleatorio,2
53,2,14,1,0,0,0,1,1,0,0,0,1,1,aleatorio,1
44,1,12,0,0,0,0,1,0,0,0,0,1,0,aleatorio,0
22,1,29,0,0,0,0,1,0,0,0,0,1,0,aleatorio,0
65,0,999,0,0,0,0,0,0,0,2,2,1,1,aleatorio,1
68,1,24,0,0,0,0,0,0,1,1,1,1,0,aleatorio,1
28,2,10,1,0,0,1,1,0,0,0,0,0,2,aleatorio,2
20,1,8,0,0,0,1,0,0,0,0,0,1,1,aleatorio,1
50,3,9,1,1,0,1,1,0,0,0,0,1,0,aleatorio,2
69,1,10,0,0,0,0,1,0,0,0,0,0,0,aleatorio,0
22,1,21,0,0,0,0,0,0,1,1,1,1,1,aleatorio,1
29,1,6,0,0,0,0,1,0,0,0,0,1,0,aleatorio,0
37,1,18,0,0,0,0,0,0,1,0,0,1,0,aleatorio,0
42,1,4,0,0,0,1,0,0,0,0,0,1,1,aleatorio,1
18,1,21,0,0,0,0,1,0,0,0,0,0,2,aleatorio,0
37,2,8,1,0,0,0,0,1,0,0,0,0,1,aleatorio,1
64,1,17,0,0,0,0,0,0,1,0,0,1,0,aleatorio,0
31,1,14,0,0,1,0,0,0,0,0,0,1,2,aleatorio,2
58,2,5,1,0,0,0,0,1,1,0,0,1,1,aleatorio,1
20,1,28,0,0,0,0,1,0,0,0,0,1,1,aleatorio,0
31,3,6,1,0,0,0,1,1,1,0,0,1,0,aleatorio,1
68,2,12,1,0,0,1,0,1,0,0,0,0,2,aleatorio,2
63,1,26,0,0,0,0,1,0,0,0,1,1,0,aleatorio,0
61,1,28,0,0,0,0,0,0,1,0,0,1,2,aleatorio,0
68,2,6,1,0,0,0,1,0,1,0,0,1,1,aleatorio,1
40,2,10,1,0,1,0,0,1,0,0,0,1,1,aleatorio,2
41,3,0,1,0,1,0,1,1,0,0,0,1,2,aleatorio,2
70,1,29,0,0,0,0,0,1,0,1,1,1,0,aleatorio,1
48,1,17,0,0,0,0,0,0,1,0,0,1,0,aleatorio,0
69,1,25,0,0,0,0,0,1,0,0,0,1,0,aleatorio,0
37,4,4,1,0,1,1,0,0,1,0,0,1,2,aleatorio,2
20,1,25,0,0,0,0,0,0,1,0,0,1,0,aleatorio,0
46,1,12,0,0,0,0,0,1,0,0,0,1,0,aleatorio,0
52,1,25,0,1,0,0,0,0,0,1,1,0,2,aleatorio,2
30,2,7,1,0,0,0,0,1,1,0,0,1,1,aleatorio,1
70,1,28,0,1,0,0,0,0,0,1,1,1,2,aleatorio,2
24,2,6,1,0,0,0,0,1,0,0,0,1,1,aleatorio,1
35,1,6,0,0,0,0,1,0,0,0,0,1,0,aleatorio,0
56,1,11,0,0,0,0,0,1,0,0,0,1,0,aleatorio,0
26,2,14,1,1,0,0,1,0,0,0,0,1,2,aleatorio,2
51,1,11,0,0,0,0,0,0,1,0,0,1,0,aleatorio,0
47,5,1,1,0,0,1,1,1,1,0,0,1,2,aleatorio,2
45,1,22,0,0,0,0,0,0,1,0,0,1,0,aleatorio,0
62,1,8,0,0,0,0,1,0,0,0,0,1,0,aleatorio,0
38,3,10,1,1,0,0,1,0,1,0,0,0,2,aleatorio,2
36,3,0,1,1,1,0,0,0,0,1,1,1,2,aleatorio,2
60,3,6,1,0,0,0,1,1,1,0,0,1,1,aleatorio,1
27,1,1,0,0,0,0,1,0,0,0,0,1,0,aleatorio,0
22,2,10,1,0,0,0,1,0,1,0,0,0,1,aleatorio,1
25,3,6,1,0,0,0,1,0,1,1,1,1,2,aleatorio,2
60,4,9,1,0,0,0,1,1,0,0,0,1,0,aleatorio,1
34,3,7,1,0,0,0,1,0,1,0,0,0,1,aleatorio,1
45,2,4,1,1,1,0,0,0,0,0,0,1,1,aleatorio,2
46,1,14,0,1,0,0,0,0,0,1,1,0,2,aleatorio,2
35,1,2,0,0,0,1,0,0,0,0,0,1,1,aleatorio,1
43,1,20,0,0,0,0,0,0,1,0,0,1,0,aleatorio,0
53,1,24,0,0,0,0,1,0,0,0,1,1,0,aleatorio,0
50,2,1,1,0,0,0,1,0,1,0,0,0,1,aleatorio,1
65,2,14,1,0,0,1,1,0,0,0,0,1,2,aleatorio,2
38,1,6,0,0,0,1,0,0,0,0,0,1,1,aleatorio,1
19,1,0,0,0,0,0,0,1,0,0,0,0,0,aleatorio,0
29,1,12,0,0,1,0,0,0,0,1,1,0,2,aleatorio,2
36,2,14,1,1,0,1,0,0,0,0,0,1,2,aleatorio,2
39,1,16,0,0,0,0,0,0,1,0,0,1,0,aleatorio,0
24,1,7,0,0,0,0,0,0,1,0,0,1,0,aleatorio,0
62,2,1,1,0,0,0,1,0,1,0,0,1,1,aleatorio,1
60,1,14,0,0,0,1,0,0,0,0,0,1,1,aleatorio,1
65,2,3,1,0,0,0,0,1,1,0,0,1,1,aleatorio,1
69,1,21,0,0,0,0,0,1,0,0,0,1,0,aleatorio,0
42,1,5,0,0,0,0,0,0,1,0,1,1,0,aleatorio,0
55,1,0,0,0,0,0,1,0,0,0,0,1,0,aleatorio,0
40,4,1,1,0,1,0,1,0,1,0,0,1,2,aleatorio,2
67,1,6,0,0,0,1,0,0,0,0,0,0,1,aleatorio,1
69,1,25,0,0,0,0,1,0,0,0,0,1,0,aleatorio,0
32,1,2,0,0,0,0,0,1,0,0,0,1,0,aleatorio,0
68,1,24,0,0,0,0,0,1,0,1,1,1,1,aleatorio,1
19,1,15,0,0,0,0,1,0,0,0,0,1,0,aleatorio,0
24,1,5,0,0,0,1,0,0,0,0,0,1,0,aleatorio,1
54,1,3,0,1,0,0,0,0,0,0,0,1,2,aleatorio,2
36,3,13,1,0,1,1,0,0,0,0,0,1,2,aleatorio,2
57,1,24,0,0,0,1,0,0,0,1,1,0,1,aleatorio,1
36,1,20,0,0,0,0,0,0,1,2,2,1,1,aleatorio,1
58,1,0,0,0,0,0,1,0,0,0,0,1,0,aleatorio,0
18,1,3,0,0,0,0,0,0,1,0,0,0,0,aleatorio,0
24,1,9,0,0,0,0,1,0,0,0,0,1,0,aleatorio,0
62,3,3,1,0,0,0,1,0,1,0,0,1,2,aleatorio,1
69,2,3,1,0,0,0,0,0,1,0,0,1,1,aleatorio,1
53,1,15,0,0,0,0,0,1,0,0,0,1,0,aleatorio,0
18,3,5,1,0,0,0,0,1,1,0,0,1,1,aleatorio,1
42,1,9,0,0,0,1,0,0,0,0,0,0,1,aleatorio,1
20,1,4,0,0,0,0,0,1,0,0,1,1,0,aleatorio,0
56,4,10,1,0,0,1,1,0,0,0,1,1,2,aleatorio,2
51,1,22,0,0,0,0,0,1,0,2,3,1,1,aleatorio,1
45,1,30,0,0,0,0,1,0,0,0,0,1,0,aleatorio,0
51,2,8,1,0,0,0,0,1,1,0,0,1,1,aleatorio,1
49,1,5,0,0,0,0,0,1,0,0,0,1,0,aleatorio,0
69,2,22,1,0,0,0,0,1,1,0,0,1,2,aleatorio,1
34,1,6,0,1,0,0,0,0,0,0,0,1,2,aleatorio,2
43,1,5,0,0,0,1,0,0,0,0,0,1,1,aleatorio,1
60,2,4,1,1,0,1,0,0,0,0,0,1,2,aleatorio,2
27,3,7,1,0,0,0,0,1,0,0,0,1,1,aleatorio,1
69,1,4,0,0,1,0,0,0,0,0,0,1,2,aleatorio,2
50,1,11,0,0,0,0,0,0,1,0,0,1,0,aleatorio,0
33,1,8,0,0,0,1,0,0,0,0,0,1,1,aleatorio,1
59,1,13,0,0,0,0,0,0,1,0,0,1,0,aleatorio,0
47,1,4,0,0,0,0,1,0,0,0,0,0,0,aleatorio,0
27,1,9,0,0,0,1,0,0,0,0,0,1,1,aleatorio,1
67,1,16,0,0,0,0,0,0,1,0,0,1,0,aleatorio,0
42,1,2,0,0,1,0,0,0,0,1,1,1,2,aleatorio,2
62,1,13,0,0,0,0,0,1,0,0,0,0,2,aleatorio,0
68,1,5,0,0,0,0,1,0,0,0,0,1,0,aleatorio,0
65,2,2,1,0,0,0,0,0,1,0,0,1,1,aleatorio,1
67,2,0,1,0,0,0,1,1,0,0,0,1,1,aleatorio,1
20,1,14,0,0,0,0,1,0,0,0,0,1,0,aleatorio,0
56,3,0,1,0,0,0,1,1,0,0,0,1,1,aleatorio,1
21,1,22,0,0,0,0,0,1,0,0,0,0,0,aleatorio,0
52,2,4,1,0,0,0,1,0,0,1,1,1,2,aleatorio,2
59,2,3,1,0,0,0,1,0,0,0,0,1,2,aleatorio,1
37,1,0,0,0,0,0,1,0,0,0,0,1,0,aleatorio,0
69,1,15,0,0,0,0,0,1,0,0,0,1,0,aleatorio,0
23,1,11,0,0,0,0,0,1,0,1,1,1,1,aleatorio,2
36,2,13,1,0,0,0,1,0,1,0,0,1,1,aleatorio,1
22,4,10,1,0,1,0,0,1,0,0,0,1,2,aleatorio,2
54,3,11,1,0,1,1,0,1,0,2,3,1,2,aleatorio,2
34,2,6,1,0,0,0,0,1,0,0,0,1,1,aleatorio,1
27,1,3,0,0,0,0,0,1,0,0,0,1,0,aleatorio,0
31,2,4,1,0,0,0,1,1,0,0,0,0,1,aleatorio,1
29,1,1,0,0,0,0,1,0,0,0,0,1,0,aleatorio,0
27,1,27,0,1,0,0,0,0,0,0,0,1,2,aleatorio,2
55,2,7,1,1,0,0,0,1,0,0,0,1,1,aleatorio,2
34,1,4,0,0,0,0,0,0,1,2,2,1,2,aleatorio,2
52,1,22,0,0,0,1,0,0,0,0,0,1,1,aleatorio,1
34,2,4,1,0,0,0,1,1,0,0,1,1,1,aleatorio,1
29,4,7,1,0,1,0,1,0,1,0,0,1,2,aleatorio,2
25,2,0,1,0,0,0,1,1,0,0,0,1,1,aleatorio,1
42,1,23,0,0,0,1,0,0,0,0,0,0,1,aleatorio,1
23,2,15,1,0,1,0,0,1,0,0,0,0,2,aleatorio,2
39,2,13,1,0,1,0,0,0,1,0,0,1,2,aleatorio,2
62,1,10,0,0,0,0,1,0,0,0,0,1,0,aleatorio,0
21,1,14,0,0,0,0,1,0,0,3,3,0,2,aleatorio,2
28,1,18,0,0,0,0,1,0,0,0,0,1,0,aleatorio,0
39,2,6,1,0,0,0,0,1,0,0,0,0,1,aleatorio,1
31,1,1,0,0,0,0,1,0,0,0,0,1,2,aleatorio,0
51,3,6,1,0,0,0,1,1,0,2,3,1,1,aleatorio,2
50,3,11,1,0,0,0,1,1,1,0,0,1,1,aleatorio,1
32,1,14,0,0,0,0,0,0,1,0,0,0,0,aleatorio,0
49,2,6,1,0,0,0,1,1,0,1,1,1,2,aleatorio,2
43,2,15,1,0,0,0,1,0,1,0,0,1,2,aleatorio,1
49,1,7,0,0,0,0,0,0,1,0,0,0,0,aleatorio,0
53,2,5,1,0,0,0,1,0,0,0,0,0,1,aleatorio,1
33,0,999,0,0,0,0,0,0,0,2,2,1,1,aleatorio,1
28,2,9,1,0,0,0,1,0,1,0,0,1,1,aleatorio,1
66,2,14,1,0,0,0,0,1,0,0,0,1,0,aleatorio,1
59,4,7,1,0,1,1,1,0,0,0,0,0,2,aleatorio,2
39,2,12,1,1,0,0,1,0,0,0,0,0,2,aleatorio,2
53,1,7,0,0,0,0,1,0,0,0,0,0,0,aleatorio,0
19,1,10,0,0,0,0,0,0,1,0,0,1,0,aleatorio,0
35,1,28,0,1,0,0,0,0,0,1,2,1,2,aleatorio,2
46,1,1,0,0,0,0,0,0,1,0,0,0,2,aleatorio,0
52,2,5,1,0,1,0,0,0,1,0,1,1,2,aleatorio,2
30,2,4,1,1,1,0,0,0,0,1,1,1,2,aleatorio,2
36,2,12,1,0,0,0,0,1,1,0,0,1,1,aleatorio,1
37,1,29,0,0,1,0,0,0,0,0,0,0,2,aleatorio,2
58,1,1,0,0,0,1,0,0,0,0,0,0,1,aleatorio,1
54,4,3,1,1,0,0,1,1,0,0,0,1,2,aleatorio,2
35,2,10,1,0,1,0,0,0,0,0,0,1,2,aleatorio,2
46,2,2,1,1,0,0,1,0,0,1,1,0,2,aleatorio,2
50,2,7,1,0,0,1,1,0,0,1,1,1,2,aleatorio,2
22,1,15,0,0,0,0,0,0,1,0,0,1,0,aleatorio,0
64,2,3,1,0,0,0,0,1,0,0,0,1,0,aleatorio,1
66,1,27,0,0,0,0,1,0,0,0,0,1,0,aleatorio,0
25,1,2,0,0,0,0,1,0,0,0,0,1,0,aleatorio,0
60,1,25,0,0,0,0,1,0,0,0,0,1,0,aleatorio,0
44,2,7,1,0,0,0,1,0,1,1,1,1,2,aleatorio,2
63,1,12,0,0,0,0,0,0,1,0,0,1,0,aleatorio,0
31,1,20,0,1,0,0,0,0,0,0,0,1,2,aleatorio,2
18,1,13,0,0,0,1,0,0,0,0,0,1,1,aleatorio,1
54,1,25,0,0,0,0,1,0,0,0,0,1,0,aleatorio,0
55,1,3,0,0,0,0,0,0,1,0,0,1,0,aleatorio,0
46,1,7,0,0,0,1,0,0,0,0,0,1,1,aleatorio,1
55,3,13,1,0,1,1,0,1,0,0,2,1,2,aleatorio,2
29,2,3,1,0,0,0,1,0,0,0,0,1,1,aleatorio,1
42,1,1,0,0,0,0,0,1,0,0,0,1,0,aleatorio,0
67,2,14,1,0,1,1,0,0,0,1,1,1,2,aleatorio,2
49,1,0,0,0,1,0,0,0,0,0,0,0,2,aleatorio,2
27,3,5,1,0,0,0,1,0,1,0,0,1,1,aleatorio,1
60,4,3,1,0,1,1,1,1,0,0,0,1,2,aleatorio,2
32,2,0,1,1,0,0,1,0,0,0,0,1,2,aleatorio,2
23,1,12,0,0,0,0,1,0,0,0,0,1,0,aleatorio,0
48,1,15,0,0,1,0,0,0,0,0,0,0,2,aleatorio,2
21,0,999,0,0,0,0,0,0,0,1,1,0,1,aleatorio,1
70,1,5,0,0,1,0,0,0,0,0,0,1,2,aleatorio,2
33,2,18,1,1,0,0,1,0,0,0,1,1,2,aleatorio,2
57,3,8,1,0,0,0,1,0,1,0,0,1,1,aleatorio,1
29,1,24,0,0,0,0,1,0,0,0,0,0,0,aleatorio,0
69,1,5,0,0,0,0,0,0,1,0,2,1,1,aleatorio,0
42,1,17,0,0,0,0,0,1,0,0,0,1,0,aleatorio,0
27,1,10,0,1,0,0,0,0,0,0,0,0,2,aleatorio,2
53,1,28,0,0,0,1,0,0,0,1,2,1,1,aleatorio,1
46,2,0,1,0,0,0,0,1,1,0,0,1,1,aleatorio,1
18,5,3,1,1,1,1,0,1,0,0,0,1,0,aleatorio,2
54,1,17,0,0,0,0,0,1,0,0,0,1,0,aleatorio,0
60,3,2,1,0,0,0,0,1,1,0,0,1,0,aleatorio,1
56,2,0,1,0,0,1,0,0,1,0,0,1,2,aleatorio,2
62,1,0,0,0,0,0,1,0,0,0,0,1,0,aleatorio,0
26,2,19,1,0,0,0,0,1,1,0,0,1,1,aleatorio,1
46,1,7,0,0,0,0,0,0,1,1,1,0,2,aleatorio,2
63,4,0,1,0,0,1,1,0,1,0,0,1,2,aleatorio,2
29,2,0,1,0,1,1,0,0,0,0,0,1,2,aleatorio,2
60,1,23,0,0,0,0,0,1,0,0,0,1,1,aleatorio,0
27,2,1,1,0,0,0,1,0,1,0,0,1,1,aleatorio,1
63,3,0,1,0,0,1,0,1,0,0,0,0,2,aleatorio,2
59,1,0,0,0,0,0,1,0,0,0,0,1,0,aleatorio,0
65,2,0,1,0,1,0,0,0,1,0,0,0,2,aleatorio,2
39,3,5,1,0,1,1,0,1,0,0,0,0,2,aleatorio,2
62,2,15,1,0,0,1,0,1,0,0,0,1,2,aleatorio,2
41,1,18,0,1,0,0,0,0,0,0,0,1,2,aleatorio,2
54,3,19,1,0,0,0,1,0,1,0,0,0,1,aleatorio,1
24,2,16,1,0,0,0,1,1,0,0,0,1,1,aleatorio,1
56,4,5,1,0,0,0,0,1,1,0,0,1,1,aleatorio,1
48,1,25,0,0,0,0,1,0,0,0,0,1,0,aleatorio,0
67,1,14,0,0,0,0,0,1,0,0,0,0,0,aleatorio,0
66,1,5,0,0,0,0,0,0,1,0,1,0,2,aleatorio,0
62,2,13,1,0,0,0,0,1,1,0,0,1,1,aleatorio,1
70,1,4,0,0,1,0,0,0,0,0,1,1,2,aleatorio,2
40,2,7,1,0,0,0,1,1,0,0,0,1,1,aleatorio,1
20,2,5,1,0,0,0,0,0,1,0,1,1,1,aleatorio,1
36,1,27,0,0,0,0,0,1,0,0,0,1,0,aleatorio,0
32,2,11,1,0,0,0,0,0,1,0,0,1,1,aleatorio,1
32,3,8,1,0,0,0,0,1,1,0,0,1,1,aleatorio,1
31,1,21,0,0,1,0,0,0,0,0,0,1,2,aleatorio,2
54,1,4,0,0,0,0,0,1,0,0,0,1,0,aleatorio,0
40,1,12,0,0,0,0,1,0,0,0,0,1,0,aleatorio,0
55,3,0,1,0,0,1,1,1,0,0,1,1,2,aleatorio,2
20,3,6,1,0,0,0,0,1,1,0,0,1,1,aleatorio,1
22,1,22,0,0,0,0,1,0,0,0,0,1,0,aleatorio,0
67,1,4,0,0,0,0,0,0,1,1,1,1,2,aleatorio,2
31,1,28,0,0,1,0,0,0,0,0,0,1,2,aleatorio,2
25,1,13,0,0,0,0,0,0,1,0,0,0,0,aleatorio,0
64,4,1,1,0,1,1,1,1,0,0,1,1,1,aleatorio,2
54,1,8,0,0,0,0,1,0,0,0,0,1,0,aleatorio,0
64,2,15,1,0,0,0,1,1,0,0,0,1,1,aleatorio,1
23,1,30,0,0,0,1,0,0,0,0,0,0,1,aleatorio,1
69,1,1,0,0,0,0,0,1,0,0,0,1,0,aleatorio,0
48,2,11,1,0,0,0,0,1,1,0,0,1,1,aleatorio,1
45,1,25,0,0,0,0,1,0,0,0,0,1,0,aleatorio,0
51,2,11,1,0,1,0,0,0,1,0,0,1,2,aleatorio,2
42,3,2,1,0,1,1,1,0,0,0,0,1,2,aleatorio,2
27,2,6,1,0,0,0,0,1,0,0,0,1,1,aleatorio,1
34,4,7,1,0,0,0,1,1,1,0,0,1,1,aleatorio,1
53,2,3,1,0,0,0,1,0,1,0,0,0,2,aleatorio,1
59,1,12,0,0,0,1,0,0,0,0,0,1,1,aleatorio,1
49,1,18,0,0,1,0,0,0,0,2,2,1,2,aleatorio,2
46,1,15,0,0,0,0,0,0,1,0,0,1,0,aleatorio,0
70,1,6,0,0,0,0,0,0,1,0,1,1,0,aleatorio,0
63,1,13,0,0,0,0,0,0,1,0,0,1,2,aleatorio,0
21,2,2,1,0,0,0,0,1,1,0,0,1,1,aleatorio,1
66,1,14,0,0,1,0,0,0,0,0,0,1,2,aleatorio,2
34,1,4,0,0,0,0,0,1,0,0,0,1,0,aleatorio,0
27,1,2,0,0,0,0,0,1,0,0,0,1,0,aleatorio,0
20,1,7,0,0,1,0,0,0,0,0,0,0,2,aleatorio,2
60,1,22,0,0,1,0,0,0,0,0,0,1,2,aleatorio,2
28,1,0,0,0,0,0,0,0,1,0,0,1,0,aleatorio,0
43,1,5,0,0,0,0,0,1,0,0,0,0,0,aleatorio,0
56,3,6,1,0,0,1,1,0,0,0,0,0,2,aleatorio,2
58,1,2,0,0,0,0,0,1,0,0,0,0,0,aleatorio,0
62,2,1,1,0,0,1,0,1,0,0,0,1,2,aleatorio,2
22,2,10,1,0,0,0,1,1,0,0,0,1,1,aleatorio,1
46,1,15,0,0,0,0,0,1,0,0,1,1,0,aleatorio,0
70,1,6,0,0,0,0,1,0,0,1,1,1,2,aleatorio,2
29,1,0,0,0,0,0,0,1,0,1,1,1,2,aleatorio,2
68,2,6,1,0,0,0,0,1,1,0,0,1,1,aleatorio,1
67,0,999,0,0,0,0,0,0,0,1,1,1,1,aleatorio,1
22,1,6,0,0,0,0,1,0,0,0,0,1,0,aleatorio,0
34,3,3,1,0,0,0,1,1,0,0,0,1,1,aleatorio,1
36,4,2,1,0,0,1,0,1,1,0,0,1,2,aleatorio,2
39,1,25,0,0,0,0,0,1,0,0,0,1,0,aleatorio,0
38,1,22,0,0,0,0,1,0,0,0,0,1,0,aleatorio,0
26,1,16,0,0,0,0,1,0,0,4,4,1,0,aleatorio,1
48,3,11,1,1,1,0,1,0,0,0,0,1,2,aleatorio,2
64,1,16,0,0,0,0,0,1,0,0,1,0,0,aleatorio,0
18,3,3,1,0,1,0,1,0,0,0,0,0,2,aleatorio,2
20,1,16,0,0,0,0,0,0,1,0,0,1,0,aleatorio,0
19,2,6,1,0,0,0,0,1,1,0,0,1,1,aleatorio,1
63,1,8,0,0,0,1,0,0,0,0,1,0,1,aleatorio,1
27,1,6,0,0,0,0,1,0,0,0,0,0,0,aleatorio,0
31,1,18,0,0,0,0,0,1,0,0,2,0,0,aleatorio,0
55,1,10,0,1,0,0,0,0,0,0,0,1,2,aleatorio,2
66,1,10,0,0,0,0,0,0,1,0,0,0,0,aleatorio,0
22,1,5,0,0,0,0,1,0,0,0,0,1,0,aleatorio,0
33,1,7,0,0,0,1,0,0,0,2,3,1,2,aleatorio,2
48,1,9,0,0,0,1,0,0,0,1,1,1,2,aleatorio,2
67,2,1,1,1,0,1,0,0,0,0,0,0,2,aleatorio,2
60,2,1,1,0,0,0,0,1,1,0,0,1,1,aleatorio,1
34,4,10,1,0,0,1,1,0,0,2,3,1,2,aleatorio,2
18,1,11,0,0,1,0,0,0,0,0,0,0,2,aleatorio,2
31,1,6,0,0,0,1,0,0,0,1,2,1,2,aleatorio,2
46,1,13,0,0,0,1,0,0,0,0,0,1,1,aleatorio,1
54,4,4,1,1,1,0,0,0,0,0,0,1,2,aleatorio,2
61,1,6,0,0,0,1,0,0,0,0,0,1,1,aleatorio,1
33,2,1,1,0,0,0,1,1,0,0,0,0,1,aleatorio,1
37,1,5,0,0,0,0,1,0,0,0,0,1,0,aleatorio,0
24,1,14,0,0,0,0,1,0,0,0,0,0,0,aleatorio,0
21,1,15,0,0,0,0,0,0,1,0,0,1,0,aleatorio,0
35,1,8,0,0,0,0,0,1,0,0,0,0,0,aleatorio,0
36,6,4,1,1,0,1,1,0,0,1,2,1,2,aleatorio,2
46,1,14,0,0,0,1,0,0,0,1,1,1,2,aleatorio,2
70,1,7,0,0,0,0,0,0,1,0,0,1,0,aleatorio,0
27,1,9,0,0,0,0,0,1,0,0,0,1,0,aleatorio,0
62,1,3,0,0,0,0,1,0,0,0,1,1,0,aleatorio,0
60,1,4,0,0,0,0,1,0,0,0,1,1,0,aleatorio,0
54,1,13,0,0,1,0,0,0,0,1,3,1,2,aleatorio,2
28,1,6,0,0,0,1,0,0,0,0,0,1,1,aleatorio,1
41,2,1,1,1,0,0,1,0,0,1,1,1,2,aleatorio,2
65,2,3,1,0,1,0,1,0,0,0,2,1,2,aleatorio,2
27,1,13,0,0,0,0,0,0,1,0,0,1,0,aleatorio,0
36,2,7,1,1,0,0,0,1,0,0,0,1,0,aleatorio,2
51,2,11,1,0,0,0,1,1,0,1,2,1,0,aleatorio,2
24,2,4,1,0,0,0,1,0,1,0,0,1,1,aleatorio,1
46,1,14,0,0,0,0,0,1,0,0,0,1,0,aleatorio,0
41,1,11,0,0,1,0,0,0,0,1,1,1,2,aleatorio,2
27,1,21,0,0,0,0,0,1,0,0,0,1,2,aleatorio,0
24,1,0,0,0,0,0,0,0,1,2,2,0,2,aleatorio,2
58,3,5,1,0,0,0,1,0,1,0,0,1,1,aleatorio,1
19,4,3,1,0,0,0,1,1,0,0,0,1,1,aleatorio,1
61,1,5,0,0,0,0,0,1,0,0,0,1,2,aleatorio,0
35,1,24,0,0,0,1,0,0,0,0,1,1,1,aleatorio,1
19,1,27,0,0,0,0,0,1,0,0,0,1,0,aleatorio,0
44,2,14,1,0,0,0,0,1,1,0,0,0,1,aleatorio,1
34,1,4,0,0,0,0,1,0,0,0,0,1,0,aleatorio,0
49,1,24,0,0,0,0,0,0,1,0,0,1,0,aleatorio,0
58,1,29,0,0,0,0,0,1,0,1,1,1,1,aleatorio,1
21,2,1,1,0,1,0,0,0,0,0,0,1,2,aleatorio,2
19,3,9,1,0,0,0,1,1,1,0,0,1,1,aleatorio,1
59,2,14,1,0,0,0,0,1,1,0,0,1,1,aleatorio,1
34,2,1,1,1,0,0,0,1,0,2,3,1,2,aleatorio,2
63,1,2,0,0,0,0,0,0,1,0,0,1,0,aleatorio,0
32,1,29,0,0,0,0,1,0,0,0,0,0,0,aleatorio,0
37,1,2,0,0,0,0,0,1,0,1,1,1,2,aleatorio,2
20,1,14,0,0,0,0,0,1,0,0,0,1,0,aleatorio,0
44,3,2,1,0,1,0,1,1,0,0,0,0,2,aleatorio,2
46,4,7,1,0,0,1,1,1,0,0,0,1,2,aleatorio,2
23,3,2,1,1,0,1,0,1,0,1,3,1,2,aleatorio,2
42,1,1,0,0,0,1,0,0,0,0,0,0,1,aleatorio,1
64,1,15,0,0,0,0,1,0,0,1,1,1,2,aleatorio,2
38,1,26,0,0,0,0,0,0,1,3,3,1,1,aleatorio,1
27,1,14,0,0,0,0,1,0,0,0,0,0,0,aleatorio,0
52,1,18,0,0,0,1,0,0,0,2,2,1,1,aleatorio,1
64,2,17,1,0,1,0,0,1,0,0,0,1,2,aleatorio,2
35,1,2,0,0,0,0,0,1,0,0,0,1,0,aleatorio,0
54,1,2,0,0,0,0,1,0,0,0,0,1,0,aleatorio,0
55,1,10,0,0,0,0,0,0,1,0,0,1,0,aleatorio,0
28,1,21,0,0,0,1,0,0,0,1,1,1,1,aleatorio,1
54,2,6,1,0,0,1,0,0,1,0,0,1,1,aleatorio,2
64,1,28,0,0,0,0,1,0,0,0,0,1,0,aleatorio,0
57,1,19,0,0,0,0,0,0,1,1,1,1,1,aleatorio,1
48,1,19,0,0,0,1,0,0,0,0,0,1,1,aleatorio,1
31,2,6,1,0,1,0,0,1,0,0,0,1,0,aleatorio,2
61,1,12,0,0,0,0,1,0,0,0,0,1,0,aleatorio,0
36,1,2,0,0,0,0,0,1,0,0,0,1,1,aleatorio,0
38,2,6,1,0,0,0,1,0,1,0,0,1,1,aleatorio,1
56,1,12,0,0,0,0,1,0,0,0,0,1,0,aleatorio,0
54,1,7,0,0,0,0,0,0,1,0,0,0,0,aleatorio,0
55,1,6,0,0,0,1,0,0,0,1,2,0,2,aleatorio,2
64,1,7,0,0,0,1,0,0,0,0,0,1,1,aleatorio,1
31,1,20,0,0,0,0,0,1,0,0,0,1,0,aleatorio,0
49,2,13,1,1,0,0,0,1,0,0,0,1,2,aleatorio,2
18,1,3,0,0,0,1,0,0,0,0,0,1,1,aleatorio,1
45,1,12,0,0,0,0,0,1,0,0,0,1,0,aleatorio,0
32,1,20,0,0,0,0,0,1,0,0,0,1,0,aleatorio,0
51,2,3,1,0,0,0,0,1,1,0,0,0,1,aleatorio,1
42,2,11,1,0,0,0,0,1,0,0,0,1,1,aleatorio,1
25,1,10,0,0,0,0,0,0,1,0,1,1,0,aleatorio,0
39,1,10,0,0,0,0,0,1,0,0,0,0,0,aleatorio,0
30,3,1,1,0,1,0,1,0,0,0,0,1,2,aleatorio,2
36,1,7,0,0,0,0,0,1,0,0,0,0,0,aleatorio,0
67,2,15,1,1,0,0,0,1,0,0,0,1,2,aleatorio,2
21,1,1,0,0,0,0,0,0,1,0,0,0,0,aleatorio,0
36,1,12,0,0,0,0,0,1,0,0,0,1,1,aleatorio,0
33,1,21,0,0,0,0,1,0,0,0,0,0,0,aleatorio,0
19,1,11,0,0,1,0,0,0,0,0,0,1,2,aleatorio,2
20,1,27,0,0,0,1,0,0,0,0,0,1,1,aleatorio,1
48,1,5,0,0,0,0,0,0,1,0,0,0,0,aleatorio,0
22,1,16,0,0,0,0,1,0,0,0,0,1,0,aleatorio,0
57,2,3,1,0,0,0,0,1,1,0,0,1,1,aleatorio,1
65,1,7,0,0,0,0,0,1,0,0,0,0,0,aleatorio,0
51,1,9,0,0,0,0,0,0,1,0,0,1,0,aleatorio,0
66,3,2,1,1,0,0,1,0,0,1,2,1,2,aleatorio,2
34,2,3,1,0,1,0,1,0,0,0,0,1,2,aleatorio,2
47,1,11,0,0,0,0,0,0,1,0,0,1,1,aleatorio,0
30,1,13,0,0,0,0,0,1,0,0,0,1,0,aleatorio,0
54,1,22,0,0,0,0,1,0,0,0,0,1,0,aleatorio,0
42,1,28,0,0,0,0,1,0,0,0,0,1,2,aleatorio,0
38,2,9,1,1,0,0,0,0,1,2,2,1,0,aleatorio,2
52,2,5,1,0,0,1,1,0,0,0,0,1,2,aleatorio,2
34,3,5,1,0,0,0,1,0,1,0,0,1,1,aleatorio,1
21,1,16,0,0,0,0,0,0,1,1,1,1,1,aleatorio,1
70,2,1,1,0,1,1,0,0,0,0,0,1,2,aleatorio,2
50,1,3,0,0,0,0,1,0,0,1,1,0,2,aleatorio,2
52,1,13,0,0,0,0,0,1,0,0,0,1,0,aleatorio,0
49,1,22,0,0,0,1,0,0,0,0,0,0,1,aleatorio,1
51,1,22,0,0,0,0,0,0,1,0,0,1,0,aleatorio,0
23,1,10,0,0,0,0,1,0,0,0,0,0,0,aleatorio,0
45,3,12,1,1,0,1,0,0,0,1,1,1,2,aleatorio,2
41,2,8,1,0,0,0,1,0,1,0,0,1,1,aleatorio,1
67,3,1,1,0,1,0,0,1,0,0,0,1,2,aleatorio,2
43,1,11,0,0,0,1,0,0,0,0,0,1,1,aleatorio,1
26,1,12,0,0,0,0,1,0,0,0,0,0,0,aleatorio,0
70,2,5,1,0,1,0,0,0,0,0,0,1,2,aleatorio,2
21,1,9,0,0,0,0,0,0,1,0,0,1,0,aleatorio,0
35,2,5,1,0,0,0,0,1,0,0,0,1,1,aleatorio,1
28,1,11,0,0,0,0,0,1,0,1,2,1,2,aleatorio,2
57,2,7,1,1,0,0,1,0,0,0,0,1,2,aleatorio,2
54,1,2,0,0,0,0,0,1,0,0,0,0,0,aleatorio,0
63,2,4,1,0,0,0,0,1,0,1,1,1,1,aleatorio,2
52,1,18,0,0,0,0,0,1,0,1,3,1,1,aleatorio,1
68,3,12,1,0,0,0,1,0,1,0,0,1,1,aleatorio,1
38,1,23,0,0,0,0,1,0,0,0,0,1,0,aleatorio,0
30,3,8,1,0,0,0,1,0,1,0,0,0,1,aleatorio,1
37,1,26,0,0,0,0,1,0,0,0,0,1,0,aleatorio,0
23,3,1,1,0,1,0,1,0,0,1,1,1,2,aleatorio,2
55,2,20,1,0,1,1,0,0,0,0,0,1,2,aleatorio,2
52,1,3,0,0,0,1,0,0,0,0,0,1,1,aleatorio,1
40,1,5,0,0,1,0,0,0,0,0,0,1,2,aleatorio,2
25,1,7,0,0,0,0,1,0,0,0,0,1,0,aleatorio,0
29,1,2,0,0,0,0,1,0,0,0,0,0,0,aleatorio,0
30,1,11,0,0,0,0,0,1,0,0,0,1,0,aleatorio,0
27,1,20,0,0,1,0,0,0,0,0,0,0,2,aleatorio,2
20,1,10,0,0,0,1,0,0,0,0,0,1,1,aleatorio,1
27,2,8,1,0,0,0,0,1,1,0,0,0,1,aleatorio,1
54,1,6,0,0,0,0,0,1,0,0,0,1,0,aleatorio,0
41,1,30,0,0,0,0,0,0,1,0,0,1,0,aleatorio,0
53,2,19,1,0,0,0,1,0,0,1,1,1,1,aleatorio,1
43,1,3,0,0,0,0,0,1,0,0,0,0,0,aleatorio,0
27,2,4,1,0,0,0,0,1,0,0,1,1,1,aleatorio,1
70,3,2,1,0,0,0,0,1,1,0,0,1,0,aleatorio,1
18,3,12,1,1,1,0,0,0,1,1,1,1,2,aleatorio,2
36,1,4,0,0,0,1,0,0,0,0,0,1,1,aleatorio,1
70,1,4,0,0,0,0,1,0,0,0,0,1,2,aleatorio,0
18,3,11,1,0,0,1,1,1,0,0,0,0,2,aleatorio,2
24,1,11,0,0,0,0,0,1,0,0,0,0,0,aleatorio,0
49,3,7,1,0,1,1,1,0,0,0,0,1,2,aleatorio,2
34,1,16,0,0,0,0,0,1,0,0,1,0,0,aleatorio,0
39,2,5,1,0,0,0,1,0,1,0,0,1,1,aleatorio,1
70,1,4,0,0,0,0,1,0,0,1,1,0,2,aleatorio,2
39,1,11,0,0,0,0,0,1,0,0,0,1,0,aleatorio,0
63,1,14,0,0,0,0,0,1,0,0,0,1,0,aleatorio,0
53,1,16,0,0,0,0,0,1,0,2,4,1,1,aleatorio,1
48,1,0,0,0,0,0,1,0,0,0,0,1,0,aleatorio,0
35,1,15,0,0,0,0,0,1,0,0,0,1,0,aleatorio,0
47,2,0,1,1,0,0,0,1,0,0,0,1,2,aleatorio,2
22,1,20,0,0,0,0,0,0,1,0,1,1,0,aleatorio,0
49,0,999,0,0,0,0,0,0,0,2,2,0,1,aleatorio,1
24,2,6,1,0,0,0,0,1,1,0,0,1,1,aleatorio,1
45,1,27,0,0,0,1,0,0,0,0,0,1,1,aleatorio,1
52,2,5,1,0,0,0,0,1,1,0,0,1,1,aleatorio,1
54,1,10,0,0,0,0,0,0,1,1,2,1,2,aleatorio,2
57,1,15,0,1,0,0,0,0,0,0,0,1,0,aleatorio,2
50,1,30,0,0,0,0,0,0,1,0,0,1,0,aleatorio,0
29,1,10,0,0,0,0,1,0,0,0,0,1,0,aleatorio,0
68,2,12,1,1,0,1,0,0,0,0,0,1,2,aleatorio,2
35,2,10,1,1,0,0,0,0,1,2,2,1,2,aleatorio,2
61,4,7,1,0,0,0,0,1,1,0,1,1,1,aleatorio,1
29,1,16,0,0,0,0,0,1,0,0,0,1,0,aleatorio,0
36,1,23,0,0,1,0,0,0,0,0,0,1,2,aleatorio,2
67,4,4,1,0,0,1,0,1,0,0,0,1,0,aleatorio,2
21,2,5,1,1,0,0,1,0,0,0,0,0,2,aleatorio,2
52,1,17,0,0,0,0,0,0,1,0,0,0,0,aleatorio,0
66,2,11,1,1,0,0,1,0,0,0,0,1,2,aleatorio,2
58,1,9,0,0,0,0,0,1,0,0,0,1,1,aleatorio,0
22,1,8,0,0,0,0,1,0,0,0,0,1,0,aleatorio,0
67,1,19,0,0,0,0,0,1,0,1,3,1,1,aleatorio,1
49,1,16,0,0,0,1,0,0,0,0,0,0,1,aleatorio,1
32,1,9,0,0,0,0,1,0,0,0,0,0,0,aleatorio,0
61,1,26,0,0,0,1,0,0,0,0,0,1,2,aleatorio,1
55,1,20,0,0,0,0,0,1,0,0,0,0,0,aleatorio,0
24,1,30,0,0,0,0,1,0,0,0,1,1,0,aleatorio,0
40,1,25,0,0,1,0,0,0,0,0,0,1,2,aleatorio,2
45,1,11,0,0,0,1,0,0,0,0,0,1,1,aleatorio,1
25,3,12,1,0,0,1,1,1,0,0,0,1,2,aleatorio,2
48,1,2,0,0,0,0,0,1,0,0,0,1,0,aleatorio,0
57,3,0,1,0,0,0,1,1,1,0,0,0,1,aleatorio,1
37,1,21,0,0,1,0,0,0,0,0,0,1,2,aleatorio,2
60,1,26,0,0,0,0,0,1,0,0,0,0,0,aleatorio,0
65,1,11,0,0,0,1,0,0,0,0,0,0,1,aleatorio,1
63,1,24,0,0,0,0,0,1,0,0,0,1,0,aleatorio,0
60,2,4,1,0,0,0,1,1,0,0,0,1,1,aleatorio,1
29,2,11,1,0,0,1,0,1,0,0,0,1,0,aleatorio,2
53,1,2,0,0,0,0,0,0,1,1,1,1,2,aleatorio,2
64,1,8,0,0,1,0,0,0,0,0,0,0,2,aleatorio,2
49,4,1,1,0,0,0,1,1,1,0,0,1,1,aleatorio,1
18,1,5,0,0,0,0,0,1,0,0,1,1,0,aleatorio,0
44,2,8,1,0,0,0,1,1,0,1,1,1,2,aleatorio,2
42,1,16,0,0,1,0,0,0,0,0,0,1,2,aleatorio,2
22,4,1,1,1,0,0,1,0,0,0,0,1,2,aleatorio,2
31,3,1,1,0,0,0,0,1,1,0,0,1,1,aleatorio,1
23,2,14,1,0,0,0,0,1,0,0,0,0,1,aleatorio,1
66,1,11,0,1,0,0,0,0,0,3,3,1,2,aleatorio,2
38,1,9,0,0,1,0,0,0,0,2,2,1,2,aleatorio,2
35,1,5,0,0,0,0,0,1,0,0,0,1,0,aleatorio,0
27,3,6,1,0,1,1,1,0,0,1,1,0,2,aleatorio,2
40,1,27,0,0,0,0,0,0,1,0,0,1,0,aleatorio,0
24,1,20,0,0,0,0,0,1,0,0,0,1,0,aleatorio,0
46,2,19,1,0,1,0,1,0,0,0,0,1,2,aleatorio,2
28,1,26,0,0,0,0,0,0,1,0,0,1,0,aleatorio,0
56,2,5,1,0,0,1,0,1,0,1,1,1,2,aleatorio,2
49,1,1,0,1,0,0,0,0,0,0,0,0,2,aleatorio,2
48,2,5,1,1,0,0,1,0,0,1,1,1,2,aleatorio,2
34,2,2,1,0,0,0,1,0,0,0,0,1,1,aleatorio,1
63,1,15,0,0,0,1,0,0,0,0,0,0,1,aleatorio,1
23,1,22,0,0,0,1,0,0,0,0,0,1,1,aleatorio,1
58,1,10,0,0,0,1,0,0,0,0,1,1,1,aleatorio,1
21,3,1,1,0,0,0,0,1,1,2,2,1,2,aleatorio,2
42,1,25,0,0,0,1,0,0,0,0,0,1,1,aleatorio,1
21,1,20,0,0,0,0,0,0,1,0,0,1,0,aleatorio,0
68,1,14,0,0,0,1,0,0,0,0,0,1,1,aleatorio,1
37,1,3,0,0,0,0,1,0,0,0,0,1,0,aleatorio,0
70,3,9,1,0,0,0,0,0,1,0,0,1,1,aleatorio,1
26,2,9,1,0,0,0,1,0,0,0,0,1,1,aleatorio,1
64,3,5,1,0,0,0,1,1,0,0,0,1,1,aleatorio,1
29,1,24,0,0,0,0,0,1,0,0,0,0,0,aleatorio,0
55,2,0,1,0,0,0,1,0,1,1,1,1,2,aleatorio,2
32,2,11,1,1,0,0,0,0,1,0,0,1,2,aleatorio,2
29,2,1,1,0,0,0,0,0,1,0,0,1,1,aleatorio,1
58,0,999,0,0,0,0,0,0,0,3,4,0,1,aleatorio,1
26,2,5,1,0,1,0,1,0,0,0,0,1,2,aleatorio,2
31,1,6,0,0,0,1,0,0,0,0,0,1,1,aleatorio,1
34,1,7,0,0,0,1,0,0,0,0,0,1,1,aleatorio,1
29,1,22,0,0,0,0,0,1,0,0,0,1,0,aleatorio,0
55,2,6,1,0,0,0,0,1,1,0,0,1,1,aleatorio,1
69,1,19,0,0,0,0,0,1,0,1,1,0,1,aleatorio,1
57,2,5,1,0,0,1,0,0,0,0,0,1,2,aleatorio,2
52,1,0,0,0,0,0,0,1,0,1,1,1,2,aleatorio,2
57,1,14,0,0,0,0,1,0,0,0,0,1,0,aleatorio,0
51,1,16,0,0,0,0,1,0,0,1,1,1,1,aleatorio,1
38,1,6,0,0,1,0,0,0,0,0,0,0,2,aleatorio,2
58,1,12,0,0,0,0,0,0,1,2,2,1,2,aleatorio,2
30,1,3,0,0,0,0,0,0,1,0,0,1,0,aleatorio,0
19,1,4,0,0,0,1,0,0,0,0,0,0,1,aleatorio,1
20,1,2,0,0,0,0,0,0,1,0,0,1,0,aleatorio,0
49,1,0,0,0,0,0,0,1,0,0,0,0,0,aleatorio,0
65,1,13,0,0,0,0,1,0,0,1,1,0,2,aleatorio,2
18,2,7,1,0,0,0,1,1,0,1,1,0,2,aleatorio,2
22,4,1,1,0,1,0,1,1,0,0,1,1,2,aleatorio,2
54,1,10,0,0,0,0,0,0,1,0,1,1,0,aleatorio,0
39,2,2,1,0,0,0,1,1,0,0,0,1,1,aleatorio,1
25,1,2,0,0,0,0,0,0,1,0,0,1,0,aleatorio,0
68,1,3,0,0,0,0,0,0,1,1,1,1,2,aleatorio,2
67,1,30,0,0,0,0,1,0,0,0,0,0,0,aleatorio,0
31,2,6,1,0,0,0,1,1,0,0,0,1,1,aleatorio,1
47,2,0,1,0,0,0,1,1,0,0,0,1,1,aleatorio,1
34,1,9,0,0,0,1,0,0,0,0,0,1,1,aleatorio,1
44,3,9,1,0,0,0,0,1,1,0,0,1,1,aleatorio,1
37,2,1,1,0,0,0,1,1,0,0,0,1,1,aleatorio,1
37,1,7,0,0,0,0,0,0,1,0,0,1,0,aleatorio,0
42,2,4,1,0,0,0,1,0,0,0,0,1,0,aleatorio,1
20,1,27,0,0,1,0,0,0,0,0,0,1,2,aleatorio,2
26,2,9,1,0,0,0,1,0,0,1,1,1,2,aleatorio,2
65,1,6,0,0,0,0,1,0,0,0,0,0,0,aleatorio,0
31,1,10,0,0,0,0,0,0,1,0,0,0,1,aleatorio,0
24,3,6,1,0,0,0,0,1,0,1,3,1,2,aleatorio,2
23,4,3,1,0,0,1,1,1,1,0,0,1,2,aleatorio,2
36,4,1,1,0,0,1,0,1,0,0,0,1,2,aleatorio,2
61,1,3,0,0,0,0,1,0,0,0,0,1,0,aleatorio,0
33,4,10,1,1,0,1,0,0,1,0,0,0,2,aleatorio,2
18,1,1,0,0,1,0,0,0,0,0,0,1,2,aleatorio,2
60,1,23,0,0,0,1,0,0,0,2,2,1,1,aleatorio,1
50,1,5,0,0,0,0,0,0,1,0,0,0,0,aleatorio,0
35,2,6,1,0,0,0,1,1,0,0,0,0,1,aleatorio,1
39,2,9,1,1,0,1,0,0,0,0,0,1,2,aleatorio,2
43,1,6,0,0,0,0,0,1,0,0,0,1,0,aleatorio,0
51,1,4,0,0,0,0,1,0,0,0,1,1,0,aleatorio,0
60,1,17,0,0,0,1,0,0,0,0,0,1,0,aleatorio,1
23,1,15,0,0,0,0,0,1,0,0,0,1,0,aleatorio,0
37,2,3,1,0,0,0,1,0,0,0,0,1,1,aleatorio,1
40,1,29,0,0,0,1,0,0,0,0,0,1,1,aleatorio,1
32,1,15,0,1,0,0,0,0,0,1,1,1,2,aleatorio,2
52,1,14,0,0,0,0,0,0,1,0,0,1,1,aleatorio,0
64,1,1,0,0,0,0,1,0,0,1,1,0,2,aleatorio,2
40,1,12,0,0,0,0,0,1,0,1,1,1,2,aleatorio,2
48,1,15,0,0,0,0,1,0,0,1,3,0,2,aleatorio,2
21,4,6,1,0,1,0,1,1,1,0,0,0,2,aleatorio,2
38,2,0,1,0,0,0,1,0,1,0,0,1,1,aleatorio,1
51,1,12,0,0,0,0,0,1,0,0,0,1,0,aleatorio,0
48,2,3,1,0,0,0,0,1,1,0,0,1,1,aleatorio,1
68,2,9,1,1,0,0,0,1,0,0,0,1,2,aleatorio,2
32,2,1,1,0,0,1,0,1,0,0,0,0,2,aleatorio,2
47,1,9,0,0,0,0,1,0,0,0,0,0,1,aleatorio,0
48,1,26,0,0,1,0,0,0,0,0,0,1,2,aleatorio,2
39,1,4,0,0,0,0,0,1,0,0,0,0,1,aleatorio,0
30,2,6,1,0,0,0,0,0,1,0,0,1,1,aleatorio,1
32,2,9,1,0,0,0,0,0,1,0,0,1,1,aleatorio,1
33,2,2,1,1,0,0,0,0,1,0,0,1,2,aleatorio,2
52,2,12,1,0,1,0,0,0,1,0,0,1,2,aleatorio,2
59,2,2,1,0,1,1,0,0,0,0,1,1,2,aleatorio,2
37,1,15,0,0,0,0,0,0,1,1,1,1,2,aleatorio,2
25,3,7,1,1,0,0,1,0,0,0,0,1,2,aleatorio,2
63,1,26,0,0,0,0,0,1,0,0,0,0,0,aleatorio,0
25,4,4,1,0,0,0,1,1,1,0,0,1,1,aleatorio,1
58,1,11,0,0,0,0,0,1,0,0,0,1,0,aleatorio,0
49,2,7,1,0,0,0,1,0,1,0,0,1,1,aleatorio,1
24,1,8,0,0,0,0,1,0,0,0,0,1,0,aleatorio,0
63,1,29,0,0,0,1,0,0,0,0,0,0,1,aleatorio,1
58,1,28,0,0,0,0,0,1,0,0,0,1,0,aleatorio,0
60,2,14,1,0,0,0,1,0,1,0,0,1,1,aleatorio,1
29,1,12,0,0,0,0,0,1,0,0,0,1,0,aleatorio,0
54,1,5,0,0,0,0,0,1,0,0,1,1,0,aleatorio,0
51,2,9,1,1,0,0,1,0,0,0,0,1,2,aleatorio,2
29,3,9,1,0,1,1,0,0,1,1,1,1,2,aleatorio,2
37,1,8,0,0,0,0,0,0,1,0,0,1,0,aleatorio,0
24,1,30,0,0,0,1,0,0,0,2,4,1,1,aleatorio,1
26,1,18,0,0,0,0,1,0,0,1,1,1,0,aleatorio,1
70,3,4,1,1,0,0,1,0,1,0,0,1,2,aleatorio,2
57,1,3,0,0,0,0,0,1,0,0,0,1,0,aleatorio,0
25,1,2,0,0,1,0,0,0,0,0,0,1,2,aleatorio,2
24,2,11,1,0,0,1,1,0,0,0,0,1,2,aleatorio,2
51,1,14,0,0,0,0,0,1,0,1,1,1,2,aleatorio,2
61,3,0,1,0,1,1,1,0,0,0,0,1,2,aleatorio,2
39,1,26,0,0,0,1,0,0,0,0,0,1,1,aleatorio,1
70,1,23,0,0,0,0,0,0,1,0,0,1,0,aleatorio,0
55,0,999,0,0,0,0,0,0,0,2,2,1,1,aleatorio,1
53,2,22,1,1,0,0,0,1,0,1,1,1,2,aleatorio,2
22,3,1,1,0,0,1,1,1,0,0,0,1,2,aleatorio,2
63,1,5,0,0,0,1,0,0,0,0,0,1,1,aleatorio,1
18,2,2,1,0,0,0,0,1,1,0,0,1,1,aleatorio,1
51,1,7,0,0,0,0,0,1,0,0,0,1,0,aleatorio,0
62,1,2,0,0,0,0,0,0,1,1,1,1,2,aleatorio,2
35,1,30,0,0,0,1,0,0,0,0,0,1,1,aleatorio,1
44,2,5,1,0,0,0,0,1,1,0,0,1,1,aleatorio,1
67,1,25,0,0,0,0,1,0,0,0,0,0,0,aleatorio,0
23,1,29,0,0,0,1,0,0,0,0,0,1,1,aleatorio,1
55,1,0,0,0,0,0,0,1,0,0,0,1,0,aleatorio,0
55,4,3,1,1,1,0,1,1,0,0,0,1,2,aleatorio,2
45,1,10,0,0,0,0,1,0,0,0,0,0,0,aleatorio,0
36,1,5,0,0,0,0,0,1,0,0,0,1,0,aleatorio,0
24,1,27,0,0,0,0,0,0,1,0,0,1,0,aleatorio,0
41,1,17,0,0,0,0,0,0,1,0,0,1,0,aleatorio,0
37,1,2,0,0,0,0,1,0,0,0,0,1,0,aleatorio,0
38,1,8,0,0,0,1,0,0,0,0,1,1,1,aleatorio,1
60,1,0,0,1,0,0,0,0,0,0,0,1,2,aleatorio,2
50,2,9,1,0,0,0,1,1,0,0,0,1,1,aleatorio,1
50,1,21,0,0,0,0,0,1,0,0,0,0,0,aleatorio,0
64,1,5,0,0,1,0,0,0,0,0,0,1,2,aleatorio,2
47,1,9,0,0,1,0,0,0,0,0,1,1,2,aleatorio,2
19,2,7,1,0,1,1,0,0,0,0,0,1,1,aleatorio,2
61,1,10,0,0,0,1,0,0,0,0,0,1,1,aleatorio,1
50,4,5,1,0,0,1,1,0,1,1,2,1,0,aleatorio,2
68,2,15,1,0,1,0,0,0,1,0,0,1,2,aleatorio,2
39,1,11,0,0,0,0,0,0,1,0,0,1,0,aleatorio,0
28,2,8,1,0,1,1,0,0,0,0,0,1,2,aleatorio,2
68,1,15,0,0,0,1,0,0,0,0,0,0,2,aleatorio,1
55,1,19,0,0,0,0,0,1,0,0,0,0,2,aleatorio,0
32,3,13,1,0,0,0,1,1,0,0,0,0,1,aleatorio,1
46,1,27,0,0,0,1,0,0,0,0,0,1,1,aleatorio,1
39,1,25,0,0,0,0,0,0,1,0,0,1,0,aleatorio,0
61,1,7,0,0,0,0,0,1,0,0,1,1,0,aleatorio,0
26,1,15,0,1,0,0,0,0,0,2,2,1,2,aleatorio,2
27,2,10,1,0,0,0,0,1,1,0,0,0,1,aleatorio,1
43,3,2,1,0,0,0,0,1,0,0,0,1,1,aleatorio,1
64,1,22,0,0,0,0,0,1,0,0,0,1,0,aleatorio,0
52,2,0,1,0,0,0,1,1,0,1,1,0,2,aleatorio,2
57,1,13,0,0,0,0,1,0,0,0,0,1,0,aleatorio,0
31,2,3,1,0,0,1,0,0,1,0,0,1,2,aleatorio,2
57,1,16,0,0,0,0,0,1,0,0,0,1,2,aleatorio,0
37,2,6,1,0,0,0,1,1,0,1,1,1,2,aleatorio,2
40,1,25,0,0,0,0,1,0,0,0,0,0,0,aleatorio,0
44,1,4,0,0,0,0,0,0,1,0,0,1,0,aleatorio,0
55,1,11,0,0,1,0,0,0,0,0,0,1,1,aleatorio,2
49,3,4,1,0,1,1,1,0,0,0,0,1,2,aleatorio,2
46,1,26,0,0,0,0,0,0,1,0,0,1,0,aleatorio,0
50,3,6,1,0,0,1,1,1,0,0,1,1,2,aleatorio,2
55,4,8,1,0,1,0,1,1,0,0,0,1,2,aleatorio,2
26,2,1,1,0,0,0,1,1,0,0,0,0,1,aleatorio,1
46,1,4,0,1,0,0,0,0,0,2,3,0,0,aleatorio,2
43,2,4,1,1,0,0,1,0,0,1,1,1,1,aleatorio,2
44,3,8,1,0,1,1,0,0,0,0,0,1,2,aleatorio,2
28,1,8,0,0,0,0,0,0,1,0,0,1,0,aleatorio,0
48,3,0,1,0,0,0,1,0,1,0,0,1,1,aleatorio,1
60,4,0,1,0,0,1,0,1,1,0,0,1,0,aleatorio,2
57,3,1,1,0,0,1,1,0,1,0,0,0,2,aleatorio,2
70,1,9,0,0,0,0,1,0,0,2,2,1,2,aleatorio,2
51,2,13,1,0,0,1,0,1,0,0,2,1,2,aleatorio,2
25,1,2,0,0,1,0,0,0,0,2,3,1,2,aleatorio,2
53,1,1,0,0,0,0,0,0,1,0,0,1,0,aleatorio,0
24,1,1,0,0,0,0,0,1,0,0,0,0,0,aleatorio,0
20,1,15,0,0,0,0,0,0,1,0,0,1,0,aleatorio,0
49,1,30,0,0,0,1,0,0,0,1,1,1,1,aleatorio,1
34,2,0,1,0,0,0,0,1,1,0,0,1,1,aleatorio,1
18,1,20,0,0,0,0,1,0,0,0,0,1,0,aleatorio,0
51,3,1,1,0,1,1,1,0,0,0,0,1,2,aleatorio,2
43,1,21,0,1,0,0,0,0,0,0,0,0,2,aleatorio,2
65,2,7,1,0,0,1,1,0,0,0,0,1,2,aleatorio,2
45,1,26,0,0,0,0,0,1,0,0,0,1,0,aleatorio,0
22,2,0,1,0,0,0,1,1,0,0,0,1,1,aleatorio,1
64,1,3,0,0,1,0,0,0,0,0,0,0,2,aleatorio,2
18,1,5,0,0,0,0,0,0,1,0,0,1,0,aleatorio,0
28,2,12,1,1,1,0,0,0,0,0,1,1,2,aleatorio,2
26,2,5,1,0,0,1,0,0,1,1,1,1,2,aleatorio,2
25,1,13,0,0,0,0,1,0,0,0,0,1,0,aleatorio,0
59,5,3,1,1,0,1,1,0,0,0,0,1,2,aleatorio,2
53,1,6,0,0,0,1,0,0,0,0,0,0,1,aleatorio,1
53,1,4,0,0,0,0,0,1,0,0,0,1,0,aleatorio,0
39,1,6,0,0,0,0,0,1,0,0,0,0,0,aleatorio,0
36,0,999,0,0,0,0,0,0,0,2,3,1,1,aleatorio,1
55,1,9,0,0,0,0,1,0,0,0,0,1,1,aleatorio,0
66,1,17,0,0,0,0,1,0,0,0,0,1,0,aleatorio,0
48,3,0,1,0,0,0,1,1,0,0,0,1,1,aleatorio,1
62,1,0,0,0,0,0,0,0,1,0,0,1,0,aleatorio,0
26,1,11,0,0,0,0,1,0,0,0,0,1,0,aleatorio,0
42,1,0,0,0,0,1,0,0,0,0,0,1,1,aleatorio,1
52,2,15,1,0,0,0,1,1,0,0,0,1,1,aleatorio,1
18,1,16,0,0,0,0,0,0,1,0,0,0,0,aleatorio,0
35,1,11,0,0,0,1,0,0,0,0,0,1,1,aleatorio,1
20,1,0,0,0,0,0,1,0,0,1,1,0,2,aleatorio,2
51,1,11,0,0,0,0,0,1,0,0,1,1,0,aleatorio,0
25,1,16,0,0,0,0,0,0,1,0,0,1,0,aleatorio,0
60,2,5,1,0,0,0,0,1,1,0,0,1,1,aleatorio,1
61,1,7,0,0,0,0,0,0,1,0,0,1,1,aleatorio,0
29,1,30,0,0,1,0,0,0,0,0,0,1,2,aleatorio,2
38,1,10,0,0,0,0,1,0,0,0,0,1,0,aleatorio,0
46,1,12,0,0,0,0,1,0,0,0,1,1,0,aleatorio,0
20,2,11,1,0,1,1,0,0,0,0,0,1,1,aleatorio,2
44,2,3,1,0,1,0,0,0,1,3,3,1,2,aleatorio,2
36,2,11,1,0,0,0,0,1,1,0,0,1,1,aleatorio,1
27,1,21,0,0,0,0,1,0,0,0,1,1,0,aleatorio,0
27,1,5,0,0,0,0,1,0,0,0,0,1,0,aleatorio,0
28,1,0,0,0,0,0,1,0,0,0,1,1,0,aleatorio,0
22,1,30,0,1,0,0,0,0,0,0,0,1,2,aleatorio,2
26,2,2,1,0,1,0,0,0,1,0,0,1,2,aleatorio,2
52,1,21,0,0,0,1,0,0,0,0,0,1,1,aleatorio,1
38,1,11,0,0,0,0,0,1,0,0,0,1,0,aleatorio,0
68,1,11,0,0,0,0,1,0,0,0,0,1,1,aleatorio,0
18,1,19,0,0,0,0,0,1,0,0,0,1,0,aleatorio,0
67,3,12,1,0,0,0,1,1,1,0,0,1,1,aleatorio,1
30,3,3,1,1,0,0,0,0,0,0,0,1,2,aleatorio,2
26,1,3,0,0,0,0,0,0,1,0,0,1,0,aleatorio,0
45,1,4,0,0,1,0,0,0,0,1,1,1,2,aleatorio,2
46,1,11,0,0,1,0,0,0,0,0,0,0,0,aleatorio,2
49,3,2,1,0,0,1,0,0,0,1,4,1,2,aleatorio,2
39,2,0,1,0,0,1,0,0,1,0,0,1,0,aleatorio,2
21,3,7,1,0,0,1,0,1,0,0,0,0,2,aleatorio,2
21,1,25,0,0,0,0,0,1,0,0,0,1,0,aleatorio,0
69,1,20,0,0,0,0,0,0,1,0,0,0,0,aleatorio,0
27,2,14,1,0,0,0,0,1,0,0,0,1,1,aleatorio,1
58,1,7,0,0,0,0,0,0,1,0,0,1,0,aleatorio,0
63,2,10,1,1,0,0,1,0,0,0,0,0,2,aleatorio,2
42,1,24,0,0,0,0,0,0,1,0,0,1,0,aleatorio,0
45,2,1,1,0,0,0,1,0,0,2,2,1,2,aleatorio,2
45,3,1,1,0,1,0,1,1,0,2,2,1,2,aleatorio,2
41,1,0,0,0,0,0,0,1,0,0,0,1,0,aleatorio,0
57,2,8,1,0,0,1,1,0,0,2,2,0,0,aleatorio,2
59,1,27,0,0,0,0,1,0,0,0,0,0,0,aleatorio,0
25,1,25,0,0,0,0,0,0,1,0,0,0,0,aleatorio,0
25,1,9,0,0,1,0,0,0,0,1,1,0,2,aleatorio,2
20,1,19,0,0,0,0,0,0,1,0,1,1,0,aleatorio,0
28,1,2,0,0,0,0,0,0,1,0,0,1,0,aleatorio,0
29,1,29,0,0,0,0,1,0,0,1,1,0,1,aleatorio,1
69,2,5,1,0,0,1,0,1,0,1,1,0,2,aleatorio,2
23,2,4,1,1,0,0,0,0,0,1,1,1,2,aleatorio,2
70,1,7,0,0,0,0,0,1,0,0,0,1,0,aleatorio,0
64,1,9,0,0,0,0,0,1,0,0,0,1,0,aleatorio,0
30,2,4,1,0,0,0,0,1,0,0,0,1,1,aleatorio,1
57,1,28,0,0,0,0,0,0,1,1,1,1,1,aleatorio,1
23,1,5,0,0,0,0,1,0,0,0,0,1,0,aleatorio,0
39,1,2,0,0,0,0,1,0,0,0,0,0,0,aleatorio,0
33,2,8,1,0,0,0,0,1,0,0,1,0,1,aleatorio,1
21,1,28,0,0,0,1,0,0,0,0,0,1,1,aleatorio,1
18,2,9,1,0,0,0,1,1,0,0,0,1,1,aleatorio,1
24,1,6,0,0,0,0,0,1,0,0,0,0,0,aleatorio,0
32,1,14,0,0,0,1,0,0,0,0,0,1,2,aleatorio,1
29,2,3,1,0,0,0,1,1,0,1,1,1,2,aleatorio,2
40,1,21,0,0,0,0,0,1,0,0,0,1,0,aleatorio,0
29,1,11,0,0,0,0,1,0,0,0,1,1,0,aleatorio,0
55,1,13,0,0,0,0,1,0,0,0,0,1,0,aleatorio,0
20,1,8,0,0,0,0,0,0,1,0,0,1,0,aleatorio,0
62,2,6,1,0,0,0,1,0,0,0,1,0,1,aleatorio,1
45,2,4,1,1,0,0,0,0,1,0,0,0,0,aleatorio,2
19,1,3,0,0,1,0,0,0,0,2,2,1,2,aleatorio,2
42,1,13,0,0,0,0,0,1,0,0,0,0,0,aleatorio,0
26,2,2,1,0,0,0,1,1,0,1,1,1,2,aleatorio,2
41,1,18,0,0,0,0,1,0,0,0,0,1,0,aleatorio,0
25,1,4,0,0,0,0,1,0,0,0,0,1,0,aleatorio,0
43,4,3,1,0,0,1,1,0,1,0,0,1,2,aleatorio,2
30,2,15,1,0,0,0,0,1,0,0,0,1,1,aleatorio,1
22,1,19,0,0,0,1,0,0,0,0,0,1,1,aleatorio,1
51,1,13,0,0,1,0,0,0,0,0,0,1,1,aleatorio,2
42,2,12,1,0,1,0,0,0,1,1,1,1,2,aleatorio,2
66,1,12,0,0,0,1,0,0,0,0,0,1,1,aleatorio,1
53,1,9,0,0,0,1,0,0,0,0,1,1,0,aleatorio,1
43,1,4,0,0,0,0,0,1,0,0,0,1,0,aleatorio,0
49,1,0,0,0,0,1,0,0,0,0,0,1,1,aleatorio,1
37,3,3,1,0,0,0,0,1,1,0,0,0,0,aleatorio,1
34,1,17,0,0,0,1,0,0,0,0,0,1,1,aleatorio,1
50,0,999,0,0,0,0,0,0,0,2,2,1,1,aleatorio,1
40,2,7,1,1,0,0,1,0,0,0,0,1,2,aleatorio,2
68,1,17,0,1,0,0,0,0,0,0,0,1,2,aleatorio,2
70,1,15,0,0,0,0,0,0,1,0,0,1,1,aleatorio,0
18,1,30,0,0,0,0,1,0,0,0,0,0,1,aleatorio,0
24,1,10,0,0,0,1,0,0,0,0,0,1,0,aleatorio,1
47,2,6,1,0,1,0,0,0,0,0,0,1,2,aleatorio,2
58,2,10,1,0,1,0,0,1,0,0,0,1,2,aleatorio,2
28,2,6,1,0,0,1,1,0,0,0,0,1,2,aleatorio,2
25,2,0,1,1,0,0,0,0,1,1,1,1,2,aleatorio,2
31,2,1,1,0,0,1,0,0,0,0,0,1,2,aleatorio,2
28,1,25,0,1,0,0,0,0,0,1,2,1,2,aleatorio,2
45,1,20,0,0,0,0,1,0,0,0,0,1,0,aleatorio,0
33,1,13,0,0,0,0,1,0,0,0,0,0,0,aleatorio,0
29,1,3,0,0,0,0,0,1,0,0,0,1,0,aleatorio,0
21,2,8,1,0,0,1,0,1,0,0,2,1,2,aleatorio,2
70,1,15,0,0,0,0,1,0,0,0,0,0,1,aleatorio,0
67,1,27,0,0,0,1,0,0,0,0,0,1,1,aleatorio,1
46,1,0,0,0,1,0,0,0,0,1,1,1,2,aleatorio,2
57,1,3,0,0,0,0,1,0,0,0,0,1,0,aleatorio,0
23,1,5,0,0,0,1,0,0,0,0,0,1,1,aleatorio,1
55,1,19,0,0,0,0,1,0,0,1,1,1,1,aleatorio,1
34,1,7,0,0,0,0,1,0,0,0,0,1,0,aleatorio,0
27,1,29,0,0,0,0,0,1,0,0,0,1,0,aleatorio,0
69,1,15,0,0,0,0,0,1,0,1,1,1,2,aleatorio,2
27,3,6,1,1,0,0,0,1,0,0,0,0,2,aleatorio,2
26,0,999,0,0,0,0,0,0,0,2,3,1,1,aleatorio,1
34,1,15,0,0,1,0,0,0,0,0,1,1,2,aleatorio,2
22,1,9,0,0,0,1,0,0,0,0,0,0,1,aleatorio,1
70,1,3,0,0,0,1,0,0,0,0,0,1,1,aleatorio,1
69,1,8,0,0,0,0,0,1,0,0,0,0,0,aleatorio,0
60,1,15,0,0,0,0,1,0,0,2,3,1,2,aleatorio,2
30,2,5,1,0,0,1,0,1,0,0,0,1,2,aleatorio,2
55,1,4,0,0,0,1,0,0,0,1,2,1,2,aleatorio,2
32,1,10,0,0,0,0,0,0,1,0,0,1,0,aleatorio,0
57,1,4,0,0,1,0,0,0,0,0,0,1,2,aleatorio,2
54,4,8,1,0,0,0,1,1,1,0,0,1,1,aleatorio,1
41,1,13,0,0,0,0,0,1,0,0,0,0,0,aleatorio,0
28,2,8,1,0,0,0,0,1,1,0,0,1,1,aleatorio,1
70,2,5,1,0,0,1,1,0,0,0,1,1,2,aleatorio,2
58,2,23,1,0,0,0,1,1,0,0,0,1,2,aleatorio,1
33,3,6,1,0,0,1,1,1,0,0,0,1,2,aleatorio,2
21,1,1,0,0,0,1,0,0,0,0,0,1,1,aleatorio,1
29,1,23,0,0,0,0,1,0,0,0,0,1,0,aleatorio,0
48,2,1,1,0,0,0,0,1,0,0,0,1,1,aleatorio,1
68,1,25,0,0,1,0,0,0,0,0,0,0,2,aleatorio,2
55,2,12,1,1,0,0,1,0,0,0,0,1,2,aleatorio,2
38,1,20,0,0,0,1,0,0,0,0,1,1,1,aleatorio,1
18,1,17,0,0,1,0,0,0,0,0,0,0,2,aleatorio,2
34,1,30,0,0,1,0,0,0,0,0,0,0,2,aleatorio,2
66,1,8,0,0,0,0,1,0,0,0,0,1,0,aleatorio,0
46,1,15,0,0,1,0,0,0,0,0,1,1,2,aleatorio,2
35,1,12,0,0,0,1,0,0,0,0,0,1,1,aleatorio,1
42,0,999,0,0,0,0,0,0,0,1,1,1,1,aleatorio,1
64,3,10,1,0,0,0,1,1,1,0,0,0,1,aleatorio,1
53,1,2,0,0,0,0,0,1,0,0,0,0,0,aleatorio,0
65,1,11,0,0,0,0,0,1,0,0,3,1,0,aleatorio,0
62,1,27,0,0,0,0,0,0,1,0,0,1,0,aleatorio,0
60,1,2,0,0,1,0,0,0,0,0,0,1,2,aleatorio,2
25,2,14,1,0,0,0,1,0,0,0,0,1,1,aleatorio,1
53,1,2,0,0,0,0,0,0,1,0,0,1,0,aleatorio,0
44,1,6,0,0,0,0,1,0,0,0,0,1,0,aleatorio,0
66,1,0,0,0,0,0,1,0,0,0,0,1,0,aleatorio,0
57,1,9,0,0,0,0,0,0,1,0,0,1,0,aleatorio,0
39,2,4,1,0,0,1,0,1,0,0,0,1,1,aleatorio,2
64,1,13,0,0,0,0,1,0,0,0,0,1,2,aleatorio,0
43,1,1,0,0,0,0,1,0,0,0,0,1,0,aleatorio,0
34,1,5,0,0,0,0,1,0,0,0,0,1,0,aleatorio,0
47,2,3,1,0,0,0,1,0,1,1,1,1,2,aleatorio,2
59,1,7,0,0,0,0,1,0,0,0,0,1,0,aleatorio,0
26,6,9,1,0,0,0,1,1,1,0,0,0,1,aleatorio,1
69,2,5,1,0,0,0,0,1,1,0,0,1,1,aleatorio,1
52,1,20,0,0,0,0,0,0,1,0,0,1,0,aleatorio,0
29,3,9,1,0,1,0,1,1,0,1,1,1,2,aleatorio,2
34,1,16,0,0,0,0,0,0,1,0,0,1,0,aleatorio,0
23,0,999,0,0,0,0,0,0,0,2,2,1,1,aleatorio,1
69,1,12,0,0,0,0,1,0,0,0,0,1,0,aleatorio,0
57,2,3,1,0,0,0,0,0,1,0,0,1,1,aleatorio,1
56,1,5,0,0,0,1,0,0,0,0,0,1,1,aleatorio,1
28,1,14,0,0,0,1,0,0,0,0,0,0,0,aleatorio,1
38,1,9,0,0,0,0,0,0,1,0,0,1,0,aleatorio,0
25,1,3,0,0,0,0,0,0,1,0,0,1,0,aleatorio,0
54,4,6,1,1,0,0,1,1,1,0,0,1,2,aleatorio,2
65,1,16,0,0,0,0,0,0,1,0,0,0,0,aleatorio,0
50,1,7,0,0,1,0,0,0,0,0,0,1,2,aleatorio,2
29,1,11,0,0,0,0,0,0,1,1,1,1,2,aleatorio,2
63,2,0,1,0,0,0,0,1,0,0,0,0,1,aleatorio,1
18,3,10,1,1,0,0,0,0,1,1,1,1,2,aleatorio,2
34,1,3,0,0,0,1,0,0,0,0,0,0,1,aleatorio,1
63,1,4,0,0,0,0,0,1,0,0,0,1,0,aleatorio,0
60,1,10,0,0,0,0,0,1,0,0,0,0,0,aleatorio,0
31,1,10,0,0,0,0,0,1,0,0,0,1,0,aleatorio,0
24,1,12,0,0,0,0,0,0,1,0,0,1,0,aleatorio,0
60,1,12,0,0,0,0,0,0,1,0,0,0,0,aleatorio,0
25,1,11,0,0,0,1,0,0,0,0,0,1,1,aleatorio,1
27,1,14,0,0,0,0,0,1,0,0,0,1,0,aleatorio,0
43,3,4,1,0,0,0,1,1,1,0,0,1,1,aleatorio,1
67,1,5,0,0,0,0,0,1,0,0,0,1,0,aleatorio,0
45,1,26,0,0,0,1,0,0,0,0,0,1,0,aleatorio,1
45,1,7,0,0,0,0,1,0,0,0,0,0,0,aleatorio,0
30,1,10,0,0,0,1,0,0,0,0,0,1,1,aleatorio,1
50,1,13,0,0,0,0,1,0,0,0,0,1,1,aleatorio,0
48,1,10,0,0,0,0,0,1,0,3,3,1,2,aleatorio,2
58,1,8,0,0,0,0,1,0,0,0,0,1,0,aleatorio,0
45,1,19,0,0,1,0,0,0,0,0,0,1,2,aleatorio,2
46,2,6,1,0,0,0,1,0,0,0,1,1,1,aleatorio,1
26,1,26,0,0,0,0,0,1,0,0,1,1,0,aleatorio,0
43,1,13,0,0,0,0,1,0,0,0,0,1,0,aleatorio,0
62,1,22,0,0,0,0,0,0,1,0,0,1,0,aleatorio,0
50,2,15,1,0,0,0,1,0,1,0,0,1,1,aleatorio,1
59,1,22,0,0,0,0,0,1,0,2,2,1,1,aleatorio,1
24,1,1,0,0,0,1,0,0,0,0,0,1,1,aleatorio,1
23,1,4,0,0,0,0,1,0,0,0,0,1,0,aleatorio,0
20,2,11,1,0,0,1,1,0,0,0,0,1,1,aleatorio,2
29,1,7,0,0,0,0,1,0,0,0,0,1,0,aleatorio,0
25,3,0,1,0,1,1,0,1,0,0,0,1,2,aleatorio,2
54,3,1,1,0,0,1,0,1,0,0,0,0,2,aleatorio,2
49,1,26,0,0,0,0,0,1,0,0,0,1,0,aleatorio,0
52,1,1,0,0,0,0,0,1,0,0,0,1,0,aleatorio,0
63,1,8,0,0,0,0,1,0,0,0,0,1,0,aleatorio,0
42,2,10,1,0,0,1,0,0,0,0,0,0,2,aleatorio,2
48,2,7,1,0,0,0,1,0,1,0,0,1,1,aleatorio,1
53,1,16,0,0,0,0,0,0,1,0,0,0,0,aleatorio,0
19,1,10,0,0,0,1,0,0,0,0,0,1,2,aleatorio,1
51,1,13,0,0,0,0,0,0,1,0,0,1,0,aleatorio,0
49,2,9,1,0,0,0,1,0,1,0,0,1,1,aleatorio,1
25,1,13,0,0,0,1,0,0,0,0,0,0,1,aleatorio,1
41,1,12,0,0,0,0,0,1,0,0,0,1,0,aleatorio,0
65,2,11,1,0,0,0,1,1,0,0,0,1,1,aleatorio,1
47,0,999,0,0,0,0,0,0,0,2,2,1,1,aleatorio,1
52,1,3,0,0,0,0,1,0,0,0,0,1,0,aleatorio,0
61,1,12,0,0,0,1,0,0,0,0,0,1,1,aleatorio,1
63,0,999,0,0,0,0,0,0,0,1,1,1,1,aleatorio,1
24,2,3,1,0,0,0,0,1,0,0,0,1,1,aleatorio,1
59,1,22,0,0,1,0,0,0,0,0,0,1,2,aleatorio,2
32,1,5,0,0,0,0,1,0,0,0,0,1,0,aleatorio,0
60,1,16,0,0,0,0,0,1,0,1,1,1,1,aleatorio,1
68,2,2,1,0,0,0,0,1,0,0,0,0,1,aleatorio,1
68,3,7,1,1,0,0,1,0,1,0,0,1,2,aleatorio,2
42,2,3,1,1,0,0,1,0,0,0,0,0,2,aleatorio,2
36,5,6,1,0,0,0,0,1,1,0,1,1,1,aleatorio,1
22,2,3,1,0,0,0,1,1,0,0,0,1,1,aleatorio,1
54,1,9,0,0,0,0,0,0,1,0,0,1,0,aleatorio,0
38,2,0,1,0,0,0,0,0,1,0,0,1,1,aleatorio,1
69,1,17,0,0,0,0,0,0,1,0,0,1,0,aleatorio,0
22,3,4,1,0,0,1,0,0,1,0,0,1,2,aleatorio,2
39,1,30,0,0,0,0,0,1,0,0,0,1,0,aleatorio,0
66,3,6,1,0,0,1,0,1,1,0,0,1,2,aleatorio,2
43,1,15,0,0,0,0,1,0,0,0,1,0,0,aleatorio,0
41,1,11,0,0,0,0,0,0,1,1,3,1,2,aleatorio,2
29,2,10,1,1,0,0,0,1,0,0,0,1,2,aleatorio,2
39,1,6,0,1,0,0,0,0,0,0,0,0,2,aleatorio,2
61,2,16,1,0,0,0,1,0,0,0,0,1,1,aleatorio,1
69,2,1,1,0,0,0,1,0,1,0,0,1,1,aleatorio,1
63,3,7,1,0,0,0,1,1,0,0,0,1,2,aleatorio,1
54,1,28,0,0,0,0,1,0,0,1,1,1,1,aleatorio,1
43,1,24,0,0,0,0,0,0,1,0,0,0,0,aleatorio,0
54,1,8,0,0,0,1,0,0,0,0,0,1,1,aleatorio,1
18,2,10,1,0,0,0,1,1,0,0,0,1,1,aleatorio,1
44,1,23,0,0,0,0,0,1,0,0,0,1,0,aleatorio,0
42,0,999,0,0,0,0,0,0,0,3,3,0,1,aleatorio,1
60,1,17,0,0,0,0,0,1,0,0,0,1,0,aleatorio,0
64,2,3,1,0,0,0,1,0,0,0,0,1,1,aleatorio,1
59,1,0,0,0,0,1,0,0,0,0,0,1,1,aleatorio,1
64,1,14,0,0,0,0,0,1,0,0,0,0,0,aleatorio,0
48,2,3,1,0,0,0,1,0,1,0,0,1,1,aleatorio,1
65,2,13,1,1,0,0,0,0,1,0,0,1,2,aleatorio,2
57,1,14,0,0,0,0,1,0,0,1,1,1,2,aleatorio,2
52,1,19,0,0,0,1,0,0,0,2,2,1,1,aleatorio,1
45,1,0,0,0,0,1,0,0,0,1,1,0,2,aleatorio,2
38,1,25,0,1,0,0,0,0,0,0,1,1,2,aleatorio,2
56,2,0,1,0,0,0,0,1,1,0,0,1,1,aleatorio,1
67,2,15,1,0,0,0,1,0,1,0,0,0,1,aleatorio,1
57,2,7,1,0,0,0,1,1,0,0,0,1,1,aleatorio,1
61,3,6,1,0,1,0,0,1,1,0,0,1,2,aleatorio,2
19,1,11,0,0,0,1,0,0,0,0,0,0,1,aleatorio,1
65,2,0,1,1,0,0,0,1,0,2,3,0,2,aleatorio,2
43,1,3,0,0,0,0,0,0,1,0,0,0,0,aleatorio,0
27,1,15,0,0,1,0,0,0,0,0,0,1,2,aleatorio,2
35,1,7,0,0,0,1,0,0,0,0,0,1,1,aleatorio,1
35,1,7,0,0,0,0,1,0,0,1,1,1,2,aleatorio,2
34,2,4,1,1,0,0,0,0,0,0,0,1,2,aleatorio,2
23,1,26,0,0,0,1,0,0,0,1,1,1,1,aleatorio,1
49,3,2,1,1,0,0,1,0,0,0,0,1,2,aleatorio,2
56,1,20,0,0,0,0,1,0,0,0,0,1,0,aleatorio,0
43,2,1,1,0,0,0,1,1,0,0,0,1,1,aleatorio,1
38,1,14,0,0,0,0,0,1,0,0,0,1,0,aleatorio,0
47,1,30,0,0,0,0,0,1,0,0,0,1,0,aleatorio,0
34,1,26,0,0,0,0,1,0,0,0,0,1,0,aleatorio,0
29,1,13,0,0,1,0,0,0,0,1,1,1,2,aleatorio,2
44,1,6,0,0,0,0,0,0,1,0,0,1,0,aleatorio,0
41,1,8,0,0,0,1,0,0,0,0,0,1,1,aleatorio,1
61,1,1,0,0,0,0,1,0,0,0,2,1,2,aleatorio,0
34,2,2,1,0,0,1,0,0,0,1,1,1,2,aleatorio,2
37,2,4,1,0,0,0,1,1,0,0,1,1,1,aleatorio,1
38,1,6,0,0,0,0,0,1,0,0,0,1,0,aleatorio,0
21,2,14,1,0,0,0,1,1,0,0,0,1,1,aleatorio,1
28,1,0,0,1,0,0,0,0,0,0,1,1,2,aleatorio,2
31,1,11,0,0,0,0,0,1,0,0,0,0,0,aleatorio,0
22,1,3,0,0,0,0,0,0,1,0,0,1,0,aleatorio,0
66,1,23,0,0,0,0,0,1,0,1,1,1,1,aleatorio,1
58,1,24,0,0,0,1,0,0,0,0,0,1,1,aleatorio,1
69,2,0,1,0,0,0,1,1,0,0,0,0,1,aleatorio,1
26,3,9,1,0,0,0,1,1,0,0,0,1,1,aleatorio,1
27,1,4,0,0,0,0,0,0,1,1,1,1,2,aleatorio,2
52,2,2,1,0,0,0,1,0,1,0,0,1,1,aleatorio,1
39,1,3,0,0,0,1,0,0,0,1,1,1,2,aleatorio,2
18,2,7,1,0,0,1,0,1,0,0,0,1,2,aleatorio,2
21,2,6,1,0,0,0,0,1,0,0,0,1,1,aleatorio,1
60,2,6,1,1,0,1,0,0,0,0,0,1,1,aleatorio,2
18,1,7,0,1,0,0,0,0,0,1,1,1,2,aleatorio,2
44,1,9,0,0,0,0,0,0,1,0,0,1,0,aleatorio,0
34,1,0,0,0,0,0,0,0,1,0,0,1,0,aleatorio,0
58,1,19,0,0,0,0,0,1,0,0,0,0,0,aleatorio,0
65,1,9,0,0,0,0,1,0,0,0,0,1,0,aleatorio,0
58,1,29,0,0,0,0,1,0,0,0,0,0,0,aleatorio,0
34,1,0,0,0,0,0,0,1,0,0,0,1,0,aleatorio,0
49,1,18,0,0,0,0,0,0,1,0,0,1,0,aleatorio,0
46,1,14,0,0,1,0,0,0,0,2,2,1,2,aleatorio,2
46,0,999,0,0,0,0,0,0,0,3,3,1,1,aleatorio,1
56,1,5,0,0,1,0,0,0,0,0,0,0,2,aleatorio,2
40,2,10,1,0,0,0,0,1,1,0,0,1,1,aleatorio,1
27,1,3,0,0,0,0,1,0,0,0,0,0,0,aleatorio,0
66,2,12,1,0,0,0,1,0,0,0,0,0,1,aleatorio,1
22,4,3,1,0,1,0,1,0,0,0,0,1,2,aleatorio,2
48,1,19,0,0,0,0,0,1,0,0,0,0,0,aleatorio,0
67,1,10,0,0,0,1,0,0,0,0,0,0,1,aleatorio,1
52,1,27,0,0,0,0,1,0,0,0,0,1,0,aleatorio,0
41,1,13,0,1,0,0,0,0,0,1,2,1,2,aleatorio,2
60,2,1,1,0,1,0,0,1,0,0,0,0,2,aleatorio,2
26,1,1,0,1,0,0,0,0,0,1,1,0,2,aleatorio,2
26,1,8,0,0,0,0,1,0,0,0,0,1,0,aleatorio,0
51,1,2,0,0,0,0,0,0,1,0,0,1,0,aleatorio,0
28,1,12,0,0,0,0,1,0,0,0,0,1,2,aleatorio,0
35,2,4,1,1,0,1,0,0,0,0,1,1,2,aleatorio,2
20,1,9,0,0,0,1,0,0,0,0,0,1,1,aleatorio,1
26,1,17,0,0,0,0,0,1,0,0,0,1,1,aleatorio,0
18,1,12,0,0,1,0,0,0,0,2,2,1,2,aleatorio,2
35,1,27,0,0,0,0,0,0,1,0,0,1,0,aleatorio,0
62,1,9,0,0,0,0,0,0,1,0,0,1,0,aleatorio,0
52,1,12,0,0,0,0,0,1,0,0,0,0,0,aleatorio,0
46,1,10,0,1,0,0,0,0,0,0,0,0,2,aleatorio,2
19,2,0,1,0,0,0,0,0,1,0,0,1,1,aleatorio,1
49,1,20,0,0,0,0,1,0,0,0,1,0,0,aleatorio,0
53,3,2,1,0,0,0,0,1,0,0,0,1,1,aleatorio,1
37,1,10,0,0,0,0,1,0,0,0,0,1,0,aleatorio,0
63,1,27,0,0,0,0,0,0,1,1,1,1,1,aleatorio,1
67,1,20,0,0,0,0,1,0,0,2,2,1,1,aleatorio,1
34,3,0,1,0,0,1,0,1,0,0,0,1,2,aleatorio,2
58,1,6,0,0,0,0,0,0,1,0,0,0,0,aleatorio,0
70,1,14,0,0,0,0,0,0,1,0,0,1,0,aleatorio,0
32,0,999,0,0,0,0,0,0,0,1,2,1,1,aleatorio,1
68,1,9,0,0,0,0,1,0,0,0,0,1,0,aleatorio,0
61,1,4,0,0,0,1,0,0,0,0,0,1,1,aleatorio,1
19,1,19,0,0,0,0,0,1,0,1,1,0,1,aleatorio,1
56,3,10,1,0,0,0,1,0,1,0,0,1,1,aleatorio,1
34,1,2,0,0,0,0,0,0,1,0,0,1,0,aleatorio,0
61,1,3,0,0,0,0,0,1,0,0,0,1,0,aleatorio,0
38,1,12,0,0,0,0,0,1,0,0,0,1,0,aleatorio,0
58,1,27,0,0,0,0,1,0,0,0,1,0,0,aleatorio,0
53,2,2,1,0,0,0,1,0,1,1,1,0,2,aleatorio,2
70,2,2,1,0,0,0,1,0,0,0,0,1,1,aleatorio,1
33,1,14,0,0,0,0,1,0,0,1,1,1,2,aleatorio,2
52,3,8,1,1,0,0,1,0,1,1,2,1,2,aleatorio,2
22,1,2,0,0,0,0,1,0,0,0,0,1,0,aleatorio,0
46,2,2,1,0,0,0,0,1,1,0,0,1,1,aleatorio,1
40,1,9,0,0,0,1,0,0,0,0,0,1,1,aleatorio,1
55,1,27,0,0,0,0,1,0,0,0,1,0,0,aleatorio,0
18,1,13,0,0,0,0,0,0,1,0,0,1,0,aleatorio,0
51,1,23,0,0,0,0,1,0,0,0,0,1,0,aleatorio,0
23,2,4,1,0,0,0,1,1,0,0,0,0,1,aleatorio,1
31,1,6,0,0,0,0,0,1,0,1,2,1,2,aleatorio,2
58,1,9,0,1,0,0,0,0,0,0,0,1,2,aleatorio,2
53,1,3,0,0,0,1,0,0,0,0,0,0,1,aleatorio,1
61,2,10,1,0,0,0,0,1,1,2,2,1,2,aleatorio,2
26,1,0,0,0,0,0,0,0,1,0,0,1,0,aleatorio,0
18,4,0,1,0,1,0,1,0,1,0,0,1,2,aleatorio,2
22,1,13,0,0,0,0,1,0,0,0,0,1,0,aleatorio,0
33,2,12,1,0,0,0,1,0,0,0,0,1,1,aleatorio,1
66,3,1,1,0,1,0,1,0,0,1,1,1,2,aleatorio,2
33,2,0,1,0,1,0,0,1,0,0,0,1,2,aleatorio,2
55,2,8,1,0,0,1,1,0,0,1,1,1,2,aleatorio,2
21,1,3,0,0,0,0,1,0,0,0,0,1,0,aleatorio,0
33,1,4,0,0,0,0,0,1,0,0,0,1,0,aleatorio,0
47,1,5,0,0,0,1,0,0,0,0,0,1,1,aleatorio,1
23,1,2,0,0,0,0,0,0,1,0,0,1,0,aleatorio,0
67,3,9,1,0,0,1,0,0,1,0,1,1,0,aleatorio,2
28,1,16,0,0,0,0,1,0,0,1,1,1,1,aleatorio,1
28,1,14,0,0,0,0,0,0,1,0,0,1,0,aleatorio,0
49,1,5,0,0,0,1,0,0,0,0,1,1,1,aleatorio,1
46,2,7,1,0,0,0,1,0,0,0,0,1,1,aleatorio,1
58,1,17,0,0,0,0,0,1,0,2,2,1,1,aleatorio,1
33,4,1,1,0,0,0,1,1,1,0,0,1,1,aleatorio,1
24,1,16,0,0,0,0,0,0,1,0,0,0,0,aleatorio,0
35,2,1,1,0,0,0,0,0,1,0,0,1,1,aleatorio,1
68,2,5,1,1,1,0,0,0,0,0,0,1,2,aleatorio,2
20,1,1,0,0,0,0,1,0,0,0,0,1,0,aleatorio,0
26,1,28,0,0,0,0,0,0,1,0,1,1,2,aleatorio,0
29,2,17,1,0,0,0,1,1,0,1,1,1,0,aleatorio,1
30,1,16,0,0,0,0,1,0,0,2,3,1,1,aleatorio,1
35,1,24,0,0,0,0,0,1,0,0,0,1,0,aleatorio,0
61,1,18,0,0,0,0,0,0,1,1,1,1,1,aleatorio,1
68,2,0,1,0,0,0,0,1,1,0,0,1,2,aleatorio,1
36,1,29,0,0,0,1,0,0,0,0,0,1,1,aleatorio,1
50,3,19,1,0,0,1,1,0,0,0,0,1,2,aleatorio,2
28,1,22,0,0,0,0,0,0,1,1,1,1,1,aleatorio,1
50,1,15,0,0,0,1,0,0,0,3,3,1,2,aleatorio,2
55,2,7,1,1,0,0,1,0,0,0,0,0,2,aleatorio,2
55,1,20,0,0,0,0,1,0,0,1,1,0,1,aleatorio,1
48,1,22,0,0,0,0,0,1,0,0,0,0,0,aleatorio,0
44,1,13,0,0,0,0,0,1,0,0,0,1,0,aleatorio,0
61,3,14,1,0,0,0,1,0,1,0,0,0,1,aleatorio,1
36,4,0,1,0,0,0,1,1,0,0,0,1,1,aleatorio,1
21,1,24,0,0,0,0,0,1,0,0,0,1,0,aleatorio,0
37,4,13,1,1,0,0,1,1,0,1,1,1,2,aleatorio,2
34,1,18,0,0,0,0,1,0,0,1,1,0,1,aleatorio,1
63,1,11,0,0,0,0,0,1,0,0,0,1,2,aleatorio,0
59,3,0,1,0,0,0,0,1,1,0,2,0,1,aleatorio,1
67,1,11,0,0,0,0,0,1,0,0,0,1,0,aleatorio,0
48,0,999,0,0,0,0,0,0,0,3,3,1,1,aleatorio,1
35,1,1,0,0,0,0,0,1,0,0,0,1,0,aleatorio,0
42,1,2,0,0,0,0,1,0,0,0,0,1,0,aleatorio,0
62,3,3,1,0,0,0,0,1,1,0,0,0,1,aleatorio,1
26,1,13,0,0,0,1,0,0,0,0,0,1,1,aleatorio,1
25,2,2,1,0,0,0,1,1,0,0,0,0,1,aleatorio,1
62,2,12,1,0,0,0,1,1,0,0,0,1,1,aleatorio,1
54,4,3,1,0,1,1,0,1,0,0,0,1,2,aleatorio,2
32,3,0,1,0,0,0,1,0,1,0,0,1,1,aleatorio,1
69,3,0,1,0,0,0,1,1,1,0,0,1,1,aleatorio,1
24,2,8,1,0,0,0,1,0,1,1,2,1,1,aleatorio,2
70,1,7,0,1,0,0,0,0,0,0,1,1,2,aleatorio,2
49,1,23,0,0,0,1,0,0,0,0,0,0,1,aleatorio,1
36,1,29,0,0,0,0,1,0,0,0,0,0,0,aleatorio,0
59,3,9,1,0,0,1,0,1,1,0,0,1,2,aleatorio,2
40,0,999,0,0,0,0,0,0,0,1,1,1,1,aleatorio,1
42,3,4,1,1,0,1,0,1,0,0,0,1,2,aleatorio,2
39,1,8,0,0,0,1,0,0,0,0,0,1,1,aleatorio,1
30,1,3,0,0,0,0,1,0,0,1,1,1,2,aleatorio,2
28,1,1,0,1,0,0,0,0,0,0,0,0,2,aleatorio,2
59,2,1,1,0,0,0,1,1,0,0,0,1,1,aleatorio,1
53,1,5,0,0,0,0,1,0,0,0,0,1,1,aleatorio,0
36,2,2,1,0,1,0,1,0,0,0,0,0,2,aleatorio,2
32,0,999,0,0,0,0,0,0,0,3,3,1,1,aleatorio,1
48,1,21,0,0,0,1,0,0,0,0,0,0,1,aleatorio,1
36,2,17,1,0,0,1,0,0,0,2,2,1,2,aleatorio,2
26,1,21,0,0,0,1,0,0,0,0,0,0,2,aleatorio,1
44,1,13,0,0,0,1,0,0,0,0,1,1,1,aleatorio,1
67,1,11,0,0,0,1,0,0,0,0,0,1,1,aleatorio,1
64,4,0,1,0,0,1,0,1,1,0,0,1,2,aleatorio,2
18,1,6,0,0,0,0,0,0,1,1,1,0,2,aleatorio,2
28,3,1,1,0,0,1,0,1,0,0,0,1,2,aleatorio,2
21,1,6,0,0,0,0,0,0,1,0,0,1,0,aleatorio,0
33,2,2,1,0,0,0,0,0,1,0,0,1,1,aleatorio,1
23,1,25,0,0,0,0,0,0,1,1,1,0,1,aleatorio,1
51,3,15,1,0,0,0,1,0,1,0,0,1,1,aleatorio,1
36,2,3,1,0,0,1,0,1,0,2,3,1,2,aleatorio,2
48,1,23,0,0,0,0,1,0,0,0,0,1,1,aleatorio,0
48,1,16,0,0,0,0,0,1,0,0,0,0,0,aleatorio,0
27,1,22,0,0,0,0,0,1,0,0,0,1,0,aleatorio,0
44,1,22,0,0,0,1,0,0,0,0,0,1,1,aleatorio,1
67,1,0,0,0,0,0,0,1,0,0,0,0,0,aleatorio,0
51,1,19,0,0,0,0,0,0,1,1,1,1,2,aleatorio,1
24,1,17,0,0,0,1,0,0,0,0,0,1,2,aleatorio,1
18,1,26,0,1,0,0,0,0,0,0,1,1,2,aleatorio,2
70,1,3,0,0,0,0,0,0,1,0,0,1,0,aleatorio,0
68,1,6,0,0,0,0,0,0,1,0,0,1,0,aleatorio,0
46,1,23,0,0,0,0,0,0,1,0,0,1,0,aleatorio,0
59,2,8,1,0,0,0,1,0,0,0,0,1,1,aleatorio,1
68,1,15,0,1,0,0,0,0,0,1,1,1,2,aleatorio,2
54,1,3,0,0,0,1,0,0,0,0,0,0,2,aleatorio,1
47,1,13,0,0,0,0,1,0,0,0,0,1,0,aleatorio,0
32,1,8,0,0,0,1,0,0,0,0,0,0,1,aleatorio,1
44,1,4,0,0,0,0,0,1,0,0,2,1,0,aleatorio,0
30,1,7,0,1,0,0,0,0,0,0,0,1,2,aleatorio,2
24,1,30,0,0,0,0,0,1,0,1,1,1,1,aleatorio,1
43,1,27,0,0,0,0,0,1,0,0,1,1,1,aleatorio,0
30,1,2,0,0,1,0,0,0,0,0,0,1,2,aleatorio,2
51,1,1,0,0,1,0,0,0,0,0,0,0,0,aleatorio,2
39,1,5,0,0,0,0,0,0,1,0,0,0,0,aleatorio,0
18,1,22,0,0,0,1,0,0,0,1,1,0,1,aleatorio,1
70,1,27,0,0,0,0,0,1,0,0,0,0,0,aleatorio,0
26,1,11,0,0,0,0,0,0,1,0,0,1,0,aleatorio,0
56,1,5,0,0,0,0,0,1,0,0,0,1,0,aleatorio,0
35,2,8,1,0,0,1,0,0,0,0,0,1,2,aleatorio,2
54,1,26,0,1,0,0,0,0,0,0,0,1,0,aleatorio,2
58,1,2,0,0,0,0,0,0,1,1,1,1,2,aleatorio,2
30,1,14,0,0,0,0,0,1,0,0,0,0,0,aleatorio,0
27,2,8,1,0,1,0,0,1,0,0,0,0,0,aleatorio,2
54,2,2,1,0,0,0,0,1,1,0,0,1,1,aleatorio,1
39,1,3,0,0,0,0,1,0,0,1,2,1,2,aleatorio,2
43,1,13,0,0,0,0,0,0,1,0,0,1,0,aleatorio,0
58,1,6,0,0,0,0,0,0,1,1,1,0,1,aleatorio,2
31,2,8,1,0,0,1,0,0,1,1,1,1,2,aleatorio,2
57,1,19,0,0,0,0,1,0,0,0,0,0,0,aleatorio,0
19,1,12,0,0,0,1,0,0,0,0,0,1,1,aleatorio,1
44,1,11,0,0,0,0,1,0,0,0,1,1,0,aleatorio,0
48,2,5,1,0,0,0,0,1,1,0,0,1,1,aleatorio,1
64,1,4,0,0,0,0,0,1,0,2,2,1,2,aleatorio,2
61,1,10,0,0,0,0,0,1,0,0,0,1,0,aleatorio,0
23,1,14,0,0,0,0,0,1,0,1,1,1,2,aleatorio,2
25,3,9,1,0,0,0,1,1,0,0,0,1,1,aleatorio,1
56,1,2,0,0,0,1,0,0,0,0,0,1,1,aleatorio,1
24,1,14,0,0,0,1,0,0,0,0,0,0,1,aleatorio,1
69,2,2,1,1,0,0,1,0,0,0,0,1,2,aleatorio,2
57,2,2,1,0,1,0,0,1,0,3,3,0,2,aleatorio,2
31,3,8,1,0,0,0,0,1,1,0,2,1,1,aleatorio,1
46,2,1,1,0,1,0,0,1,0,0,0,1,2,aleatorio,2
20,1,3,0,0,0,0,0,0,1,0,0,1,0,aleatorio,0
51,1,1,0,0,0,0,0,0,1,0,0,1,0,aleatorio,0
60,2,2,1,0,0,0,0,1,0,0,0,0,1,aleatorio,1
57,2,13,1,1,0,0,1,0,0,0,0,1,2,aleatorio,2
35,1,15,0,0,0,0,0,0,1,0,0,0,0,aleatorio,0
67,3,8,1,0,0,0,1,0,0,0,0,1,1,aleatorio,1
55,1,18,0,0,0,0,1,0,0,0,0,1,0,aleatorio,0
42,3,11,1,0,0,0,1,0,1,0,0,1,1,aleatorio,1
28,1,30,0,1,0,0,0,0,0,0,0,1,2,aleatorio,2
57,1,24,0,0,0,0,1,0,0,0,0,1,0,aleatorio,0
21,2,5,1,0,0,0,1,0,1,0,0,1,1,aleatorio,1
41,4,3,1,0,0,1,1,1,1,0,0,0,2,aleatorio,2
55,1,16,0,1,0,0,0,0,0,0,0,0,2,aleatorio,2
26,1,16,0,1,0,0,0,0,0,0,0,1,2,aleatorio,2
41,1,0,0,0,0,1,0,0,0,0,0,1,1,aleatorio,1
32,1,0,0,0,1,0,0,0,0,0,1,1,2,aleatorio,2
38,2,0,1,0,0,1,1,0,0,0,0,1,2,aleatorio,2
70,2,0,1,0,0,1,0,1,0,0,0,1,2,aleatorio,2
30,1,25,0,0,0,0,0,0,1,0,0,0,0,aleatorio,0
53,1,28,0,0,0,1,0,0,0,0,0,1,1,aleatorio,1
52,1,4,0,0,0,0,0,1,0,0,0,0,0,aleatorio,0
32,1,21,0,0,0,0,1,0,0,2,3,1,1,aleatorio,1
30,3,13,1,0,1,0,1,0,1,0,0,1,0,aleatorio,2
31,1,27,0,0,0,1,0,0,0,0,0,1,1,aleatorio,1
41,1,10,0,0,0,0,0,1,0,0,0,1,0,aleatorio,0
40,3,2,1,0,0,0,0,1,1,0,0,1,1,aleatorio,1
39,1,25,0,0,0,1,0,0,0,0,0,1,1,aleatorio,1
43,1,1,0,0,1,0,0,0,0,0,0,1,2,aleatorio,2
20,2,0,1,0,0,0,1,1,0,0,0,0,1,aleatorio,1
33,2,11,1,0,0,0,1,0,1,1,1,1,2,aleatorio,2
64,0,999,0,0,0,0,0,0,0,1,2,1,1,aleatorio,1
27,3,1,1,0,1,0,0,1,0,0,0,1,2,aleatorio,2
64,1,24,0,1,0,0,0,0,0,0,0,1,2,aleatorio,2
28,2,6,1,0,0,0,1,1,0,0,0,1,1,aleatorio,1
22,1,26,0,0,0,0,1,0,0,2,4,1,1,aleatorio,1
56,4,5,1,0,0,0,1,1,1,0,0,1,1,aleatorio,1
22,2,2,1,0,0,0,1,0,1,0,0,1,1,aleatorio,1
27,1,6,0,0,0,0,0,0,1,0,0,0,0,aleatorio,0
47,1,30,0,0,0,1,0,0,0,0,0,0,1,aleatorio,1
68,1,27,0,0,0,0,0,0,1,0,0,1,1,aleatorio,0
28,1,14,0,0,0,0,0,1,0,0,0,1,0,aleatorio,0
35,1,9,0,0,0,0,0,1,0,0,0,0,0,aleatorio,0
37,1,6,0,0,0,1,0,0,0,0,0,1,2,aleatorio,1
39,2,11,1,1,0,0,0,0,1,0,0,1,2,aleatorio,2
68,2,14,1,0,0,0,0,1,1,0,0,1,1,aleatorio,1
69,1,23,0,0,0,1,0,0,0,1,1,1,1,aleatorio,1
28,2,15,1,0,0,0,1,1,0,0,0,1,1,aleatorio,1
69,2,13,1,0,0,1,0,1,0,0,0,1,2,aleatorio,2
62,3,1,1,0,0,0,1,0,0,0,0,1,1,aleatorio,1
38,1,3,0,0,0,0,1,0,0,0,0,0,0,aleatorio,0
69,4,3,1,0,0,0,0,1,1,0,0,1,1,aleatorio,1
70,2,4,1,1,0,1,0,0,0,1,2,1,2,aleatorio,2
29,2,7,1,0,0,0,1,0,1,0,0,1,1,aleatorio,1
39,1,13,0,0,0,0,0,1,0,0,0,0,0,aleatorio,0
36,1,26,0,0,0,0,0,0,1,0,0,1,0,aleatorio,0
22,2,11,1,0,0,1,0,1,0,1,2,1,2,aleatorio,2
41,3,6,1,1,1,0,0,1,0,0,0,1,2,aleatorio,2
57,1,14,0,0,0,0,0,1,0,0,0,0,0,aleatorio,0
64,1,21,0,0,0,1,0,0,0,0,0,1,1,aleatorio,1
68,3,4,1,0,0,0,1,1,0,0,0,1,2,aleatorio,1
45,2,1,1,0,0,0,0,1,0,0,1,0,1,aleatorio,1
39,1,13,0,0,0,0,0,0,1,0,0,1,0,aleatorio,0
57,2,1,1,0,0,0,0,1,0,0,0,0,1,aleatorio,1
68,4,4,1,0,1,1,1,1,0,0,0,1,2,aleatorio,2
37,1,3,0,0,0,0,0,0,1,0,0,1,0,aleatorio,0
68,2,1,1,0,0,1,1,0,0,0,0,1,2,aleatorio,2
19,1,19,0,0,0,1,0,0,0,1,1,1,1,aleatorio,1
21,3,2,1,1,1,0,0,0,1,0,0,1,2,aleatorio,2
48,1,19,0,0,0,0,0,1,0,1,1,1,1,aleatorio,1
62,1,5,0,0,0,0,0,0,1,0,2,1,2,aleatorio,0
62,1,26,0,0,0,0,1,0,0,1,1,1,0,aleatorio,1
61,2,5,1,0,0,0,1,0,0,1,1,1,2,aleatorio,2
39,5,0,1,0,0,0,1,0,1,0,0,0,1,aleatorio,1
23,2,1,1,0,1,0,0,1,0,1,1,1,2,aleatorio,2
60,1,12,0,0,0,0,0,1,0,0,0,0,0,aleatorio,0
29,1,30,0,1,0,0,0,0,0,2,2,1,2,aleatorio,2
63,3,3,1,0,0,0,0,0,1,0,0,1,2,aleatorio,1
24,1,3,0,1,0,0,0,0,0,1,1,0,2,aleatorio,2
44,1,5,0,0,1,0,0,0,0,0,0,1,2,aleatorio,2
32,1,14,0,0,0,0,1,0,0,0,0,1,0,aleatorio,0
36,1,6,0,0,0,1,0,0,0,0,0,1,1,aleatorio,1
25,3,6,1,1,0,0,1,1,0,0,0,0,2,aleatorio,2
42,1,4,0,0,1,0,0,0,0,0,0,1,0,aleatorio,2
34,1,17,0,0,0,0,0,0,1,0,0,1,0,aleatorio,0
56,3,2,1,1,1,1,0,0,0,0,0,1,2,aleatorio,2
62,1,0,0,0,0,1,0,0,0,0,0,1,1,aleatorio,1
18,2,18,1,0,0,0,1,1,0,0,0,1,2,aleatorio,1
55,0,999,0,0,0,0,0,0,0,3,3,0,1,aleatorio,1
63,1,29,0,0,0,0,1,0,0,0,0,1,0,aleatorio,0
21,3,0,1,0,0,0,1,0,1,0,0,1,1,aleatorio,1
68,4,12,1,1,0,1,1,0,0,0,0,1,2,aleatorio,2
62,2,2,1,0,0,0,1,0,1,0,0,1,1,aleatorio,1
50,1,13,0,0,0,0,0,1,0,0,0,1,0,aleatorio,0
67,2,19,1,0,0,0,1,1,0,0,0,1,1,aleatorio,1
20,1,7,0,0,0,1,0,0,0,0,0,0,1,aleatorio,1
57,1,14,0,0,0,1,0,0,0,2,2,1,2,aleatorio,2
46,1,19,0,0,0,0,1,0,0,0,0,0,0,aleatorio,0
29,1,5,0,0,0,0,0,0,1,0,0,0,0,aleatorio,0
36,1,5,0,0,0,0,1,0,0,0,0,1,0,aleatorio,0
51,1,3,0,0,0,1,0,0,0,0,0,0,1,aleatorio,1
63,1,30,0,0,0,1,0,0,0,0,0,1,1,aleatorio,1
38,1,3,0,0,0,0,0,1,0,0,0,1,1,aleatorio,0
24,1,11,0,0,0,0,0,1,0,1,1,1,2,aleatorio,2
67,3,0,1,0,1,1,0,0,0,0,0,1,2,aleatorio,2
55,2,6,1,0,0,0,1,0,1,0,0,1,1,aleatorio,1
21,1,2,0,0,0,0,0,1,0,0,0,1,0,aleatorio,0
69,1,7,0,0,0,0,1,0,0,0,0,1,0,aleatorio,0
33,3,7,1,0,0,0,0,1,1,0,0,1,1,aleatorio,1
61,1,15,0,0,1,0,0,0,0,0,0,0,2,aleatorio,2
49,1,3,0,0,0,0,0,0,1,0,0,1,0,aleatorio,0
35,1,6,0,0,0,0,0,1,0,0,0,1,0,aleatorio,0
51,1,8,0,0,0,0,0,0,1,2,2,1,2,aleatorio,2
18,2,8,1,0,0,0,1,1,0,0,0,1,0,aleatorio,1
42,1,10,0,0,0,0,1,0,0,0,0,1,0,aleatorio,0
53,2,5,1,0,0,0,1,0,0,1,1,1,2,aleatorio,2
56,1,4,0,0,0,1,0,0,0,0,0,1,1,aleatorio,1
26,1,25,0,0,0,0,0,1,0,0,0,1,0,aleatorio,0
25,1,18,0,0,0,0,0,1,0,0,0,0,0,aleatorio,0
27,3,5,1,0,0,0,0,1,0,0,0,1,1,aleatorio,1
42,2,5,1,0,0,1,1,0,0,0,0,0,2,aleatorio,2
27,1,28,0,1,0,0,0,0,0,1,1,1,2,aleatorio,2
35,1,13,0,1,0,0,0,0,0,0,0,1,2,aleatorio,2
50,1,11,0,0,0,1,0,0,0,0,0,1,1,aleatorio,1
63,1,12,0,0,0,0,0,1,0,0,0,1,0,aleatorio,0
20,1,13,0,0,0,0,0,0,1,0,0,1,0,aleatorio,0
42,3,0,1,0,1,1,0,0,1,1,1,1,2,aleatorio,2
24,1,20,0,0,0,0,0,1,0,2,2,0,1,aleatorio,1
23,1,3,0,0,0,0,0,1,0,0,0,1,0,aleatorio,0
55,1,7,0,0,0,0,0,0,1,0,0,0,0,aleatorio,0
28,1,9,0,1,0,0,0,0,0,0,0,1,1,aleatorio,2
63,1,15,0,0,0,0,1,0,0,0,0,1,0,aleatorio,0
67,1,7,0,0,0,1,0,0,0,1,2,1,2,aleatorio,2
50,1,4,0,0,0,0,0,1,0,0,0,0,0,aleatorio,0
32,1,28,0,0,0,0,1,0,0,0,0,1,2,aleatorio,0
50,1,0,0,0,0,1,0,0,0,0,0,1,1,aleatorio,1
51,1,18,0,0,1,0,0,0,0,3,3,1,2,aleatorio,2
50,1,3,0,0,0,0,1,0,0,0,0,0,2,aleatorio,0
61,1,17,0,0,0,0,1,0,0,0,0,1,1,aleatorio,0
47,1,10,0,0,0,1,0,0,0,1,1,1,2,aleatorio,2
54,1,13,0,0,0,0,0,0,1,0,0,1,0,aleatorio,0
33,1,2,0,0,0,0,0,1,0,0,0,1,0,aleatorio,0
53,1,22,0,0,0,0,0,1,0,0,0,0,0,aleatorio,0
27,1,6,0,1,0,0,0,0,0,0,0,0,2,aleatorio,2
38,1,12,0,0,0,1,0,0,0,0,1,1,1,aleatorio,1
36,1,22,0,0,0,1,0,0,0,0,0,1,1,aleatorio,1
37,1,3,0,0,0,0,0,1,0,0,0,1,0,aleatorio,0
50,1,29,0,0,0,1,0,0,0,1,1,1,1,aleatorio,1
43,2,6,1,0,1,0,0,1,0,0,0,1,2,aleatorio,2
46,1,25,0,0,0,0,0,0,1,0,0,0,0,aleatorio,0
59,1,27,0,0,0,1,0,0,0,1,1,1,1,aleatorio,1
39,3,5,1,0,0,1,0,1,1,0,0,1,2,aleatorio,2
36,2,11,1,0,0,0,1,0,1,0,0,0,1,aleatorio,1
31,1,15,0,0,1,0,0,0,0,0,0,1,2,aleatorio,2
20,1,4,0,0,0,0,0,0,1,0,0,1,0,aleatorio,0
22,2,5,1,0,1,0,0,0,1,0,0,0,2,aleatorio,2
22,1,2,0,0,0,0,0,0,1,2,2,1,2,aleatorio,2
59,1,19,0,0,0,1,0,0,0,0,0,1,2,aleatorio,1
30,1,8,0,0,0,1,0,0,0,0,0,1,1,aleatorio,1
33,1,8,0,0,0,0,0,1,0,0,0,1,0,aleatorio,0
38,1,15,0,0,0,0,0,0,1,0,0,0,0,aleatorio,0
41,1,6,0,0,0,0,0,0,1,0,0,1,0,aleatorio,0
52,1,12,0,0,0,1,0,0,0,0,1,1,1,aleatorio,1
28,2,1,1,1,0,0,0,1,0,0,0,1,2,aleatorio,2
53,1,14,0,0,0,1,0,0,0,0,0,1,1,aleatorio,1
67,1,12,0,0,0,0,1,0,0,0,0,1,0,aleatorio,0
29,1,27,0,0,0,0,1,0,0,1,1,1,1,aleatorio,1
69,3,3,1,0,0,0,1,1,1,0,0,1,1,aleatorio,1
47,1,8,0,0,0,0,0,1,0,1,1,1,1,aleatorio,2
46,2,9,1,1,0,0,0,1,0,0,0,1,2,aleatorio,2
41,1,25,0,0,0,0,0,0,1,0,0,0,0,aleatorio,0
43,1,27,0,0,0,0,1,0,0,0,0,0,0,aleatorio,0
20,2,3,1,0,0,1,1,0,0,0,0,1,2,aleatorio,2
22,3,6,1,0,0,0,0,1,1,0,0,1,1,aleatorio,1
58,2,2,1,0,0,1,0,0,1,0,0,1,2,aleatorio,2
68,2,5,1,0,0,0,1,1,0,0,0,0,1,aleatorio,1
45,1,4,0,0,1,0,0,0,0,0,0,1,2,aleatorio,2
40,1,14,0,0,0,1,0,0,0,0,0,0,2,aleatorio,1
42,1,24,0,0,0,0,0,1,0,0,0,1,0,aleatorio,0
59,2,4,1,0,0,0,0,0,1,0,0,1,1,aleatorio,1
52,1,8,0,0,0,0,1,0,0,0,0,1,0,aleatorio,0
33,2,10,1,0,0,0,1,0,0,0,0,1,1,aleatorio,1
55,2,13,1,0,0,0,1,0,0,0,0,1,1,aleatorio,1
41,1,5,0,0,0,0,0,1,0,0,0,1,0,aleatorio,0
65,1,11,0,0,0,0,0,0,1,0,0,1,0,aleatorio,0
51,2,15,1,0,0,0,0,1,1,1,1,0,2,aleatorio,2
25,2,2,1,0,1,1,0,0,0,0,0,1,1,aleatorio,2
61,1,28,0,0,0,1,0,0,0,0,0,1,1,aleatorio,1
65,1,19,0,0,0,0,0,0,1,0,0,0,0,aleatorio,0
43,2,6,1,0,0,0,1,1,0,0,0,1,1,aleatorio,1
50,1,4,0,0,0,0,0,0,1,0,0,1,0,aleatorio,0
21,2,6,1,0,0,0,0,1,1,0,0,1,1,aleatorio,1
21,4,6,1,1,0,0,1,1,0,0,0,1,1,aleatorio,2
69,1,26,0,0,0,0,0,1,0,0,0,1,0,aleatorio,0
30,2,2,1,0,0,0,0,1,0,0,0,1,1,aleatorio,1
53,1,17,0,0,0,0,1,0,0,0,0,1,0,aleatorio,0
39,1,10,0,1,0,0,0,0,0,0,0,1,1,aleatorio,2
66,2,8,1,0,0,0,1,1,0,0,0,0,1,aleatorio,1
28,1,2,0,1,0,0,0,0,0,1,1,1,2,aleatorio,2
44,1,11,0,0,0,0,0,1,0,2,2,1,1,aleatorio,2
29,1,6,0,0,0,0,0,1,0,0,0,1,0,aleatorio,0
70,4,7,1,0,1,1,0,1,0,0,0,1,2,aleatorio,2
69,1,17,0,0,0,1,0,0,0,2,3,1,1,aleatorio,1
20,1,17,0,0,0,0,0,0,1,0,0,0,0,aleatorio,0
69,1,29,0,0,0,0,0,1,0,1,1,1,1,aleatorio,1
28,1,5,0,0,0,0,1,0,0,0,0,1,0,aleatorio,0
19,3,3,1,0,0,0,1,0,0,0,0,1,1,aleatorio,1
36,2,22,1,0,0,0,1,1,0,0,0,1,1,aleatorio,1
62,2,13,1,0,0,1,1,0,0,0,0,1,2,aleatorio,2
28,1,10,0,0,0,1,0,0,0,1,1,1,2,aleatorio,2
32,1,8,0,0,0,0,0,0,1,0,0,1,0,aleatorio,0
23,1,9,0,0,0,1,0,0,0,1,2,0,2,aleatorio,2
56,1,30,0,0,0,1,0,0,0,0,0,1,1,aleatorio,1
43,1,30,0,0,0,0,1,0,0,0,0,1,0,aleatorio,0
62,1,10,0,0,0,1,0,0,0,0,0,0,1,aleatorio,1
49,1,0,0,0,0,0,0,0,1,0,0,0,0,aleatorio,0
27,1,5,0,1,0,0,0,0,0,0,0,1,2,aleatorio,2
25,1,2,0,0,0,0,0,1,0,0,0,0,0,aleatorio,0
29,3,2,1,0,1,1,1,0,0,0,0,1,2,aleatorio,2
57,1,26,0,0,0,0,0,1,0,0,0,1,2,aleatorio,0
23,2,7,1,1,0,1,0,0,0,0,0,0,2,aleatorio,2
30,1,27,0,0,0,0,1,0,0,0,0,0,0,aleatorio,0
25,1,0,0,0,0,0,1,0,0,0,0,0,2,aleatorio,0
52,2,10,1,0,1,0,0,1,0,0,0,1,2,aleatorio,2
45,1,25,0,0,0,1,0,0,0,0,0,0,1,aleatorio,1
33,1,23,0,0,0,0,1,0,0,0,0,0,0,aleatorio,0
60,1,5,0,0,0,0,0,1,0,0,0,1,0,aleatorio,0
69,1,2,0,0,0,1,0,0,0,0,1,1,1,aleatorio,1
26,2,8,1,0,0,0,0,1,1,0,0,1,1,aleatorio,1
52,1,1,0,0,0,0,1,0,0,0,0,1,0,aleatorio,0
59,1,13,0,0,0,0,1,0,0,0,0,1,0,aleatorio,0
22,4,0,1,1,0,1,0,1,0,0,0,1,1,aleatorio,2
47,1,10,0,0,0,0,1,0,0,0,1,1,0,aleatorio,0
27,1,4,0,0,1,0,0,0,0,3,3,1,2,aleatorio,2
54,1,18,0,0,0,0,0,0,1,0,0,1,0,aleatorio,0
57,1,14,0,0,0,1,0,0,0,0,0,1,1,aleatorio,1
67,1,27,0,0,0,0,1,0,0,0,0,1,0,aleatorio,0
47,1,13,0,0,0,0,0,0,1,0,0,1,0,aleatorio,0
35,2,11,1,0,0,0,1,1,0,0,0,0,1,aleatorio,1
28,2,10,1,0,1,0,0,1,0,0,0,1,2,aleatorio,2
40,2,1,1,0,0,0,0,1,0,0,0,1,1,aleatorio,1
33,3,15,1,0,0,0,1,1,0,0,0,1,1,aleatorio,1
35,1,29,0,0,0,0,0,1,0,0,0,1,0,aleatorio,0
52,1,22,0,0,0,0,0,1,0,1,1,1,1,aleatorio,1
68,1,10,0,0,0,0,0,1,0,0,1,0,2,aleatorio,0
70,2,4,1,0,0,0,0,0,1,0,0,1,1,aleatorio,1
20,2,2,1,1,0,0,0,0,1,0,0,1,2,aleatorio,2
19,1,16,0,0,0,1,0,0,0,0,0,1,1,aleatorio,1
48,1,11,0,0,0,0,0,1,0,0,0,1,0,aleatorio,0
41,2,2,1,1,1,0,0,0,0,0,0,1,2,aleatorio,2
38,2,11,1,0,0,0,1,0,1,1,1,1,2,aleatorio,2
24,1,16,0,0,0,0,0,1,0,0,0,0,0,aleatorio,0
54,2,11,1,1,0,1,0,0,0,0,0,1,0,aleatorio,2
47,1,20,0,1,0,0,0,0,0,0,0,1,2,aleatorio,2
37,1,4,0,0,0,0,0,1,0,0,0,0,0,aleatorio,0
63,1,16,0,0,0,0,1,0,0,1,2,1,1,aleatorio,1
38,1,3,0,0,1,0,0,0,0,0,0,1,2,aleatorio,2
48,2,6,1,0,0,0,1,0,1,0,0,1,1,aleatorio,1
44,3,3,1,1,0,0,1,0,1,0,0,1,0,aleatorio,2
25,0,999,0,0,0,0,0,0,0,2,2,1,1,aleatorio,1
32,1,2,0,0,0,0,1,0,0,0,0,1,0,aleatorio,0
53,3,6,1,0,0,0,0,1,1,0,0,1,1,aleatorio,1
24,2,0,1,0,0,0,0,0,1,0,0,0,1,aleatorio,1
49,3,11,1,1,0,0,0,1,1,0,0,1,1,aleatorio,2
44,2,2,1,0,0,0,1,0,0,2,2,1,2,aleatorio,2
61,2,17,1,0,0,0,1,0,1,1,1,1,1,aleatorio,1
36,1,2,0,0,0,1,0,0,0,0,0,1,1,aleatorio,1
59,1,6,0,0,0,0,0,1,0,0,0,0,0,aleatorio,0
37,1,9,0,0,0,0,0,0,1,0,0,1,0,aleatorio,0
20,2,8,1,0,0,0,1,1,0,0,0,1,1,aleatorio,1
27,1,1,0,0,0,1,0,0,0,0,0,1,1,aleatorio,1
29,1,18,0,0,0,0,0,0,1,0,0,1,0,aleatorio,0
47,2,6,1,1,0,1,0,0,0,0,0,1,1,aleatorio,2
28,1,14,0,0,1,0,0,0,0,0,0,1,2,aleatorio,2
51,0,999,0,0,0,0,0,0,0,2,2,1,1,aleatorio,1
26,1,2,0,1,0,0,0,0,0,2,2,0,2,aleatorio,2
25,1,13,0,0,0,0,0,1,0,0,1,1,2,aleatorio,0
26,2,4,1,0,0,0,0,1,0,0,0,1,1,aleatorio,1
43,3,2,1,0,0,0,1,1,1,0,0,1,1,aleatorio,1
47,1,1,0,0,0,1,0,0,0,0,0,1,0,aleatorio,1
39,3,2,1,1,0,0,1,0,0,0,0,1,2,aleatorio,2
46,1,10,0,0,0,0,0,0,1,0,0,1,0,aleatorio,0
60,1,9,0,0,1,0,0,0,0,1,1,1,2,aleatorio,2
38,1,7,0,0,0,1,0,0,0,0,0,0,2,aleatorio,1
27,1,27,0,0,0,0,1,0,0,0,0,1,0,aleatorio,0
66,2,4,1,0,1,0,0,1,0,0,0,0,2,aleatorio,2
42,1,0,0,0,0,1,0,0,0,1,1,1,2,aleatorio,2
26,2,2,1,0,0,0,1,1,0,2,2,1,2,aleatorio,2
43,2,0,1,0,0,0,0,1,1,0,0,1,0,aleatorio,1
23,1,26,0,0,0,0,0,1,0,1,1,1,1,aleatorio,1
63,1,8,0,0,0,0,0,1,0,0,0,1,0,aleatorio,0
70,2,5,1,0,0,0,0,1,0,0,0,1,0,aleatorio,1
31,1,0,0,0,0,1,0,0,0,0,1,1,1,aleatorio,1
62,1,18,0,0,0,0,0,1,0,0,0,0,0,aleatorio,0
19,1,23,0,0,0,0,0,1,0,0,0,1,0,aleatorio,0
26,1,21,0,0,0,0,0,0,1,0,0,1,0,aleatorio,0
69,1,22,0,0,0,0,0,0,1,1,1,1,1,aleatorio,1
33,1,11,0,0,0,0,0,0,1,0,1,1,0,aleatorio,0
42,2,9,1,0,1,0,1,0,0,0,0,1,2,aleatorio,2
31,1,5,0,0,0,1,0,0,0,0,0,0,1,aleatorio,1
25,4,2,1,1,1,0,0,1,1,0,0,1,2,aleatorio,2
37,1,4,0,0,0,0,0,0,1,0,0,1,0,aleatorio,0
49,1,6,0,0,0,0,0,1,0,0,0,0,0,aleatorio,0
28,1,25,0,0,0,0,1,0,0,0,0,1,0,aleatorio,0
60,1,22,0,0,0,1,0,0,0,1,1,1,1,aleatorio,1
19,1,7,0,0,0,0,1,0,0,1,1,1,0,aleatorio,2
47,1,24,0,0,0,0,0,1,0,1,1,1,0,aleatorio,1
58,2,0,1,0,0,0,1,0,1,0,0,1,1,aleatorio,1
24,2,11,1,0,0,0,0,0,1,0,0,1,1,aleatorio,1
52,3,10,1,1,0,0,1,1,0,0,0,1,2,aleatorio,2
34,2,22,1,0,0,0,1,0,0,1,1,1,1,aleatorio,1
27,2,8,1,0,0,0,0,1,0,1,2,1,1,aleatorio,2
30,1,19,0,0,1,0,0,0,0,0,0,1,2,aleatorio,2
43,1,28,0,0,0,0,0,0,1,0,0,0,1,aleatorio,0
70,1,8,0,0,0,0,0,1,0,0,0,1,0,aleatorio,0
21,3,1,1,1,0,1,0,1,0,0,0,1,2,aleatorio,2
37,1,1,0,0,0,0,0,1,0,0,0,0,2,aleatorio,0
42,1,12,0,0,0,0,0,0,1,0,0,1,0,aleatorio,0
39,1,9,0,0,0,0,0,0,1,0,0,0,0,aleatorio,0
47,0,999,0,0,0,0,0,0,0,3,3,1,1,aleatorio,1
47,1,25,0,0,0,0,0,0,1,1,1,1,1,aleatorio,1
19,1,16,0,0,0,0,1,0,0,0,0,1,0,aleatorio,0
65,1,22,0,0,0,1,0,0,0,0,0,1,1,aleatorio,1
68,2,7,1,0,0,0,0,1,1,0,0,1,1,aleatorio,1
65,2,1,1,0,0,0,1,0,0,0,0,1,1,aleatorio,1
21,1,28,0,0,0,0,1,0,0,0,1,0,0,aleatorio,0
50,4,8,1,0,0,0,1,1,1,0,0,1,1,aleatorio,1
25,2,10,1,0,0,0,1,0,1,0,0,0,1,aleatorio,1
22,1,6,0,1,0,0,0,0,0,0,0,1,0,aleatorio,2
26,3,0,1,0,0,0,0,1,1,0,0,1,1,aleatorio,1
32,1,4,0,0,0,0,1,0,0,0,0,1,0,aleatorio,0
68,1,8,0,0,0,0,1,0,0,0,1,1,0,aleatorio,0
28,1,15,0,0,1,0,0,0,0,0,0,0,2,aleatorio,2
69,1,21,0,0,0,0,0,1,0,1,1,0,1,aleatorio,1
47,2,0,1,0,0,1,0,0,1,0,0,0,2,aleatorio,2
34,2,8,1,0,0,0,0,0,1,0,0,1,1,aleatorio,1
34,2,0,1,0,0,0,1,0,0,0,0,1,1,aleatorio,1
49,1,13,0,0,1,0,0,0,0,1,1,1,2,aleatorio,2
28,1,12,0,0,0,0,0,1,0,0,0,1,0,aleatorio,0
45,1,17,0,0,1,0,0,0,0,0,0,1,2,aleatorio,2
44,3,6,1,1,1,0,0,0,0,0,0,1,2,aleatorio,2
38,2,9,1,0,0,0,0,1,1,2,2,1,2,aleatorio,2
59,3,3,1,0,0,0,1,1,1,0,0,1,1,aleatorio,1
24,1,18,0,0,0,0,0,0,1,0,0,1,0,aleatorio,0
38,1,1,0,1,0,0,0,0,0,0,0,0,2,aleatorio,2
21,1,25,0,0,0,0,1,0,0,0,0,1,0,aleatorio,0
25,1,15,0,0,0,0,0,0,1,0,0,1,0,aleatorio,0
47,1,5,0,0,0,0,0,1,0,0,0,1,0,aleatorio,0
29,1,10,0,1,0,0,0,0,0,2,2,1,2,aleatorio,2
35,3,8,1,0,0,0,0,1,0,0,0,1,1,aleatorio,1
48,3,1,1,0,0,1,0,0,1,0,0,1,2,aleatorio,2
28,3,5,1,1,0,0,1,1,0,0,0,1,2,aleatorio,2
34,2,2,1,1,0,0,1,0,0,1,1,1,2,aleatorio,2
18,3,8,1,0,1,0,1,0,1,1,1,1,2,aleatorio,2
38,2,8,1,0,0,0,0,1,0,2,2,1,2,aleatorio,2
40,2,22,1,0,0,0,0,1,1,1,1,1,1,aleatorio,1
33,1,30,0,0,0,1,0,0,0,0,1,0,1,aleatorio,1
25,2,4,1,0,0,0,1,0,0,0,0,1,1,aleatorio,1
67,4,12,1,0,1,0,0,1,0,0,0,1,2,aleatorio,2
46,4,6,1,1,0,1,1,0,1,0,1,1,2,aleatorio,2
60,1,6,0,0,0,1,0,0,0,0,0,0,1,aleatorio,1
36,1,10,0,0,0,0,1,0,0,0,0,1,0,aleatorio,0
32,1,11,0,1,0,0,0,0,0,2,2,1,2,aleatorio,2
52,1,4,0,0,0,1,0,0,0,1,4,0,2,aleatorio,2
49,1,9,0,0,0,1,0,0,0,0,1,1,1,aleatorio,1
62,1,6,0,0,0,0,1,0,0,0,1,1,0,aleatorio,0
32,2,8,1,1,0,0,0,0,1,1,1,1,2,aleatorio,2
48,2,2,1,0,0,0,1,0,1,0,0,1,1,aleatorio,1
57,2,12,1,0,0,0,1,0,1,0,0,1,1,aleatorio,1
24,1,22,0,0,0,0,0,0,1,0,0,1,0,aleatorio,0
26,1,3,0,0,0,0,1,0,0,0,0,1,0,aleatorio,0
21,1,11,0,0,0,0,1,0,0,1,1,1,2,aleatorio,2
51,1,15,0,0,0,0,1,0,0,0,0,1,0,aleatorio,0
50,1,7,0,1,0,0,0,0,0,0,0,0,2,aleatorio,2
31,1,1,0,0,0,0,0,1,0,0,0,0,0,aleatorio,0
23,1,14,0,0,0,1,0,0,0,0,0,0,0,aleatorio,1
57,1,24,0,0,0,0,1,0,0,1,1,0,1,aleatorio,1
70,1,9,0,0,0,0,0,1,0,0,0,1,0,aleatorio,0
65,1,5,0,0,0,0,1,0,0,0,0,0,0,aleatorio,0
45,2,6,1,0,0,0,0,1,1,0,0,1,1,aleatorio,1
54,1,23,0,0,0,0,0,1,0,0,0,1,0,aleatorio,0
60,3,5,1,0,0,0,0,1,1,1,2,1,2,aleatorio,2
67,2,7,1,0,0,0,1,1,0,1,2,1,2,aleatorio,2
39,1,26,0,0,0,0,1,0,0,0,0,1,0,aleatorio,0
45,2,11,1,0,0,0,0,0,1,0,0,1,1,aleatorio,1
70,1,2,0,0,0,0,0,0,1,0,0,0,0,aleatorio,0
40,1,30,0,0,0,0,0,1,0,0,1,1,0,aleatorio,0
28,2,4,1,0,1,0,0,0,1,0,0,1,2,aleatorio,2
54,1,24,0,0,0,0,1,0,0,0,0,1,0,aleatorio,0
62,1,27,0,0,0,0,0,1,0,0,0,0,1,aleatorio,0
26,2,7,1,0,0,1,0,0,1,0,0,0,2,aleatorio,2
42,2,17,1,1,0,0,0,1,0,0,0,1,2,aleatorio,2
63,0,999,0,0,0,0,0,0,0,4,4,1,1,aleatorio,1
18,1,20,0,0,0,0,1,0,0,1,3,0,1,aleatorio,1
68,1,15,0,0,0,0,0,0,1,0,1,1,0,aleatorio,0
61,2,9,1,0,0,0,0,1,0,0,0,1,1,aleatorio,1
67,3,7,1,0,0,0,1,0,1,0,0,1,1,aleatorio,1
25,2,4,1,0,0,0,0,1,1,0,0,0,1,aleatorio,1
69,1,16,0,0,0,0,0,0,1,2,2,1,1,aleatorio,1
66,3,2,1,1,0,0,1,1,0,0,0,1,2,aleatorio,2
29,2,0,1,0,0,0,1,1,0,0,0,1,1,aleatorio,1
46,1,30,0,0,0,0,0,1,0,0,0,0,0,aleatorio,0
51,1,24,0,1,0,0,0,0,0,1,1,1,2,aleatorio,2
39,1,29,0,0,0,0,1,0,0,0,0,1,0,aleatorio,0
27,2,5,1,0,0,0,1,1,0,0,0,1,1,aleatorio,1
21,2,6,1,1,0,0,1,0,0,1,1,0,2,aleatorio,2
61,1,2,0,0,0,0,0,1,0,0,0,1,0,aleatorio,0
49,2,9,1,0,0,0,0,1,1,0,0,1,0,aleatorio,1
42,1,30,0,0,0,0,0,0,1,0,0,1,0,aleatorio,0
45,1,10,0,0,0,0,0,0,1,0,0,0,0,aleatorio,0
47,1,17,0,0,0,0,0,1,0,1,1,1,1,aleatorio,1
20,2,8,1,0,1,0,0,0,0,0,0,0,2,aleatorio,2
44,4,7,1,0,0,0,1,1,0,0,0,1,1,aleatorio,1
41,1,1,0,0,0,0,0,0,1,0,0,1,2,aleatorio,0
18,2,11,1,1,1,0,0,0,0,2,2,0,2,aleatorio,2
62,0,999,0,0,0,0,0,0,0,3,3,1,1,aleatorio,1
36,1,25,0,0,0,0,0,0,1,0,0,0,0,aleatorio,0
20,1,5,0,0,1,0,0,0,0,0,0,0,2,aleatorio,2
47,2,1,1,1,0,0,1,0,0,1,1,1,2,aleatorio,2
51,4,5,1,1,0,1,1,0,0,0,0,1,2,aleatorio,2
68,1,16,0,1,0,0,0,0,0,0,0,1,2,aleatorio,2
56,1,13,0,0,0,0,0,0,1,0,0,1,0,aleatorio,0
43,1,10,0,0,0,1,0,0,0,0,1,1,1,aleatorio,1
40,1,5,0,0,0,0,0,1,0,0,0,1,0,aleatorio,0
27,1,18,0,0,0,0,0,0,1,1,1,1,1,aleatorio,1
65,3,0,1,0,0,1,1,0,0,0,0,1,2,aleatorio,2
38,1,1,0,0,0,0,1,0,0,0,0,1,0,aleatorio,0
66,1,11,0,0,0,0,0,1,0,0,0,0,0,aleatorio,0
55,1,6,0,0,0,0,1,0,0,0,0,1,0,aleatorio,0
20,1,21,0,0,0,0,0,1,0,0,0,1,0,aleatorio,0
33,3,4,1,0,0,0,0,0,1,0,0,1,1,aleatorio,1
63,2,0,1,0,1,0,0,1,0,0,0,0,2,aleatorio,2
66,1,2,0,0,0,0,1,0,0,1,2,1,2,aleatorio,2
21,1,9,0,0,0,1,0,0,0,0,0,0,2,aleatorio,1
40,1,17,0,0,0,0,0,0,1,1,1,1,1,aleatorio,1
56,1,12,0,0,0,0,0,1,0,1,1,1,2,aleatorio,2
39,3,6,1,0,0,0,1,1,1,0,0,1,1,aleatorio,1
54,3,8,1,0,0,0,1,0,0,0,0,1,1,aleatorio,1
20,2,3,1,0,0,0,1,0,1,0,0,1,1,aleatorio,1
19,1,19,0,0,0,0,0,0,1,0,0,1,0,aleatorio,0
53,1,3,0,0,1,0,0,0,0,1,2,1,2,aleatorio,2
27,1,6,0,0,0,1,0,0,0,0,0,1,1,aleatorio,1
66,2,3,1,0,0,0,0,1,1,1,2,1,2,aleatorio,2
66,1,4,0,0,0,1,0,0,0,0,0,1,2,aleatorio,1
40,1,0,0,0,0,1,0,0,0,0,0,1,0,aleatorio,1
56,0,999,0,0,0,0,0,0,0,2,2,1,1,aleatorio,1
54,1,28,0,0,0,0,0,1,0,0,1,1,0,aleatorio,0
66,3,11,1,0,0,1,0,1,0,0,0,1,2,aleatorio,2
31,2,6,1,0,0,0,1,0,1,0,0,0,1,aleatorio,1
52,1,4,0,0,0,0,0,0,1,0,0,0,0,aleatorio,0
18,2,1,1,0,1,1,0,0,0,1,1,1,2,aleatorio,2
46,2,14,1,0,0,0,0,1,1,0,0,1,1,aleatorio,1
34,1,4,0,0,1,0,0,0,0,1,2,1,2,aleatorio,2
22,2,12,1,1,0,0,0,1,0,0,0,0,2,aleatorio,2
58,1,26,0,0,0,0,0,1,0,2,2,1,0,aleatorio,1
47,1,11,0,0,0,0,1,0,0,0,0,1,1,aleatorio,0
70,1,7,0,0,0,0,0,0,1,1,1,1,2,aleatorio,2
63,1,27,0,0,0,0,1,0,0,0,0,1,0,aleatorio,0
50,1,12,0,0,0,0,0,0,1,0,0,1,0,aleatorio,0
55,1,25,0,0,0,1,0,0,0,0,0,0,1,aleatorio,1
64,2,11,1,1,0,0,0,0,1,3,3,1,2,aleatorio,2
43,1,22,0,0,0,0,1,0,0,0,0,1,0,aleatorio,0
47,1,11,0,0,1,0,0,0,0,0,0,1,2,aleatorio,2
42,3,0,1,0,0,0,1,1,0,0,1,1,1,aleatorio,1
28,2,0,1,0,0,0,1,1,0,0,1,0,1,aleatorio,1
31,2,4,1,0,0,0,0,1,1,0,0,1,1,aleatorio,1
18,1,7,0,1,0,0,0,0,0,0,0,0,2,aleatorio,2
21,3,16,1,0,0,1,1,1,0,1,1,1,2,aleatorio,2
51,2,1,1,0,0,0,1,1,0,0,0,0,1,aleatorio,1
66,1,5,0,0,1,0,0,0,0,0,0,1,2,aleatorio,2
59,3,6,1,1,0,0,1,0,1,1,1,1,0,aleatorio,2
57,3,2,1,0,0,0,0,1,1,0,0,1,1,aleatorio,1
45,2,10,1,0,0,0,1,1,0,0,0,1,1,aleatorio,1
27,0,999,0,0,0,0,0,0,0,3,3,1,1,aleatorio,1
51,1,21,0,0,0,1,0,0,0,1,1,1,1,aleatorio,1
21,1,6,0,0,0,1,0,0,0,0,1,1,1,aleatorio,1
56,5,3,1,1,0,1,1,1,0,0,0,0,2,aleatorio,2
54,2,5,1,0,1,0,0,1,0,1,2,1,2,aleatorio,2
18,1,27,0,0,0,0,0,1,0,2,2,1,1,aleatorio,1
19,1,25,0,0,0,0,0,0,1,0,0,1,0,aleatorio,0
21,2,7,1,0,0,0,1,1,0,0,0,1,0,aleatorio,1
41,1,9,0,0,0,0,1,0,0,0,0,1,0,aleatorio,0
30,1,8,0,0,0,0,0,0,1,0,0,0,0,aleatorio,0
18,1,29,0,0,0,0,0,0,1,0,0,0,1,aleatorio,0
33,2,23,1,0,1,0,0,1,0,0,0,1,2,aleatorio,2
57,2,0,1,0,0,0,1,1,0,0,0,1,1,aleatorio,1
54,1,28,0,1,0,0,0,0,0,0,0,1,2,aleatorio,2
57,3,0,1,1,0,0,1,0,1,0,0,1,1,aleatorio,2
63,1,19,0,1,0,0,0,0,0,1,1,1,2,aleatorio,2
49,1,22,0,0,0,0,0,0,1,0,0,0,0,aleatorio,0
59,2,3,1,0,0,1,0,0,0,0,0,1,1,aleatorio,2
48,1,6,0,0,0,0,1,0,0,0,0,0,0,aleatorio,0
19,3,5,1,0,0,0,1,0,1,0,0,1,1,aleatorio,1
19,1,7,0,0,0,0,1,0,0,2,2,1,1,aleatorio,2
29,1,25,0,0,0,1,0,0,0,0,0,1,1,aleatorio,1
22,2,12,1,0,0,1,1,0,0,0,0,0,2,aleatorio,2
34,1,29,0,0,0,1,0,0,0,0,0,1,1,aleatorio,1
64,2,11,1,0,0,0,0,1,0,0,0,1,1,aleatorio,1
63,1,26,0,1,0,0,0,0,0,0,0,1,2,aleatorio,2
34,1,27,0,0,0,1,0,0,0,1,1,0,1,aleatorio,1
31,1,13,0,0,0,1,0,0,0,0,0,0,1,aleatorio,1
42,1,6,0,0,0,0,1,0,0,0,0,1,0,aleatorio,0
40,1,24,0,0,0,0,0,1,0,0,0,0,0,aleatorio,0
58,2,6,1,1,0,0,1,0,0,0,0,1,2,aleatorio,2
57,1,3,0,0,0,1,0,0,0,1,1,1,2,aleatorio,2
28,1,29,0,0,0,0,0,0,1,0,0,0,0,aleatorio,0
69,1,7,0,0,0,0,0,1,0,0,0,0,0,aleatorio,0
33,1,14,0,0,0,0,0,1,0,0,0,0,0,aleatorio,0
30,1,12,0,0,0,0,0,1,0,0,0,1,0,aleatorio,0
34,2,8,1,0,1,1,0,0,0,1,1,0,2,aleatorio,2
70,1,19,0,0,0,1,0,0,0,0,0,1,1,aleatorio,1
37,1,30,0,1,0,0,0,0,0,0,0,1,2,aleatorio,2
53,1,0,0,0,0,1,0,0,0,0,0,1,1,aleatorio,1
61,3,8,1,0,1,0,0,1,0,0,0,1,2,aleatorio,2
44,3,9,1,0,1,0,0,1,0,0,0,1,2,aleatorio,2
35,1,0,0,0,0,0,1,0,0,1,1,1,2,aleatorio,2
54,1,30,0,0,0,0,0,1,0,1,1,1,1,aleatorio,1
34,1,10,0,0,1,0,0,0,0,0,0,0,2,aleatorio,2
66,1,17,0,0,0,1,0,0,0,2,2,1,1,aleatorio,1
57,2,1,1,0,1,0,1,0,0,1,1,1,2,aleatorio,2
56,1,9,0,0,0,0,0,1,0,0,0,1,1,aleatorio,0
22,1,21,0,0,0,1,0,0,0,0,0,1,1,aleatorio,1
26,1,15,0,0,0,1,0,0,0,0,0,1,1,aleatorio,1
66,1,2,0,0,0,0,1,0,0,0,0,1,0,aleatorio,0
69,3,0,1,0,1,0,0,1,0,0,0,1,0,aleatorio,2
48,3,11,1,0,0,1,0,1,1,0,0,1,2,aleatorio,2
49,2,5,1,0,0,1,0,1,0,0,0,1,2,aleatorio,2
43,1,8,0,0,1,0,0,0,0,0,1,1,2,aleatorio,2
55,1,3,0,0,0,0,1,0,0,0,0,1,2,aleatorio,0
32,2,4,1,1,0,0,0,1,0,1,2,1,2,aleatorio,2
24,2,22,1,0,0,1,0,1,0,1,1,0,2,aleatorio,2
30,2,9,1,1,1,0,0,0,0,0,0,0,2,aleatorio,2
18,1,3,0,0,0,0,0,1,0,0,0,1,0,aleatorio,0
27,4,2,1,0,0,0,0,1,1,0,0,1,1,aleatorio,1
67,1,6,0,0,0,0,0,1,0,0,0,1,0,aleatorio,0
55,1,15,0,0,0,0,0,1,0,0,0,1,0,aleatorio,0
60,3,7,1,1,0,0,0,0,0,3,3,1,2,aleatorio,2
35,2,9,1,1,1,0,0,0,0,1,1,0,2,aleatorio,2
34,1,13,0,0,0,0,1,0,0,0,0,1,0,aleatorio,0
18,1,10,0,0,0,1,0,0,0,0,0,1,1,aleatorio,1
30,1,14,0,0,0,0,0,0,1,1,1,0,2,aleatorio,2
34,1,3,0,0,0,0,0,1,0,0,0,1,0,aleatorio,0
58,1,6,0,0,0,0,1,0,0,0,0,0,0,aleatorio,0
27,1,12,0,0,0,1,0,0,0,0,0,1,1,aleatorio,1
35,2,22,1,0,0,0,1,1,0,0,0,1,1,aleatorio,1
19,1,26,0,0,0,0,1,0,0,0,0,1,0,aleatorio,0
45,2,6,1,0,0,0,1,0,0,0,0,1,1,aleatorio,1
35,1,18,0,1,0,0,0,0,0,0,0,1,2,aleatorio,2
69,1,8,0,0,0,1,0,0,0,0,0,1,1,aleatorio,1
55,2,1,1,0,0,0,0,0,1,0,0,1,1,aleatorio,1
46,1,6,0,0,0,0,0,1,0,0,0,1,0,aleatorio,0
36,3,7,1,0,0,1,1,1,0,0,0,1,2,aleatorio,2
18,1,7,0,0,0,0,0,1,0,0,0,0,0,aleatorio,0
46,2,11,1,0,0,0,0,1,0,0,0,1,1,aleatorio,1
56,1,3,0,0,0,0,1,0,0,0,1,1,0,aleatorio,0
54,1,30,0,0,0,0,1,0,0,0,0,1,0,aleatorio,0
18,4,1,1,0,1,0,1,0,1,0,0,1,2,aleatorio,2
57,1,8,0,0,1,0,0,0,0,0,0,1,1,aleatorio,2
58,1,27,0,0,0,0,0,0,1,0,0,1,0,aleatorio,0
57,1,1,0,0,0,1,0,0,0,0,0,0,1,aleatorio,1
68,2,0,1,0,0,0,1,1,0,0,0,0,1,aleatorio,1
64,2,3,1,0,1,0,0,1,0,1,1,1,2,aleatorio,2
59,1,13,0,0,0,0,0,1,0,0,0,0,0,aleatorio,0
25,3,4,1,1,0,0,1,1,0,0,0,1,2,aleatorio,2
42,1,26,0,0,0,0,1,0,0,0,0,1,0,aleatorio,0
63,1,4,0,0,0,1,0,0,0,0,0,1,1,aleatorio,1
54,1,2,0,0,0,0,0,0,1,0,0,1,0,aleatorio,0
55,1,12,0,0,0,0,0,1,0,0,0,1,0,aleatorio,0
59,2,2,1,0,0,1,0,1,0,0,0,1,2,aleatorio,2
54,1,6,0,0,0,1,0,0,0,0,0,0,1,aleatorio,1
66,2,6,1,1,1,0,0,0,0,0,0,1,2,aleatorio,2
59,1,8,0,0,0,0,1,0,0,0,0,1,0,aleatorio,0
58,1,18,0,0,0,0,1,0,0,0,0,1,0,aleatorio,0
61,1,5,0,0,0,1,0,0,0,0,0,1,1,aleatorio,1
59,1,6,0,0,0,0,1,0,0,0,1,1,0,aleatorio,0
21,6,1,1,0,0,1,1,1,1,0,0,0,2,aleatorio,2
33,2,2,1,0,1,0,0,1,0,0,0,1,2,aleatorio,2
21,1,20,0,0,0,0,0,1,0,0,0,1,1,aleatorio,0
52,2,22,1,0,0,0,0,1,1,0,0,1,1,aleatorio,1
26,2,2,1,0,0,0,0,1,1,0,2,1,1,aleatorio,1
50,2,7,1,0,0,0,1,0,1,2,2,1,2,aleatorio,2
44,2,13,1,0,0,0,0,1,1,0,1,1,1,aleatorio,1
66,1,18,0,0,0,0,0,0,1,0,0,1,0,aleatorio,0
67,2,4,1,0,0,0,1,0,0,0,0,1,1,aleatorio,1
25,3,2,1,0,1,0,0,1,0,2,2,1,2,aleatorio,2
55,1,14,0,0,0,0,0,1,0,0,0,1,0,aleatorio,0
36,1,23,0,0,0,1,0,0,0,1,2,1,1,aleatorio,1
21,2,6,1,1,0,0,0,1,0,1,1,1,2,aleatorio,2
20,1,4,0,0,0,0,1,0,0,0,0,1,0,aleatorio,0
59,1,30,0,0,0,0,1,0,0,0,0,0,1,aleatorio,0
46,3,3,1,0,0,0,1,1,1,0,0,1,1,aleatorio,1
36,4,4,1,0,0,1,1,1,0,0,0,1,2,aleatorio,2
70,2,8,1,1,0,0,1,0,0,0,0,0,2,aleatorio,2
35,1,19,0,0,0,0,0,1,0,0,0,0,0,aleatorio,0
26,1,10,0,0,0,0,0,1,0,0,0,0,0,aleatorio,0
55,3,8,1,0,1,0,1,0,1,0,0,1,2,aleatorio,2
28,1,22,0,0,0,0,1,0,0,0,0,0,0,aleatorio,0
60,2,3,1,0,0,1,1,0,0,0,1,1,2,aleatorio,2
58,1,4,0,0,0,0,0,1,0,0,1,1,0,aleatorio,0
68,1,13,0,0,0,1,0,0,0,0,0,0,1,aleatorio,1
25,1,4,0,0,0,1,0,0,0,0,0,1,1,aleatorio,1
24,2,10,1,0,0,0,1,0,0,0,0,1,1,aleatorio,1
68,5,0,1,1,1,0,1,1,0,1,2,1,2,aleatorio,2
57,1,12,0,0,0,0,0,0,1,0,0,1,0,aleatorio,0
40,1,0,0,0,1,0,0,0,0,0,0,1,2,aleatorio,2
69,1,14,0,0,0,0,0,1,0,0,0,0,0,aleatorio,0
34,4,10,1,0,0,1,0,0,1,0,0,1,2,aleatorio,2
57,1,2,0,0,0,0,0,1,0,0,0,1,0,aleatorio,0
69,1,0,0,0,0,0,0,0,1,0,0,0,0,aleatorio,0
49,1,7,0,0,0,0,0,1,0,1,1,1,2,aleatorio,2
50,1,8,0,1,0,0,0,0,0,1,2,1,2,aleatorio,2
24,4,0,1,1,1,0,0,1,1,0,0,1,2,aleatorio,2
24,1,28,0,0,0,0,1,0,0,1,1,0,0,aleatorio,1
51,2,7,1,0,0,0,1,0,1,0,0,1,1,aleatorio,1
53,3,9,1,1,0,0,0,1,0,0,2,1,2,aleatorio,2
31,1,3,0,0,0,0,0,1,0,0,0,1,0,aleatorio,0
18,1,17,0,0,0,0,0,1,0,0,0,0,0,aleatorio,0
35,2,3,1,0,0,0,1,0,1,0,0,0,1,aleatorio,1
46,1,27,0,0,0,0,1,0,0,0,1,1,0,aleatorio,0
26,1,6,0,0,0,1,0,0,0,0,0,1,1,aleatorio,1
27,1,12,0,0,0,0,1,0,0,0,0,0,0,aleatorio,0
46,2,11,1,0,0,0,1,1,0,0,0,1,1,aleatorio,1
60,2,1,1,1,0,1,0,0,0,0,0,1,2,aleatorio,2
60,1,12,0,0,0,0,1,0,0,0,0,0,0,aleatorio,0
39,1,9,0,1,0,0,0,0,0,0,0,0,2,aleatorio,2
59,4,1,1,0,0,1,0,1,1,0,0,1,2,aleatorio,2
27,2,25,1,0,0,0,0,1,0,1,1,1,1,aleatorio,1
38,3,0,1,1,1,1,0,0,0,2,2,1,2,aleatorio,2
44,1,13,0,0,0,1,0,0,0,1,1,1,2,aleatorio,2
34,1,10,0,0,0,0,1,0,0,0,0,1,0,aleatorio,0
40,2,2,1,0,0,0,0,0,1,0,0,1,1,aleatorio,1
29,2,2,1,0,0,0,1,0,0,0,0,0,1,aleatorio,1
24,1,14,0,0,0,0,0,0,1,1,1,1,2,aleatorio,2
40,3,6,1,1,0,0,1,0,0,1,1,1,1,aleatorio,2
54,1,14,0,0,0,1,0,0,0,0,0,0,1,aleatorio,1
66,1,19,0,0,0,0,0,1,0,0,0,1,0,aleatorio,0
47,2,0,1,0,0,0,1,0,0,0,0,0,1,aleatorio,1
19,1,17,0,0,0,0,1,0,0,0,0,1,2,aleatorio,0
70,1,9,0,0,0,0,1,0,0,1,1,1,2,aleatorio,2
44,1,10,0,0,0,0,0,1,0,0,0,1,0,aleatorio,0
34,2,6,1,0,1,0,1,0,0,0,0,1,1,aleatorio,2
29,1,20,0,0,0,0,0,1,0,2,3,1,1,aleatorio,1
49,1,19,0,0,0,1,0,0,0,1,2,1,1,aleatorio,1
39,1,3,0,0,0,1,0,0,0,0,0,1,1,aleatorio,1
36,3,7,1,0,0,1,1,0,0,0,0,1,2,aleatorio,2
60,1,29,0,0,0,1,0,0,0,1,1,1,0,aleatorio,1
64,1,25,0,0,0,0,0,0,1,2,2,1,1,aleatorio,1
40,1,20,0,0,0,0,0,1,0,0,0,0,0,aleatorio,0
70,1,3,0,0,0,0,1,0,0,0,0,1,0,aleatorio,0
37,1,30,0,0,0,0,1,0,0,0,0,1,0,aleatorio,0
34,1,8,0,0,0,0,1,0,0,0,0,1,0,aleatorio,0
37,1,14,0,0,0,0,1,0,0,0,0,1,0,aleatorio,0
61,2,10,1,0,0,0,1,1,0,0,0,1,2,aleatorio,1
21,2,10,1,0,0,0,1,0,1,0,0,1,1,aleatorio,1
55,2,0,1,0,0,0,0,1,0,0,2,1,1,aleatorio,1
43,2,10,1,0,0,1,1,0,0,1,1,1,2,aleatorio,2
26,1,20,0,0,0,0,0,0,1,1,1,1,1,aleatorio,1
70,1,4,0,0,0,0,0,0,1,0,0,1,0,aleatorio,0
63,1,10,0,0,0,0,0,1,0,0,0,0,0,aleatorio,0
63,1,7,0,0,0,0,0,0,1,0,0,0,0,aleatorio,0
35,1,15,0,0,0,1,0,0,0,0,0,1,1,aleatorio,1
52,2,2,1,0,0,0,0,0,1,0,1,1,1,aleatorio,1
24,1,11,0,0,0,0,1,0,0,0,0,1,0,aleatorio,0
59,0,999,0,0,0,0,0,0,0,3,3,1,1,aleatorio,1
36,3,16,1,0,0,0,1,1,0,0,0,0,1,aleatorio,1
60,1,6,0,0,0,0,1,0,0,1,1,1,2,aleatorio,2
29,2,5,1,0,0,0,1,1,0,0,0,1,1,aleatorio,1
18,2,1,1,0,0,0,1,1,0,0,0,1,1,aleatorio,1
40,4,3,1,1,1,0,1,0,1,0,0,1,2,aleatorio,2
35,3,3,1,0,0,0,1,1,0,0,0,1,2,aleatorio,1
52,1,6,0,0,0,1,0,0,0,0,0,1,1,aleatorio,1
57,1,24,0,0,0,0,0,1,0,0,0,1,0,aleatorio,0
69,2,2,1,1,0,1,0,0,0,0,0,1,2,aleatorio,2
53,1,19,0,0,0,0,1,0,0,0,0,1,0,aleatorio,0
38,3,5,1,0,0,0,1,1,1,0,1,1,1,aleatorio,1
48,3,3,1,1,1,0,0,1,0,0,0,1,2,aleatorio,2
47,1,3,0,0,0,1,0,0,0,0,0,1,1,aleatorio,1
41,1,12,0,0,0,1,0,0,0,0,0,1,0,aleatorio,1
18,1,12,0,0,0,0,1,0,0,0,0,0,0,aleatorio,0
54,2,8,1,0,0,0,1,1,0,0,0,1,1,aleatorio,1
22,1,24,0,0,0,0,0,1,0,0,0,0,1,aleatorio,0
62,1,9,0,0,0,1,0,0,0,0,0,1,1,aleatorio,1
20,1,20,0,0,0,0,1,0,0,1,1,1,1,aleatorio,1
65,1,3,0,0,0,0,1,0,0,0,0,1,0,aleatorio,0
19,3,0,1,1,0,1,0,0,0,1,1,0,2,aleatorio,2
25,2,25,1,0,0,0,1,1,0,0,2,1,1,aleatorio,1
45,2,14,1,1,0,0,0,0,1,2,2,1,2,aleatorio,2
64,1,10,0,0,0,0,0,1,0,0,0,0,2,aleatorio,0
66,4,9,1,1,1,0,0,1,0,1,1,1,2,aleatorio,2
27,1,13,0,0,0,0,1,0,0,0,0,1,0,aleatorio,0
61,2,26,1,0,0,0,1,1,0,0,0,1,1,aleatorio,1
47,1,19,0,0,0,0,1,0,0,0,0,1,0,aleatorio,0
43,1,9,0,0,0,0,1,0,0,2,2,1,2,aleatorio,2
22,1,0,0,0,0,0,0,0,1,0,1,1,0,aleatorio,0
58,2,3,1,0,0,0,1,1,0,0,0,1,1,aleatorio,1
26,1,26,0,0,0,0,1,0,0,0,0,1,0,aleatorio,0
37,1,30,0,0,0,0,0,1,0,0,1,1,0,aleatorio,0
31,1,5,0,0,0,0,0,0,1,0,0,0,0,aleatorio,0
51,2,13,1,0,0,0,1,1,0,0,0,0,1,aleatorio,1
56,2,3,1,0,0,0,0,1,1,0,0,1,1,aleatorio,1
37,1,15,0,0,0,1,0,0,0,0,0,0,1,aleatorio,1
35,3,4,1,0,0,1,1,0,0,0,0,1,2,aleatorio,2
31,1,5,0,0,0,0,1,0,0,0,0,1,0,aleatorio,0
28,4,4,1,0,0,1,1,0,0,0,0,1,2,aleatorio,2
58,1,15,0,1,0,0,0,0,0,0,0,0,2,aleatorio,2
58,2,4,1,0,0,0,0,1,1,0,0,1,1,aleatorio,1
24,3,7,1,0,0,0,1,0,1,0,0,1,1,aleatorio,1
48,2,13,1,0,0,0,0,1,1,0,0,1,1,aleatorio,1
25,1,6,0,0,0,0,0,1,0,0,1,1,0,aleatorio,0
26,1,11,0,0,0,1,0,0,0,0,0,1,1,aleatorio,1
21,1,29,0,0,0,0,0,1,0,0,0,1,0,aleatorio,0
51,1,13,0,0,0,0,0,1,0,0,0,1,0,aleatorio,0
47,1,0,0,1,0,0,0,0,0,0,0,0,2,aleatorio,2
61,2,5,1,0,0,0,0,0,1,0,0,1,1,aleatorio,1
50,1,19,0,0,0,0,1,0,0,0,1,1,0,aleatorio,0
40,1,1,0,0,1,0,0,0,0,0,0,1,2,aleatorio,2
24,1,18,0,0,0,0,1,0,0,0,0,0,0,aleatorio,0
24,4,1,1,0,0,1,0,0,1,0,0,1,2,aleatorio,2
65,1,19,0,0,0,0,1,0,0,0,0,1,0,aleatorio,0
36,1,4,0,0,0,0,0,0,1,0,0,1,0,aleatorio,0
49,1,28,0,0,0,1,0,0,0,0,1,1,2,aleatorio,1
53,1,28,0,0,0,0,0,0,1,0,0,1,0,aleatorio,0
34,1,9,0,0,0,0,1,0,0,0,0,1,0,aleatorio,0
69,2,4,1,0,0,0,0,0,1,0,0,1,1,aleatorio,1
57,1,11,0,0,0,0,1,0,0,0,0,1,0,aleatorio,0
60,1,30,0,0,0,0,1,0,0,0,0,1,2,aleatorio,0
20,1,11,0,0,0,0,1,0,0,0,0,1,0,aleatorio,0
61,2,13,1,0,0,1,0,1,0,1,2,1,2,aleatorio,2
54,2,23,1,0,1,0,1,0,0,1,1,1,2,aleatorio,2
21,3,3,1,0,0,0,1,1,1,0,0,1,1,aleatorio,1
24,2,2,1,0,0,0,1,1,0,1,1,0,2,aleatorio,2
42,2,11,1,0,0,0,1,1,0,0,0,1,2,aleatorio,1
28,3,5,1,1,0,0,0,0,1,0,0,1,2,aleatorio,2
68,2,10,1,0,0,1,0,1,0,1,2,1,2,aleatorio,2
24,1,3,0,0,0,0,0,1,0,1,1,1,2,aleatorio,2
49,2,12,1,1,0,0,0,0,1,0,0,1,2,aleatorio,2
54,1,29,0,0,0,0,1,0,0,0,0,1,0,aleatorio,0
56,1,12,0,0,1,0,0,0,0,0,0,1,1,aleatorio,2
42,2,12,1,0,0,0,0,1,0,0,0,1,1,aleatorio,1
68,1,9,0,0,0,0,0,1,0,0,0,1,0,aleatorio,0
43,2,3,1,0,0,1,1,0,0,1,1,1,2,aleatorio,2
51,1,14,0,0,0,0,1,0,0,0,0,0,0,aleatorio,0
28,2,2,1,0,0,1,0,1,0,0,0,1,2,aleatorio,2
48,1,1,0,0,0,0,0,0,1,0,0,1,0,aleatorio,0
66,2,8,1,0,0,0,0,1,1,0,0,1,1,aleatorio,1
26,1,4,0,0,0,0,1,0,0,0,1,1,0,aleatorio,0
51,2,7,1,0,0,1,0,0,0,0,0,1,2,aleatorio,2
58,1,0,0,0,0,0,0,1,0,0,1,0,0,aleatorio,0
36,1,28,0,0,0,0,0,0,1,0,0,0,0,aleatorio,0
23,1,27,0,0,0,0,0,1,0,0,0,1,0,aleatorio,0
52,2,10,1,0,0,0,1,1,0,0,0,1,1,aleatorio,1
65,1,7,0,0,0,1,0,0,0,0,0,1,1,aleatorio,1
56,5,4,1,1,0,1,0,1,0,1,2,1,2,aleatorio,2
61,1,22,0,0,0,1,0,0,0,0,2,1,1,aleatorio,1
43,1,21,0,0,0,0,0,0,1,0,0,1,0,aleatorio,0
69,1,28,0,0,0,0,1,0,0,0,0,1,1,aleatorio,0
46,1,22,0,0,0,0,0,1,0,1,1,1,1,aleatorio,1
31,1,25,0,0,0,1,0,0,0,1,1,1,1,aleatorio,1
32,3,6,1,1,0,1,1,0,0,0,0,0,2,aleatorio,2
41,1,3,0,1,0,0,0,0,0,0,0,1,1,aleatorio,2
37,1,8,0,0,0,0,0,0,1,1,1,1,2,aleatorio,2
52,1,0,0,0,0,1,0,0,0,0,0,1,1,aleatorio,1
38,2,15,1,0,0,1,1,0,0,0,0,1,2,aleatorio,2
22,1,12,0,0,0,0,0,0,1,0,0,0,0,aleatorio,0
29,1,11,0,1,0,0,0,0,0,0,0,1,2,aleatorio,2
66,1,4,0,0,1,0,0,0,0,0,0,0,2,aleatorio,2
63,1,3,0,0,0,1,0,0,0,0,0,0,1,aleatorio,1
24,2,9,1,0,0,1,1,0,0,0,0,1,2,aleatorio,2
49,1,15,0,0,0,0,1,0,0,0,1,0,0,aleatorio,0
35,3,4,1,0,1,0,1,0,0,0,0,1,2,aleatorio,2
42,2,0,1,0,0,1,0,0,1,0,0,1,2,aleatorio,2
36,2,0,1,0,0,1,1,0,0,0,0,1,2,aleatorio,2
43,2,8,1,0,0,0,1,0,0,0,0,1,1,aleatorio,1
60,1,3,0,0,0,1,0,0,0,0,0,1,1,aleatorio,1
34,1,13,0,0,0,1,0,0,0,0,0,1,1,aleatorio,1
52,1,1,0,0,0,0,1,0,0,2,3,1,2,aleatorio,2
46,1,16,0,0,0,1,0,0,0,0,0,1,1,aleatorio,1
66,1,3,0,0,0,0,1,0,0,0,0,1,0,aleatorio,0
47,1,10,0,0,0,0,0,1,0,0,0,0,0,aleatorio,0
69,2,13,1,1,1,0,0,0,0,2,2,1,2,aleatorio,2
65,1,11,0,1,0,0,0,0,0,0,0,0,2,aleatorio,2
59,1,8,0,0,0,0,0,1,0,2,2,1,2,aleatorio,2
39,1,5,0,0,0,0,1,0,0,0,1,1,0,aleatorio,0
19,1,19,0,0,0,0,1,0,0,0,0,1,0,aleatorio,0
25,1,21,0,0,0,0,1,0,0,2,2,1,1,aleatorio,1
40,0,999,0,0,0,0,0,0,0,4,4,0,1,aleatorio,1
23,2,10,1,0,0,1,1,0,0,0,0,1,2,aleatorio,2
66,1,10,0,1,0,0,0,0,0,1,1,1,2,aleatorio,2
40,3,7,1,0,0,0,1,0,0,0,0,1,0,aleatorio,1
22,2,10,1,0,0,0,1,0,0,0,0,1,1,aleatorio,1
31,2,3,1,0,1,0,1,0,0,1,1,1,2,aleatorio,2
33,2,6,1,0,1,0,0,0,0,0,0,0,2,aleatorio,2
39,1,2,0,1,0,0,0,0,0,1,1,1,2,aleatorio,2
70,3,6,1,0,0,1,1,0,1,0,0,1,2,aleatorio,2
34,2,12,1,0,1,0,0,1,0,0,0,1,2,aleatorio,2
68,1,5,0,0,0,0,0,1,0,0,0,0,0,aleatorio,0
24,2,8,1,0,0,0,1,0,0,0,1,1,2,aleatorio,1
41,2,5,1,0,0,0,0,1,1,0,0,1,1,aleatorio,1
18,1,16,0,0,0,0,0,1,0,0,2,0,0,aleatorio,0
36,1,8,0,0,0,0,1,0,0,0,0,0,0,aleatorio,0
58,2,1,1,0,0,0,0,1,0,0,0,1,1,aleatorio,1
22,2,14,1,0,0,0,0,1,1,0,0,1,1,aleatorio,1
42,4,4,1,1,0,0,0,0,1,0,0,1,2,aleatorio,2
21,2,4,1,0,0,0,1,0,0,0,0,1,1,aleatorio,1
40,1,0,0,0,0,0,0,1,0,0,0,1,0,aleatorio,0
67,1,13,0,0,0,0,0,0,1,0,0,1,0,aleatorio,0
54,1,4,0,0,0,0,0,0,1,0,0,1,0,aleatorio,0
23,3,4,1,1,0,1,0,0,1,1,1,1,2,aleatorio,2
53,2,11,1,0,0,1,0,0,0,0,0,1,2,aleatorio,2
43,1,6,0,0,0,0,0,0,1,0,0,0,0,aleatorio,0
31,1,15,0,0,0,0,0,1,0,0,0,0,0,aleatorio,0
24,2,9,1,0,1,0,0,0,0,0,0,1,2,aleatorio,2
59,2,1,1,0,0,1,0,1,0,2,2,1,2,aleatorio,2
41,2,9,1,0,0,1,0,0,0,0,0,1,2,aleatorio,2
57,2,6,1,0,0,0,0,1,1,1,2,1,2,aleatorio,2
61,1,8,0,0,0,1,0,0,0,0,0,1,0,aleatorio,1
29,1,26,0,0,0,0,0,0,1,0,0,1,0,aleatorio,0
53,1,18,0,0,0,1,0,0,0,0,0,1,1,aleatorio,1
42,1,16,0,0,0,0,1,0,0,0,0,1,0,aleatorio,0
47,2,3,1,0,0,0,0,1,0,0,0,0,1,aleatorio,1
28,1,4,0,0,1,0,0,0,0,1,2,1,2,aleatorio,2
70,2,0,1,0,0,0,1,0,0,0,0,1,1,aleatorio,1
49,2,11,1,0,1,0,0,0,1,0,0,1,2,aleatorio,2
26,1,13,0,0,0,0,1,0,0,0,0,1,0,aleatorio,0
49,3,7,1,0,0,1,0,1,1,0,0,1,2,aleatorio,2
68,1,5,0,0,0,0,0,0,1,0,0,1,0,aleatorio,0
49,2,10,1,0,0,0,1,1,0,0,0,0,1,aleatorio,1
46,3,3,1,0,0,0,1,0,1,0,0,1,1,aleatorio,1
59,2,4,1,0,0,0,0,1,1,0,0,1,1,aleatorio,1
33,2,8,1,0,0,1,1,0,0,3,3,1,2,aleatorio,2
66,2,17,1,0,0,1,1,0,0,0,0,0,2,aleatorio,2
50,1,11,0,0,0,0,1,0,0,0,0,1,0,aleatorio,0
67,1,10,0,0,0,0,0,0,1,3,3,1,2,aleatorio,2
33,0,999,0,0,0,0,0,0,0,3,4,0,1,aleatorio,1
40,1,11,0,1,0,0,0,0,0,0,0,1,2,aleatorio,2
31,1,9,0,0,0,1,0,0,0,0,0,0,1,aleatorio,1
40,1,3,0,0,0,1,0,0,0,0,0,1,1,aleatorio,1
26,1,2,0,0,0,0,0,1,0,0,0,1,0,aleatorio,0
62,1,12,0,1,0,0,0,0,0,0,0,1,0,aleatorio,2
59,2,11,1,0,0,0,0,1,0,0,0,1,1,aleatorio,1
39,1,9,0,0,0,0,1,0,0,0,0,1,1,aleatorio,0
40,1,8,0,0,0,0,1,0,0,0,0,0,0,aleatorio,0
50,1,24,0,0,0,0,1,0,0,1,1,1,1,aleatorio,1
21,3,0,1,0,0,0,0,1,1,0,0,1,1,aleatorio,1
37,1,29,0,0,0,0,0,1,0,1,1,1,1,aleatorio,1
27,1,22,0,0,1,0,0,0,0,0,0,0,2,aleatorio,2
27,2,4,1,0,0,0,1,0,0,0,0,1,1,aleatorio,1
44,3,12,1,1,0,1,0,1,0,2,3,1,2,aleatorio,2
64,1,1,0,0,0,0,0,1,0,0,0,1,0,aleatorio,0
29,1,18,0,0,1,0,0,0,0,3,3,1,2,aleatorio,2
50,1,25,0,0,1,0,0,0,0,0,0,1,2,aleatorio,2
19,1,2,0,0,0,0,0,0,1,0,0,1,0,aleatorio,0
47,3,3,1,0,0,1,1,1,0,0,0,0,2,aleatorio,2
59,1,12,0,0,0,0,0,0,1,0,0,1,0,aleatorio,0
64,3,2,1,0,0,0,0,1,1,0,0,1,1,aleatorio,1
50,2,0,1,0,0,1,1,0,0,1,1,1,2,aleatorio,2
23,1,6,0,0,0,0,1,0,0,0,0,1,0,aleatorio,0
23,2,1,1,0,0,0,1,1,0,0,0,1,1,aleatorio,1
63,1,15,0,0,0,0,0,1,0,0,0,1,0,aleatorio,0
27,1,8,0,0,0,0,0,1,0,0,0,1,0,aleatorio,0
39,1,1,0,1,0,0,0,0,0,0,0,1,2,aleatorio,2
61,2,1,1,0,0,0,1,1,0,0,0,1,1,aleatorio,1
62,2,8,1,0,0,0,0,0,1,0,0,1,1,aleatorio,1
58,1,15,0,0,0,0,0,1,0,0,0,1,0,aleatorio,0
18,1,28,0,0,0,0,0,1,0,0,0,0,0,aleatorio,0
35,3,1,1,0,0,0,1,1,1,0,0,1,0,aleatorio,1
19,2,15,1,0,0,0,0,1,0,1,1,1,2,aleatorio,2
38,1,9,0,0,0,0,0,1,0,0,0,1,0,aleatorio,0
45,1,3,0,0,0,1,0,0,0,0,0,1,1,aleatorio,1
31,2,6,1,0,1,1,0,0,0,1,1,1,2,aleatorio,2
70,1,21,0,0,0,1,0,0,0,0,0,1,1,aleatorio,1
42,2,4,1,0,0,0,0,1,1,0,0,1,1,aleatorio,1
61,1,5,0,0,0,0,0,0,1,0,0,1,0,aleatorio,0
68,2,8,1,0,0,0,1,1,0,0,0,1,1,aleatorio,1
35,1,11,0,0,0,0,0,1,0,1,2,1,2,aleatorio,2
39,1,22,0,0,0,0,0,0,1,0,2,1,0,aleatorio,0
19,1,12,0,0,0,0,1,0,0,0,0,1,0,aleatorio,0
22,2,15,1,0,0,1,0,1,0,0,0,0,2,aleatorio,2
52,2,19,1,0,0,0,0,1,1,0,0,1,1,aleatorio,1
69,1,15,0,0,0,1,0,0,0,0,0,1,1,aleatorio,1
51,3,3,1,0,0,0,1,0,1,0,0,1,1,aleatorio,1
25,1,22,0,0,0,0,1,0,0,2,2,1,2,aleatorio,1
63,2,11,1,0,0,0,1,0,0,0,1,1,1,aleatorio,1
27,1,4,0,0,0,0,0,0,1,0,0,0,0,aleatorio,0
62,2,0,1,1,0,1,0,0,0,0,0,0,0,aleatorio,2
27,1,18,0,0,0,0,0,1,0,1,1,1,1,aleatorio,1
66,1,17,0,0,0,0,0,0,1,0,0,0,0,aleatorio,0
20,1,25,0,0,0,0,0,1,0,1,1,0,1,aleatorio,1
68,1,1,0,0,0,0,1,0,0,0,0,1,0,aleatorio,0
35,1,3,0,0,0,0,1,0,0,0,0,1,2,aleatorio,0
29,2,7,1,1,0,0,1,0,0,2,2,1,2,aleatorio,2
61,1,16,0,0,0,0,0,0,1,0,0,1,0,aleatorio,0
28,1,25,0,0,0,0,0,1,0,1,1,1,1,aleatorio,1
56,2,0,1,0,0,0,1,0,1,0,0,1,1,aleatorio,1
21,3,3,1,0,1,0,1,1,0,0,0,1,2,aleatorio,2
41,1,3,0,0,0,1,0,0,0,2,2,1,2,aleatorio,2
26,1,2,0,0,0,0,0,0,1,0,0,1,0,aleatorio,0
33,1,3,0,0,0,0,0,1,0,0,0,1,0,aleatorio,0
33,2,10,1,0,0,0,0,0,1,0,0,0,1,aleatorio,1
48,2,10,1,0,0,0,0,1,1,0,0,1,1,aleatorio,1
70,2,2,1,1,0,1,0,0,0,0,0,1,2,aleatorio,2
60,1,4,0,0,0,0,0,1,0,1,1,1,2,aleatorio,2
38,2,6,1,0,0,0,0,0,1,0,0,1,1,aleatorio,1
59,1,3,0,1,0,0,0,0,0,0,0,1,2,aleatorio,2
56,1,4,0,0,0,0,0,1,0,0,0,1,0,aleatorio,0
50,1,8,0,0,0,1,0,0,0,0,0,1,1,aleatorio,1
65,1,27,0,0,0,0,0,1,0,0,0,1,2,aleatorio,0
31,2,11,1,0,0,0,1,0,1,0,0,0,1,aleatorio,1
35,3,7,1,0,0,1,1,0,0,0,0,1,2,aleatorio,2
25,1,15,0,0,0,0,0,1,0,0,0,1,0,aleatorio,0
18,1,19,0,0,1,0,0,0,0,0,0,1,2,aleatorio,2
55,2,2,1,1,0,0,0,1,0,0,0,1,2,aleatorio,2
54,1,30,0,0,0,1,0,0,0,0,0,1,1,aleatorio,1
36,1,19,0,0,0,0,1,0,0,1,1,1,1,aleatorio,1
44,1,17,0,0,0,0,0,1,0,0,0,1,0,aleatorio,0
34,1,21,0,0,0,0,1,0,0,0,0,1,0,aleatorio,0
65,2,25,1,0,0,0,1,0,0,2,2,1,1,aleatorio,1
46,1,8,0,0,0,0,0,0,1,0,0,1,0,aleatorio,0
58,1,7,0,0,0,0,1,0,0,0,0,0,0,aleatorio,0
70,1,19,0,0,0,0,0,0,1,0,0,1,0,aleatorio,0
34,1,14,0,0,0,0,1,0,0,0,1,1,2,aleatorio,0
66,1,23,0,0,0,0,1,0,0,1,1,1,1,aleatorio,1
40,3,4,1,1,0,1,0,0,1,0,0,1,2,aleatorio,2
55,1,23,0,0,0,0,0,1,0,0,0,1,0,aleatorio,0
57,1,21,0,0,0,1,0,0,0,0,0,1,1,aleatorio,1
55,2,11,1,1,0,0,1,0,0,0,0,1,2,aleatorio,2
64,1,5,0,0,0,0,0,0,1,0,0,1,0,aleatorio,0
54,1,11,0,0,0,1,0,0,0,0,0,1,0,aleatorio,1
21,3,2,1,0,1,1,0,0,1,0,0,1,1,aleatorio,2
47,1,0,0,0,0,0,0,0,1,0,0,1,0,aleatorio,0
57,1,19,0,0,1,0,0,0,0,0,0,1,2,aleatorio,2
22,1,19,0,0,0,0,0,1,0,1,1,1,1,aleatorio,1
20,2,0,1,0,0,0,1,0,0,0,1,1,1,aleatorio,1
33,2,5,1,0,0,1,1,0,0,2,2,0,2,aleatorio,2
62,1,13,0,0,1,0,0,0,0,0,0,1,2,aleatorio,2
65,3,0,1,0,0,0,1,1,0,1,1,1,2,aleatorio,2
28,2,0,1,0,0,0,0,1,1,0,0,0,1,aleatorio,1
29,3,0,1,0,0,0,0,1,1,0,0,1,1,aleatorio,1
42,2,10,1,0,0,0,1,0,1,0,0,1,1,aleatorio,1
54,2,9,1,0,1,0,0,1,0,0,1,1,2,aleatorio,2
39,2,14,1,1,1,0,0,0,0,0,0,1,2,aleatorio,2
38,1,8,0,0,0,0,0,0,1,1,1,1,2,aleatorio,2
66,3,6,1,0,0,0,1,1,0,0,0,1,1,aleatorio,1
25,1,17,0,0,0,1,0,0,0,0,0,1,1,aleatorio,1
66,1,1,0,0,1,0,0,0,0,0,0,1,2,aleatorio,2
63,1,23,0,0,1,0,0,0,0,0,0,1,2,aleatorio,2
31,2,11,1,0,0,0,0,1,1,0,0,0,1,aleatorio,1
32,1,12,0,0,0,0,0,0,1,0,1,0,0,aleatorio,0
53,1,25,0,0,0,0,0,0,1,0,0,0,0,aleatorio,0
32,2,16,1,1,0,0,0,1,0,1,1,1,2,aleatorio,2
28,1,15,0,0,0,0,1,0,0,0,0,1,0,aleatorio,0
67,3,2,1,0,0,0,0,1,0,1,1,1,1,aleatorio,2
68,3,2,1,0,0,0,1,1,0,0,0,1,1,aleatorio,1
67,1,2,0,1,0,0,0,0,0,1,2,0,0,aleatorio,2
45,1,0,0,0,0,0,0,1,0,0,0,1,0,aleatorio,0
22,1,5,0,0,0,0,0,0,1,0,0,1,0,aleatorio,0
19,1,3,0,0,0,0,0,1,0,0,0,1,0,aleatorio,0
18,2,2,1,0,0,0,1,0,0,0,0,1,1,aleatorio,1
64,1,8,0,0,0,0,1,0,0,0,0,1,0,aleatorio,0
36,1,9,0,0,0,0,0,1,0,0,1,0,0,aleatorio,0
54,3,3,1,0,0,0,1,1,0,0,0,1,1,aleatorio,1
27,1,10,0,0,0,0,1,0,0,0,0,0,0,aleatorio,0
50,1,3,0,0,0,0,0,0,1,0,0,1,0,aleatorio,0
69,1,5,0,0,1,0,0,0,0,2,2,1,2,aleatorio,2
35,1,29,0,0,0,0,1,0,0,1,2,1,1,aleatorio,1
60,1,24,0,0,0,0,1,0,0,0,1,1,0,aleatorio,0
57,1,19,0,0,0,0,0,1,0,0,0,1,2,aleatorio,0
45,1,19,0,0,0,0,0,1,0,0,0,0,0,aleatorio,0
30,1,8,0,0,0,0,0,1,0,0,0,1,0,aleatorio,0
29,0,999,0,0,0,0,0,0,0,1,1,1,1,aleatorio,1
22,2,15,1,0,0,0,1,1,0,0,0,1,1,aleatorio,1
58,1,13,0,0,0,0,0,0,1,1,1,1,2,aleatorio,2
61,4,2,1,1,0,1,0,1,0,0,0,1,2,aleatorio,2
69,1,29,0,0,0,1,0,0,0,1,1,1,1,aleatorio,1
51,1,27,0,0,0,1,0,0,0,0,0,0,1,aleatorio,1
33,1,4,0,0,1,0,0,0,0,0,0,1,2,aleatorio,2
59,2,20,1,0,0,1,1,0,0,4,4,1,2,aleatorio,2
56,2,8,1,1,1,0,0,0,0,2,2,1,2,aleatorio,2
43,1,11,0,0,0,0,0,0,1,0,0,1,0,aleatorio,0
32,4,0,1,0,1,0,1,0,1,0,0,1,2,aleatorio,2
70,1,22,0,0,0,0,0,1,0,0,0,1,0,aleatorio,0
29,1,28,0,0,0,0,0,1,0,0,0,1,0,aleatorio,0
51,2,0,1,0,0,1,1,0,0,0,2,1,2,aleatorio,2
55,2,10,1,0,0,0,0,1,1,0,0,0,1,aleatorio,1
44,5,0,1,0,0,0,1,1,0,0,0,1,1,aleatorio,1
45,1,28,0,0,0,0,0,0,1,1,2,1,2,aleatorio,1
20,1,20,0,0,0,0,0,0,1,0,1,0,2,aleatorio,0
23,1,1,0,0,0,0,0,0,1,0,1,0,0,aleatorio,0
31,2,10,1,0,0,0,1,0,1,0,0,1,1,aleatorio,1
27,2,22,1,0,0,0,1,1,0,0,0,0,1,aleatorio,1
21,1,16,0,0,0,0,0,0,1,0,0,1,0,aleatorio,0
18,1,25,0,0,0,0,0,0,1,0,0,0,0,aleatorio,0
57,1,12,0,1,0,0,0,0,0,0,0,1,2,aleatorio,2
45,1,1,0,0,0,0,0,1,0,0,0,1,0,aleatorio,0
26,1,7,0,0,0,0,1,0,0,0,1,1,0,aleatorio,0
67,3,8,1,0,0,1,1,0,1,0,0,1,2,aleatorio,2
67,0,999,0,0,0,0,0,0,0,3,3,1,1,aleatorio,1
37,1,2,0,0,0,0,0,1,0,0,1,1,0,aleatorio,0
30,2,6,1,1,0,0,0,0,0,0,0,1,2,aleatorio,2
64,2,8,1,0,1,0,0,0,1,1,1,0,2,aleatorio,2
59,1,25,0,0,0,0,0,0,1,0,0,1,0,aleatorio,0
68,2,9,1,0,0,0,0,1,0,0,0,1,1,aleatorio,1
22,1,8,0,0,0,0,0,1,0,0,0,1,0,aleatorio,0
29,0,999,0,0,0,0,0,0,0,2,2,1,1,aleatorio,1
35,1,17,0,0,1,0,0,0,0,0,0,1,2,aleatorio,2
50,1,25,0,0,0,0,1,0,0,0,0,1,0,aleatorio,0
50,1,24,0,0,0,0,0,0,1,1,2,1,1,aleatorio,1
52,1,1,0,0,0,1,0,0,0,0,0,1,1,aleatorio,1
20,1,17,0,0,0,0,0,1,0,0,0,0,0,aleatorio,0
59,1,10,0,0,0,0,0,1,0,0,0,0,0,aleatorio,0
55,1,24,0,0,0,0,0,1,0,0,0,1,0,aleatorio,0
50,0,999,0,0,0,0,0,0,0,3,3,1,1,aleatorio,1
44,1,5,0,0,0,0,0,1,0,0,1,1,0,aleatorio,0
44,1,26,0,0,1,0,0,0,0,1,1,1,2,aleatorio,2
58,1,12,0,0,0,1,0,0,0,0,0,1,1,aleatorio,1
35,1,21,0,0,0,0,1,0,0,4,4,1,1,aleatorio,1
41,1,7,0,0,0,0,0,0,1,0,0,1,0,aleatorio,0
42,1,24,0,0,0,0,1,0,0,0,0,1,0,aleatorio,0
52,1,10,0,0,0,1,0,0,0,0,0,1,1,aleatorio,1
64,1,30,0,0,0,0,1,0,0,2,2,0,1,aleatorio,1
52,1,20,0,0,0,0,0,1,0,0,0,0,0,aleatorio,0
63,1,29,0,0,0,0,0,1,0,0,0,1,0,aleatorio,0
25,4,3,1,0,0,1,0,1,1,0,0,0,2,aleatorio,2
24,2,12,1,0,0,0,1,1,0,0,0,1,0,aleatorio,1
51,1,14,0,0,0,0,0,1,0,0,0,1,0,aleatorio,0
28,2,2,1,1,0,1,0,0,0,1,1,0,2,aleatorio,2
47,1,10,0,0,0,0,0,0,1,0,0,1,1,aleatorio,0
18,1,14,0,0,0,0,0,0,1,1,1,1,2,aleatorio,2
50,1,26,0,0,0,0,1,0,0,0,0,1,0,aleatorio,0
47,1,22,0,0,0,0,0,1,0,3,3,1,1,aleatorio,1
69,3,1,1,0,0,0,0,1,1,1,2,1,0,aleatorio,2
68,1,0,0,0,0,0,1,0,0,0,0,1,1,aleatorio,0
53,1,22,0,0,0,1,0,0,0,0,0,1,1,aleatorio,1
61,1,15,0,0,0,0,1,0,0,0,0,0,0,aleatorio,0
32,3,9,1,0,0,1,0,1,1,0,0,1,2,aleatorio,2
51,2,4,1,0,0,0,1,0,0,0,0,1,1,aleatorio,1
25,2,3,1,0,0,0,0,1,1,0,0,1,1,aleatorio,1
32,1,19,0,0,0,0,1,0,0,0,0,1,0,aleatorio,0
67,1,22,0,0,0,1,0,0,0,0,0,0,1,aleatorio,1
59,2,4,1,0,0,0,0,1,0,0,0,1,1,aleatorio,1
60,1,26,0,0,0,0,0,0,1,0,0,0,0,aleatorio,0
59,1,14,0,0,0,0,0,1,0,0,0,1,0,aleatorio,0
37,4,9,1,0,0,0,1,1,0,0,0,1,1,aleatorio,1
61,1,10,0,0,0,0,0,0,1,0,0,1,0,aleatorio,0
20,1,16,0,0,0,0,1,0,0,0,0,1,0,aleatorio,0
24,1,0,0,0,0,1,0,0,0,0,0,1,1,aleatorio,1
19,1,7,0,0,0,0,0,1,0,0,0,1,0,aleatorio,0
33,1,6,0,0,0,1,0,0,0,0,0,0,1,aleatorio,1
51,2,15,1,0,0,0,1,1,0,0,0,1,0,aleatorio,1
63,3,7,1,0,0,1,0,1,0,0,0,1,2,aleatorio,2
57,1,28,0,0,0,0,0,1,0,1,1,1,1,aleatorio,1
49,4,0,1,0,0,0,1,1,1,0,0,1,1,aleatorio,1
61,1,26,0,0,0,0,1,0,0,2,2,0,1,aleatorio,1
49,1,20,0,1,0,0,0,0,0,1,2,1,2,aleatorio,2
43,1,28,0,1,0,0,0,0,0,0,0,1,2,aleatorio,2
63,3,4,1,0,0,1,1,0,0,0,0,1,2,aleatorio,2
63,1,27,0,0,0,1,0,0,0,0,0,1,1,aleatorio,1
34,2,12,1,1,0,0,0,1,0,0,0,1,2,aleatorio,2
44,2,1,1,1,1,0,0,0,0,1,1,0,2,aleatorio,2
43,1,14,0,0,0,0,0,0,1,0,0,1,0,aleatorio,0
18,1,26,0,0,0,0,0,1,0,0,0,1,0,aleatorio,0
35,3,19,1,0,1,1,0,0,0,1,1,1,2,aleatorio,2
46,4,0,1,1,0,1,0,0,0,0,0,1,2,aleatorio,2
56,1,1,0,0,0,1,0,0,0,0,1,1,1,aleatorio,1
61,1,23,0,0,0,1,0,0,0,0,0,1,0,aleatorio,1
69,2,14,1,0,1,1,0,0,0,0,0,1,2,aleatorio,2
54,1,1,0,0,0,0,1,0,0,0,1,0,0,aleatorio,0
42,2,3,1,0,0,0,1,0,0,0,0,0,0,aleatorio,1
44,1,8,0,0,1,0,0,0,0,0,0,1,2,aleatorio,2
68,1,5,0,0,0,1,0,0,0,0,0,0,1,aleatorio,1
69,1,29,0,0,0,0,0,0,1,0,0,1,0,aleatorio,0
53,1,25,0,0,0,0,1,0,0,0,0,1,0,aleatorio,0
22,1,23,0,0,0,0,1,0,0,0,0,1,0,aleatorio,0
26,1,10,0,0,0,0,1,0,0,0,0,1,0,aleatorio,0
53,2,2,1,0,0,0,1,0,0,0,0,1,2,aleatorio,1
60,2,2,1,0,0,1,0,0,1,0,0,0,2,aleatorio,2
58,1,20,0,0,0,0,1,0,0,0,0,1,0,aleatorio,0
20,3,5,1,0,1,1,0,0,1,1,1,1,2,aleatorio,2
61,1,3,0,0,0,0,0,0,1,0,0,0,0,aleatorio,0
61,2,0,1,0,0,0,0,1,1,0,0,0,1,aleatorio,1
64,1,8,0,0,0,0,0,1,0,1,1,0,1,aleatorio,2
63,1,17,0,0,0,0,0,0,1,0,0,1,0,aleatorio,0
20,2,6,1,0,0,0,1,1,0,0,0,1,1,aleatorio,1
63,2,3,1,0,0,0,1,0,1,0,0,1,2,aleatorio,1
21,1,19,0,0,0,0,1,0,0,0,0,1,0,aleatorio,0
19,1,1,0,0,0,1,0,0,0,0,0,1,1,aleatorio,1
44,1,12,0,0,0,0,0,0,1,0,0,1,0,aleatorio,0
61,2,8,1,1,0,0,0,1,0,0,2,1,2,aleatorio,2
58,1,24,0,1,0,0,0,0,0,0,0,1,2,aleatorio,2
62,2,3,1,0,0,0,0,1,1,0,1,1,0,aleatorio,1
20,1,1,0,0,0,0,0,1,0,0,0,1,0,aleatorio,0
18,3,10,1,0,1,0,1,0,0,0,0,1,2,aleatorio,2
25,1,15,0,0,0,1,0,0,0,0,0,0,1,aleatorio,1
45,2,2,1,0,0,0,0,0,1,0,1,1,1,aleatorio,1
30,1,20,0,0,0,1,0,0,0,0,0,0,0,aleatorio,1
26,1,29,0,0,0,0,0,0,1,0,0,1,0,aleatorio,0
42,1,30,0,0,0,0,1,0,0,0,0,1,0,aleatorio,0
20,3,3,1,1,0,0,1,1,0,1,1,1,2,aleatorio,2
70,2,0,1,0,0,0,1,0,1,0,0,1,1,aleatorio,1
42,2,10,1,0,0,0,1,0,0,0,0,1,1,aleatorio,1
22,1,20,0,0,0,0,0,0,1,1,1,1,1,aleatorio,1
48,4,10,1,0,0,1,1,1,1,0,0,0,2,aleatorio,2
59,1,30,0,0,0,1,0,0,0,0,0,0,1,aleatorio,1
35,2,11,1,0,1,0,1,0,0,1,1,1,2,aleatorio,2
24,1,26,0,0,0,0,1,0,0,0,0,1,0,aleatorio,0
69,1,23,0,0,0,0,0,0,1,0,0,0,0,aleatorio,0
49,2,15,1,0,1,1,0,0,0,0,1,1,0,aleatorio,2
67,1,24,0,0,0,0,0,1,0,0,0,0,0,aleatorio,0
34,1,14,0,0,0,0,0,1,0,0,0,1,0,aleatorio,0
47,2,12,1,0,0,0,1,1,0,0,1,1,1,aleatorio,1
27,2,9,1,0,1,0,0,0,1,1,3,1,2,aleatorio,2
42,1,18,0,0,0,0,0,0,1,0,0,1,0,aleatorio,0
19,3,0,1,0,0,0,1,0,0,0,0,1,1,aleatorio,1
28,3,9,1,1,0,0,0,1,1,2,2,1,2,aleatorio,2
58,1,10,0,0,1,0,0,0,0,0,0,0,2,aleatorio,2
42,1,11,0,0,0,0,0,0,1,1,1,0,2,aleatorio,2
53,1,7,0,0,0,1,0,0,0,0,0,1,1,aleatorio,1
47,4,9,1,0,0,0,1,1,1,0,0,1,1,aleatorio,1
64,1,10,0,1,0,0,0,0,0,0,0,0,2,aleatorio,2
39,1,27,0,0,0,1,0,0,0,1,2,1,1,aleatorio,1
23,1,0,0,1,0,0,0,0,0,1,2,1,2,aleatorio,2
67,1,21,0,0,0,0,0,0,1,0,0,0,0,aleatorio,0
35,1,20,0,0,0,0,0,1,0,0,0,1,0,aleatorio,0
40,1,30,0,0,0,0,1,0,0,3,3,1,1,aleatorio,1
29,2,10,1,0,0,1,1,0,0,2,2,1,2,aleatorio,2
35,1,7,0,0,0,0,1,0,0,0,0,1,0,aleatorio,0
36,3,3,1,0,1,0,1,1,0,1,2,1,2,aleatorio,2
28,1,12,0,0,0,0,1,0,0,1,2,1,2,aleatorio,2
21,1,14,0,0,0,0,0,0,1,0,0,0,0,aleatorio,0
33,1,13,0,0,0,1,0,0,0,0,0,1,1,aleatorio,1
50,2,0,1,1,0,0,0,1,0,1,2,0,2,aleatorio,2
68,1,5,0,0,1,0,0,0,0,0,0,1,2,aleatorio,2
37,1,5,0,0,0,0,0,0,1,0,0,1,0,aleatorio,0
59,1,17,0,0,0,0,0,0,1,1,2,0,1,aleatorio,1
57,2,4,1,0,1,0,0,0,0,1,1,1,0,aleatorio,2
43,1,27,0,0,0,1,0,0,0,1,1,1,1,aleatorio,1
67,1,5,0,0,0,1,0,0,0,0,0,1,2,aleatorio,1
52,1,1,0,0,0,0,0,0,1,0,0,1,0,aleatorio,0
61,1,18,0,0,0,0,0,0,1,0,0,1,2,aleatorio,0
70,1,1,0,0,0,0,0,1,0,0,0,0,0,aleatorio,0
27,3,10,1,0,1,0,1,1,0,0,0,1,0,aleatorio,2
36,1,3,0,0,0,0,1,0,0,0,0,1,0,aleatorio,0
28,2,10,1,1,0,1,0,0,0,0,0,1,2,aleatorio,2
49,2,1,1,0,0,0,0,1,0,0,0,1,1,aleatorio,1
63,1,12,0,0,0,1,0,0,0,0,0,1,1,aleatorio,1
20,1,24,0,0,0,0,1,0,0,0,1,0,0,aleatorio,0
26,2,3,1,0,0,0,0,1,0,0,0,0,1,aleatorio,1
63,2,2,1,0,0,0,1,1,0,0,1,1,1,aleatorio,1
60,1,9,0,1,0,0,0,0,0,0,0,1,2,aleatorio,2
51,2,3,1,0,1,0,1,0,0,0,0,0,2,aleatorio,2
70,1,13,0,0,0,0,1,0,0,0,0,1,0,aleatorio,0
39,1,3,0,0,0,0,0,1,0,0,0,0,0,aleatorio,0
59,2,4,1,0,1,0,0,1,0,0,0,1,2,aleatorio,2
62,1,4,0,0,0,0,0,1,0,0,0,1,0,aleatorio,0
45,1,27,0,0,0,0,1,0,0,0,0,1,0,aleatorio,0
59,1,21,0,0,0,0,1,0,0,1,1,0,1,aleatorio,1
30,3,12,1,0,0,0,1,0,0,0,0,1,1,aleatorio,1
48,3,6,1,0,0,0,1,1,0,0,0,1,1,aleatorio,1
64,3,6,1,0,0,0,1,1,0,0,0,0,1,aleatorio,1
31,2,5,1,0,1,1,0,0,0,0,0,1,2,aleatorio,2
63,3,4,1,0,0,1,0,1,0,0,0,1,2,aleatorio,2
54,1,18,0,0,0,0,1,0,0,2,2,1,1,aleatorio,1
48,3,1,1,1,0,0,0,0,1,2,2,1,2,aleatorio,2
65,2,2,1,0,0,0,1,0,0,0,0,1,1,aleatorio,1
19,1,7,0,0,0,0,0,0,1,0,0,1,0,aleatorio,0
27,2,3,1,0,0,0,0,1,1,0,1,1,1,aleatorio,1
33,1,26,0,0,0,0,0,0,1,0,0,1,0,aleatorio,0
40,1,13,0,0,0,1,0,0,0,0,0,0,1,aleatorio,1
49,1,8,0,0,0,0,0,0,1,0,0,1,0,aleatorio,0
59,1,11,0,0,0,1,0,0,0,0,0,1,1,aleatorio,1
35,2,7,1,0,0,0,0,1,0,0,0,1,1,aleatorio,1
48,1,24,0,0,1,0,0,0,0,0,0,0,2,aleatorio,2
57,1,28,0,0,0,0,0,1,0,0,0,0,0,aleatorio,0
53,1,0,0,0,0,0,0,1,0,0,0,1,0,aleatorio,0
27,4,7,1,1,1,0,0,1,0,0,0,1,2,aleatorio,2
26,1,9,0,0,0,1,0,0,0,0,0,1,1,aleatorio,1
32,1,5,0,0,0,0,0,0,1,0,0,1,0,aleatorio,0
39,3,13,1,0,1,1,0,0,0,0,0,1,2,aleatorio,2
25,2,13,1,0,0,0,0,1,0,0,0,1,1,aleatorio,1
38,1,5,0,0,0,0,0,1,0,0,0,1,0,aleatorio,0
69,3,13,1,0,1,0,1,1,0,1,1,1,2,aleatorio,2
38,2,9,1,0,0,0,0,1,0,0,0,1,1,aleatorio,1
31,1,13,0,0,0,0,1,0,0,1,1,1,2,aleatorio,2
35,1,25,0,0,0,0,0,1,0,0,0,0,2,aleatorio,0
65,1,21,0,0,0,1,0,0,0,0,0,1,1,aleatorio,1
46,1,3,0,0,0,0,0,0,1,0,0,1,0,aleatorio,0
27,1,21,0,0,0,0,0,0,1,0,0,1,0,aleatorio,0
27,2,1,1,1,0,0,0,1,0,0,0,1,2,aleatorio,2
52,1,26,0,0,0,1,0,0,0,0,0,0,1,aleatorio,1
66,3,2,1,0,0,0,1,1,0,0,0,1,1,aleatorio,1
62,1,7,0,0,0,0,0,1,0,0,0,1,0,aleatorio,0
47,1,12,0,0,0,0,0,1,0,0,0,1,0,aleatorio,0
59,1,11,0,0,0,0,1,0,0,0,0,1,0,aleatorio,0
18,2,7,1,1,0,0,1,0,0,0,0,1,2,aleatorio,2
18,1,11,0,1,0,0,0,0,0,0,0,1,2,aleatorio,2
38,1,4,0,0,0,0,1,0,0,1,1,1,2,aleatorio,2
52,1,28,0,0,1,0,0,0,0,0,0,0,2,aleatorio,2
59,2,0,1,1,0,0,1,0,0,1,1,1,2,aleatorio,2
57,3,3,1,0,1,0,0,1,0,0,0,1,2,aleatorio,2
27,1,7,0,0,0,1,0,0,0,0,0,1,1,aleatorio,1
37,2,16,1,0,0,0,1,1,0,0,0,1,1,aleatorio,1
35,1,27,0,0,0,0,0,1,0,0,0,1,0,aleatorio,0
67,2,9,1,0,0,1,1,0,0,1,2,1,2,aleatorio,2
43,1,12,0,0,0,0,0,0,1,0,0,1,0,aleatorio,0
60,1,25,0,0,0,0,0,1,0,0,0,1,0,aleatorio,0
27,1,7,0,0,0,0,0,0,1,0,0,0,0,aleatorio,0
20,1,9,0,0,0,0,1,0,0,0,0,1,0,aleatorio,0
70,4,2,1,1,1,0,0,1,0,0,0,1,2,aleatorio,2
52,2,8,1,1,0,0,0,0,1,0,0,1,2,aleatorio,2
69,1,9,0,0,0,1,0,0,0,0,0,1,1,aleatorio,1
61,1,2,0,0,0,0,1,0,0,0,0,0,0,aleatorio,0
35,1,19,0,0,0,0,1,0,0,1,2,1,1,aleatorio,1
46,3,1,1,0,0,0,1,1,0,0,0,1,1,aleatorio,1
69,1,11,0,0,0,0,1,0,0,1,2,1,2,aleatorio,2
61,1,5,0,0,0,1,0,0,0,1,1,1,2,aleatorio,2
46,1,22,0,0,0,0,1,0,0,0,0,1,0,aleatorio,0
68,1,22,0,0,0,1,0,0,0,0,0,0,0,aleatorio,1
29,3,2,1,0,0,1,0,1,0,0,0,0,2,aleatorio,2
36,3,8,1,0,0,1,0,1,1,0,0,1,1,aleatorio,2
58,1,5,0,0,0,1,0,0,0,0,1,1,1,aleatorio,1
51,1,6,0,0,0,0,0,1,0,0,0,1,0,aleatorio,0
39,1,2,0,0,0,1,0,0,0,0,0,1,1,aleatorio,1
21,3,0,1,1,1,0,1,0,0,1,1,1,1,aleatorio,2
20,3,5,1,0,1,0,0,1,0,0,1,1,2,aleatorio,2
66,3,0,1,1,0,0,1,0,1,0,0,1,2,aleatorio,2
38,1,9,0,0,0,1,0,0,0,0,0,1,1,aleatorio,1
38,1,13,0,0,0,0,0,0,1,0,0,1,0,aleatorio,0
61,2,2,1,0,0,1,1,0,0,0,0,1,2,aleatorio,2
56,3,10,1,0,0,1,0,0,1,1,1,1,2,aleatorio,2
28,3,11,1,1,1,0,0,1,0,0,0,1,2,aleatorio,2
48,1,14,0,0,1,0,0,0,0,0,0,1,2,aleatorio,2
39,1,30,0,0,0,0,0,0,1,0,0,1,1,aleatorio,0
34,1,0,0,0,0,0,1,0,0,1,1,0,2,aleatorio,2
42,1,5,0,0,0,0,0,1,0,0,0,1,0,aleatorio,0
42,2,14,1,1,0,0,0,1,0,0,0,1,2,aleatorio,2
54,1,23,0,0,0,0,1,0,0,1,2,1,1,aleatorio,1
64,1,0,0,0,0,0,0,1,0,0,0,1,0,aleatorio,0
36,2,3,1,0,0,0,1,1,0,0,0,1,1,aleatorio,1
44,1,30,0,0,0,0,1,0,0,0,0,0,0,aleatorio,0
54,1,15,0,0,0,0,1,0,0,0,0,1,0,aleatorio,0
66,4,12,1,0,1,1,0,0,0,0,0,0,2,aleatorio,2
52,1,11,0,0,0,0,1,0,0,0,1,1,0,aleatorio,0
31,1,15,0,0,0,0,0,0,1,0,0,0,0,aleatorio,0
54,1,7,0,0,1,0,0,0,0,0,0,1,2,aleatorio,2
21,1,14,0,1,0,0,0,0,0,1,1,1,2,aleatorio,2
44,1,29,0,1,0,0,0,0,0,0,0,1,2,aleatorio,2
39,1,1,0,0,0,1,0,0,0,0,0,1,1,aleatorio,1
45,1,9,0,0,0,0,0,0,1,0,0,0,0,aleatorio,0
52,1,6,0,0,0,0,1,0,0,0,0,1,0,aleatorio,0
25,1,2,0,1,0,0,0,0,0,0,0,1,2,aleatorio,2
18,0,999,0,0,0,0,0,0,0,2,2,1,1,aleatorio,1
44,1,0,0,0,0,0,1,0,0,0,0,1,0,aleatorio,0
49,1,29,0,0,1,0,0,0,0,0,0,0,2,aleatorio,2
55,1,25,0,0,0,0,0,0,1,0,2,1,0,aleatorio,0
63,2,4,1,0,0,0,0,1,1,0,0,0,1,aleatorio,1
67,1,30,0,0,0,0,0,1,0,0,0,1,0,aleatorio,0
48,1,14,0,0,0,0,0,0,1,0,0,1,0,aleatorio,0
59,3,4,1,0,0,0,0,1,1,0,0,1,1,aleatorio,1
69,2,6,1,0,0,1,0,0,1,0,0,1,2,aleatorio,2
37,2,15,1,0,0,0,0,1,1,0,0,1,1,aleatorio,1
51,1,25,0,0,0,1,0,0,0,0,0,0,1,aleatorio,1
67,0,999,0,0,0,0,0,0,0,2,2,1,1,aleatorio,1
48,2,13,1,0,0,0,1,0,0,0,0,1,1,aleatorio,1
50,2,12,1,1,0,0,0,0,0,0,0,1,1,aleatorio,2
42,1,14,0,0,0,0,0,0,1,0,0,0,0,aleatorio,0
36,1,8,0,0,0,0,0,0,1,0,0,0,0,aleatorio,0
45,2,14,1,0,0,0,0,1,1,0,0,1,1,aleatorio,1
40,1,4,0,0,0,0,1,0,0,0,0,0,0,aleatorio,0
55,1,7,0,0,0,0,0,1,0,0,0,1,0,aleatorio,0
43,2,7,1,0,0,0,0,1,0,0,0,1,1,aleatorio,1
54,1,27,0,0,0,0,1,0,0,0,0,0,0,aleatorio,0
52,2,12,1,1,1,0,0,0,0,1,1,1,2,aleatorio,2
37,1,22,0,0,0,1,0,0,0,0,0,1,1,aleatorio,1
26,2,0,1,1,1,0,0,0,0,0,0,0,2,aleatorio,2
31,1,28,0,0,0,0,1,0,0,1,2,1,1,aleatorio,1
48,1,12,0,0,0,0,0,0,1,0,0,1,0,aleatorio,0
69,1,10,0,0,0,0,0,0,1,0,1,1,0,aleatorio,0
64,2,8,1,0,1,0,0,0,1,0,0,1,2,aleatorio,2
63,1,24,0,0,1,0,0,0,0,0,0,0,0,aleatorio,2
27,2,5,1,1,0,0,0,0,1,0,0,1,2,aleatorio,2
60,1,14,0,1,0,0,0,0,0,0,0,0,2,aleatorio,2
48,2,8,1,0,0,1,1,0,0,0,0,1,2,aleatorio,2
56,1,25,0,0,0,0,0,1,0,1,1,1,1,aleatorio,1
31,3,12,1,0,0,1,0,1,1,0,0,1,2,aleatorio,2
57,2,2,1,0,0,0,0,1,1,0,0,1,1,aleatorio,1
63,4,4,1,1,0,1,1,0,1,1,1,1,2,aleatorio,2
45,1,23,0,0,0,0,1,0,0,0,0,1,0,aleatorio,0
66,1,16,0,0,0,0,1,0,0,0,0,1,0,aleatorio,0
20,1,5,0,0,0,0,0,1,0,0,0,1,0,aleatorio,0
62,1,9,0,0,0,0,0,1,0,0,0,1,0,aleatorio,0
19,1,6,0,0,0,1,0,0,0,0,0,0,1,aleatorio,1
19,1,4,0,1,0,0,0,0,0,0,0,1,2,aleatorio,2
33,2,1,1,1,1,0,0,0,0,0,0,0,2,aleatorio,2
37,1,10,0,0,0,1,0,0,0,0,0,1,0,aleatorio,1
55,1,22,0,0,0,1,0,0,0,0,0,0,1,aleatorio,1
22,2,2,1,0,0,0,1,1,0,0,0,0,1,aleatorio,1
46,2,2,1,0,0,0,0,1,0,0,0,1,1,aleatorio,1
59,1,25,0,0,0,0,0,0,1,1,1,1,1,aleatorio,1
47,3,5,1,0,1,1,1,0,0,0,0,1,2,aleatorio,2
52,3,4,1,0,0,0,1,1,0,0,0,0,1,aleatorio,1
64,1,12,0,0,0,0,1,0,0,0,0,0,0,aleatorio,0
66,1,10,0,0,0,0,0,1,0,0,0,1,0,aleatorio,0
63,1,21,0,0,0,0,0,0,1,0,0,1,0,aleatorio,0
22,1,27,0,0,0,0,1,0,0,1,2,0,1,aleatorio,1
46,2,10,1,0,0,0,0,1,1,0,0,1,1,aleatorio,1
59,2,9,1,0,0,0,0,1,1,0,0,1,1,aleatorio,1
48,2,8,1,0,1,0,0,1,0,0,0,1,2,aleatorio,2
36,1,6,0,0,0,0,0,1,0,0,0,1,2,aleatorio,0
60,2,8,1,0,1,0,0,0,1,0,1,1,2,aleatorio,2
53,1,5,0,0,0,0,0,0,1,0,0,0,0,aleatorio,0
61,1,17,0,0,0,1,0,0,0,0,0,1,1,aleatorio,1
50,2,24,1,0,0,1,0,0,1,0,0,1,2,aleatorio,2
36,2,9,1,0,0,0,0,1,1,0,0,0,1,aleatorio,1
21,2,14,1,0,0,0,1,0,0,0,0,0,1,aleatorio,1
57,1,10,0,0,0,0,0,0,1,0,0,1,0,aleatorio,0
35,3,17,1,1,0,1,1,0,0,0,0,0,2,aleatorio,2
32,1,24,0,0,0,1,0,0,0,1,1,1,1,aleatorio,1
48,1,2,0,1,0,0,0,0,0,1,1,0,2,aleatorio,2
37,1,28,0,0,0,0,0,1,0,0,0,0,0,aleatorio,0
27,1,22,0,0,0,1,0,0,0,1,1,1,1,aleatorio,1
60,1,29,0,0,0,0,0,1,0,1,1,1,1,aleatorio,1
61,2,4,1,0,1,0,1,0,0,0,0,1,2,aleatorio,2
68,1,19,0,0,0,0,1,0,0,1,1,1,1,aleatorio,1
30,2,10,1,0,0,1,0,0,1,0,0,1,2,aleatorio,2
64,1,7,0,0,0,0,1,0,0,0,1,1,0,aleatorio,0
66,2,2,1,0,1,0,0,1,0,0,0,1,0,aleatorio,2
29,3,1,1,0,0,0,1,1,1,0,0,1,1,aleatorio,1
63,2,13,1,0,0,0,1,0,0,1,1,1,2,aleatorio,2
23,1,24,0,0,0,0,0,1,0,1,1,0,1,aleatorio,1
20,1,13,0,0,0,1,0,0,0,2,2,1,2,aleatorio,2
29,1,27,0,0,0,1,0,0,0,0,0,1,1,aleatorio,1
24,4,1,1,1,1,0,0,1,0,0,0,1,2,aleatorio,2
54,0,999,0,0,0,0,0,0,0,2,2,1,1,aleatorio,1
69,1,2,0,0,0,0,0,0,1,0,0,1,0,aleatorio,0
54,1,1,0,0,0,1,0,0,0,0,0,0,1,aleatorio,1
63,1,7,0,0,0,0,1,0,0,0,1,1,0,aleatorio,0
48,2,2,1,0,0,0,0,1,0,0,1,0,1,aleatorio,1
40,2,8,1,0,1,0,0,0,1,0,0,1,2,aleatorio,2
65,1,7,0,1,0,0,0,0,0,0,1,1,2,aleatorio,2
37,1,2,0,0,1,0,0,0,0,0,0,1,2,aleatorio,2
57,3,7,1,0,1,0,1,1,0,0,0,1,2,aleatorio,2
18,1,3,0,0,0,0,1,0,0,0,0,1,1,aleatorio,0
33,1,10,0,0,0,0,0,1,0,0,0,1,0,aleatorio,0
60,1,13,0,0,0,0,1,0,0,0,0,1,0,aleatorio,0
58,1,2,0,0,1,0,0,0,0,0,0,1,2,aleatorio,2
49,1,8,0,0,0,0,0,1,0,0,0,0,2,aleatorio,0
39,3,0,1,1,0,0,1,1,0,1,1,0,2,aleatorio,2
58,1,12,0,0,0,0,0,1,0,0,0,1,1,aleatorio,0
35,2,6,1,1,0,0,0,0,1,2,2,1,2,aleatorio,2
28,4,2,1,0,0,1,1,0,1,0,0,1,2,aleatorio,2
68,1,8,0,0,0,1,0,0,0,0,0,1,1,aleatorio,1
60,1,28,0,0,0,0,0,1,0,0,0,0,0,aleatorio,0
46,2,3,1,0,0,0,0,1,0,0,0,0,1,aleatorio,1
38,1,3,0,1,0,0,0,0,0,0,0,1,2,aleatorio,2
69,1,14,0,0,0,1,0,0,0,0,0,1,1,aleatorio,1
42,4,7,1,0,1,1,0,1,0,1,1,0,1,aleatorio,2
59,1,20,0,0,0,1,0,0,0,0,0,1,1,aleatorio,1
23,2,5,1,0,0,0,1,0,1,0,0,1,1,aleatorio,1
47,1,8,0,0,0,0,1,0,0,0,0,0,0,aleatorio,0
68,2,4,1,0,0,0,0,1,1,0,0,1,2,aleatorio,1
57,1,20,0,0,0,0,0,1,0,0,0,1,0,aleatorio,0
33,3,6,1,1,0,1,0,1,0,0,0,1,2,aleatorio,2
20,1,21,0,0,1,0,0,0,0,0,0,1,1,aleatorio,2
49,3,6,1,0,1,0,1,1,0,0,0,1,2,aleatorio,2
44,1,24,0,0,0,0,0,1,0,0,0,1,0,aleatorio,0
35,1,4,0,0,0,0,0,1,0,0,0,1,0,aleatorio,0
37,2,5,1,0,1,0,0,0,0,0,0,1,2,aleatorio,2
63,1,20,0,0,0,0,1,0,0,0,0,1,0,aleatorio,0
47,1,6,0,0,0,0,0,1,0,2,2,1,2,aleatorio,2
52,1,5,0,0,0,1,0,0,0,0,0,1,1,aleatorio,1
59,2,22,1,0,0,0,1,0,0,1,1,1,1,aleatorio,1
44,3,3,1,0,0,0,1,1,0,1,1,1,2,aleatorio,2
57,0,999,0,0,0,0,0,0,0,1,2,1,1,aleatorio,1
63,2,3,1,0,0,0,0,1,0,0,0,1,1,aleatorio,1
30,1,0,0,0,1,0,0,0,0,0,0,0,2,aleatorio,2
34,1,1,0,0,0,1,0,0,0,1,1,1,2,aleatorio,2
63,1,27,0,0,0,0,0,0,1,0,1,1,0,aleatorio,0
28,2,2,1,0,0,0,0,1,1,0,0,1,1,aleatorio,1
46,2,0,1,1,0,1,0,0,0,0,0,1,2,aleatorio,2
58,2,4,1,0,0,1,1,0,0,0,0,0,2,aleatorio,2
65,1,0,0,0,0,1,0,0,0,0,0,1,1,aleatorio,1
31,1,2,0,0,0,0,1,0,0,0,0,1,0,aleatorio,0
44,1,25,0,0,0,0,0,0,1,0,0,0,2,aleatorio,0
59,1,4,0,0,0,0,0,0,1,0,0,1,0,aleatorio,0
43,1,7,0,1,0,0,0,0,0,0,0,1,2,aleatorio,2
39,3,0,1,0,0,0,1,1,0,0,0,1,1,aleatorio,1
66,1,5,0,0,0,0,1,0,0,0,0,1,0,aleatorio,0
25,6,3,1,1,1,0,0,1,1,1,1,0,2,aleatorio,2
59,1,21,0,0,0,1,0,0,0,0,0,1,1,aleatorio,1
45,1,7,0,0,0,1,0,0,0,0,0,1,1,aleatorio,1
40,2,6,1,0,0,1,1,0,0,1,1,1,2,aleatorio,2
50,5,3,1,1,0,1,1,1,0,1,1,1,2,aleatorio,2
42,1,12,0,0,0,1,0,0,0,0,0,1,1,aleatorio,1
39,1,20,0,0,0,0,0,0,1,0,0,1,0,aleatorio,0
21,1,1,0,0,0,0,1,0,0,0,0,1,0,aleatorio,0
49,2,15,1,0,0,0,1,0,1,0,0,1,1,aleatorio,1
31,1,20,0,0,0,0,0,0,1,0,0,1,0,aleatorio,0
58,3,2,1,0,1,0,0,1,1,1,1,1,2,aleatorio,2
63,1,14,0,0,0,0,0,0,1,0,0,1,0,aleatorio,0
20,2,4,1,0,1,0,0,1,0,0,0,0,2,aleatorio,2
39,2,7,1,0,0,1,0,0,1,2,3,1,2,aleatorio,2
40,2,13,1,0,0,1,0,0,0,0,0,1,2,aleatorio,2
37,2,0,1,0,0,0,1,1,0,0,0,1,1,aleatorio,1
48,3,0,1,0,0,1,1,1,0,0,0,1,2,aleatorio,2
56,1,2,0,0,0,0,0,1,0,0,0,1,0,aleatorio,0
28,2,9,1,0,0,0,1,0,0,0,0,1,1,aleatorio,1
30,1,7,0,0,0,0,0,1,0,0,0,1,0,aleatorio,0
30,1,21,0,0,0,0,1,0,0,0,1,1,0,aleatorio,0
60,1,13,0,0,0,0,0,0,1,0,1,1,1,aleatorio,0
36,1,25,0,0,0,1,0,0,0,1,1,1,1,aleatorio,1
37,1,11,0,0,0,0,0,1,0,0,0,0,0,aleatorio,0
39,1,18,0,0,0,1,0,0,0,1,1,1,1,aleatorio,1
33,1,9,0,0,0,0,1,0,0,0,0,1,0,aleatorio,0
19,1,0,0,0,0,0,0,0,1,0,1,1,0,aleatorio,0
24,1,8,0,0,0,0,0,1,0,0,0,0,0,aleatorio,0
38,1,10,0,0,0,0,0,1,0,0,1,1,0,aleatorio,0
33,1,2,0,0,0,0,0,0,1,0,0,1,0,aleatorio,0
34,0,999,0,0,0,0,0,0,0,2,2,1,1,aleatorio,1
59,1,3,0,0,1,0,0,0,0,0,1,1,2,aleatorio,2
28,1,1,0,0,0,0,0,0,1,0,0,1,1,aleatorio,0
19,2,2,1,0,0,0,0,1,1,0,0,0,1,aleatorio,1
38,1,13,0,0,0,0,0,1,0,0,0,1,0,aleatorio,0
30,1,9,0,0,0,0,0,1,0,0,0,0,0,aleatorio,0
45,1,5,0,0,0,0,0,1,0,0,0,1,0,aleatorio,0
52,0,999,0,0,0,0,0,0,0,1,1,1,1,aleatorio,1
24,2,5,1,0,0,0,0,1,0,0,1,1,1,aleatorio,1
63,1,1,0,0,1,0,0,0,0,0,0,1,2,aleatorio,2
70,1,20,0,0,0,0,1,0,0,0,0,0,0,aleatorio,0
40,1,4,0,0,0,0,0,0,1,0,0,1,0,aleatorio,0
53,1,1,0,0,0,1,0,0,0,0,0,0,1,aleatorio,1
42,1,25,0,0,0,0,1,0,0,0,0,1,0,aleatorio,0
61,3,3,1,0,0,1,0,1,1,1,1,1,2,aleatorio,2
43,1,3,0,0,0,1,0,0,0,0,0,1,1,aleatorio,1
51,1,29,0,0,0,0,0,1,0,0,0,1,0,aleatorio,0
57,2,2,1,0,0,0,1,1,0,0,0,0,1,aleatorio,1
42,1,6,0,0,1,0,0,0,0,0,1,1,2,aleatorio,2
65,1,29,0,0,0,0,0,1,0,0,0,0,0,aleatorio,0
22,1,20,0,0,0,1,0,0,0,0,0,1,1,aleatorio,1
48,1,15,0,0,0,0,0,1,0,0,0,1,0,aleatorio,0
37,4,11,1,0,1,1,0,0,1,0,0,1,2,aleatorio,2
32,1,23,0,0,0,1,0,0,0,0,0,1,1,aleatorio,1
19,2,25,1,0,0,0,0,1,1,0,0,1,1,aleatorio,1
42,1,7,0,0,0,0,0,1,0,0,0,1,0,aleatorio,0
25,5,4,1,0,1,0,1,1,1,0,1,1,2,aleatorio,2
70,0,999,0,0,0,0,0,0,0,2,2,1,1,aleatorio,1
53,2,19,1,0,0,0,1,0,1,1,1,1,1,aleatorio,1
59,2,3,1,1,0,0,0,0,1,0,0,1,2,aleatorio,2
55,2,1,1,0,0,0,0,1,0,0,0,1,1,aleatorio,1
69,1,26,0,0,0,0,0,1,0,1,2,0,1,aleatorio,1
20,1,16,0,0,0,1,0,0,0,1,1,1,1,aleatorio,1
53,1,12,0,0,0,0,0,0,1,0,0,1,0,aleatorio,0
24,1,18,0,0,0,0,0,1,0,0,0,1,0,aleatorio,0
58,1,14,0,0,0,1,0,0,0,0,0,0,1,aleatorio,1
38,1,20,0,0,0,0,1,0,0,0,0,0,0,aleatorio,0
59,1,29,0,0,0,0,1,0,0,0,0,1,0,aleatorio,0
66,1,24,0,0,0,0,0,1,0,1,1,0,1,aleatorio,1
21,2,5,1,1,0,0,0,1,0,0,0,1,2,aleatorio,2
50,1,28,0,0,0,1,0,0,0,0,0,0,1,aleatorio,1
35,2,15,1,1,0,0,0,1,0,0,0,0,2,aleatorio,2
48,2,5,1,0,0,0,1,0,0,0,0,1,1,aleatorio,1
34,1,21,0,0,0,0,0,1,0,0,0,0,0,aleatorio,0
58,2,8,1,0,0,1,0,0,1,0,0,1,1,aleatorio,2
69,2,1,1,1,0,0,0,1,0,0,0,1,2,aleatorio,2
40,2,3,1,0,0,0,0,1,1,0,0,1,1,aleatorio,1
63,1,17,0,0,0,0,1,0,0,1,1,1,1,aleatorio,1
27,1,17,0,0,0,0,0,0,1,0,0,1,0,aleatorio,0
23,1,7,0,1,0,0,0,0,0,0,1,1,2,aleatorio,2
59,1,19,0,0,0,0,1,0,0,0,0,0,0,aleatorio,0
66,1,11,0,0,0,1,0,0,0,0,0,1,0,aleatorio,1
53,1,26,0,0,0,1,0,0,0,1,1,1,1,aleatorio,1
67,1,1,0,0,0,0,0,0,1,0,0,1,0,aleatorio,0
52,3,1,1,0,0,0,1,1,1,0,0,1,1,aleatorio,1
49,3,5,1,1,0,0,1,1,0,0,0,1,2,aleatorio,2
20,2,7,1,0,0,0,1,1,0,0,0,1,0,aleatorio,1
50,1,7,0,0,0,1,0,0,0,0,0,1,1,aleatorio,1
19,3,4,1,0,0,0,1,1,0,0,0,1,1,aleatorio,1
55,2,2,1,0,0,0,1,0,1,0,0,1,1,aleatorio,1
44,1,30,0,0,0,0,0,0,1,0,0,1,0,aleatorio,0
59,1,24,0,0,0,0,0,0,1,0,0,1,0,aleatorio,0
20,1,25,0,0,1,0,0,0,0,0,1,0,2,aleatorio,2
50,2,14,1,0,0,1,1,0,0,0,0,1,2,aleatorio,2
64,1,1,0,0,0,0,1,0,0,0,0,1,0,aleatorio,0
22,1,27,0,0,0,0,0,1,0,0,0,0,0,aleatorio,0
29,1,17,0,0,0,1,0,0,0,0,0,1,0,aleatorio,1
62,1,1,0,0,0,0,1,0,0,0,0,0,0,aleatorio,0
57,1,27,0,0,0,0,1,0,0,0,0,1,0,aleatorio,0
62,1,15,0,0,0,0,0,1,0,0,0,1,0,aleatorio,0
65,2,9,1,0,1,0,0,1,0,0,0,0,2,aleatorio,2
65,1,0,0,0,0,0,0,0,1,0,0,0,0,aleatorio,0
53,1,8,0,0,0,0,0,1,0,0,0,0,0,aleatorio,0
46,3,7,1,0,0,0,0,0,1,0,0,1,1,aleatorio,1
33,3,0,1,1,1,0,1,0,0,0,0,0,2,aleatorio,2
57,1,5,0,0,0,0,0,1,0,0,0,1,0,aleatorio,0
68,1,24,0,0,0,0,0,1,0,0,0,1,0,aleatorio,0
35,1,0,0,0,0,0,0,0,1,0,0,1,0,aleatorio,0
33,1,9,0,1,0,0,0,0,0,1,1,1,2,aleatorio,2
22,2,5,1,0,1,0,0,1,0,1,1,1,2,aleatorio,2
56,0,999,0,0,0,0,0,0,0,1,1,0,1,aleatorio,1
62,1,13,0,0,0,1,0,0,0,0,0,0,1,aleatorio,1
38,1,13,0,0,1,0,0,0,0,0,0,1,2,aleatorio,2
61,2,21,1,0,0,0,1,0,1,2,3,1,1,aleatorio,1
65,1,8,0,0,0,0,1,0,0,0,0,1,0,aleatorio,0
58,3,5,1,0,1,0,0,1,1,0,0,1,2,aleatorio,2
65,1,18,0,0,0,0,0,0,1,0,1,0,0,aleatorio,0
38,1,24,0,0,0,0,0,1,0,0,0,0,0,aleatorio,0
37,2,6,1,0,0,0,1,1,0,0,0,1,1,aleatorio,1
35,2,7,1,0,0,1,0,1,0,0,0,1,2,aleatorio,2
69,0,999,0,0,0,0,0,0,0,3,3,1,1,aleatorio,1
69,3,2,1,0,1,1,0,0,0,0,1,1,2,aleatorio,2
33,1,19,0,0,1,0,0,0,0,0,0,0,2,aleatorio,2
41,1,4,0,1,0,0,0,0,0,1,1,1,2,aleatorio,2
52,1,11,0,0,0,0,0,1,0,0,0,1,0,aleatorio,0
44,0,999,0,0,0,0,0,0,0,2,3,0,1,aleatorio,1
46,2,5,1,0,1,0,0,0,1,0,0,1,2,aleatorio,2
64,1,29,0,0,0,0,1,0,0,0,0,1,1,aleatorio,0
45,1,5,0,0,0,0,1,0,0,0,0,1,0,aleatorio,0
21,1,2,0,0,0,0,1,0,0,0,0,0,0,aleatorio,0
67,1,22,0,0,0,0,0,0,1,0,0,1,0,aleatorio,0
42,3,10,1,1,0,1,0,1,0,0,0,1,2,aleatorio,2
36,2,10,1,0,0,0,0,0,1,0,0,0,2,aleatorio,1
44,2,5,1,0,0,1,1,0,0,0,0,1,2,aleatorio,2
38,2,5,1,1,0,1,0,0,0,0,0,0,2,aleatorio,2
49,1,15,0,0,0,0,0,0,1,0,0,1,0,aleatorio,0
18,1,15,0,0,0,1,0,0,0,0,0,1,2,aleatorio,1
70,1,5,0,0,0,0,0,0,1,0,0,0,2,aleatorio,0
43,1,5,0,0,0,0,0,0,1,0,1,1,0,aleatorio,0
64,3,3,1,0,0,0,1,1,0,0,1,1,1,aleatorio,1
39,2,12,1,0,0,1,0,0,1,0,0,1,2,aleatorio,2
61,1,18,0,0,0,0,1,0,0,0,0,1,0,aleatorio,0
68,1,0,0,0,1,0,0,0,0,0,0,1,2,aleatorio,2
41,5,0,1,0,0,0,1,1,1,0,0,0,2,aleatorio,1
35,1,22,0,0,0,0,0,1,0,2,2,1,1,aleatorio,1
54,1,28,0,0,0,0,0,1,0,1,3,0,0,aleatorio,1
69,1,27,0,0,0,0,1,0,0,0,0,1,0,aleatorio,0
42,4,0,1,1,0,0,0,1,0,0,0,0,2,aleatorio,2
52,1,15,0,0,0,0,1,0,0,0,0,0,0,aleatorio,0
60,1,7,0,0,0,0,1,0,0,0,0,0,0,aleatorio,0
60,1,6,0,0,0,0,1,0,0,0,0,1,0,aleatorio,0
43,1,20,0,0,0,0,0,1,0,0,0,1,0,aleatorio,0
65,1,0,0,0,0,0,0,1,0,0,0,1,0,aleatorio,0
37,1,12,0,0,1,0,0,0,0,1,2,0,2,aleatorio,2
43,1,28,0,0,0,0,0,1,0,1,1,1,1,aleatorio,1
51,6,2,1,1,0,1,1,1,1,0,0,0,2,aleatorio,2
23,2,6,1,0,0,1,1,0,0,0,0,1,2,aleatorio,2
70,0,999,0,0,0,0,0,0,0,1,1,1,1,aleatorio,1
27,2,15,1,0,0,0,0,1,1,0,0,0,1,aleatorio,1
24,2,1,1,0,0,0,1,1,0,0,0,1,1,aleatorio,1
66,2,5,1,0,0,0,0,1,0,1,1,1,2,aleatorio,2
69,3,4,1,0,1,1,0,0,0,0,0,1,2,aleatorio,2
69,2,10,1,0,0,0,1,0,0,0,0,0,1,aleatorio,1
48,1,30,0,0,0,0,0,1,0,3,3,1,1,aleatorio,1
33,4,1,1,0,1,1,0,1,1,0,0,1,2,aleatorio,2
52,2,11,1,1,0,0,0,1,0,0,0,1,1,aleatorio,2
53,0,999,0,0,0,0,0,0,0,1,1,1,1,aleatorio,1
18,3,19,1,0,0,1,1,0,1,1,1,1,2,aleatorio,2
52,2,7,1,0,0,0,0,1,0,1,1,1,0,aleatorio,2
56,1,4,0,0,0,0,1,0,0,0,0,1,0,aleatorio,0
69,1,26,0,0,0,1,0,0,0,0,0,0,1,aleatorio,1
35,1,8,0,0,0,0,0,0,1,0,0,0,0,aleatorio,0
70,3,3,1,0,0,0,1,1,0,1,2,1,2,aleatorio,2
39,1,15,0,0,0,1,0,0,0,0,0,1,1,aleatorio,1
58,1,15,0,0,0,0,1,0,0,0,0,1,0,aleatorio,0
55,2,4,1,0,0,0,0,1,1,1,1,1,2,aleatorio,2
38,1,15,0,0,0,1,0,0,0,0,0,0,1,aleatorio,1
19,1,5,0,0,0,1,0,0,0,0,0,0,1,aleatorio,1
70,2,4,1,0,0,0,0,1,1,0,0,1,1,aleatorio,1
45,1,28,0,0,0,0,0,0,1,0,0,1,0,aleatorio,0
24,2,4,1,0,1,0,0,0,1,0,0,1,2,aleatorio,2
37,1,7,0,0,0,0,0,1,0,0,0,1,0,aleatorio,0
28,1,28,0,0,0,0,0,0,1,0,0,1,0,aleatorio,0
54,1,16,0,0,1,0,0,0,0,0,1,1,2,aleatorio,2
66,2,5,1,0,0,0,1,1,0,0,0,1,1,aleatorio,1
42,2,0,1,0,0,1,0,0,0,0,0,1,2,aleatorio,2
28,2,9,1,1,0,0,1,0,0,0,0,1,2,aleatorio,2
35,2,19,1,0,0,0,0,1,1,0,0,1,1,aleatorio,1
56,1,6,0,0,0,0,0,1,0,0,0,0,0,aleatorio,0
46,2,11,1,0,0,0,1,0,1,0,0,1,1,aleatorio,1
42,1,8,0,0,0,0,0,1,0,0,0,1,0,aleatorio,0
23,1,29,0,0,0,0,0,0,1,1,1,0,1,aleatorio,1
57,1,10,0,0,0,0,1,0,0,0,0,1,0,aleatorio,0
23,4,1,1,1,1,0,1,0,1,1,1,1,2,aleatorio,2
28,4,0,1,0,1,0,1,0,1,0,0,0,2,aleatorio,2
24,1,10,0,0,0,1,0,0,0,3,3,1,2,aleatorio,2
55,3,3,1,0,0,0,1,1,1,0,0,1,1,aleatorio,1
26,1,16,0,0,0,0,0,0,1,0,0,1,0,aleatorio,0
56,1,3,0,0,1,0,0,0,0,1,1,1,2,aleatorio,2
44,2,6,1,0,0,0,1,0,0,0,0,1,1,aleatorio,1
35,4,2,1,1,1,1,1,0,0,0,0,1,2,aleatorio,2
59,1,17,0,0,0,1,0,0,0,0,0,1,2,aleatorio,1
24,2,10,1,1,0,0,0,0,0,0,0,1,2,aleatorio,2
22,0,999,0,0,0,0,0,0,0,1,3,1,1,aleatorio,1
54,3,9,1,0,0,0,1,1,0,0,0,1,1,aleatorio,1
59,1,15,0,0,0,0,0,1,0,0,0,0,0,aleatorio,0
23,2,4,1,0,0,0,0,1,0,0,1,1,2,aleatorio,1
41,1,5,0,0,0,1,0,0,0,0,0,1,1,aleatorio,1
70,1,13,0,0,1,0,0,0,0,0,1,0,2,aleatorio,2
31,3,0,1,1,1,1,0,0,0,0,0,1,2,aleatorio,2
60,4,13,1,0,1,0,1,1,1,0,2,1,2,aleatorio,2
65,1,14,0,0,0,0,0,1,0,0,0,0,0,aleatorio,0
55,1,15,0,0,0,1,0,0,0,0,0,1,1,aleatorio,1
23,2,2,1,0,0,0,0,1,0,0,0,1,1,aleatorio,1
22,3,11,1,0,0,0,1,1,1,0,1,1,1,aleatorio,1
59,1,3,0,0,0,0,1,0,0,0,0,1,0,aleatorio,0
60,2,1,1,0,0,0,1,0,0,1,1,1,2,aleatorio,2
41,2,6,1,0,0,0,0,0,1,0,0,1,2,aleatorio,1
34,1,2,0,0,0,0,1,0,0,0,0,1,0,aleatorio,0
47,2,5,1,0,0,1,1,0,0,0,0,1,2,aleatorio,2
28,1,10,0,0,0,0,0,0,1,0,1,1,0,aleatorio,0
41,2,8,1,0,0,1,1,0,0,2,2,1,2,aleatorio,2
51,2,15,1,0,0,0,0,1,1,0,1,1,1,aleatorio,1
25,1,16,0,0,0,0,0,1,0,0,0,1,0,aleatorio,0
24,1,23,0,0,0,0,0,0,1,0,1,0,0,aleatorio,0
31,3,2,1,0,0,1,0,1,0,0,0,1,2,aleatorio,2
46,2,21,1,0,0,0,0,1,1,0,0,1,1,aleatorio,1
34,1,14,0,0,0,0,0,0,1,0,1,1,0,aleatorio,0
57,3,3,1,0,0,0,0,1,1,0,0,1,1,aleatorio,1
59,1,15,0,0,0,0,0,0,1,0,0,1,0,aleatorio,0
26,2,8,1,0,0,0,1,1,0,0,0,0,1,aleatorio,1
41,1,7,0,0,0,0,0,1,0,2,2,1,1,aleatorio,2
27,2,3,1,1,0,1,0,0,0,0,0,1,2,aleatorio,2
27,2,8,1,0,0,0,1,1,0,1,2,1,2,aleatorio,2
41,1,24,0,0,0,0,0,0,1,0,1,0,1,aleatorio,0
18,1,8,0,0,0,0,0,1,0,0,0,1,0,aleatorio,0
45,2,6,1,0,1,0,0,1,0,1,1,1,2,aleatorio,2
18,1,5,0,0,0,1,0,0,0,1,1,1,2,aleatorio,2
23,1,17,0,0,0,0,0,0,1,0,0,0,0,aleatorio,0
53,1,28,0,0,0,0,0,1,0,0,0,1,0,aleatorio,0
55,2,2,1,1,0,0,0,0,1,0,0,1,2,aleatorio,2
43,1,10,0,0,0,0,0,0,1,0,0,1,2,aleatorio,0
41,2,11,1,0,0,0,0,1,1,0,0,1,1,aleatorio,1
18,3,0,1,0,1,0,0,1,0,0,0,1,2,aleatorio,2
53,1,8,0,0,0,0,1,0,0,0,0,1,0,aleatorio,0
66,2,12,1,0,0,0,1,0,1,0,0,0,1,aleatorio,1
33,1,12,0,0,1,0,0,0,0,0,0,1,2,aleatorio,2
33,2,6,1,0,0,0,1,0,1,0,0,1,1,aleatorio,1
23,1,24,0,0,0,0,0,0,1,0,0,1,0,aleatorio,0
40,1,22,0,0,0,0,0,0,1,1,1,1,1,aleatorio,1
69,2,11,1,0,0,0,1,0,1,0,0,1,1,aleatorio,1
41,1,24,0,0,0,0,0,1,0,0,0,0,0,aleatorio,0
44,2,13,1,1,0,1,0,0,0,0,0,1,2,aleatorio,2
24,2,20,1,0,0,1,0,1,0,1,1,1,2,aleatorio,2
34,2,3,1,0,0,0,1,0,1,0,0,1,1,aleatorio,1
45,1,30,0,0,0,1,0,0,0,0,0,1,1,aleatorio,1
64,2,5,1,0,0,0,0,1,1,0,0,1,0,aleatorio,1
45,2,1,1,0,0,0,1,1,0,0,0,1,2,aleatorio,1
30,1,3,0,0,0,0,1,0,0,0,0,1,0,aleatorio,0
24,1,29,0,0,0,0,0,1,0,1,1,1,1,aleatorio,1
69,1,23,0,0,0,0,0,0,1,1,2,1,1,aleatorio,1
59,2,16,1,0,0,0,0,1,1,0,0,1,1,aleatorio,1
68,1,0,0,0,0,0,0,1,0,1,1,0,0,aleatorio,2
45,1,21,0,0,0,0,1,0,0,0,0,1,0,aleatorio,0
41,2,10,1,0,0,0,1,1,0,0,0,1,1,aleatorio,1
57,2,5,1,0,0,0,1,1,0,1,1,1,2,aleatorio,2
59,3,5,1,0,0,1,0,1,0,0,0,0,2,aleatorio,2
39,1,12,0,0,0,0,0,1,0,0,0,1,2,aleatorio,0
31,1,20,0,1,0,0,0,0,0,1,2,1,2,aleatorio,2
57,1,6,0,0,0,0,0,0,1,0,0,1,0,aleatorio,0
65,1,28,0,0,0,0,1,0,0,0,0,0,0,aleatorio,0
49,1,24,0,0,0,0,0,1,0,0,0,1,0,aleatorio,0
59,5,1,1,0,1,0,1,1,0,1,1,0,2,aleatorio,2
27,2,5,1,0,0,0,1,0,1,1,1,1,2,aleatorio,2
47,1,8,0,0,0,1,0,0,0,0,0,1,1,aleatorio,1
31,2,2,1,0,1,0,0,0,1,0,0,1,2,aleatorio,2
25,1,9,0,0,0,0,1,0,0,0,0,1,0,aleatorio,0
25,1,26,0,0,0,0,0,1,0,2,3,1,1,aleatorio,1
24,1,23,0,0,0,0,0,1,0,0,0,1,0,aleatorio,0
50,2,5,1,1,0,0,0,0,1,0,0,1,2,aleatorio,2
29,2,10,1,0,0,0,1,0,0,1,1,1,2,aleatorio,2
41,3,2,1,1,1,0,1,0,0,0,0,1,2,aleatorio,2
34,1,18,0,0,0,0,1,0,0,0,0,0,2,aleatorio,0
36,1,14,0,0,0,0,0,1,0,0,0,1,0,aleatorio,0
57,2,7,1,0,0,0,1,0,1,0,0,0,1,aleatorio,1
42,1,1,0,0,0,0,0,0,1,0,0,1,0,aleatorio,0
56,1,8,0,0,0,0,0,1,0,0,0,1,0,aleatorio,0
68,3,2,1,0,0,0,1,1,1,0,0,1,1,aleatorio,1
60,1,30,0,0,0,0,0,0,1,0,0,1,0,aleatorio,0
26,1,24,0,0,0,0,0,1,0,0,0,1,0,aleatorio,0
39,1,18,0,0,0,0,1,0,0,0,1,0,0,aleatorio,0
34,1,14,0,0,1,0,0,0,0,0,0,0,2,aleatorio,2
59,1,11,0,0,0,0,0,1,0,1,1,1,2,aleatorio,2
28,1,9,0,0,0,1,0,0,0,0,0,1,1,aleatorio,1
22,2,5,1,0,0,0,1,1,0,0,0,1,2,aleatorio,1
51,1,10,0,0,0,0,0,1,0,0,0,1,0,aleatorio,0
44,1,13,0,0,0,0,0,0,1,2,2,1,0,aleatorio,2
60,1,13,0,0,0,0,0,1,0,0,0,1,0,aleatorio,0
42,2,13,1,0,0,0,1,1,0,3,3,1,0,aleatorio,2
58,2,12,1,0,1,0,1,0,0,0,0,1,2,aleatorio,2
18,1,11,0,0,0,0,1,0,0,2,2,1,2,aleatorio,2
41,0,999,0,0,0,0,0,0,0,2,2,0,1,aleatorio,1
31,1,11,0,0,0,0,0,0,1,0,0,1,0,aleatorio,0
61,1,26,0,1,0,0,0,0,0,1,1,1,2,aleatorio,2
28,3,7,1,1,0,0,0,1,0,1,1,1,1,aleatorio,2
51,1,22,0,0,1,0,0,0,0,0,0,1,2,aleatorio,2
63,2,21,1,0,0,0,1,0,0,0,0,0,1,aleatorio,1
27,1,26,0,0,0,0,1,0,0,0,0,1,0,aleatorio,0
48,1,20,0,0,0,0,0,0,1,0,0,0,0,aleatorio,0
29,1,3,0,0,0,0,0,0,1,0,0,0,0,aleatorio,0
26,1,12,0,0,0,0,0,1,0,0,1,1,0,aleatorio,0
51,3,3,1,1,0,0,1,0,0,0,0,1,2,aleatorio,2
18,1,5,0,0,1,0,0,0,0,0,0,1,2,aleatorio,2
41,3,6,1,1,1,0,1,0,0,0,0,1,1,aleatorio,2
36,1,11,0,0,0,0,0,1,0,0,0,1,0,aleatorio,0
48,2,9,1,0,0,0,0,1,0,0,0,1,1,aleatorio,1
67,1,4,0,0,0,0,1,0,0,0,0,0,0,aleatorio,0
58,2,8,1,0,0,0,1,0,1,0,0,0,1,aleatorio,1
44,1,29,0,0,0,0,1,0,0,0,0,1,0,aleatorio,0
59,1,18,0,0,0,0,0,1,0,2,2,1,1,aleatorio,1
20,1,30,0,0,0,0,1,0,0,0,0,1,0,aleatorio,0
62,3,2,1,0,0,1,1,0,0,1,1,1,2,aleatorio,2
49,2,3,1,0,1,0,0,1,0,1,1,1,2,aleatorio,2
23,2,0,1,1,0,0,0,0,0,1,1,1,0,aleatorio,2
70,1,25,0,0,0,0,0,0,1,0,0,0,0,aleatorio,0
69,0,999,0,0,0,0,0,0,0,1,1,1,1,aleatorio,1
29,2,13,1,1,0,0,1,0,0,0,1,1,2,aleatorio,2
25,1,30,0,0,0,0,0,0,1,0,1,0,0,aleatorio,0
68,4,15,1,0,1,0,1,1,0,0,0,1,2,aleatorio,2
54,2,5,1,0,0,1,0,1,0,1,1,1,2,aleatorio,2
68,1,21,0,0,0,1,0,0,0,0,1,1,1,aleatorio,1
28,2,11,1,0,0,0,1,1,0,0,0,1,1,aleatorio,1
58,1,0,0,0,0,1,0,0,0,0,0,1,1,aleatorio,1
39,1,0,0,0,0,0,0,1,0,0,0,1,0,aleatorio,0
30,2,13,1,0,0,0,1,0,1,0,0,1,1,aleatorio,1
29,2,8,1,0,0,0,1,1,0,1,1,0,2,aleatorio,2
57,1,15,0,0,1,0,0,0,0,1,2,1,2,aleatorio,2
59,0,999,0,0,0,0,0,0,0,2,2,0,1,aleatorio,1
53,2,3,1,0,0,0,0,1,1,0,0,1,1,aleatorio,1
48,1,2,0,0,0,0,0,0,1,0,0,0,1,aleatorio,0
21,3,8,1,0,0,0,1,1,1,0,0,1,0,aleatorio,1
52,1,30,0,0,0,1,0,0,0,0,0,1,1,aleatorio,1
38,1,7,0,0,0,0,1,0,0,0,0,1,0,aleatorio,0
54,1,1,0,0,0,0,0,1,0,0,0,1,1,aleatorio,0
19,2,10,1,0,1,0,0,0,1,0,0,1,2,aleatorio,2
65,1,23,0,0,0,1,0,0,0,0,0,0,1,aleatorio,1
38,1,8,0,1,0,0,0,0,0,0,0,1,2,aleatorio,2
58,1,4,0,0,0,0,0,0,1,0,0,1,0,aleatorio,0
66,1,13,0,0,0,0,0,1,0,0,0,1,0,aleatorio,0
46,2,26,1,0,0,0,0,1,1,0,0,1,1,aleatorio,1
66,4,0,1,0,0,1,1,0,0,1,1,1,2,aleatorio,2
51,2,1,1,0,0,0,1,0,0,0,0,1,1,aleatorio,1
38,1,11,0,0,0,0,1,0,0,0,0,1,0,aleatorio,0
51,2,4,1,0,0,0,1,0,0,1,1,1,2,aleatorio,2
53,1,12,0,0,0,1,0,0,0,1,2,1,2,aleatorio,2
56,1,15,0,0,0,0,1,0,0,0,0,1,0,aleatorio,0
66,1,9,0,0,0,0,0,1,0,0,1,1,0,aleatorio,0
59,4,6,1,0,0,1,1,1,1,0,0,1,2,aleatorio,2
69,1,19,0,0,0,0,0,1,0,0,0,0,0,aleatorio,0
24,4,6,1,0,1,1,0,1,1,2,2,1,1,aleatorio,2
69,1,16,0,0,0,0,0,1,0,0,0,1,0,aleatorio,0
25,3,3,1,0,1,0,0,1,0,0,0,1,2,aleatorio,2
70,2,6,1,0,0,0,0,1,0,0,0,0,1,aleatorio,1
19,1,15,0,0,0,0,0,1,0,0,0,1,0,aleatorio,0
33,2,0,1,0,1,0,1,0,0,0,0,0,2,aleatorio,2
50,1,9,0,0,0,0,1,0,0,0,0,1,0,aleatorio,0
44,1,13,0,0,0,0,1,0,0,0,0,1,0,aleatorio,0
20,1,11,0,0,0,1,0,0,0,0,0,1,1,aleatorio,1
68,1,30,0,0,0,0,0,0,1,0,0,0,0,aleatorio,0
49,2,3,1,0,0,0,1,0,0,0,0,1,1,aleatorio,1
60,3,5,1,0,0,1,0,1,0,0,0,1,0,aleatorio,2
57,1,0,0,0,0,0,0,0,1,0,0,0,0,aleatorio,0
64,1,4,0,1,0,0,0,0,0,0,0,0,0,aleatorio,2
40,1,7,0,0,0,0,0,0,1,2,2,1,2,aleatorio,2
34,1,7,0,0,0,0,0,0,1,0,0,0,0,aleatorio,0
67,1,9,0,0,0,0,1,0,0,0,0,0,0,aleatorio,0
21,1,30,0,0,0,0,0,1,0,0,0,1,0,aleatorio,0
50,1,24,0,0,0,0,0,0,1,0,0,1,0,aleatorio,0
62,1,13,0,0,0,0,1,0,0,0,0,0,0,aleatorio,0
67,3,3,1,1,0,0,1,0,1,0,1,1,2,aleatorio,2
64,1,25,0,0,0,0,0,0,1,0,0,1,0,aleatorio,0
43,1,0,0,0,0,0,1,0,0,0,0,1,0,aleatorio,0
38,1,5,0,0,0,1,0,0,0,0,0,0,1,aleatorio,1
29,3,0,1,0,1,0,0,1,1,0,0,1,2,aleatorio,2
38,1,5,0,0,0,0,1,0,0,0,0,1,0,aleatorio,0
69,1,3,0,0,0,0,0,0,1,0,0,0,0,aleatorio,0
54,1,13,0,0,0,0,1,0,0,0,0,0,0,aleatorio,0
18,1,7,0,0,0,0,0,1,0,1,1,1,0,aleatorio,2
68,1,24,0,0,0,0,0,0,1,0,0,1,0,aleatorio,0
56,3,9,1,0,0,0,1,1,0,0,0,1,1,aleatorio,1
49,1,21,0,0,0,0,1,0,0,0,0,1,1,aleatorio,0
54,1,9,0,0,0,0,0,1,0,0,0,1,0,aleatorio,0
50,3,11,1,0,0,1,1,0,1,2,2,1,2,aleatorio,2
69,1,28,0,0,0,0,0,0,1,0,0,0,0,aleatorio,0
52,3,6,1,1,0,1,0,1,0,0,0,1,2,aleatorio,2
60,1,21,0,0,1,0,0,0,0,0,0,0,2,aleatorio,2
62,1,1,0,0,1,0,0,0,0,0,0,1,2,aleatorio,2
47,1,20,0,0,1,0,0,0,0,0,0,1,2,aleatorio,2
64,1,11,0,0,0,0,0,0,1,0,0,0,0,aleatorio,0
58,2,0,1,0,1,0,0,0,0,0,0,0,1,aleatorio,2
29,2,0,1,1,0,0,0,0,1,0,0,1,0,aleatorio,2
38,1,27,0,0,0,0,1,0,0,2,2,1,1,aleatorio,1
25,1,24,0,0,0,0,1,0,0,0,0,1,0,aleatorio,0
44,1,10,0,0,1,0,0,0,0,0,0,1,2,aleatorio,2
35,1,7,0,1,0,0,0,0,0,0,0,1,2,aleatorio,2
18,1,13,0,0,0,0,1,0,0,0,0,0,2,aleatorio,0
53,1,13,0,0,1,0,0,0,0,0,0,0,2,aleatorio,2
53,2,6,1,0,0,0,1,0,1,0,0,1,1,aleatorio,1
26,1,20,0,0,0,1,0,0,0,0,0,1,1,aleatorio,1
54,2,9,1,0,0,1,0,1,0,0,0,1,1,aleatorio,2
53,1,13,0,0,0,0,0,0,1,0,0,0,0,aleatorio,0
64,1,14,0,0,0,0,0,0,1,0,0,1,0,aleatorio,0
49,2,8,1,0,0,1,0,0,1,1,1,1,2,aleatorio,2
30,3,15,1,0,0,0,1,1,1,0,1,1,1,aleatorio,1
48,1,22,0,0,0,0,1,0,0,0,0,0,0,aleatorio,0
59,3,1,1,1,1,0,0,0,1,0,1,1,0,aleatorio,2
44,3,0,1,0,0,1,1,0,0,0,0,1,2,aleatorio,2
34,1,12,0,1,0,0,0,0,0,0,0,1,2,aleatorio,2
54,1,23,0,0,1,0,0,0,0,0,0,0,2,aleatorio,2
60,3,5,1,1,1,0,0,0,0,0,0,1,2,aleatorio,2
55,1,13,0,1,0,0,0,0,0,0,0,1,2,aleatorio,2
21,2,9,1,0,0,0,1,0,1,0,0,1,1,aleatorio,1
28,2,3,1,0,0,1,1,0,0,1,1,0,2,aleatorio,2
28,1,6,0,0,0,0,1,0,0,0,0,1,0,aleatorio,0
24,1,28,0,0,0,0,1,0,0,0,0,1,0,aleatorio,0
49,3,7,1,1,0,0,1,0,0,1,1,0,2,aleatorio,2
47,1,25,0,0,0,0,0,0,1,0,0,1,0,aleatorio,0
61,1,13,0,0,0,0,0,1,0,0,0,1,0,aleatorio,0
45,1,1,0,0,0,0,1,0,0,0,0,1,0,aleatorio,0
22,1,1,0,0,1,0,0,0,0,1,1,0,2,aleatorio,2
51,1,0,0,0,0,0,0,1,0,1,2,1,2,aleatorio,2
66,1,29,0,0,0,1,0,0,0,0,0,1,1,aleatorio,1
33,1,0,0,0,0,0,0,0,1,1,1,1,2,aleatorio,2
20,2,11,1,0,0,0,1,0,1,0,0,1,1,aleatorio,1
24,1,9,0,1,0,0,0,0,0,0,0,1,2,aleatorio,2
53,1,10,0,0,0,0,0,0,1,0,0,0,0,aleatorio,0
51,2,3,1,1,0,0,1,0,0,0,0,1,1,aleatorio,2
26,1,6,0,0,0,0,0,0,1,0,0,1,0,aleatorio,0
65,2,0,1,1,0,0,0,0,1,1,1,0,2,aleatorio,2
25,1,14,0,1,0,0,0,0,0,0,0,0,2,aleatorio,2
18,2,7,1,1,0,1,0,0,0,1,1,1,2,aleatorio,2
51,1,19,0,0,0,0,1,0,0,0,0,1,0,aleatorio,0
62,1,30,0,0,0,0,0,1,0,1,1,1,1,aleatorio,1
22,1,26,0,0,0,0,0,1,0,0,0,1,1,aleatorio,0
46,3,7,1,0,0,0,0,1,1,0,2,1,1,aleatorio,1
18,5,0,1,0,1,0,1,1,1,1,2,1,2,aleatorio,2
24,1,30,0,0,0,1,0,0,0,0,2,1,1,aleatorio,1
56,1,27,0,0,0,0,0,1,0,0,1,0,0,aleatorio,0
33,1,24,0,0,0,1,0,0,0,1,3,1,1,aleatorio,1
51,1,19,0,0,0,0,1,0,0,1,2,1,1,aleatorio,1
30,2,6,1,0,0,0,0,0,1,1,3,1,1,aleatorio,2
21,1,3,0,0,0,0,0,0,1,0,0,1,0,aleatorio,0
54,4,2,1,0,0,0,0,1,1,1,1,1,2,aleatorio,2
36,0,999,0,0,0,0,0,0,0,1,1,0,1,aleatorio,1
49,1,29,0,0,0,0,0,1,0,0,0,1,0,aleatorio,0
39,1,14,0,0,0,0,0,0,1,0,0,1,0,aleatorio,0
62,1,9,0,0,1,0,0,0,0,0,0,1,2,aleatorio,2
43,3,8,1,0,1,0,0,1,1,0,0,1,2,aleatorio,2
42,1,16,0,0,0,1,0,0,0,3,3,1,1,aleatorio,1
63,1,3,0,0,1,0,0,0,0,0,0,1,2,aleatorio,2
39,1,16,0,0,0,0,1,0,0,0,0,0,0,aleatorio,0
18,2,4,1,1,0,0,0,1,0,0,0,1,2,aleatorio,2
29,1,25,0,0,0,0,0,1,0,0,0,0,0,aleatorio,0
57,1,6,0,0,0,0,1,0,0,0,0,1,0,aleatorio,0
41,2,21,1,0,1,0,1,0,0,0,0,1,2,aleatorio,2
41,1,14,0,0,0,0,0,1,0,0,0,1,0,aleatorio,0
40,1,2,0,0,0,0,1,0,0,0,0,0,2,aleatorio,0
34,2,18,1,0,0,0,0,1,1,0,0,1,1,aleatorio,1
56,1,11,0,0,0,0,1,0,0,0,0,1,0,aleatorio,0
44,3,8,1,1,0,1,0,0,0,0,1,1,2,aleatorio,2
42,1,23,0,0,0,0,1,0,0,1,1,1,0,aleatorio,1
59,2,4,1,0,0,0,1,0,1,0,0,1,2,aleatorio,1
66,3,0,1,0,1,0,0,1,0,0,1,1,2,aleatorio,2
67,3,3,1,0,0,0,1,1,1,0,0,1,1,aleatorio,1
54,1,12,0,0,0,0,0,1,0,0,0,1,0,aleatorio,0
29,1,15,0,0,0,0,0,1,0,0,0,1,0,aleatorio,0
69,2,11,1,0,0,0,0,1,0,0,0,0,0,aleatorio,1
37,1,12,0,0,0,0,0,1,0,0,0,0,0,aleatorio,0
46,2,3,1,0,0,1,0,0,1,0,0,1,2,aleatorio,2
20,1,13,0,0,0,0,0,1,0,0,0,0,0,aleatorio,0
19,1,12,0,0,0,0,0,1,0,0,0,1,0,aleatorio,0
66,3,1,1,0,0,0,0,1,1,0,0,1,1,aleatorio,1
56,2,4,1,0,0,0,1,0,1,0,0,1,1,aleatorio,1
66,2,6,1,0,0,0,0,1,0,0,0,1,1,aleatorio,1
58,1,9,0,0,0,0,1,0,0,0,1,1,0,aleatorio,0
42,1,12,0,0,0,0,0,0,1,1,1,1,2,aleatorio,2
48,1,28,0,0,0,0,1,0,0,1,1,1,1,aleatorio,1
48,1,30,0,0,0,0,0,0,1,0,0,1,0,aleatorio,0
30,1,0,0,0,0,0,1,0,0,0,0,1,0,aleatorio,0
66,2,4,1,0,0,0,1,0,1,0,0,1,1,aleatorio,1
25,1,3,0,0,0,0,0,1,0,0,0,1,0,aleatorio,0
52,1,3,0,0,1,0,0,0,0,0,0,1,2,aleatorio,2
32,1,23,0,0,0,0,0,1,0,0,0,1,0,aleatorio,0
26,1,4,0,1,0,0,0,0,0,1,2,1,0,aleatorio,2
63,1,1,0,0,0,0,0,1,0,0,0,0,0,aleatorio,0
40,2,5,1,0,0,1,0,1,0,0,0,0,1,aleatorio,2
33,2,8,1,1,0,0,1,0,0,1,1,1,2,aleatorio,2
43,2,3,1,0,0,0,0,1,1,1,1,0,2,aleatorio,2
65,1,18,0,0,0,0,1,0,0,0,0,0,0,aleatorio,0
69,1,18,0,0,0,0,1,0,0,0,0,1,0,aleatorio,0
37,0,999,0,0,0,0,0,0,0,1,1,1,1,aleatorio,1
57,3,0,1,0,0,1,1,0,1,0,0,0,2,aleatorio,2
20,0,999,0,0,0,0,0,0,0,1,1,1,1,aleatorio,1
22,2,13,1,0,0,0,1,1,0,0,0,1,0,aleatorio,1
33,3,11,1,0,1,0,0,0,1,0,0,1,2,aleatorio,2
62,2,12,1,0,1,0,0,0,1,0,0,1,2,aleatorio,2
49,1,6,0,0,0,0,0,1,0,1,1,0,2,aleatorio,2
33,4,2,1,0,0,0,1,1,1,0,0,1,1,aleatorio,1
50,2,10,1,0,0,0,1,1,0,0,0,1,1,aleatorio,1
50,1,8,0,0,0,0,0,0,1,0,0,1,0,aleatorio,0
30,1,14,0,0,0,0,0,0,1,0,0,1,0,aleatorio,0
48,1,18,0,0,0,0,0,0,1,0,0,1,0,aleatorio,0
59,1,24,0,0,0,1,0,0,0,0,0,0,1,aleatorio,1
45,1,3,0,0,0,0,1,0,0,1,1,0,2,aleatorio,2
66,1,2,0,0,0,0,0,0,1,1,1,1,2,aleatorio,2
57,2,12,1,0,1,1,0,0,0,0,0,0,2,aleatorio,2
29,1,0,0,0,0,0,1,0,0,0,0,1,0,aleatorio,0
67,5,5,1,0,1,1,1,1,0,0,0,1,2,aleatorio,2
58,3,1,1,0,0,0,1,1,1,0,0,1,1,aleatorio,1
68,1,17,0,0,0,0,0,1,0,0,0,1,0,aleatorio,0
28,2,1,1,0,0,0,0,0,1,0,0,1,1,aleatorio,1
48,1,4,0,0,0,0,0,1,0,1,2,1,2,aleatorio,2
26,1,19,0,0,0,0,0,1,0,0,0,0,0,aleatorio,0
23,1,20,0,0,0,0,0,0,1,0,1,1,0,aleatorio,0
64,1,13,0,0,0,1,0,0,0,0,1,1,1,aleatorio,1
69,1,3,0,0,0,1,0,0,0,1,1,1,2,aleatorio,2
20,2,0,1,0,0,0,1,0,1,0,0,1,1,aleatorio,1
38,4,9,1,0,0,1,0,1,1,0,0,0,2,aleatorio,2
67,5,1,1,0,0,0,1,1,0,0,0,1,1,aleatorio,1
45,2,0,1,0,0,0,0,0,1,0,0,1,2,aleatorio,1
47,2,10,1,0,0,0,1,0,0,0,1,1,1,aleatorio,1
62,1,12,0,0,0,0,0,1,0,0,0,0,0,aleatorio,0
37,1,15,0,0,1,0,0,0,0,0,0,1,2,aleatorio,2
40,1,10,0,0,1,0,0,0,0,1,1,1,1,aleatorio,2
66,3,11,1,0,1,0,1,0,1,0,0,1,2,aleatorio,2
67,1,6,0,0,0,0,0,0,1,0,0,1,0,aleatorio,0
51,1,21,0,0,0,1,0,0,0,0,0,0,1,aleatorio,1
60,3,7,1,0,0,1,0,0,1,0,0,1,2,aleatorio,2
43,1,14,0,0,0,1,0,0,0,1,1,0,2,aleatorio,2
31,1,14,0,0,0,0,0,0,1,0,0,1,0,aleatorio,0
28,1,14,0,0,0,0,1,0,0,0,0,1,0,aleatorio,0
40,1,17,0,0,0,0,1,0,0,1,1,1,1,aleatorio,1
55,1,13,0,0,0,0,0,1,0,0,0,1,0,aleatorio,0
52,0,999,0,0,0,0,0,0,0,4,4,1,2,aleatorio,1
25,3,8,1,0,0,0,0,1,0,0,1,1,1,aleatorio,1
37,1,21,0,0,0,0,1,0,0,0,0,1,0,aleatorio,0
19,1,17,0,0,0,0,0,0,1,0,0,1,0,aleatorio,0
49,1,14,0,0,0,1,0,0,0,0,0,1,2,aleatorio,1
37,4,4,1,0,0,0,1,0,1,0,0,1,1,aleatorio,1
49,1,3,0,0,0,0,1,0,0,0,0,1,1,aleatorio,0
55,1,11,0,0,0,1,0,0,0,2,2,0,1,aleatorio,2
69,1,4,0,0,0,0,1,0,0,0,0,0,0,aleatorio,0
32,2,13,1,0,1,0,1,0,0,0,0,0,2,aleatorio,2
19,2,11,1,0,0,0,1,1,0,0,0,1,1,aleatorio,1
70,1,28,0,0,1,0,0,0,0,0,0,0,2,aleatorio,2
22,2,12,1,0,0,0,1,1,0,0,0,0,1,aleatorio,1
42,1,15,0,0,0,1,0,0,0,0,0,1,1,aleatorio,1
38,3,12,1,0,0,0,1,1,1,0,0,1,1,aleatorio,1
40,3,10,1,0,0,0,1,1,0,0,0,1,1,aleatorio,1
55,1,24,0,0,0,1,0,0,0,0,0,1,0,aleatorio,1
49,2,1,1,0,0,1,1,0,0,0,0,1,1,aleatorio,2
42,3,2,1,0,0,0,1,1,0,0,0,1,1,aleatorio,1
46,1,4,0,0,0,0,0,1,0,0,0,0,0,aleatorio,0
64,3,6,1,0,1,1,0,0,1,1,2,1,2,aleatorio,2
52,1,18,0,0,0,0,0,1,0,2,2,1,1,aleatorio,1
30,1,10,0,0,0,0,0,0,1,0,0,1,0,aleatorio,0
29,1,19,0,0,0,0,0,0,1,1,1,1,1,aleatorio,1
44,0,999,0,0,0,0,0,0,0,1,2,1,1,aleatorio,1
39,2,6,1,0,1,1,0,0,0,0,0,1,2,aleatorio,2
18,1,12,0,0,0,0,0,0,1,0,0,0,0,aleatorio,0
20,2,0,1,1,0,0,0,0,1,0,0,1,2,aleatorio,2
43,1,25,0,1,0,0,0,0,0,0,0,1,2,aleatorio,2
24,1,0,0,0,0,0,1,0,0,0,0,1,0,aleatorio,0
69,1,7,0,0,0,0,1,0,0,1,1,0,2,aleatorio,2
29,1,30,0,0,0,0,0,1,0,0,0,1,0,aleatorio,0
70,2,5,1,0,0,0,1,0,1,3,4,1,2,aleatorio,2
47,4,8,1,0,0,0,1,0,1,0,0,1,1,aleatorio,1
52,2,9,1,0,0,0,1,0,1,0,0,1,1,aleatorio,1
38,1,15,0,0,1,0,0,0,0,0,1,1,2,aleatorio,2
28,1,8,0,0,0,0,1,0,0,0,0,1,0,aleatorio,0
43,1,12,0,0,0,1,0,0,0,0,1,1,2,aleatorio,1
67,1,8,0,0,0,0,1,0,0,0,0,1,0,aleatorio,0
35,1,4,0,0,0,1,0,0,0,0,0,1,1,aleatorio,1
48,4,1,1,0,1,0,1,1,0,0,0,1,2,aleatorio,2
65,3,14,1,0,1,1,1,0,0,0,0,1,2,aleatorio,2
41,3,0,1,0,1,0,1,0,0,0,0,0,2,aleatorio,2
31,3,2,1,0,0,0,1,1,0,0,0,1,1,aleatorio,1
41,0,999,0,0,0,0,0,0,0,3,4,1,1,aleatorio,1
67,2,0,1,0,0,1,1,0,0,0,0,1,2,aleatorio,2
35,2,12,1,0,0,0,1,1,0,0,1,1,1,aleatorio,1
62,3,6,1,0,0,0,1,1,0,0,0,1,2,aleatorio,1
58,2,12,1,0,0,0,0,1,1,0,0,1,1,aleatorio,1
35,1,23,0,0,0,0,0,0,1,0,0,1,1,aleatorio,0
52,1,13,0,0,0,0,0,0,1,0,0,1,0,aleatorio,0
29,1,29,0,0,0,0,0,1,0,1,1,1,1,aleatorio,1
39,2,4,1,1,0,1,0,0,0,0,0,1,2,aleatorio,2
59,1,0,0,0,0,0,0,1,0,0,0,1,0,aleatorio,0
48,2,6,1,0,0,1,0,1,0,0,0,1,2,aleatorio,2
64,1,15,0,0,0,0,0,1,0,0,0,1,0,aleatorio,0
60,3,7,1,0,0,0,1,1,0,0,0,1,1,aleatorio,1
51,2,2,1,0,0,1,0,1,0,0,0,1,2,aleatorio,2
56,1,26,0,0,0,0,1,0,0,1,1,1,1,aleatorio,1
46,2,10,1,0,0,0,1,0,1,0,0,1,1,aleatorio,1
24,1,5,0,0,0,0,1,0,0,1,2,0,2,aleatorio,2
32,1,11,0,0,0,0,0,0,1,0,0,1,0,aleatorio,0
24,1,0,0,1,0,0,0,0,0,0,0,1,2,aleatorio,2
61,1,7,0,0,0,0,1,0,0,1,1,1,2,aleatorio,2
54,1,21,0,0,0,0,1,0,0,0,0,1,0,aleatorio,0
54,2,19,1,0,0,0,1,1,0,1,1,0,1,aleatorio,1
45,3,14,1,1,0,0,1,0,1,1,1,1,2,aleatorio,2
58,1,6,0,0,0,1,0,0,0,0,0,1,1,aleatorio,1
44,1,9,0,0,1,0,0,0,0,0,0,1,2,aleatorio,2
24,1,18,0,0,1,0,0,0,0,0,0,1,2,aleatorio,2
22,1,15,0,0,0,0,0,1,0,0,0,1,0,aleatorio,0
46,2,5,1,0,0,0,0,0,1,0,0,1,1,aleatorio,1
37,1,17,0,0,0,0,0,1,0,1,1,1,1,aleatorio,1
44,1,27,0,0,0,1,0,0,0,1,2,0,1,aleatorio,1
50,1,17,0,0,0,0,1,0,0,2,2,1,1,aleatorio,1
40,1,14,0,0,0,0,0,1,0,0,0,0,0,aleatorio,0
64,1,10,0,0,0,0,1,0,0,0,0,1,0,aleatorio,0
46,1,0,0,0,0,1,0,0,0,0,0,1,1,aleatorio,1
48,1,1,0,0,0,1,0,0,0,0,0,1,1,aleatorio,1
31,5,4,1,0,0,0,1,1,1,1,2,1,1,aleatorio,2
33,4,3,1,0,1,0,1,1,1,2,3,1,2,aleatorio,2
24,3,0,1,0,0,0,1,1,0,0,0,1,1,aleatorio,1
69,1,6,0,0,0,0,0,1,0,0,0,0,0,aleatorio,0
65,1,21,0,0,0,0,1,0,0,1,1,1,1,aleatorio,1
36,1,5,0,0,1,0,0,0,0,0,0,0,2,aleatorio,2
34,1,4,0,0,0,0,0,0,1,1,1,0,2,aleatorio,2
26,2,1,1,0,0,0,1,0,1,0,0,0,1,aleatorio,1
23,1,16,0,0,1,0,0,0,0,0,0,0,2,aleatorio,2
40,1,24,0,0,0,0,1,0,0,0,0,1,0,aleatorio,0
66,1,7,0,0,0,0,0,1,0,0,0,1,0,aleatorio,0
42,2,0,1,0,1,1,0,0,0,0,0,1,2,aleatorio,2
18,1,23,0,0,0,0,1,0,0,0,2,1,2,aleatorio,0
30,1,15,0,0,0,0,0,0,1,0,0,0,0,aleatorio,0
30,1,9,0,0,0,0,1,0,0,0,0,1,0,aleatorio,0
66,1,20,0,0,0,0,1,0,0,0,0,0,0,aleatorio,0
34,1,12,0,0,0,0,0,0,1,0,0,0,0,aleatorio,0
70,2,11,1,0,1,0,0,0,1,0,0,0,2,aleatorio,2
47,1,29,0,0,0,1,0,0,0,1,1,1,1,aleatorio,1
30,1,25,0,0,1,0,0,0,0,0,0,1,2,aleatorio,2
22,1,14,0,0,0,0,1,0,0,1,1,0,2,aleatorio,2
54,1,29,0,0,0,0,0,0,1,2,2,0,1,aleatorio,1
68,2,10,1,1,0,0,0,0,1,0,1,0,2,aleatorio,2
28,1,9,0,0,0,0,1,0,0,0,0,1,0,aleatorio,0
26,1,9,0,0,0,0,0,0,1,0,0,1,0,aleatorio,0
58,1,11,0,0,0,0,0,0,1,0,0,0,1,aleatorio,0
44,1,3,0,0,0,0,0,0,1,0,0,0,2,aleatorio,0
27,1,11,0,0,0,0,1,0,0,0,0,1,0,aleatorio,0
29,1,3,0,0,0,0,1,0,0,0,0,0,0,aleatorio,0
44,1,30,0,0,0,0,1,0,0,2,2,1,0,aleatorio,1
51,1,2,0,0,0,0,1,0,0,0,0,1,0,aleatorio,0
57,1,7,0,0,0,1,0,0,0,0,0,1,1,aleatorio,1
30,1,3,0,0,0,0,0,1,0,0,0,1,0,aleatorio,0
19,3,6,1,0,0,0,1,0,1,0,0,1,2,aleatorio,1
32,1,9,0,0,0,0,0,1,0,0,0,0,0,aleatorio,0
47,1,22,0,0,0,0,1,0,0,0,0,1,0,aleatorio,0
44,1,2,0,0,0,0,0,0,1,0,0,0,0,aleatorio,0
29,1,4,0,0,1,0,0,0,0,0,0,0,2,aleatorio,2
54,1,6,0,1,0,0,0,0,0,0,0,1,2,aleatorio,2
55,1,5,0,0,0,0,1,0,0,0,1,1,0,aleatorio,0
47,2,3,1,0,0,0,1,1,0,0,0,1,1,aleatorio,1
31,1,3,0,0,0,0,0,0,1,0,1,0,0,aleatorio,0
26,3,10,1,0,0,0,1,0,1,0,0,1,1,aleatorio,1
28,2,7,1,0,0,1,0,0,1,0,0,0,2,aleatorio,2
35,1,16,0,0,0,0,0,0,1,0,0,1,1,aleatorio,0
59,1,2,0,1,0,0,0,0,0,0,0,1,2,aleatorio,2
26,3,4,1,0,0,0,0,0,1,1,1,1,2,aleatorio,2
18,1,0,0,0,0,0,0,1,0,0,0,1,0,aleatorio,0
65,1,5,0,0,0,0,0,0,1,0,0,0,1,aleatorio,0
65,2,5,1,1,0,0,1,0,0,0,1,1,2,aleatorio,2
36,2,1,1,0,0,0,0,1,0,1,1,1,2,aleatorio,2
19,2,2,1,0,0,1,0,1,0,0,0,1,2,aleatorio,2
40,1,0,0,0,0,0,0,0,1,0,0,1,0,aleatorio,0
37,1,26,0,0,0,0,0,0,1,0,0,1,0,aleatorio,0
28,2,6,1,0,0,0,1,0,1,1,1,1,2,aleatorio,2
33,1,11,0,0,0,0,1,0,0,0,0,1,0,aleatorio,0
60,1,20,0,0,0,0,1,0,0,0,0,1,0,aleatorio,0
36,1,24,0,1,0,0,0,0,0,0,0,0,2,aleatorio,2
62,1,7,0,0,0,0,1,0,0,0,0,1,1,aleatorio,0
18,1,11,0,0,0,0,1,0,0,0,0,1,0,aleatorio,0
28,1,11,0,0,0,0,0,0,1,0,0,0,0,aleatorio,0
37,2,0,1,0,0,1,1,0,0,1,2,1,2,aleatorio,2
62,1,11,0,0,0,0,1,0,0,0,0,1,0,aleatorio,0
48,2,13,1,0,0,0,0,1,0,0,0,1,1,aleatorio,1
66,1,0,0,0,0,1,0,0,0,0,0,1,1,aleatorio,1
60,1,3,0,0,0,0,0,0,1,0,0,1,0,aleatorio,0
39,1,12,0,0,0,0,0,0,1,0,0,0,1,aleatorio,0
35,1,12,0,0,0,0,0,0,1,0,0,1,2,aleatorio,0
66,1,12,0,0,0,0,0,0,1,0,0,1,0,aleatorio,0
35,3,3,1,0,0,1,1,0,1,0,0,1,2,aleatorio,2
27,3,12,1,0,1,0,0,1,0,1,1,1,0,aleatorio,2
19,1,5,0,0,0,0,1,0,0,0,0,1,0,aleatorio,0
27,1,22,0,0,0,0,1,0,0,1,1,0,1,aleatorio,1
42,1,17,0,0,0,0,0,0,1,0,0,1,0,aleatorio,0
70,2,9,1,0,0,0,0,1,0,0,0,0,1,aleatorio,1
65,2,5,1,0,0,1,1,0,0,0,0,0,2,aleatorio,2
58,2,6,1,0,0,0,1,0,0,0,0,1,1,aleatorio,1
20,1,19,0,0,0,1,0,0,0,2,3,1,1,aleatorio,1
39,1,26,0,0,0,0,0,1,0,1,1,1,1,aleatorio,1
45,1,2,0,1,0,0,0,0,0,0,0,1,2,aleatorio,2
25,1,23,0,0,0,1,0,0,0,0,0,1,1,aleatorio,1
59,1,10,0,0,0,0,1,0,0,0,0,1,0,aleatorio,0
26,2,2,1,0,0,0,1,1,0,0,0,1,1,aleatorio,1
28,1,21,0,0,0,0,1,0,0,2,2,1,1,aleatorio,1
60,1,12,0,0,0,1,0,0,0,0,1,1,1,aleatorio,1
34,2,5,1,0,0,0,0,0,1,0,0,1,1,aleatorio,1
36,2,2,1,1,1,0,0,0,0,1,1,0,2,aleatorio,2
59,1,6,0,0,1,0,0,0,0,0,0,1,2,aleatorio,2
57,1,25,0,0,0,0,0,1,0,1,1,0,1,aleatorio,1
38,1,7,0,0,0,0,0,1,0,0,0,1,0,aleatorio,0
54,1,20,0,0,0,0,0,0,1,0,0,1,0,aleatorio,0
25,1,0,0,0,0,1,0,0,0,0,0,1,1,aleatorio,1
31,1,15,0,0,0,0,1,0,0,0,0,1,0,aleatorio,0
67,1,0,0,0,0,0,1,0,0,0,0,1,0,aleatorio,0
24,1,10,0,0,0,0,0,0,1,0,0,1,0,aleatorio,0
19,1,1,0,0,0,0,1,0,0,2,2,1,2,aleatorio,2
58,1,30,0,0,0,0,1,0,0,0,0,0,0,aleatorio,0
49,1,28,0,0,0,0,0,1,0,1,1,1,1,aleatorio,1
46,3,10,1,0,1,0,0,0,1,1,1,1,2,aleatorio,2
63,5,4,1,1,0,0,1,1,0,0,0,0,2,aleatorio,2
47,1,28,0,0,0,0,1,0,0,0,0,1,0,aleatorio,0
48,1,20,0,0,0,0,0,1,0,0,0,0,0,aleatorio,0
63,1,8,0,0,0,0,0,0,1,0,1,1,0,aleatorio,0
37,2,4,1,0,0,0,0,0,1,0,0,1,1,aleatorio,1
26,2,5,1,0,0,0,1,0,0,0,0,1,1,aleatorio,1
22,2,10,1,0,1,0,0,0,1,0,1,1,2,aleatorio,2
58,1,29,0,0,0,1,0,0,0,2,2,1,1,aleatorio,1
23,1,6,0,0,0,0,0,1,0,0,0,1,0,aleatorio,0
59,1,4,0,0,0,0,0,1,0,0,0,0,0,aleatorio,0
65,1,29,0,0,0,1,0,0,0,0,0,1,2,aleatorio,1
21,4,3,1,1,1,0,0,1,0,0,0,1,2,aleatorio,2
29,1,24,0,0,1,0,0,0,0,0,0,1,2,aleatorio,2
30,2,1,1,0,0,0,0,1,1,0,0,1,1,aleatorio,1
30,1,2,0,0,0,1,0,0,0,0,0,0,1,aleatorio,1
25,4,10,1,0,0,1,1,0,0,0,0,0,2,aleatorio,2
67,1,14,0,0,0,0,0,0,1,0,0,1,0,aleatorio,0
21,1,9,0,1,0,0,0,0,0,0,0,0,2,aleatorio,2
25,3,9,1,0,0,1,0,0,1,1,1,0,2,aleatorio,2
34,2,27,1,0,0,1,0,0,0,0,0,1,2,aleatorio,2
46,2,1,1,0,0,0,0,1,1,0,0,1,1,aleatorio,1
61,1,20,0,0,0,1,0,0,0,2,2,0,1,aleatorio,1
20,3,0,1,1,0,1,0,1,0,1,2,1,2,aleatorio,2
38,1,4,0,0,0,0,0,1,0,0,1,1,0,aleatorio,0
46,1,29,0,0,0,0,0,0,1,0,0,1,0,aleatorio,0
26,1,6,0,0,0,0,1,0,0,0,0,1,0,aleatorio,0
67,1,28,0,0,0,0,1,0,0,0,0,0,2,aleatorio,0
69,0,999,0,0,0,0,0,0,0,2,3,1,1,aleatorio,1
27,2,16,1,0,0,0,1,0,0,3,3,1,1,aleatorio,1
39,1,15,0,1,0,0,0,0,0,0,0,1,2,aleatorio,2
26,2,1,1,1,0,0,0,0,1,0,0,1,2,aleatorio,2
59,1,10,0,0,1,0,0,0,0,0,0,1,2,aleatorio,2
36,1,0,0,0,0,1,0,0,0,0,0,1,1,aleatorio,1
40,1,8,0,0,0,0,0,1,0,0,0,0,0,aleatorio,0
59,1,11,0,0,0,0,0,0,1,0,0,1,0,aleatorio,0
24,2,0,1,0,1,0,0,1,0,0,0,0,2,aleatorio,2
37,3,4,1,0,1,1,0,0,1,0,0,1,2,aleatorio,2
18,1,22,0,0,0,0,0,1,0,0,0,0,0,aleatorio,0
51,2,7,1,0,1,0,0,1,0,0,0,1,2,aleatorio,2
24,1,9,0,0,0,0,0,1,0,0,0,1,0,aleatorio,0
54,2,3,1,0,0,0,0,1,1,0,0,1,1,aleatorio,1
41,1,13,0,0,0,0,1,0,0,2,2,1,2,aleatorio,2
65,2,13,1,0,1,0,1,0,0,1,1,1,2,aleatorio,2
57,1,17,0,0,1,0,0,0,0,0,0,1,1,aleatorio,2
36,1,9,0,0,0,1,0,0,0,0,0,1,1,aleatorio,1
59,2,0,1,0,0,1,0,0,1,1,1,0,2,aleatorio,2
60,1,14,0,0,0,0,0,0,1,1,1,0,2,aleatorio,2
57,1,18,0,0,0,0,0,1,0,0,0,1,0,aleatorio,0
54,2,6,1,0,0,0,0,1,0,2,2,1,2,aleatorio,2
47,1,25,0,0,0,0,1,0,0,0,0,1,0,aleatorio,0
37,2,14,1,0,0,0,1,0,1,0,0,1,1,aleatorio,1
44,1,1,0,0,0,0,0,1,0,0,0,1,0,aleatorio,0
39,3,13,1,0,0,1,1,0,1,0,0,1,2,aleatorio,2
34,1,0,0,1,0,0,0,0,0,0,0,1,2,aleatorio,2
56,1,22,0,0,0,0,0,1,0,3,4,1,2,aleatorio,1
53,0,999,0,0,0,0,0,0,0,3,3,1,1,aleatorio,1
64,1,18,0,0,0,0,0,0,1,0,0,1,0,aleatorio,0
38,2,0,1,0,0,0,0,1,0,0,0,1,1,aleatorio,1
49,2,0,1,0,0,1,0,1,0,0,0,1,2,aleatorio,2
39,2,2,1,0,0,0,0,1,1,0,0,1,1,aleatorio,1
47,2,5,1,0,0,0,1,1,0,0,0,0,1,aleatorio,1
24,4,6,1,1,1,0,1,1,0,0,0,1,2,aleatorio,2
32,1,1,0,0,0,0,1,0,0,1,1,1,1,aleatorio,2
51,1,9,0,1,0,0,0,0,0,0,1,1,2,aleatorio,2
52,1,3,0,0,0,0,0,1,0,0,1,1,0,aleatorio,0
56,2,7,1,0,1,0,0,1,0,0,0,1,2,aleatorio,2
65,2,0,1,0,0,0,0,0,1,0,0,0,1,aleatorio,1
46,1,4,0,0,0,0,0,0,1,0,0,1,0,aleatorio,0
37,1,24,0,0,0,0,0,1,0,1,1,1,1,aleatorio,1
69,1,11,0,0,0,0,0,0,1,0,0,0,0,aleatorio,0
55,2,0,1,1,0,0,0,0,0,0,0,1,2,aleatorio,2
66,2,6,1,0,0,0,0,1,1,0,1,1,1,aleatorio,1
46,1,15,0,0,0,1,0,0,0,0,0,1,1,aleatorio,1
19,1,13,0,0,0,0,1,0,0,0,0,1,0,aleatorio,0
38,2,11,1,0,0,0,0,1,1,0,0,1,1,aleatorio,1
23,4,1,1,1,0,1,0,1,1,0,0,1,2,aleatorio,2
41,1,3,0,1,0,0,0,0,0,1,1,1,2,aleatorio,2
49,4,2,1,0,1,0,0,1,1,0,0,1,2,aleatorio,2
32,1,10,0,0,0,0,1,0,0,0,0,1,0,aleatorio,0
22,1,17,0,0,0,0,0,1,0,0,0,0,0,aleatorio,0
57,4,3,1,1,0,1,1,0,0,1,1,1,2,aleatorio,2
53,1,2,0,0,0,0,1,0,0,0,0,1,0,aleatorio,0
42,2,8,1,0,0,0,0,0,1,0,0,1,1,aleatorio,1
49,2,1,1,0,0,0,1,1,0,0,0,0,1,aleatorio,1
30,1,17,0,0,0,0,1,0,0,0,0,1,0,aleatorio,0
20,2,15,1,0,1,0,0,0,0,0,0,1,2,aleatorio,2
66,1,15,0,0,0,0,0,0,1,0,0,0,0,aleatorio,0
60,1,0,0,0,0,1,0,0,0,0,0,1,1,aleatorio,1
23,1,11,0,0,0,0,1,0,0,0,0,0,0,aleatorio,0
63,2,12,1,0,0,0,0,1,1,0,0,1,1,aleatorio,1
58,1,10,0,0,0,0,0,1,0,0,0,1,0,aleatorio,0
63,1,26,0,0,0,0,1,0,0,2,2,0,1,aleatorio,1
38,1,6,0,0,0,0,0,1,0,1,1,1,1,aleatorio,2
26,2,21,1,0,0,0,0,1,1,1,3,1,1,aleatorio,1
30,2,6,1,1,0,0,0,1,0,1,1,0,2,aleatorio,2
57,1,17,0,0,0,0,0,1,0,0,0,1,0,aleatorio,0
53,1,15,0,0,0,0,1,0,0,0,0,1,0,aleatorio,0
25,2,12,1,0,0,0,0,1,1,0,0,1,1,aleatorio,1
48,1,8,0,1,0,0,0,0,0,1,4,0,2,aleatorio,2
33,2,2,1,0,0,0,1,0,1,0,0,0,1,aleatorio,1
50,1,22,0,0,1,0,0,0,0,0,0,1,2,aleatorio,2
49,1,18,0,0,0,0,0,1,0,0,0,0,0,aleatorio,0
33,0,999,0,0,0,0,0,0,0,1,1,0,1,aleatorio,1
23,1,9,0,0,1,0,0,0,0,0,0,1,2,aleatorio,2
26,1,13,0,1,0,0,0,0,0,0,0,0,2,aleatorio,2
34,3,4,1,0,0,0,0,1,1,0,0,1,1,aleatorio,1
69,2,12,1,0,0,0,0,1,0,0,0,1,1,aleatorio,1
21,2,0,1,0,0,0,1,0,0,1,1,0,2,aleatorio,2
67,1,5,0,0,0,0,1,0,0,0,0,0,0,aleatorio,0
36,1,6,0,0,0,0,0,0,1,0,0,1,0,aleatorio,0
30,2,12,1,0,1,0,0,0,1,0,0,1,2,aleatorio,2
50,1,18,0,0,1,0,0,0,0,1,1,1,2,aleatorio,2
50,1,15,0,0,0,1,0,0,0,0,0,0,2,aleatorio,1
52,1,14,0,0,0,0,0,1,0,0,0,1,0,aleatorio,0
66,3,0,1,0,0,0,1,1,0,0,0,1,1,aleatorio,1
40,1,2,0,0,0,0,0,0,1,0,0,0,0,aleatorio,0
55,2,0,1,0,0,0,1,1,0,0,0,1,1,aleatorio,1
23,1,8,0,0,0,0,0,1,0,0,0,1,0,aleatorio,0
65,3,17,1,0,1,0,0,1,0,0,0,1,2,aleatorio,2
28,2,3,1,0,1,0,0,0,0,0,0,0,2,aleatorio,2
60,1,7,0,0,0,0,0,1,0,0,0,1,2,aleatorio,0
63,2,2,1,0,0,1,0,1,0,0,1,1,2,aleatorio,2
31,3,10,1,0,0,0,1,1,0,0,0,1,1,aleatorio,1
20,2,4,1,0,1,0,0,0,0,1,1,1,2,aleatorio,2
47,1,28,0,0,1,0,0,0,0,0,0,1,2,aleatorio,2
47,1,2,0,0,0,0,1,0,0,0,0,1,0,aleatorio,0
26,2,4,1,0,1,0,0,1,0,0,0,1,2,aleatorio,2
63,2,10,1,0,0,0,0,1,1,0,0,1,1,aleatorio,1
29,1,6,0,0,0,0,0,0,1,0,0,1,0,aleatorio,0
56,1,7,0,0,0,0,0,1,0,0,0,0,0,aleatorio,0
42,1,14,0,0,0,1,0,0,0,0,0,0,1,aleatorio,1
65,2,0,1,0,0,0,1,0,1,1,1,1,2,aleatorio,2
61,1,14,0,0,0,0,0,1,0,0,0,1,1,aleatorio,0
64,1,18,0,0,0,0,0,1,0,0,0,1,2,aleatorio,0
26,1,18,0,0,0,0,0,1,0,1,1,0,1,aleatorio,1
66,2,12,1,0,0,0,1,1,0,1,1,1,2,aleatorio,2
18,1,4,0,1,0,0,0,0,0,0,0,0,2,aleatorio,2
59,1,2,0,0,0,0,0,1,0,1,2,1,2,aleatorio,2
44,1,29,0,0,0,0,0,1,0,0,0,1,0,aleatorio,0
69,1,8,0,0,0,0,1,0,0,1,1,0,1,aleatorio,2
24,1,23,0,0,0,1,0,0,0,0,0,1,1,aleatorio,1
52,1,8,0,0,0,0,0,0,1,0,0,1,0,aleatorio,0
19,1,15,0,1,0,0,0,0,0,0,0,0,2,aleatorio,2
25,2,0,1,0,1,1,0,0,0,0,0,1,2,aleatorio,2
57,3,10,1,1,0,1,1,0,0,0,0,1,2,aleatorio,2
56,2,1,1,0,0,0,0,1,1,0,0,1,1,aleatorio,1
41,4,2,1,0,1,0,0,0,1,1,1,1,2,aleatorio,2
67,1,23,0,0,0,0,1,0,0,0,0,1,0,aleatorio,0
59,3,11,1,1,1,0,0,0,0,1,4,1,2,aleatorio,2
26,2,0,1,0,0,0,1,0,1,1,1,1,2,aleatorio,2
41,1,23,0,1,0,0,0,0,0,0,0,1,2,aleatorio,2
44,1,14,0,0,0,0,0,0,1,0,0,1,0,aleatorio,0
35,1,5,0,0,0,0,1,0,0,0,0,0,1,aleatorio,0
58,1,12,0,0,0,0,1,0,0,0,0,1,0,aleatorio,0
58,2,3,1,0,0,1,1,0,0,0,0,1,2,aleatorio,2
30,1,17,0,0,0,0,0,1,0,1,1,1,1,aleatorio,1
25,5,2,1,0,0,0,1,1,1,0,0,1,1,aleatorio,1
20,1,0,0,0,0,0,0,0,1,0,0,1,0,aleatorio,0
46,2,3,1,0,0,0,1,0,1,0,0,1,1,aleatorio,1
31,1,6,0,0,0,0,0,1,0,0,0,0,2,aleatorio,0
43,1,10,0,0,0,0,1,0,0,0,0,0,0,aleatorio,0
22,1,28,0,0,0,0,0,0,1,0,0,1,0,aleatorio,0
69,1,22,0,0,0,0,0,0,1,2,2,1,1,aleatorio,1
62,2,12,1,0,0,0,0,1,1,0,0,1,0,aleatorio,1
31,1,14,0,0,0,0,1,0,0,0,0,0,0,aleatorio,0
49,1,15,0,0,0,1,0,0,0,0,0,0,1,aleatorio,1
64,1,26,0,0,0,0,0,0,1,0,0,1,0,aleatorio,0
63,1,29,0,0,0,1,0,0,0,3,3,1,0,aleatorio,1
33,2,3,1,0,0,0,0,1,1,0,0,1,1,aleatorio,1
55,1,0,0,0,0,1,0,0,0,2,3,1,2,aleatorio,2
37,1,9,0,0,0,1,0,0,0,0,0,1,1,aleatorio,1
40,1,28,0,0,0,1,0,0,0,0,0,1,1,aleatorio,1
56,1,3,0,0,0,1,0,0,0,0,0,0,1,aleatorio,1
19,2,15,1,0,0,0,1,1,0,0,0,1,1,aleatorio,1
56,3,0,1,1,0,0,0,1,1,0,0,1,2,aleatorio,2
40,1,6,0,0,0,1,0,0,0,0,0,0,1,aleatorio,1
34,2,6,1,0,0,0,0,1,1,0,0,0,1,aleatorio,1
46,1,9,0,0,0,0,0,0,1,2,3,1,2,aleatorio,2
63,3,0,1,0,0,1,1,1,0,0,0,1,2,aleatorio,2
43,1,15,0,0,1,0,0,0,0,0,0,1,2,aleatorio,2
42,1,16,0,0,0,0,0,1,0,3,3,0,1,aleatorio,1
46,2,10,1,1,0,0,1,0,0,2,2,1,2,aleatorio,2
36,1,15,0,0,0,0,1,0,0,0,0,1,0,aleatorio,0
35,0,999,0,0,0,0,0,0,0,3,3,0,1,aleatorio,1
48,1,13,0,0,0,1,0,0,0,0,0,0,1,aleatorio,1
66,2,18,1,0,0,0,1,0,0,0,0,1,1,aleatorio,1
49,4,0,1,1,1,0,1,1,0,0,0,1,2,aleatorio,2
70,1,1,0,0,0,0,1,0,0,0,0,1,0,aleatorio,0
21,2,13,1,0,0,0,1,1,0,0,0,0,1,aleatorio,1
19,2,7,1,0,0,0,1,0,0,0,0,0,2,aleatorio,1
62,2,16,1,0,0,0,0,1,1,0,0,1,1,aleatorio,1
18,2,9,1,0,0,0,1,0,0,0,0,1,1,aleatorio,1
27,1,8,0,0,0,0,0,1,0,1,1,1,2,aleatorio,2
70,1,1,0,0,0,0,0,0,1,0,0,0,0,aleatorio,0
67,1,21,0,0,0,0,1,0,0,0,0,0,0,aleatorio,0
42,1,25,0,0,0,0,0,0,1,1,1,1,1,aleatorio,1
32,0,999,0,0,0,0,0,0,0,4,4,1,1,aleatorio,1
68,3,3,1,0,1,0,0,0,1,0,0,1,2,aleatorio,2
48,1,4,0,0,0,1,0,0,0,0,0,1,1,aleatorio,1
45,1,14,0,0,0,0,0,0,1,0,0,1,2,aleatorio,0
33,1,26,0,0,0,0,0,1,0,1,1,1,1,aleatorio,1
20,1,0,0,0,1,0,0,0,0,0,0,1,2,aleatorio,2
43,1,17,0,0,0,0,0,1,0,1,1,1,1,aleatorio,1
55,2,10,1,0,0,0,0,1,0,0,0,1,1,aleatorio,1
55,1,21,0,0,0,0,0,0,1,0,0,1,0,aleatorio,0
59,2,3,1,0,0,0,1,1,0,0,0,1,1,aleatorio,1
20,1,1,0,0,0,0,0,0,1,0,0,1,0,aleatorio,0
26,3,0,1,0,1,0,1,1,0,0,0,1,2,aleatorio,2
58,2,14,1,1,1,0,0,0,0,0,0,1,1,aleatorio,2
62,1,19,0,0,0,1,0,0,0,0,0,0,1,aleatorio,1
56,1,11,0,0,0,0,0,0,1,0,0,0,1,aleatorio,0
39,2,2,1,0,0,0,0,1,0,0,0,1,1,aleatorio,1
30,3,2,1,0,0,0,1,1,0,0,0,1,0,aleatorio,1
59,0,999,0,0,0,0,0,0,0,4,4,1,1,aleatorio,1
64,2,0,1,0,1,0,0,1,0,0,0,1,2,aleatorio,2
39,1,10,0,0,0,0,1,0,0,0,0,1,0,aleatorio,0
24,1,16,0,0,0,1,0,0,0,0,0,1,0,aleatorio,1
34,1,6,0,0,0,0,0,1,0,4,4,1,2,aleatorio,2
20,1,19,0,0,0,0,0,1,0,0,0,0,1,aleatorio,0
25,3,0,1,1,0,1,0,0,1,1,1,1,2,aleatorio,2
44,2,18,1,0,0,0,1,0,0,0,0,1,1,aleatorio,1
50,1,14,0,0,1,0,0,0,0,0,0,0,2,aleatorio,2
33,4,5,1,0,1,1,1,0,0,0,0,0,2,aleatorio,2
45,1,30,0,0,0,0,0,0,1,0,0,1,0,aleatorio,0
48,1,0,0,0,0,1,0,0,0,0,0,1,1,aleatorio,1
36,2,4,1,0,0,0,0,1,0,0,0,1,1,aleatorio,1
67,2,4,1,0,1,0,0,0,1,1,3,1,2,aleatorio,2
32,1,15,0,0,0,0,0,1,0,0,0,1,0,aleatorio,0
47,1,3,0,0,0,0,0,1,0,0,0,1,0,aleatorio,0
26,1,14,0,0,0,1,0,0,0,0,1,0,1,aleatorio,1
30,5,0,1,0,0,1,1,1,1,0,0,1,2,aleatorio,2
18,2,10,1,0,1,0,0,1,0,0,0,0,2,aleatorio,2
25,3,1,1,0,0,0,0,1,1,0,0,0,1,aleatorio,1
62,2,7,1,0,1,0,1,0,0,0,0,1,2,aleatorio,2
35,3,4,1,0,0,1,1,1,0,0,0,1,2,aleatorio,2
30,1,26,0,0,0,0,0,0,1,0,0,1,0,aleatorio,0
30,1,8,0,0,0,0,1,0,0,0,1,1,0,aleatorio,0
53,2,12,1,0,0,0,1,1,0,0,0,1,2,aleatorio,1
33,2,2,1,0,0,0,1,1,0,0,0,0,1,aleatorio,1
39,1,11,0,0,0,0,1,0,0,0,0,0,0,aleatorio,0
51,1,19,0,0,0,1,0,0,0,0,1,0,1,aleatorio,1
18,1,19,0,0,0,0,1,0,0,0,0,1,0,aleatorio,0
34,1,2,0,0,0,1,0,0,0,0,0,1,1,aleatorio,1
36,2,7,1,0,0,0,1,0,0,0,0,1,2,aleatorio,1
59,1,7,0,0,0,0,0,1,0,0,0,0,0,aleatorio,0
41,1,4,0,0,0,0,1,0,0,0,0,1,0,aleatorio,0
24,1,9,0,0,0,1,0,0,0,0,2,1,1,aleatorio,1
30,1,1,0,0,1,0,0,0,0,0,0,1,2,aleatorio,2
67,1,24,0,0,0,0,0,0,1,0,0,1,0,aleatorio,0
52,1,3,0,0,0,0,0,0,1,0,0,1,0,aleatorio,0
64,2,12,1,1,0,0,0,1,0,0,0,0,2,aleatorio,2
70,2,17,1,0,0,0,1,1,0,2,2,1,1,aleatorio,1
21,2,9,1,0,0,1,0,0,1,1,1,0,1,aleatorio,2
69,1,11,0,0,1,0,0,0,0,0,0,1,2,aleatorio,2
26,1,15,0,0,0,0,0,1,0,0,0,1,1,aleatorio,0
33,1,0,0,0,0,0,1,0,0,0,0,1,0,aleatorio,0
53,1,17,0,0,1,0,0,0,0,3,3,1,2,aleatorio,2
38,1,16,0,0,0,0,1,0,0,0,0,1,0,aleatorio,0
65,1,14,0,0,0,0,0,0,1,0,0,1,0,aleatorio,0
24,1,2,0,0,0,0,1,0,0,0,0,1,0,aleatorio,0
40,1,6,0,0,0,0,0,0,1,0,2,1,0,aleatorio,0
52,2,4,1,0,0,0,0,1,1,0,0,1,1,aleatorio,1
61,1,1,0,0,0,0,0,1,0,0,0,1,0,aleatorio,0
27,1,10,0,0,0,0,0,0,1,0,0,0,0,aleatorio,0
65,1,3,0,0,0,0,0,1,0,0,0,0,2,aleatorio,0
65,2,13,1,0,0,0,1,1,0,0,0,1,1,aleatorio,1
61,2,10,1,0,0,0,0,1,0,0,0,1,1,aleatorio,1
66,1,21,0,0,0,0,1,0,0,0,0,0,0,aleatorio,0
61,1,21,0,0,0,0,0,1,0,0,0,1,1,aleatorio,0
68,2,9,1,0,1,0,0,0,1,1,2,1,1,aleatorio,2
23,2,2,1,0,0,1,1,0,0,0,0,1,2,aleatorio,2
54,3,11,1,0,0,0,1,0,0,0,0,1,1,aleatorio,1
26,1,8,0,0,0,0,0,1,0,0,0,1,0,aleatorio,0
60,1,13,0,0,1,0,0,0,0,0,0,0,2,aleatorio,2
64,2,9,1,0,0,1,0,0,1,0,0,1,1,aleatorio,2
53,1,10,0,1,0,0,0,0,0,1,1,1,2,aleatorio,2
44,1,24,0,0,0,0,1,0,0,1,2,1,1,aleatorio,1
26,2,26,1,0,0,0,1,0,1,0,0,0,1,aleatorio,1
59,2,13,1,1,0,0,0,0,0,0,0,0,2,aleatorio,2
35,1,12,0,0,0,0,0,1,0,0,0,0,0,aleatorio,0
22,2,15,1,0,0,0,1,0,0,0,0,1,1,aleatorio,1
57,1,18,0,0,0,0,0,0,1,0,0,1,0,aleatorio,0
57,1,5,0,0,0,0,0,0,1,0,0,0,0,aleatorio,0
41,2,1,1,0,0,1,1,0,0,0,0,1,2,aleatorio,2
59,1,28,0,0,0,0,0,1,0,0,1,1,2,aleatorio,0
40,1,7,0,0,0,0,0,0,1,3,3,1,2,aleatorio,2
28,4,12,1,1,0,0,1,1,0,0,0,0,2,aleatorio,2
36,1,11,0,1,0,0,0,0,0,1,2,1,2,aleatorio,2
49,3,8,1,1,0,1,0,0,0,0,0,1,1,aleatorio,2
26,1,12,0,0,0,1,0,0,0,0,1,1,1,aleatorio,1
25,1,30,0,0,0,0,0,1,0,0,0,0,0,aleatorio,0
22,1,28,0,0,0,0,1,0,0,0,0,0,0,aleatorio,0
45,1,13,0,0,0,0,0,0,1,0,0,1,0,aleatorio,0
59,1,2,0,0,0,0,1,0,0,0,0,1,0,aleatorio,0
68,2,8,1,0,0,0,0,1,1,0,0,1,1,aleatorio,1
35,2,10,1,0,0,1,0,0,1,0,0,1,2,aleatorio,2
22,4,1,1,1,0,1,1,0,0,1,1,1,0,aleatorio,2
21,2,4,1,0,0,0,0,1,1,0,0,1,1,aleatorio,1
69,1,13,0,0,0,0,0,1,0,0,0,1,0,aleatorio,0
18,2,13,1,0,0,1,1,0,0,1,2,1,0,aleatorio,2
59,1,1,0,0,0,0,1,0,0,0,0,1,1,aleatorio,0
68,1,29,0,0,0,0,0,0,1,0,1,1,0,aleatorio,0
55,1,23,0,0,0,0,1,0,0,0,0,0,0,aleatorio,0
52,1,30,0,0,0,0,0,1,0,0,0,1,0,aleatorio,0
56,1,25,0,0,0,0,1,0,0,0,0,1,0,aleatorio,0
38,1,19,0,0,0,0,1,0,0,0,1,0,1,aleatorio,0
27,1,26,0,0,0,0,0,0,1,0,0,1,0,aleatorio,0
40,1,6,0,0,0,0,0,1,0,0,1,1,0,aleatorio,0
30,1,9,0,0,0,0,0,0,1,0,0,1,0,aleatorio,0
39,1,8,0,0,0,0,0,1,0,0,0,1,1,aleatorio,0
45,2,6,1,1,0,0,0,1,0,0,0,1,2,aleatorio,2
49,1,8,0,0,0,1,0,0,0,1,3,0,0,aleatorio,2
34,1,3,0,0,0,0,1,0,0,0,0,1,0,aleatorio,0
32,1,25,0,0,0,1,0,0,0,0,0,1,2,aleatorio,1
61,1,12,0,0,0,0,0,0,1,0,0,1,0,aleatorio,0
49,1,23,0,0,0,1,0,0,0,2,2,1,1,aleatorio,1
32,1,12,0,0,0,0,1,0,0,0,0,1,0,aleatorio,0
55,1,16,0,0,0,0,0,0,1,0,0,0,0,aleatorio,0
45,2,4,1,0,1,0,0,0,1,0,0,1,2,aleatorio,2
21,1,4,0,0,0,1,0,0,0,0,0,1,1,aleatorio,1
35,1,1,0,0,0,0,1,0,0,0,0,1,2,aleatorio,0
47,1,6,0,0,0,0,0,0,1,3,4,1,2,aleatorio,2
48,1,0,0,0,0,0,0,0,1,0,0,0,0,aleatorio,0
50,2,5,1,0,0,0,0,1,1,0,1,0,1,aleatorio,1
40,1,6,0,0,1,0,0,0,0,0,0,1,2,aleatorio,2
37,1,18,0,0,0,0,1,0,0,0,0,1,0,aleatorio,0
47,1,1,0,0,0,0,0,0,1,1,1,1,0,aleatorio,2
46,1,2,0,0,0,0,1,0,0,0,0,0,0,aleatorio,0
52,1,25,0,0,0,1,0,0,0,0,0,1,1,aleatorio,1
24,2,0,1,0,0,0,1,1,0,0,0,1,1,aleatorio,1
28,1,2,0,0,0,0,0,0,1,1,1,0,2,aleatorio,2
32,1,14,0,0,0,0,0,1,0,0,0,1,0,aleatorio,0
48,1,15,0,0,0,0,1,0,0,0,0,0,0,aleatorio,0
62,2,5,1,0,0,0,0,1,1,0,0,1,1,aleatorio,1
64,2,0,1,0,0,1,1,0,0,1,1,1,2,aleatorio,2
31,2,7,1,1,0,0,0,0,1,0,0,1,2,aleatorio,2
41,3,2,1,1,0,1,0,0,0,1,4,1,2,aleatorio,2
46,1,7,0,0,0,0,0,0,1,0,0,0,0,aleatorio,0
23,1,2,0,0,0,0,1,0,0,0,0,1,0,aleatorio,0
64,2,1,1,1,0,0,1,0,0,0,0,1,2,aleatorio,2
61,1,27,0,0,0,0,1,0,0,0,0,0,0,aleatorio,0
51,2,17,1,0,0,0,1,0,1,0,1,1,1,aleatorio,1
39,2,6,1,0,0,0,1,0,0,0,0,1,1,aleatorio,1
70,1,20,0,0,0,0,0,0,1,0,0,1,0,aleatorio,0
46,1,15,0,0,0,0,1,0,0,0,1,1,0,aleatorio,0
54,2,3,1,0,0,0,1,1,0,0,0,1,1,aleatorio,1
66,1,3,0,0,0,0,0,1,0,0,0,1,0,aleatorio,0
25,2,7,1,0,0,0,1,1,0,0,0,1,1,aleatorio,1
43,2,13,1,0,0,0,0,1,1,0,0,1,1,aleatorio,1
58,2,1,1,0,0,0,1,0,1,0,0,1,1,aleatorio,1
36,0,999,0,0,0,0,0,0,0,3,4,1,1,aleatorio,1
50,2,3,1,0,0,0,0,1,0,0,1,1,1,aleatorio,1
42,1,11,0,0,0,0,1,0,0,1,1,1,2,aleatorio,2
31,1,30,0,0,0,0,0,1,0,0,0,0,0,aleatorio,0
38,1,2,0,0,0,0,0,0,1,0,0,1,0,aleatorio,0
22,1,26,0,0,0,1,0,0,0,0,0,1,1,aleatorio,1
63,1,19,0,0,0,1,0,0,0,0,1,1,1,aleatorio,1
20,4,6,1,1,0,0,1,1,1,0,0,1,2,aleatorio,2
25,2,7,1,0,1,0,0,0,1,0,0,0,2,aleatorio,2
50,3,10,1,0,1,1,1,0,0,0,0,1,2,aleatorio,2
56,1,16,0,0,0,1,0,0,0,0,0,1,1,aleatorio,1
69,1,11,0,1,0,0,0,0,0,0,0,1,2,aleatorio,2
43,1,22,0,0,1,0,0,0,0,0,2,1,2,aleatorio,2
48,3,12,1,0,0,0,1,1,0,0,0,0,1,aleatorio,1
21,1,16,0,0,0,0,0,1,0,0,0,1,0,aleatorio,0
19,2,2,1,1,0,1,0,0,0,1,2,1,1,aleatorio,2
66,1,13,0,0,0,0,0,0,1,0,0,1,0,aleatorio,0
28,1,29,0,0,0,0,0,1,0,0,0,1,1,aleatorio,0
42,1,12,0,0,0,0,0,1,0,0,0,0,0,aleatorio,0
63,1,17,0,0,0,0,0,1,0,0,0,1,0,aleatorio,0
39,4,9,1,0,1,1,1,0,0,1,1,1,2,aleatorio,2
57,2,4,1,0,0,0,1,0,0,0,0,1,1,aleatorio,1
53,0,999,0,0,0,0,0,0,0,2,2,1,1,aleatorio,1
62,1,13,0,0,0,0,1,0,0,1,1,1,2,aleatorio,2
51,1,3,0,1,0,0,0,0,0,0,0,0,2,aleatorio,2
49,1,21,0,0,1,0,0,0,0,0,0,1,2,aleatorio,2
68,1,29,0,0,0,0,1,0,0,0,0,0,0,aleatorio,0
65,2,0,1,1,0,1,0,0,0,0,0,1,2,aleatorio,2
49,1,19,0,0,0,0,1,0,0,0,0,1,0,aleatorio,0
39,2,2,1,0,0,1,1,0,0,0,1,1,2,aleatorio,2
53,2,5,1,0,1,0,1,0,0,0,0,1,2,aleatorio,2
57,2,4,1,1,0,0,0,0,1,0,0,0,2,aleatorio,2
39,2,27,1,0,0,0,1,0,0,1,1,1,1,aleatorio,1
41,2,5,1,0,0,0,0,0,1,0,0,1,1,aleatorio,1
63,2,13,1,0,0,0,1,1,0,0,0,1,1,aleatorio,1
36,2,18,1,0,0,0,1,1,0,0,0,1,1,aleatorio,1
46,3,1,1,0,1,0,1,1,0,1,1,1,2,aleatorio,2
21,1,11,0,0,1,0,0,0,0,0,0,1,2,aleatorio,2
23,1,7,0,0,0,0,0,0,1,0,0,0,0,aleatorio,0
60,1,4,0,0,0,1,0,0,0,0,0,1,1,aleatorio,1
38,3,2,1,0,1,1,0,0,1,2,2,0,2,aleatorio,2
65,3,4,1,1,0,1,1,0,0,0,0,1,2,aleatorio,2
54,3,4,1,1,0,0,1,0,1,0,0,0,2,aleatorio,2
34,1,16,0,0,0,0,1,0,0,0,0,1,0,aleatorio,0
43,2,0,1,0,0,1,1,0,0,0,0,0,2,aleatorio,2
55,1,28,0,0,0,1,0,0,0,0,0,1,1,aleatorio,1
51,3,2,1,0,1,1,0,0,0,0,0,0,2,aleatorio,2
35,1,23,0,1,0,0,0,0,0,0,0,1,2,aleatorio,2
47,2,12,1,0,0,0,0,1,1,0,0,0,2,aleatorio,1
35,2,8,1,1,0,0,0,1,0,0,0,1,2,aleatorio,2
26,1,7,0,0,0,0,0,0,1,0,0,1,0,aleatorio,0
64,2,7,1,0,0,0,0,1,1,0,0,1,1,aleatorio,1
25,1,12,0,0,0,0,1,0,0,1,1,1,2,aleatorio,2
47,1,4,0,1,0,0,0,0,0,0,0,1,2,aleatorio,2
55,1,8,0,0,0,0,0,1,0,0,0,0,0,aleatorio,0
42,3,13,1,1,1,0,1,0,0,0,0,1,2,aleatorio,2
68,1,22,0,0,0,0,1,0,0,0,0,1,0,aleatorio,0
43,1,19,0,0,0,1,0,0,0,0,0,0,1,aleatorio,1
70,1,17,0,0,0,1,0,0,0,1,1,1,0,aleatorio,1
32,1,18,0,0,0,1,0,0,0,0,0,1,1,aleatorio,1
36,3,8,1,0,1,0,1,1,0,0,0,1,2,aleatorio,2
27,1,25,0,0,0,0,1,0,0,0,0,0,0,aleatorio,0
30,2,9,1,1,0,0,0,1,0,0,0,0,2,aleatorio,2
27,2,6,1,0,0,1,0,1,0,0,0,1,2,aleatorio,2
57,2,2,1,0,0,0,1,0,0,0,0,1,1,aleatorio,1
22,1,7,0,0,0,0,0,0,1,0,0,1,0,aleatorio,0
31,1,19,0,0,1,0,0,0,0,2,2,1,2,aleatorio,2
52,2,1,1,0,0,0,1,1,0,0,0,1,1,aleatorio,1
28,1,19,0,0,0,0,1,0,0,2,2,1,1,aleatorio,1
20,2,0,1,0,1,0,0,1,0,0,0,1,2,aleatorio,2
70,3,4,1,0,1,0,1,0,1,1,1,1,2,aleatorio,2
50,1,13,0,0,0,0,0,0,1,0,0,0,0,aleatorio,0
26,1,13,0,0,0,0,0,1,0,0,0,0,0,aleatorio,0
42,1,5,0,0,0,1,0,0,0,0,0,0,1,aleatorio,1
19,1,25,0,0,0,0,1,0,0,0,1,1,0,aleatorio,0
51,2,7,1,0,0,0,1,0,1,1,1,1,2,aleatorio,2
58,1,13,0,0,0,0,0,1,0,0,0,0,0,aleatorio,0
46,1,11,0,0,0,0,0,0,1,0,0,0,0,aleatorio,0
43,2,12,1,1,0,0,0,1,0,1,3,1,2,aleatorio,2
68,0,999,0,0,0,0,0,0,0,3,3,1,1,aleatorio,1
65,2,25,1,0,0,0,0,1,1,0,0,1,1,aleatorio,1
50,2,0,1,0,0,0,1,0,1,0,0,0,1,aleatorio,1
32,1,2,0,0,0,1,0,0,0,0,0,1,1,aleatorio,1
46,1,29,0,1,0,0,0,0,0,0,0,1,1,aleatorio,2
19,1,2,0,0,0,0,1,0,0,0,0,1,0,aleatorio,0
18,2,16,1,0,0,0,1,1,0,2,2,1,1,aleatorio,1
58,1,8,0,0,0,0,0,1,0,0,0,0,0,aleatorio,0
53,1,6,0,0,0,0,1,0,0,0,0,1,0,aleatorio,0
29,1,10,0,0,0,0,0,1,0,0,1,0,0,aleatorio,0
40,2,5,1,0,0,0,0,1,0,0,0,1,1,aleatorio,1
61,2,28,1,0,0,0,0,1,0,1,1,1,1,aleatorio,1
40,1,14,0,1,0,0,0,0,0,0,0,1,2,aleatorio,2
66,1,15,0,0,0,0,1,0,0,0,0,1,0,aleatorio,0
27,1,2,0,0,0,1,0,0,0,1,1,1,0,aleatorio,2
63,1,27,0,0,0,0,1,0,0,1,2,1,1,aleatorio,1
48,1,11,0,0,0,1,0,0,0,0,0,1,1,aleatorio,1
51,1,14,0,1,0,0,0,0,0,0,1,1,2,aleatorio,2
41,1,17,0,0,0,0,0,1,0,0,0,0,0,aleatorio,0
27,1,30,0,0,0,0,1,0,0,0,0,1,0,aleatorio,0
34,1,12,0,0,0,1,0,0,0,1,1,1,2,aleatorio,2
45,1,6,0,0,0,0,0,1,0,0,0,1,2,aleatorio,0
40,1,29,0,0,0,0,0,0,1,2,2,1,1,aleatorio,1
41,2,10,1,0,0,0,0,1,0,0,0,1,1,aleatorio,1
48,1,16,0,0,0,0,1,0,0,0,0,1,0,aleatorio,0
48,3,5,1,0,0,0,1,1,1,0,0,0,1,aleatorio,1
66,2,17,1,0,0,0,0,0,1,0,0,0,1,aleatorio,1
32,5,0,1,0,0,0,1,1,0,0,0,1,1,aleatorio,1
39,1,20,0,0,0,0,0,1,0,0,0,1,0,aleatorio,0
68,3,4,1,0,0,0,1,0,1,0,0,0,1,aleatorio,1
23,1,20,0,0,0,1,0,0,0,0,0,1,1,aleatorio,1
54,1,15,0,0,0,0,0,1,0,0,0,1,0,aleatorio,0
41,1,11,0,0,0,0,0,1,0,0,0,1,0,aleatorio,0
61,4,1,1,1,0,0,1,1,0,0,0,1,2,aleatorio,2
57,3,1,1,1,0,1,0,1,0,0,0,0,2,aleatorio,2
20,1,14,0,0,1,0,0,0,0,0,0,1,2,aleatorio,2
21,1,4,0,0,0,0,0,0,1,0,0,1,0,aleatorio,0
66,2,1,1,0,0,1,1,0,0,1,3,1,2,aleatorio,2
66,1,21,0,0,0,0,0,0,1,0,0,0,0,aleatorio,0
43,1,7,0,0,0,1,0,0,0,0,0,1,1,aleatorio,1
19,2,16,1,0,0,0,1,0,1,0,0,1,1,aleatorio,1
66,3,0,1,0,0,0,1,0,1,0,0,1,1,aleatorio,1
19,3,8,1,0,0,0,1,1,1,0,0,1,1,aleatorio,1
51,2,6,1,0,0,0,1,0,1,0,0,1,1,aleatorio,1
38,2,2,1,0,0,0,0,1,1,0,0,1,0,aleatorio,1
63,2,8,1,0,0,1,1,0,0,0,0,0,2,aleatorio,2
39,2,8,1,1,1,0,0,0,0,0,0,1,2,aleatorio,2
20,1,7,0,0,0,0,0,1,0,0,0,0,0,aleatorio,0
41,1,10,0,0,0,1,0,0,0,0,1,1,0,aleatorio,1
29,1,21,0,0,0,0,0,1,0,0,0,1,2,aleatorio,0
29,3,7,1,1,1,0,0,0,0,0,0,1,2,aleatorio,2
38,1,4,0,1,0,0,0,0,0,2,3,1,2,aleatorio,2
27,3,4,1,0,0,0,1,0,0,0,0,1,1,aleatorio,1
62,2,5,1,1,0,1,0,0,0,0,0,1,2,aleatorio,2
34,1,19,0,0,0,0,1,0,0,0,0,1,0,aleatorio,0
49,1,14,0,0,0,0,0,1,0,0,0,0,0,aleatorio,0
20,1,13,0,0,0,0,1,0,0,0,0,0,2,aleatorio,0
26,1,10,0,0,0,1,0,0,0,0,0,1,1,aleatorio,1
19,1,7,0,0,1,0,0,0,0,0,0,0,2,aleatorio,2
64,1,13,0,0,0,0,0,0,1,0,0,0,0,aleatorio,0
39,1,3,0,1,0,0,0,0,0,1,1,1,0,aleatorio,2
54,1,14,0,0,1,0,0,0,0,0,1,1,2,aleatorio,2
44,5,3,1,0,0,0,0,1,1,0,0,1,1,aleatorio,1
50,2,10,1,0,0,0,0,1,1,0,0,1,1,aleatorio,1
48,1,25,0,0,0,0,0,0,1,0,0,0,0,aleatorio,0
54,1,30,0,0,0,1,0,0,0,1,1,1,2,aleatorio,1
18,0,999,0,0,0,0,0,0,0,3,3,1,1,aleatorio,1
42,1,9,0,0,0,0,1,0,0,0,0,0,0,aleatorio,0
42,2,3,1,1,1,0,0,0,0,1,1,1,2,aleatorio,2
64,2,0,1,0,0,1,0,1,0,0,0,1,2,aleatorio,2
33,1,0,0,0,0,0,0,1,0,0,0,1,0,aleatorio,0
46,3,1,1,0,0,0,1,0,1,0,0,1,1,aleatorio,1
22,1,7,0,0,0,0,1,0,0,0,1,1,0,aleatorio,0
23,1,1,0,0,0,0,0,1,0,0,0,1,0,aleatorio,0
26,3,6,1,0,0,0,0,1,0,0,0,0,1,aleatorio,1
53,3,0,1,0,0,1,0,1,0,1,1,1,2,aleatorio,2
41,2,3,1,0,0,0,1,1,0,0,0,1,1,aleatorio,1
63,3,4,1,0,0,0,0,1,1,0,0,1,1,aleatorio,1
23,1,4,0,0,1,0,0,0,0,0,0,0,2,aleatorio,2
44,2,7,1,0,0,0,1,0,0,0,0,1,1,aleatorio,1
47,1,10,0,0,0,0,1,0,0,1,1,1,2,aleatorio,2
49,1,2,0,0,0,0,0,1,0,0,0,1,2,aleatorio,0
26,1,14,0,0,0,0,0,0,1,0,0,1,0,aleatorio,0
41,1,20,0,0,0,1,0,0,0,1,1,1,0,aleatorio,1
53,2,1,1,1,0,0,1,0,0,0,0,1,2,aleatorio,2
37,1,6,0,0,0,0,0,1,0,1,1,1,2,aleatorio,2
44,1,20,0,0,0,0,0,0,1,0,0,1,1,aleatorio,0
41,1,18,0,0,0,0,0,1,0,0,0,1,0,aleatorio,0
64,1,6,0,0,0,1,0,0,0,0,0,1,1,aleatorio,1
69,3,5,1,0,0,0,1,1,1,0,0,1,1,aleatorio,1
25,4,4,1,1,0,0,0,1,1,0,0,1,2,aleatorio,2
52,2,6,1,0,0,1,1,0,0,0,0,0,2,aleatorio,2
48,1,13,0,0,0,0,1,0,0,0,0,1,0,aleatorio,0
69,2,7,1,1,0,0,0,1,0,0,0,1,2,aleatorio,2
20,2,3,1,1,1,0,0,0,0,0,0,1,2,aleatorio,2
44,3,1,1,0,0,1,1,0,0,1,1,1,2,aleatorio,2
37,2,17,1,0,0,0,1,0,0,0,0,0,1,aleatorio,1
20,1,10,0,0,0,0,0,1,0,0,0,1,0,aleatorio,0
31,3,14,1,0,0,1,1,1,0,2,2,1,2,aleatorio,2
67,2,1,1,0,0,0,1,1,0,0,0,1,1,aleatorio,1
29,2,1,1,0,0,1,1,0,0,4,4,1,2,aleatorio,2
36,4,4,1,0,0,0,1,1,1,0,0,1,1,aleatorio,1
35,1,18,0,0,0,0,1,0,0,1,1,1,0,aleatorio,1
41,0,999,0,0,0,0,0,0,0,1,1,1,1,aleatorio,1
67,2,12,1,0,0,0,0,1,1,0,0,1,1,aleatorio,1
18,1,12,0,0,0,1,0,0,0,0,0,1,1,aleatorio,1
60,2,16,1,0,0,0,0,0,1,0,0,1,1,aleatorio,1
64,1,15,0,0,0,0,0,0,1,0,0,1,2,aleatorio,0
64,2,7,1,0,0,0,1,0,1,0,0,1,2,aleatorio,1
26,1,1,0,0,0,0,0,1,0,1,2,1,2,aleatorio,2
31,3,14,1,0,1,0,1,1,0,0,1,1,2,aleatorio,2
58,1,10,0,0,0,0,1,0,0,1,1,1,2,aleatorio,2
28,1,8,0,0,0,1,0,0,0,0,1,1,1,aleatorio,1
24,2,13,1,0,0,0,1,1,0,0,0,0,1,aleatorio,1
45,1,19,0,0,0,1,0,0,0,0,0,0,1,aleatorio,1
37,3,3,1,0,1,0,0,1,1,0,0,1,2,aleatorio,2
42,3,1,1,0,0,0,1,1,0,0,0,1,1,aleatorio,1
27,1,0,0,0,0,0,0,0,1,0,0,1,2,aleatorio,0
70,1,21,0,0,0,0,0,0,1,0,1,1,0,aleatorio,0
33,4,1,1,0,1,1,1,0,0,0,0,1,2,aleatorio,2
35,3,7,1,0,0,0,1,0,1,0,1,1,1,aleatorio,1
49,2,6,1,0,0,0,1,1,0,0,0,1,1,aleatorio,1
60,3,1,1,0,1,1,0,0,0,0,0,1,2,aleatorio,2
48,2,15,1,0,0,0,1,0,0,0,0,1,1,aleatorio,1
29,3,0,1,0,0,0,1,1,0,0,0,1,1,aleatorio,1
48,1,17,0,0,0,0,1,0,0,0,0,0,0,aleatorio,0
62,1,10,0,0,0,0,0,1,0,0,0,0,0,aleatorio,0
70,2,4,1,0,1,0,0,1,0,0,0,1,2,aleatorio,2
36,2,6,1,1,1,0,0,0,0,0,0,0,2,aleatorio,2
26,5,7,1,1,0,1,1,0,0,0,0,0,2,aleatorio,2
56,1,15,0,0,0,0,0,0,1,0,0,1,2,aleatorio,0
21,0,999,0,0,0,0,0,0,0,3,3,1,1,aleatorio,1
55,3,2,1,0,1,1,0,0,1,0,0,1,2,aleatorio,2
57,1,14,0,0,0,0,0,0,1,0,0,1,0,aleatorio,0
19,2,5,1,0,0,0,0,1,0,1,2,1,2,aleatorio,2
42,1,26,0,0,1,0,0,0,0,3,3,1,2,aleatorio,2
30,1,28,0,0,0,0,0,1,0,0,0,1,0,aleatorio,0
22,2,3,1,0,0,1,0,1,0,0,0,1,2,aleatorio,2
68,3,1,1,0,0,0,1,0,1,0,0,1,1,aleatorio,1
50,1,5,0,0,0,0,0,1,0,1,2,1,0,aleatorio,2
27,1,13,0,0,0,0,0,1,0,0,0,0,0,aleatorio,0
39,3,3,1,1,0,1,1,0,0,2,2,1,2,aleatorio,2
68,1,22,0,0,0,0,0,1,0,0,0,0,0,aleatorio,0
69,3,6,1,0,0,0,1,0,1,0,0,1,1,aleatorio,1
62,3,4,1,0,0,0,1,1,1,3,3,0,2,aleatorio,2
51,1,5,0,0,0,1,0,0,0,0,0,1,1,aleatorio,1
25,3,7,1,0,0,0,0,1,1,0,0,1,1,aleatorio,1
29,1,15,0,0,0,0,1,0,0,0,0,1,0,aleatorio,0
50,1,29,0,0,0,0,0,1,0,0,0,1,0,aleatorio,0
19,1,2,0,0,0,0,0,1,0,0,0,1,0,aleatorio,0
63,1,6,0,0,0,0,1,0,0,0,0,1,0,aleatorio,0
48,1,23,0,0,0,0,0,0,1,1,1,0,1,aleatorio,1
60,1,14,0,0,0,0,1,0,0,3,3,1,2,aleatorio,2
46,1,7,0,0,0,0,0,1,0,0,0,0,0,aleatorio,0
21,3,2,1,0,1,1,0,0,0,0,0,1,2,aleatorio,2
46,2,2,1,0,0,0,1,1,0,0,0,0,1,aleatorio,1
44,1,14,0,0,0,0,0,1,0,0,0,1,0,aleatorio,0
62,2,1,1,0,0,0,1,1,0,0,0,1,1,aleatorio,1
38,1,3,0,0,0,1,0,0,0,0,0,1,1,aleatorio,1
33,2,6,1,0,0,0,0,0,1,1,1,1,2,aleatorio,2
53,2,7,1,0,0,0,0,0,1,0,0,1,1,aleatorio,1
36,1,2,0,0,1,0,0,0,0,0,1,0,2,aleatorio,2
54,2,1,1,0,0,1,0,1,0,1,1,1,0,aleatorio,2
19,2,3,1,0,0,1,1,0,0,2,3,1,2,aleatorio,2
45,1,4,0,0,0,0,1,0,0,0,0,1,0,aleatorio,0
50,1,17,0,0,0,1,0,0,0,0,0,0,1,aleatorio,1
47,3,0,1,1,0,1,1,0,0,1,1,1,2,aleatorio,2
55,1,30,0,0,0,1,0,0,0,0,0,0,1,aleatorio,1
45,1,0,0,1,0,0,0,0,0,0,0,0,2,aleatorio,2
70,2,5,1,0,1,0,0,1,0,0,0,1,2,aleatorio,2
41,2,0,1,0,0,0,1,1,0,0,0,1,1,aleatorio,1
27,1,18,0,0,0,0,1,0,0,1,1,1,1,aleatorio,1
22,1,2,0,0,0,1,0,0,0,0,1,1,1,aleatorio,1
28,4,9,1,0,0,1,1,1,0,0,0,1,2,aleatorio,2
61,1,6,0,0,0,0,0,1,0,1,1,1,2,aleatorio,2
24,1,28,0,0,0,1,0,0,0,0,1,1,1,aleatorio,1
28,2,9,1,0,0,0,0,1,0,3,4,1,2,aleatorio,2
62,3,5,1,0,1,0,0,1,0,0,0,0,2,aleatorio,2
29,1,23,0,0,0,1,0,0,0,2,3,1,1,aleatorio,1
58,2,5,1,0,0,0,1,1,0,0,0,1,1,aleatorio,1
38,1,3,0,0,0,0,0,0,1,0,0,1,0,aleatorio,0
36,1,6,0,0,0,0,1,0,0,0,0,0,0,aleatorio,0
38,1,14,0,0,0,0,0,0,1,0,0,0,0,aleatorio,0
68,4,9,1,1,1,1,1,0,0,0,0,1,2,aleatorio,2
41,1,29,0,0,0,1,0,0,0,1,1,1,1,aleatorio,1
19,4,6,1,0,1,0,1,1,1,0,0,1,2,aleatorio,2
28,1,19,0,0,0,1,0,0,0,0,0,1,1,aleatorio,1
31,3,3,1,0,0,0,0,1,1,0,0,1,1,aleatorio,1
67,1,27,0,0,0,0,1,0,0,1,1,0,0,aleatorio,1
41,2,4,1,0,0,0,0,1,1,0,0,1,1,aleatorio,1
61,1,29,0,0,0,0,0,0,1,0,0,1,0,aleatorio,0
30,1,20,0,0,0,0,0,0,1,0,0,1,0,aleatorio,0
70,1,0,0,0,0,1,0,0,0,0,0,0,1,aleatorio,1
40,2,16,1,0,0,0,1,1,0,0,0,0,1,aleatorio,1
49,1,6,0,0,0,1,0,0,0,0,0,1,1,aleatorio,1
69,3,1,1,0,0,0,1,1,0,0,0,1,1,aleatorio,1
56,1,14,0,0,0,0,1,0,0,0,0,0,0,aleatorio,0
35,1,15,0,0,0,0,1,0,0,0,0,1,0,aleatorio,0
45,2,10,1,0,0,0,0,1,1,0,0,1,1,aleatorio,1
61,1,5,0,0,0,0,1,0,0,0,0,1,1,aleatorio,0
34,2,15,1,0,0,1,1,0,0,0,0,1,2,aleatorio,2
44,2,4,1,1,0,0,0,0,0,2,3,1,2,aleatorio,2
50,1,8,0,0,0,0,0,1,0,1,1,1,2,aleatorio,2
28,1,5,0,1,0,0,0,0,0,0,0,1,2,aleatorio,2
28,1,11,0,0,0,0,1,0,0,0,1,0,2,aleatorio,0
27,1,24,0,0,0,1,0,0,0,0,0,1,1,aleatorio,1
68,1,18,0,0,0,0,0,1,0,0,0,1,0,aleatorio,0
18,2,12,1,0,0,0,0,0,1,0,0,1,1,aleatorio,1
64,1,9,0,0,0,0,1,0,0,0,0,0,0,aleatorio,0
59,2,8,1,0,0,0,0,1,0,0,0,1,1,aleatorio,1
53,1,14,0,0,0,0,1,0,0,0,0,0,0,aleatorio,0
25,1,18,0,0,0,0,1,0,0,0,0,1,0,aleatorio,0
52,2,9,1,1,0,0,0,0,1,0,0,1,2,aleatorio,2
27,1,0,0,0,0,0,1,0,0,0,1,0,0,aleatorio,0
50,1,20,0,0,0,0,1,0,0,1,1,1,1,aleatorio,1
70,1,0,0,0,0,0,1,0,0,0,0,0,0,aleatorio,0
60,0,999,0,0,0,0,0,0,0,2,2,0,1,aleatorio,1
26,2,8,1,0,0,0,1,0,1,0,0,1,1,aleatorio,1
36,1,13,0,1,0,0,0,0,0,0,0,1,2,aleatorio,2
31,1,6,0,0,0,0,0,0,1,0,0,0,0,aleatorio,0
18,2,9,1,0,0,0,0,1,0,0,0,1,1,aleatorio,1
35,2,3,1,0,1,0,0,0,0,0,0,1,2,aleatorio,2
42,1,11,0,0,0,0,1,0,0,0,0,1,0,aleatorio,0
27,1,29,0,0,0,1,0,0,0,0,0,1,1,aleatorio,1
52,2,3,1,0,0,0,1,0,0,0,0,1,1,aleatorio,1
35,1,3,0,0,0,0,0,1,0,0,0,1,0,aleatorio,0
37,1,1,0,0,1,0,0,0,0,1,1,1,2,aleatorio,2
39,1,22,0,0,0,1,0,0,0,0,0,1,1,aleatorio,1
19,1,16,0,0,1,0,0,0,0,0,0,1,2,aleatorio,2
43,1,11,0,0,0,0,1,0,0,0,0,0,0,aleatorio,0
42,1,13,0,1,0,0,0,0,0,0,0,1,2,aleatorio,2
36,2,15,1,0,0,0,1,0,1,0,0,1,1,aleatorio,1
64,2,3,1,0,0,0,1,1,0,0,0,0,0,aleatorio,1
58,2,2,1,1,0,0,0,0,1,0,0,1,2,aleatorio,2
44,1,8,0,0,0,0,1,0,0,1,2,1,2,aleatorio,2
24,1,10,0,0,0,0,1,0,0,0,0,1,0,aleatorio,0
38,1,29,0,0,1,0,0,0,0,0,0,1,2,aleatorio,2
38,2,6,1,0,0,0,0,1,1,2,3,1,2,aleatorio,2
39,1,29,0,0,0,0,0,1,0,0,0,1,0,aleatorio,0
68,1,25,0,0,0,0,0,0,1,0,3,1,0,aleatorio,0
22,1,4,0,0,0,0,1,0,0,0,0,1,0,aleatorio,0
37,1,4,0,0,0,0,1,0,0,0,1,1,0,aleatorio,0
55,1,26,0,0,0,0,0,0,1,0,0,1,0,aleatorio,0
68,1,19,0,0,0,0,0,0,1,0,0,1,0,aleatorio,0
61,2,17,1,0,1,0,0,0,1,0,0,1,2,aleatorio,2
57,1,13,0,0,0,0,0,1,0,0,0,0,0,aleatorio,0
23,1,5,0,0,0,0,0,1,0,0,0,1,0,aleatorio,0
36,1,2,0,0,0,0,0,0,1,0,1,1,0,aleatorio,0
55,1,2,0,0,0,0,0,0,1,0,0,0,0,aleatorio,0
60,1,16,0,0,0,0,1,0,0,0,0,1,0,aleatorio,0
50,1,15,0,0,0,0,0,1,0,0,0,0,0,aleatorio,0
26,1,19,0,0,1,0,0,0,0,0,0,1,2,aleatorio,2
42,2,6,1,0,0,1,0,0,0,1,1,1,2,aleatorio,2
58,2,4,1,0,0,1,0,0,0,3,3,1,2,aleatorio,2
56,1,6,0,0,0,0,0,0,1,0,0,0,0,aleatorio,0
47,1,13,0,1,0,0,0,0,0,1,1,1,2,aleatorio,2
21,1,0,0,0,0,0,0,1,0,0,0,1,0,aleatorio,0
33,1,13,0,0,0,0,0,0,1,0,0,1,0,aleatorio,0
31,2,4,1,1,0,0,0,0,1,0,0,1,2,aleatorio,2
54,2,9,1,0,0,0,1,0,1,0,0,1,1,aleatorio,1
70,2,4,1,0,1,0,0,0,1,0,0,1,2,aleatorio,2
66,1,0,0,0,0,0,0,0,1,1,1,1,2,aleatorio,2
65,1,9,0,0,0,1,0,0,0,0,0,1,1,aleatorio,1
39,2,13,1,0,0,1,0,1,0,0,0,0,2,aleatorio,2
60,1,2,0,0,0,0,1,0,0,0,0,1,0,aleatorio,0
61,1,12,0,0,0,0,0,1,0,0,0,1,0,aleatorio,0
44,1,9,0,0,1,0,0,0,0,3,3,1,0,aleatorio,2
62,5,1,1,1,1,1,1,0,0,0,0,0,2,aleatorio,2
48,1,16,0,0,0,1,0,0,0,0,0,0,1,aleatorio,1
28,1,3,0,0,0,0,0,1,0,0,0,1,0,aleatorio,0
23,1,18,0,0,0,0,0,0,1,0,0,1,0,aleatorio,0
64,2,7,1,0,0,1,0,0,0,0,0,1,2,aleatorio,2
59,2,1,1,0,0,1,0,0,1,0,0,1,2,aleatorio,2
50,3,12,1,1,0,1,0,0,0,0,0,1,2,aleatorio,2
67,1,17,0,0,0,0,0,1,0,0,0,1,0,aleatorio,0
60,4,6,1,1,1,0,0,0,1,0,0,1,2,aleatorio,2
59,3,2,1,1,0,1,1,0,0,0,0,0,1,aleatorio,2
35,1,12,0,0,0,0,1,0,0,0,0,1,0,aleatorio,0
62,1,11,0,0,1,0,0,0,0,0,0,1,2,aleatorio,2
26,1,14,0,0,0,1,0,0,0,1,1,1,2,aleatorio,2
27,2,2,1,0,0,0,0,1,1,0,0,1,1,aleatorio,1
64,2,8,1,0,1,0,1,0,0,0,0,1,1,aleatorio,2
34,1,14,0,0,0,0,1,0,0,1,1,1,2,aleatorio,2
68,2,7,1,0,1,0,1,0,0,0,0,1,2,aleatorio,2
50,1,12,0,0,0,1,0,0,0,1,1,1,2,aleatorio,2
49,1,1,0,0,0,0,0,0,1,0,0,1,0,aleatorio,0
21,1,16,0,0,0,0,1,0,0,0,0,1,1,aleatorio,0
65,1,30,0,0,1,0,0,0,0,0,1,1,2,aleatorio,2
30,2,7,1,0,1,1,0,0,0,0,0,0,2,aleatorio,2
40,1,14,0,0,1,0,0,0,0,0,0,0,2,aleatorio,2
31,2,12,1,0,0,1,0,0,1,1,1,0,2,aleatorio,2
25,2,5,1,0,1,0,0,1,0,0,0,1,2,aleatorio,2
39,1,19,0,0,0,0,0,0,1,0,1,1,0,aleatorio,0
36,2,7,1,0,0,1,0,1,0,0,1,1,2,aleatorio,2
67,1,12,0,0,0,1,0,0,0,0,0,1,1,aleatorio,1
49,1,13,0,0,0,0,1,0,0,0,0,0,0,aleatorio,0
27,1,20,0,0,0,1,0,0,0,3,3,0,1,aleatorio,1
43,1,3,0,0,0,0,1,0,0,0,0,1,1,aleatorio,0
25,1,25,0,0,0,0,0,1,0,1,2,1,1,aleatorio,1
64,1,26,0,0,0,0,0,1,0,2,2,1,1,aleatorio,1
68,1,12,0,0,0,0,0,1,0,0,0,1,0,aleatorio,0
22,3,6,1,1,0,0,1,1,0,0,0,0,2,aleatorio,2
60,1,22,0,0,0,1,0,0,0,0,0,1,1,aleatorio,1
40,1,18,0,0,0,0,0,1,0,1,2,1,1,aleatorio,1
18,1,10,0,0,1,0,0,0,0,1,1,0,2,aleatorio,2
22,3,15,1,1,0,1,0,1,0,0,0,1,2,aleatorio,2
65,1,9,0,0,0,0,0,0,1,0,0,1,0,aleatorio,0
20,1,6,0,0,0,0,0,1,0,0,0,1,0,aleatorio,0
53,1,9,0,0,1,0,0,0,0,0,0,1,2,aleatorio,2
53,1,26,0,0,0,1,0,0,0,2,3,1,2,aleatorio,1
59,1,9,0,1,0,0,0,0,0,0,1,0,2,aleatorio,2
29,4,13,1,0,0,0,1,1,0,0,0,1,1,aleatorio,1
56,1,30,0,0,0,0,0,1,0,0,0,1,0,aleatorio,0
48,1,6,0,0,0,0,0,1,0,0,0,1,0,aleatorio,0
42,1,4,0,0,0,0,0,1,0,0,0,1,0,aleatorio,0
19,2,6,1,0,0,0,1,0,1,0,0,1,1,aleatorio,1
56,2,1,1,0,0,0,0,1,0,0,0,0,1,aleatorio,1
46,1,6,0,0,1,0,0,0,0,0,0,1,2,aleatorio,2
64,1,24,0,0,0,0,0,0,1,0,0,0,2,aleatorio,0
21,2,13,1,0,0,0,0,0,1,0,0,1,1,aleatorio,1
65,1,15,0,0,0,0,0,0,1,0,0,1,0,aleatorio,0
19,1,4,0,0,0,0,0,1,0,0,0,1,0,aleatorio,0
65,1,3,0,0,0,0,0,0,1,0,0,1,0,aleatorio,0
23,1,30,0,0,0,0,1,0,0,0,0,1,0,aleatorio,0
28,1,4,0,0,0,0,0,0,1,1,4,0,1,aleatorio,2
36,2,6,1,0,0,0,1,0,0,0,0,1,1,aleatorio,1
66,1,22,0,0,0,0,0,1,0,0,0,1,0,aleatorio,0
42,1,6,0,0,0,1,0,0,0,0,0,1,1,aleatorio,1
42,1,8,0,0,0,1,0,0,0,0,0,1,1,aleatorio,1
26,1,0,0,0,0,0,0,1,0,0,0,0,0,aleatorio,0
48,1,10,0,0,0,0,0,1,0,0,1,1,2,aleatorio,0
57,3,12,1,0,1,0,0,1,1,0,0,1,2,aleatorio,2
45,2,4,1,0,0,0,1,0,1,0,0,1,1,aleatorio,1
26,3,1,1,0,0,0,0,1,1,0,0,1,1,aleatorio,1
52,1,5,0,0,0,0,1,0,0,0,0,1,0,aleatorio,0
52,1,6,0,0,0,0,0,1,0,1,2,1,2,aleatorio,2
62,1,28,0,0,0,1,0,0,0,0,0,1,1,aleatorio,1
53,1,5,0,0,0,0,0,1,0,1,1,1,2,aleatorio,2
67,1,10,0,0,0,0,1,0,0,0,0,1,0,aleatorio,0
55,1,11,0,0,0,0,1,0,0,0,0,1,0,aleatorio,0
22,1,6,0,0,0,0,0,0,1,0,0,1,0,aleatorio,0
20,1,12,0,0,0,0,0,0,1,0,0,0,0,aleatorio,0
18,2,6,1,0,0,1,1,0,0,0,0,0,2,aleatorio,2
25,1,10,0,0,0,0,1,0,0,2,2,0,2,aleatorio,2
30,1,26,0,0,0,1,0,0,0,0,0,1,1,aleatorio,1
36,2,2,1,0,0,0,0,1,1,1,1,1,2,aleatorio,2
43,1,23,0,0,0,0,0,0,1,1,1,1,1,aleatorio,1
39,2,21,1,0,0,0,1,1,0,0,0,1,1,aleatorio,1
33,1,12,0,0,0,0,0,1,0,0,0,0,0,aleatorio,0
22,1,12,0,0,0,0,1,0,0,0,0,1,0,aleatorio,0
40,1,13,0,0,0,1,0,0,0,1,1,1,2,aleatorio,2
55,2,7,1,0,0,0,0,1,1,0,0,1,2,aleatorio,1
37,1,9,0,0,0,0,0,1,0,2,2,1,2,aleatorio,2
34,1,28,0,0,0,0,1,0,0,0,0,1,0,aleatorio,0
19,1,2,0,0,1,0,0,0,0,0,1,1,2,aleatorio,2
48,1,28,0,0,0,0,1,0,0,0,0,1,0,aleatorio,0
37,3,9,1,0,0,0,1,1,1,0,0,1,1,aleatorio,1
40,2,14,1,0,0,0,0,1,1,0,1,0,1,aleatorio,1
30,1,5,0,0,0,0,0,1,0,0,0,1,0,aleatorio,0
57,1,1,0,0,0,0,0,0,1,0,0,1,0,aleatorio,0
43,4,0,1,0,0,0,1,1,0,0,0,1,1,aleatorio,1
61,1,14,0,1,0,0,0,0,0,0,0,1,2,aleatorio,2
25,1,14,0,0,0,0,0,0,1,0,0,1,0,aleatorio,0
56,1,9,0,0,0,0,1,0,0,0,0,0,0,aleatorio,0
36,2,3,1,0,0,0,0,1,1,0,0,1,1,aleatorio,1
28,1,21,0,0,0,1,0,0,0,0,0,1,1,aleatorio,1
27,2,13,1,0,0,1,1,0,0,0,0,1,2,aleatorio,2
46,2,10,1,0,0,0,1,0,0,0,0,1,1,aleatorio,1
36,2,8,1,0,0,0,1,0,1,0,1,1,1,aleatorio,1
56,2,4,1,0,0,0,1,1,0,0,0,1,1,aleatorio,1
55,1,23,0,0,0,0,0,0,1,1,1,1,2,aleatorio,1
23,1,15,0,0,0,0,1,0,0,0,0,1,0,aleatorio,0
55,1,25,0,0,1,0,0,0,0,3,3,1,2,aleatorio,2
21,2,0,1,0,0,0,1,0,1,0,0,0,1,aleatorio,1
34,1,10,0,1,0,0,0,0,0,0,0,0,2,aleatorio,2
25,5,10,1,0,0,1,1,0,0,2,2,0,2,aleatorio,2
31,1,10,0,0,0,0,1,0,0,0,1,1,0,aleatorio,0
41,1,15,0,0,0,1,0,0,0,0,1,0,1,aleatorio,1
68,3,14,1,0,0,1,0,0,1,1,1,1,2,aleatorio,2
46,1,5,0,0,0,0,1,0,0,1,1,1,2,aleatorio,2
70,1,21,0,0,0,0,1,0,0,0,0,0,0,aleatorio,0
20,3,0,1,0,1,1,0,0,1,0,0,1,2,aleatorio,2
20,3,8,1,0,0,0,1,0,1,0,0,1,1,aleatorio,1
70,3,19,1,1,1,0,0,1,0,0,0,1,2,aleatorio,2
23,1,1,0,0,0,0,1,0,0,0,0,1,0,aleatorio,0
54,1,17,0,0,0,0,1,0,0,0,0,1,0,aleatorio,0
46,1,28,0,0,0,1,0,0,0,0,0,1,1,aleatorio,1
59,2,2,1,1,1,0,0,0,0,0,0,1,2,aleatorio,2
21,1,0,0,0,0,0,0,0,1,0,0,1,0,aleatorio,0
35,1,24,0,0,0,0,0,0,1,0,0,1,2,aleatorio,0
65,1,21,0,0,0,0,0,0,1,0,0,1,1,aleatorio,0
55,1,5,0,0,0,0,0,1,0,0,0,1,0,aleatorio,0
20,1,1,0,0,1,0,0,0,0,1,1,1,2,aleatorio,2
68,1,15,0,0,0,0,0,1,0,0,0,1,0,aleatorio,0
41,1,4,0,0,0,0,0,1,0,0,0,0,0,aleatorio,0
18,3,3,1,0,0,0,1,1,1,0,0,1,1,aleatorio,1
44,1,5,0,0,0,0,1,0,0,0,0,1,0,aleatorio,0
56,2,15,1,1,0,0,0,1,0,1,1,1,2,aleatorio,2
22,0,999,0,0,0,0,0,0,0,2,2,1,1,aleatorio,1
52,4,2,1,0,0,1,0,0,1,0,0,1,2,aleatorio,2
54,1,10,0,0,0,0,0,1,0,0,0,1,2,aleatorio,0
40,1,12,0,0,1,0,0,0,0,1,1,1,2,aleatorio,2
30,1,20,0,0,0,0,1,0,0,0,0,1,0,aleatorio,0
28,2,5,1,1,1,0,0,0,0,1,1,1,2,aleatorio,2
58,2,15,1,0,0,0,0,0,1,0,0,1,1,aleatorio,1
45,0,999,0,0,0,0,0,0,0,2,2,1,1,aleatorio,1
44,3,4,1,0,0,1,1,0,0,0,0,1,2,aleatorio,2
65,1,1,0,0,0,0,0,1,0,0,0,0,1,aleatorio,0
70,1,10,0,0,0,0,1,0,0,0,0,0,0,aleatorio,0
31,0,999,0,0,0,0,0,0,0,2,2,1,1,aleatorio,1
22,4,1,1,0,0,0,1,1,1,0,1,1,1,aleatorio,1
36,4,0,1,1,0,0,1,1,0,0,0,1,2,aleatorio,2
55,1,25,0,0,0,0,1,0,0,0,0,0,0,aleatorio,0
62,1,2,0,0,0,0,0,1,0,0,0,1,0,aleatorio,0
45,1,17,0,0,0,0,1,0,0,0,0,1,0,aleatorio,0
70,1,11,0,0,0,0,1,0,0,0,0,1,0,aleatorio,0
53,1,14,0,0,0,0,0,1,0,0,0,1,0,aleatorio,0
50,1,6,0,0,0,1,0,0,0,0,0,1,1,aleatorio,1
35,1,14,0,0,0,0,1,0,0,0,0,1,0,aleatorio,0
32,1,3,0,1,0,0,0,0,0,1,1,1,2,aleatorio,2
56,1,2,0,1,0,0,0,0,0,1,1,1,1,aleatorio,2
67,1,4,0,0,0,1,0,0,0,0,0,0,1,aleatorio,1
42,1,22,0,0,0,0,0,1,0,0,1,1,0,aleatorio,0
32,1,10,0,0,0,0,0,1,0,0,0,1,0,aleatorio,0
21,1,15,0,0,0,0,1,0,0,0,0,0,0,aleatorio,0
36,1,29,0,0,0,0,0,0,1,0,1,1,0,aleatorio,0
37,1,22,0,0,0,0,0,0,1,1,1,1,1,aleatorio,1
22,1,22,0,0,0,0,0,1,0,0,0,1,2,aleatorio,0
19,1,2,0,0,0,1,0,0,0,0,0,1,1,aleatorio,1
35,2,0,1,0,0,1,0,0,1,0,0,1,2,aleatorio,2
18,1,10,0,0,0,0,0,1,0,0,0,1,1,aleatorio,0
40,0,999,0,0,0,0,0,0,0,3,3,1,1,aleatorio,1
48,1,29,0,0,0,0,0,0,1,1,3,1,1,aleatorio,1
70,1,29,0,0,0,0,0,1,0,0,0,1,0,aleatorio,0
37,2,0,1,0,0,0,0,1,1,0,0,0,1,aleatorio,1
55,3,7,1,0,0,1,1,0,1,1,1,1,1,aleatorio,2
39,1,26,0,0,0,0,0,1,0,0,0,1,2,aleatorio,0
56,1,8,0,0,0,1,0,0,0,1,1,1,1,aleatorio,2
53,1,27,0,0,0,0,1,0,0,0,0,0,0,aleatorio,0
27,2,3,1,0,0,0,1,0,1,0,0,1,1,aleatorio,1
41,2,1,1,0,0,0,1,0,0,0,0,1,2,aleatorio,1
21,0,999,0,0,0,0,0,0,0,4,4,1,1,aleatorio,1
59,5,5,1,0,0,0,1,1,1,0,0,1,1,aleatorio,1
28,3,0,1,1,0,0,0,1,0,0,0,0,2,aleatorio,2
44,2,14,1,0,1,0,0,1,0,1,1,1,0,aleatorio,2
62,2,2,1,0,0,0,0,1,0,0,0,1,1,aleatorio,1
62,2,0,1,0,0,0,1,1,0,0,0,1,0,aleatorio,1
68,2,2,1,0,0,1,0,0,1,0,0,1,2,aleatorio,2
32,2,9,1,0,0,0,0,1,1,0,0,1,1,aleatorio,1
22,1,9,0,0,0,0,0,1,0,1,3,0,2,aleatorio,2
22,1,11,0,0,0,0,1,0,0,0,0,1,0,aleatorio,0
49,1,28,0,0,0,0,0,0,1,0,0,1,0,aleatorio,0
65,1,18,0,1,0,0,0,0,0,0,0,1,2,aleatorio,2
53,1,18,0,0,0,0,0,1,0,0,1,0,0,aleatorio,0
67,2,7,1,0,1,0,0,0,1,0,0,1,2,aleatorio,2
45,2,8,1,0,0,0,1,1,0,0,0,1,1,aleatorio,1
35,2,8,1,0,0,0,0,1,0,0,0,1,0,aleatorio,1
68,2,9,1,0,0,1,0,0,0,1,2,1,2,aleatorio,2
51,1,0,0,0,0,0,1,0,0,0,0,1,0,aleatorio,0
54,1,7,0,0,0,1,0,0,0,0,0,1,1,aleatorio,1
38,3,1,1,1,1,0,0,0,1,2,2,1,2,aleatorio,2
61,1,11,0,0,0,0,0,1,0,0,0,1,0,aleatorio,0
24,1,15,0,1,0,0,0,0,0,1,1,1,2,aleatorio,2
46,1,5,0,0,0,1,0,0,0,0,0,1,1,aleatorio,1
56,1,17,0,0,0,0,1,0,0,0,0,1,0,aleatorio,0
22,3,4,1,0,0,1,1,1,0,0,0,0,2,aleatorio,2
51,1,19,0,0,0,0,0,0,1,0,2,1,0,aleatorio,0
29,2,14,1,0,0,0,0,1,1,0,0,1,1,aleatorio,1
66,1,25,0,0,0,0,0,1,0,0,0,1,0,aleatorio,0
49,4,10,1,0,0,0,1,1,1,0,0,1,1,aleatorio,1
50,1,6,0,0,1,0,0,0,0,0,0,1,2,aleatorio,2
44,2,16,1,0,0,0,1,0,1,0,0,1,1,aleatorio,1
37,1,25,0,0,0,0,0,0,1,1,1,1,1,aleatorio,1
46,1,29,0,0,0,0,0,1,0,0,0,1,0,aleatorio,0
49,1,12,0,0,0,0,1,0,0,0,0,1,0,aleatorio,0
65,2,1,1,0,0,0,0,1,1,0,0,1,1,aleatorio,1
66,1,21,0,0,0,1,0,0,0,0,0,1,1,aleatorio,1
58,1,4,0,0,0,1,0,0,0,0,0,1,1,aleatorio,1
48,1,2,0,0,0,0,1,0,0,0,0,1,0,aleatorio,0
43,3,2,1,0,0,1,0,0,1,0,1,1,2,aleatorio,2
36,1,3,0,0,0,0,0,0,1,0,0,1,0,aleatorio,0
45,1,0,0,0,1,0,0,0,0,0,1,1,2,aleatorio,2
26,1,4,0,0,0,0,0,1,0,0,0,1,0,aleatorio,0
52,1,0,0,0,0,0,0,1,0,0,0,1,0,aleatorio,0
43,1,11,0,0,0,0,0,1,0,0,0,1,0,aleatorio,0
54,3,0,1,0,0,1,0,1,0,0,0,1,2,aleatorio,2
27,2,25,1,1,0,0,0,0,1,0,0,1,2,aleatorio,2
37,3,4,1,1,1,0,0,1,0,0,0,1,2,aleatorio,2
18,1,30,0,0,0,0,1,0,0,1,1,1,1,aleatorio,1
58,1,1,0,0,0,0,0,1,0,0,0,1,0,aleatorio,0
67,1,4,0,0,0,0,0,1,0,0,0,1,0,aleatorio,0
22,1,4,0,0,0,0,0,1,0,0,0,1,0,aleatorio,0
54,2,2,1,0,0,0,1,0,1,0,0,1,1,aleatorio,1
32,1,20,0,0,0,0,0,1,0,1,1,1,1,aleatorio,1
66,2,5,1,0,0,0,1,0,1,0,0,1,1,aleatorio,1
32,2,20,1,0,0,0,0,1,0,0,1,1,2,aleatorio,1
64,1,14,0,0,0,0,1,0,0,0,0,1,0,aleatorio,0
62,1,14,0,0,0,0,1,0,0,0,0,1,0,aleatorio,0
51,1,0,0,0,0,0,0,1,0,0,0,1,0,aleatorio,0
35,4,8,1,0,0,1,1,1,1,0,0,1,2,aleatorio,2
68,1,22,0,0,0,0,0,0,1,0,0,1,0,aleatorio,0
56,3,8,1,0,0,0,0,1,0,0,0,1,1,aleatorio,1
41,1,27,0,1,0,0,0,0,0,0,0,1,2,aleatorio,2
59,1,18,0,0,0,0,0,0,1,2,2,1,1,aleatorio,1
28,3,1,1,1,0,1,0,0,1,1,1,1,2,aleatorio,2
24,1,3,0,0,0,0,0,0,1,0,0,0,0,aleatorio,0
27,1,0,0,0,0,0,1,0,0,1,4,1,2,aleatorio,2
44,3,6,1,0,0,0,0,1,1,0,0,0,2,aleatorio,1
26,1,0,0,0,1,0,0,0,0,0,0,1,2,aleatorio,2
26,1,23,0,0,0,0,1,0,0,0,0,0,0,aleatorio,0
55,4,3,1,1,1,0,1,0,0,0,0,1,2,aleatorio,2
47,2,4,1,1,0,0,0,1,0,0,0,1,2,aleatorio,2
30,4,0,1,0,1,1,1,0,0,0,0,1,2,aleatorio,2
30,1,28,0,0,0,0,1,0,0,0,0,1,0,aleatorio,0
27,1,12,0,0,0,0,0,0,1,0,0,0,0,aleatorio,0
66,2,3,1,0,0,1,1,0,0,0,0,0,2,aleatorio,2
57,1,20,0,0,0,0,1,0,0,0,0,1,0,aleatorio,0
46,1,21,0,0,0,1,0,0,0,0,0,1,2,aleatorio,1
30,3,1,1,0,0,0,1,1,1,0,0,1,1,aleatorio,1
62,1,21,0,0,0,0,0,1,0,0,0,1,0,aleatorio,0
22,1,25,0,0,0,0,1,0,0,1,3,1,1,aleatorio,1
27,2,9,1,0,1,0,0,1,0,0,0,1,2,aleatorio,2
22,1,15,0,0,0,1,0,0,0,0,0,0,1,aleatorio,1
31,2,2,1,0,0,0,1,1,0,0,0,0,1,aleatorio,1
31,1,4,0,0,0,1,0,0,0,2,2,0,2,aleatorio,2
54,1,3,0,0,1,0,0,0,0,0,0,1,2,aleatorio,2
49,1,5,0,0,0,0,1,0,0,0,0,1,0,aleatorio,0
53,1,6,0,0,0,0,0,1,0,1,1,1,2,aleatorio,2
58,1,2,0,0,0,0,0,0,1,0,0,1,0,aleatorio,0
38,1,6,0,0,0,0,1,0,0,0,0,0,0,aleatorio,0
54,1,7,0,0,0,0,1,0,0,0,0,1,2,aleatorio,0
60,2,15,1,0,0,0,1,0,0,0,0,1,1,aleatorio,1
64,2,11,1,0,1,0,0,1,0,0,1,1,2,aleatorio,2
44,1,29,0,0,0,1,0,0,0,2,2,1,1,aleatorio,1
69,2,1,1,0,0,0,1,0,0,0,0,1,1,aleatorio,1
56,2,4,1,0,0,0,1,0,0,0,0,1,1,aleatorio,1
52,1,15,0,0,0,0,0,0,1,0,0,0,0,aleatorio,0
34,2,1,1,0,1,0,1,0,0,0,0,1,2,aleatorio,2
33,1,15,0,0,0,1,0,0,0,0,0,1,1,aleatorio,1
24,3,0,1,0,1,1,0,1,0,0,0,1,2,aleatorio,2
55,3,4,1,0,0,0,0,1,1,0,0,1,1,aleatorio,1
30,1,5,0,0,0,0,0,0,1,0,0,1,0,aleatorio,0
28,1,0,0,0,0,0,0,1,0,0,0,0,0,aleatorio,0
58,2,2,1,0,0,0,0,1,1,0,0,1,1,aleatorio,1
25,1,19,0,0,0,0,0,1,0,0,0,1,0,aleatorio,0
58,2,5,1,0,0,0,1,0,1,1,1,1,2,aleatorio,2
24,0,999,0,0,0,0,0,0,0,1,1,0,1,aleatorio,1
51,1,30,0,0,0,1,0,0,0,0,1,1,1,aleatorio,1
47,1,21,0,0,0,1,0,0,0,1,1,1,1,aleatorio,1
42,2,14,1,0,0,1,0,1,0,0,0,1,2,aleatorio,2
63,2,7,1,0,0,0,0,1,1,0,0,0,1,aleatorio,1
30,0,999,0,0,0,0,0,0,0,1,2,1,1,aleatorio,1
30,2,23,1,0,1,0,0,0,0,0,0,1,2,aleatorio,2
40,1,30,0,0,0,0,0,0,1,0,0,0,1,aleatorio,0
18,1,7,0,0,0,0,1,0,0,0,0,1,0,aleatorio,0
56,2,1,1,1,0,0,0,1,0,1,1,1,2,aleatorio,2
26,2,6,1,0,0,0,0,1,1,0,0,1,1,aleatorio,1
70,1,6,0,0,0,1,0,0,0,0,0,1,1,aleatorio,1
51,2,18,1,0,0,0,1,0,1,1,3,1,1,aleatorio,1
26,3,2,1,0,0,0,1,1,0,0,0,1,1,aleatorio,1
49,1,2,0,0,0,1,0,0,0,0,0,1,1,aleatorio,1
33,1,3,0,0,1,0,0,0,0,2,2,1,2,aleatorio,2
37,1,20,0,0,1,0,0,0,0,0,0,0,2,aleatorio,2
59,1,28,0,0,0,1,0,0,0,1,1,0,1,aleatorio,1
53,1,2,0,0,0,1,0,0,0,0,0,1,1,aleatorio,1
57,2,5,1,0,1,0,1,0,0,0,0,1,2,aleatorio,2
27,2,2,1,0,1,1,0,0,0,0,0,1,2,aleatorio,2
25,4,2,1,1,0,0,0,1,0,1,1,1,2,aleatorio,2
30,1,28,0,0,0,0,0,0,1,2,2,0,1,aleatorio,1
35,2,2,1,0,0,0,0,0,1,0,0,0,1,aleatorio,1
63,2,12,1,0,0,0,1,1,0,0,0,1,1,aleatorio,1
29,1,14,0,0,0,1,0,0,0,0,0,1,0,aleatorio,1
47,1,29,0,0,0,0,0,0,1,0,0,0,0,aleatorio,0
58,1,20,0,0,0,0,0,0,1,0,0,1,0,aleatorio,0
22,1,19,0,0,1,0,0,0,0,0,0,1,2,aleatorio,2
55,2,9,1,0,0,0,1,0,0,0,0,1,1,aleatorio,1
67,4,9,1,1,1,0,1,0,0,0,0,1,2,aleatorio,2
47,2,3,1,1,0,0,1,0,0,0,0,1,2,aleatorio,2
46,1,1,0,0,0,0,0,1,0,0,0,1,0,aleatorio,0
61,1,4,0,0,0,0,0,1,0,0,0,1,0,aleatorio,0
42,2,5,1,0,0,0,1,0,0,0,0,1,1,aleatorio,1
31,0,999,0,0,0,0,0,0,0,4,4,0,1,aleatorio,1
43,3,1,1,0,0,0,0,1,1,0,0,1,1,aleatorio,1
37,1,15,0,0,0,0,0,0,1,0,0,0,0,aleatorio,0
45,3,1,1,0,1,0,1,0,1,0,0,0,2,aleatorio,2
56,1,8,0,0,1,0,0,0,0,0,1,1,2,aleatorio,2
36,1,2,0,0,0,0,0,1,0,2,2,1,2,aleatorio,2
48,3,6,1,0,0,0,1,1,0,1,1,0,2,aleatorio,2
39,3,7,1,0,0,1,0,1,0,0,0,1,2,aleatorio,2
23,2,12,1,1,0,1,0,0,0,1,1,1,2,aleatorio,2
31,1,6,0,0,0,0,1,0,0,0,0,1,0,aleatorio,0
43,1,13,0,0,0,0,1,0,0,1,1,0,2,aleatorio,2
43,1,22,0,0,0,0,0,0,1,0,0,1,0,aleatorio,0
56,2,9,1,1,0,0,1,0,0,0,1,1,2,aleatorio,2
26,2,4,1,0,0,0,1,0,0,0,0,1,1,aleatorio,1
69,1,1,0,0,0,0,1,0,0,0,0,1,0,aleatorio,0
52,4,6,1,1,1,0,0,1,0,0,0,1,2,aleatorio,2
38,2,0,1,0,0,1,0,1,0,0,0,1,0,aleatorio,2
41,1,3,0,0,0,1,0,0,0,0,1,1,1,aleatorio,1
57,2,5,1,0,0,0,0,0,1,0,0,1,0,aleatorio,1
27,1,29,0,0,0,1,0,0,0,1,1,1,1,aleatorio,1
50,2,18,1,1,0,1,0,0,0,0,0,1,2,aleatorio,2
44,1,24,0,0,0,0,1,0,0,0,0,1,0,aleatorio,0
29,2,0,1,0,1,0,0,1,0,1,2,1,0,aleatorio,2
19,1,26,0,1,0,0,0,0,0,2,2,1,2,aleatorio,2
34,1,2,0,0,0,0,0,1,0,0,0,1,0,aleatorio,0
61,2,10,1,0,0,0,1,0,1,0,0,1,1,aleatorio,1
68,3,17,1,1,0,0,0,0,1,1,1,1,1,aleatorio,2
66,1,3,0,0,0,1,0,0,0,0,0,1,1,aleatorio,1
60,1,19,0,0,0,1,0,0,0,0,0,1,1,aleatorio,1
63,2,8,1,0,0,0,1,1,0,0,0,1,1,aleatorio,1
32,2,1,1,1,0,0,0,0,1,0,0,0,2,aleatorio,2
67,3,7,1,1,0,0,0,1,0,0,0,1,2,aleatorio,2
33,1,0,0,0,0,1,0,0,0,0,0,0,1,aleatorio,1
42,1,16,0,0,0,0,0,0,1,0,0,0,2,aleatorio,0
55,3,13,1,0,0,0,0,0,1,0,0,1,1,aleatorio,1
35,2,3,1,1,1,0,0,0,0,1,1,1,2,aleatorio,2
63,2,5,1,0,1,1,0,0,0,0,0,1,2,aleatorio,2
34,1,1,0,0,0,0,1,0,0,1,1,0,2,aleatorio,2
59,2,9,1,0,0,0,0,1,0,0,0,1,1,aleatorio,1
61,1,13,0,0,0,1,0,0,0,1,1,1,2,aleatorio,2
57,4,4,1,0,0,0,1,1,1,0,0,1,1,aleatorio,1
22,1,14,0,0,0,0,0,1,0,0,0,1,0,aleatorio,0
70,5,1,1,1,0,0,1,1,0,0,0,0,2,aleatorio,2
49,3,4,1,0,1,0,0,0,1,0,0,0,2,aleatorio,2
38,1,25,0,0,0,0,1,0,0,0,0,1,0,aleatorio,0
55,0,999,0,0,0,0,0,0,0,1,1,1,1,aleatorio,1
45,1,6,0,0,0,0,0,1,0,2,2,1,2,aleatorio,2
29,3,4,1,0,0,0,1,1,0,0,0,1,1,aleatorio,1
56,1,0,0,0,0,0,1,0,0,0,0,1,0,aleatorio,0
18,1,6,0,0,0,0,1,0,0,0,0,1,0,aleatorio,0
70,2,2,1,0,0,0,1,1,0,0,0,0,1,aleatorio,1
27,1,24,0,0,0,0,0,1,0,0,0,1,0,aleatorio,0
22,3,0,1,0,0,1,1,0,1,0,0,1,0,aleatorio,2
63,1,1,0,0,0,1,0,0,0,0,0,1,1,aleatorio,1
44,1,29,0,1,0,0,0,0,0,1,1,1,2,aleatorio,2
45,1,10,0,0,0,1,0,0,0,0,0,0,1,aleatorio,1
39,3,5,1,1,0,1,0,1,0,3,4,0,2,aleatorio,2
31,3,2,1,0,0,0,1,0,1,0,0,1,1,aleatorio,1
55,2,0,1,0,1,0,0,0,0,0,0,1,2,aleatorio,2
50,2,25,1,0,0,0,1,1,0,0,0,1,0,aleatorio,1
23,1,8,0,0,0,0,0,0,1,0,0,0,0,aleatorio,0
64,2,0,1,0,1,1,0,0,0,1,1,1,2,aleatorio,2
45,1,25,0,0,0,0,0,1,0,0,0,1,0,aleatorio,0
61,1,16,0,0,0,0,0,1,0,0,0,1,0,aleatorio,0
40,2,4,1,0,0,1,0,0,1,0,0,0,2,aleatorio,2
56,1,18,0,0,0,0,0,0,1,0,0,0,0,aleatorio,0
25,1,16,0,0,0,0,1,0,0,0,0,1,0,aleatorio,0
60,1,27,0,0,0,0,0,1,0,0,0,1,0,aleatorio,0
45,1,13,0,0,0,0,0,1,0,0,0,1,0,aleatorio,0
20,1,10,0,0,0,0,0,0,1,0,1,0,0,aleatorio,0
48,2,13,1,0,1,0,1,0,0,0,0,1,2,aleatorio,2
60,2,7,1,0,0,0,1,0,0,0,0,1,1,aleatorio,1
28,1,11,0,0,0,1,0,0,0,0,1,1,1,aleatorio,1
29,2,13,1,0,0,0,0,1,0,0,0,1,1,aleatorio,1
59,1,8,0,0,0,0,0,0,1,0,0,0,0,aleatorio,0
24,2,5,1,0,0,0,1,0,0,0,0,1,1,aleatorio,1
52,1,18,0,0,0,0,1,0,0,0,0,1,0,aleatorio,0
18,1,1,0,0,1,0,0,0,0,2,2,1,2,aleatorio,2
50,1,29,0,0,0,0,1,0,0,0,0,0,0,aleatorio,0
62,1,12,0,0,1,0,0,0,0,0,0,1,2,aleatorio,2
28,1,20,0,0,0,0,0,1,0,0,0,0,0,aleatorio,0
37,1,1,0,0,0,1,0,0,0,0,0,1,1,aleatorio,1
29,1,8,0,1,0,0,0,0,0,0,0,1,2,aleatorio,2
39,1,8,0,1,0,0,0,0,0,0,0,1,2,aleatorio,2
57,1,4,0,0,0,0,1,0,0,0,0,1,0,aleatorio,0
65,3,1,1,1,0,0,1,1,0,0,0,1,2,aleatorio,2
57,3,1,1,1,0,1,0,0,0,0,0,1,2,aleatorio,2
57,2,7,1,1,0,0,1,0,0,2,2,1,2,aleatorio,2
70,1,6,0,0,1,0,0,0,0,0,0,0,2,aleatorio,2
44,2,12,1,0,0,0,0,1,0,0,0,1,1,aleatorio,1
38,2,22,1,0,0,0,0,0,1,0,1,1,1,aleatorio,1
25,1,14,0,0,0,0,0,1,0,2,2,1,0,aleatorio,2
44,2,7,1,0,0,0,0,0,1,0,0,1,1,aleatorio,1
43,1,29,0,0,0,0,0,1,0,0,0,0,0,aleatorio,0
19,2,7,1,0,0,0,0,1,1,0,0,1,2,aleatorio,1
52,2,1,1,0,0,0,0,1,1,0,1,1,1,aleatorio,1
64,2,1,1,0,0,0,0,1,1,0,0,1,1,aleatorio,1
26,1,15,0,0,0,0,0,0,1,0,0,1,0,aleatorio,0
41,3,14,1,0,0,1,1,0,0,0,0,1,2,aleatorio,2
67,2,11,1,1,0,0,1,0,0,0,0,0,2,aleatorio,2
21,1,6,0,0,0,0,0,1,0,0,0,1,0,aleatorio,0
18,1,14,0,0,0,0,1,0,0,0,0,0,0,aleatorio,0
34,1,6,0,0,0,0,0,1,0,0,0,1,0,aleatorio,0
55,1,18,0,0,0,0,0,1,0,0,0,0,0,aleatorio,0
49,1,30,0,0,0,0,0,1,0,0,1,0,0,aleatorio,0
33,3,3,1,0,0,0,1,1,0,0,0,1,1,aleatorio,1
68,3,3,1,0,0,0,0,1,1,0,1,0,1,aleatorio,1
61,1,13,0,0,0,0,0,0,1,0,0,1,0,aleatorio,0
24,1,7,0,0,0,0,0,1,0,0,0,1,0,aleatorio,0
38,2,10,1,0,0,0,0,0,1,0,0,0,1,aleatorio,1
24,1,5,0,0,0,0,1,0,0,0,0,1,1,aleatorio,0
69,2,3,1,0,0,0,0,1,0,0,0,0,1,aleatorio,1
38,3,1,1,0,0,1,1,1,0,0,0,0,2,aleatorio,2
24,2,4,1,0,0,0,0,1,1,0,0,1,1,aleatorio,1
37,2,2,1,0,0,0,1,1,0,0,0,0,1,aleatorio,1
50,1,8,0,0,1,0,0,0,0,1,1,1,1,aleatorio,2
59,4,2,1,0,1,1,1,0,1,0,0,1,2,aleatorio,2
44,2,1,1,0,0,1,0,1,0,1,1,1,2,aleatorio,2
30,0,999,0,0,0,0,0,0,0,3,3,1,1,aleatorio,1
35,1,21,0,0,0,0,0,1,0,0,0,1,0,aleatorio,0
48,4,0,1,1,1,0,0,1,1,0,0,1,2,aleatorio,2
68,2,3,1,0,0,0,0,0,1,0,0,1,0,aleatorio,1
47,1,6,0,0,0,0,0,1,0,0,0,1,0,aleatorio,0
27,2,2,1,1,0,0,0,0,1,0,0,1,2,aleatorio,2
67,2,3,1,0,0,0,0,1,1,0,0,0,1,aleatorio,1
27,1,4,0,0,0,0,1,0,0,0,0,1,0,aleatorio,0
44,2,5,1,0,1,0,1,0,0,0,0,1,2,aleatorio,2
25,2,11,1,0,0,1,0,1,0,0,0,1,2,aleatorio,2
38,1,29,0,0,0,0,0,1,0,0,0,1,1,aleatorio,0
41,2,1,1,0,0,0,1,0,0,1,2,1,2,aleatorio,2
21,1,26,0,0,0,0,0,1,0,0,0,1,0,aleatorio,0
68,1,4,0,0,0,0,1,0,0,3,3,1,2,aleatorio,2
44,2,1,1,1,0,0,1,0,0,0,0,1,2,aleatorio,2
45,1,2,0,0,0,0,0,0,1,0,0,1,0,aleatorio,0
33,1,20,0,0,0,0,0,0,1,0,0,1,0,aleatorio,0
28,2,11,1,0,0,1,0,0,1,0,0,0,2,aleatorio,2
53,1,4,0,0,0,1,0,0,0,0,0,1,1,aleatorio,1
47,3,3,1,0,0,0,1,0,1,0,0,1,1,aleatorio,1
34,1,12,0,0,0,0,1,0,0,0,0,1,0,aleatorio,0
33,1,19,0,0,0,1,0,0,0,1,1,0,1,aleatorio,1
59,2,15,1,1,0,0,0,1,0,0,0,1,2,aleatorio,2
61,2,7,1,0,0,0,1,1,0,0,1,1,1,aleatorio,1
29,1,1,0,0,0,0,0,1,0,0,0,1,0,aleatorio,0
64,2,5,1,0,1,0,0,1,0,0,0,0,2,aleatorio,2
44,1,4,0,0,0,1,0,0,0,0,0,1,1,aleatorio,1
47,1,14,0,0,0,0,1,0,0,0,0,0,0,aleatorio,0
38,4,0,1,0,0,0,1,1,1,0,0,1,1,aleatorio,1
30,2,12,1,0,0,0,0,1,0,0,0,1,1,aleatorio,1
39,1,22,0,1,0,0,0,0,0,0,0,0,2,aleatorio,2
44,2,1,1,0,0,0,0,1,0,0,0,1,1,aleatorio,1
60,3,0,1,1,1,0,0,0,1,0,0,1,2,aleatorio,2
19,1,12,0,0,0,0,0,0,1,0,0,1,0,aleatorio,0
21,1,21,0,0,0,1,0,0,0,0,0,1,1,aleatorio,1
66,1,30,0,0,0,0,1,0,0,0,0,0,0,aleatorio,0
30,2,2,1,0,0,0,0,0,1,0,0,1,1,aleatorio,1
28,1,13,0,0,0,0,0,1,0,0,0,1,0,aleatorio,0
65,1,12,0,0,0,0,0,1,0,0,0,1,0,aleatorio,0
62,3,1,1,1,0,1,0,1,0,0,1,1,2,aleatorio,2
61,1,3,0,0,0,1,0,0,0,0,0,1,2,aleatorio,1
52,1,0,0,0,0,0,1,0,0,0,0,1,0,aleatorio,0
68,1,20,0,0,0,0,0,1,0,0,2,1,1,aleatorio,0
57,1,8,0,0,0,0,0,1,0,0,0,1,0,aleatorio,0
68,1,6,0,0,0,0,1,0,0,0,0,1,0,aleatorio,0
58,1,11,0,0,0,1,0,0,0,0,0,0,1,aleatorio,1
38,1,11,0,0,0,0,0,0,1,0,1,1,0,aleatorio,0
57,1,24,0,0,0,1,0,0,0,0,0,1,1,aleatorio,1
65,1,7,0,0,0,0,1,0,0,1,1,1,2,aleatorio,2
53,4,14,1,0,0,0,1,1,1,0,0,1,1,aleatorio,1
30,1,16,0,0,1,0,0,0,0,1,1,1,2,aleatorio,2
49,1,15,0,0,0,0,0,1,0,2,2,1,2,aleatorio,2
24,4,6,1,0,0,0,1,0,1,1,1,1,2,aleatorio,2
45,1,8,0,0,0,0,0,0,1,0,0,1,0,aleatorio,0
38,1,4,0,0,0,0,1,0,0,0,0,0,0,aleatorio,0
65,2,3,1,1,1,0,0,0,0,0,0,1,2,aleatorio,2
20,2,6,1,0,0,1,0,0,1,0,0,1,2,aleatorio,2
60,2,5,1,1,0,0,0,0,1,0,0,1,2,aleatorio,2
62,1,30,0,0,0,0,1,0,0,1,1,1,1,aleatorio,1
26,2,15,1,0,0,0,1,0,1,0,0,1,0,aleatorio,1
41,2,12,1,1,0,1,0,0,0,2,3,0,2,aleatorio,2
46,1,14,0,0,0,0,0,0,1,0,0,1,0,aleatorio,0
51,1,27,0,0,0,0,0,1,0,0,0,0,0,aleatorio,0
23,1,9,0,1,0,0,0,0,0,0,0,1,2,aleatorio,2
42,3,6,1,0,1,0,1,0,0,0,0,0,2,aleatorio,2
25,1,14,0,0,0,0,1,0,0,0,0,1,0,aleatorio,0
56,1,30,0,0,0,0,0,1,0,2,2,1,1,aleatorio,1
69,1,9,0,0,0,0,0,1,0,0,0,1,0,aleatorio,0
70,2,11,1,1,0,1,0,0,0,0,0,1,2,aleatorio,2
40,1,29,0,0,0,0,0,1,0,0,0,1,0,aleatorio,0
31,1,9,0,0,0,0,0,1,0,0,0,1,2,aleatorio,0
63,1,15,0,0,1,0,0,0,0,0,0,1,2,aleatorio,2
67,2,1,1,1,1,0,0,0,0,0,0,1,2,aleatorio,2
44,3,1,1,0,0,0,1,0,1,0,0,1,1,aleatorio,1
61,4,8,1,0,0,1,1,1,0,2,2,1,2,aleatorio,2
49,2,16,1,0,0,0,1,0,1,0,0,1,1,aleatorio,1
55,1,22,0,0,0,0,1,0,0,0,0,1,0,aleatorio,0
25,1,12,0,0,0,1,0,0,0,0,0,0,1,aleatorio,1
70,1,12,0,0,0,0,0,0,1,0,0,0,0,aleatorio,0
26,2,6,1,0,0,0,1,0,1,0,0,1,1,aleatorio,1
61,3,7,1,0,1,0,1,1,0,2,4,0,2,aleatorio,2
32,2,4,1,0,0,0,0,1,1,1,2,1,2,aleatorio,2
34,3,8,1,0,0,0,0,0,1,0,0,1,1,aleatorio,1
69,1,13,0,0,0,0,1,0,0,0,0,1,0,aleatorio,0
38,2,13,1,0,0,1,0,0,1,0,0,0,1,aleatorio,2
21,1,8,0,0,0,0,0,1,0,0,0,1,0,aleatorio,0
47,1,23,0,0,1,0,0,0,0,1,2,1,2,aleatorio,2
31,2,17,1,0,0,0,1,0,0,0,2,1,1,aleatorio,1
21,2,9,1,0,0,0,0,0,1,0,0,0,1,aleatorio,1
23,1,18,0,0,0,1,0,0,0,0,0,1,1,aleatorio,1
36,1,26,0,0,0,0,0,1,0,1,1,1,1,aleatorio,1
38,2,0,1,0,0,0,1,0,0,0,0,1,1,aleatorio,1
61,1,0,0,0,0,0,0,0,1,0,1,1,0,aleatorio,0
25,2,12,1,1,0,0,0,0,1,1,1,1,2,aleatorio,2
19,2,8,1,0,0,1,0,0,1,0,0,1,2,aleatorio,2
48,1,24,0,0,0,0,0,1,0,0,0,0,0,aleatorio,0
41,1,20,0,0,0,1,0,0,0,4,4,0,1,aleatorio,1
37,2,6,1,0,1,1,0,0,0,0,0,1,2,aleatorio,2
35,2,4,1,1,1,0,0,0,0,0,0,1,2,aleatorio,2
54,1,19,0,0,0,0,1,0,0,0,0,0,0,aleatorio,0
62,1,1,0,0,0,0,0,0,1,0,0,1,0,aleatorio,0
61,1,16,0,0,0,0,0,1,0,3,3,0,1,aleatorio,1
61,1,28,0,0,0,0,1,0,0,0,0,1,0,aleatorio,0
29,1,9,0,0,1,0,0,0,0,0,0,0,2,aleatorio,2
52,1,9,0,0,0,1,0,0,0,0,0,0,1,aleatorio,1
29,2,6,1,0,0,0,1,1,0,0,0,1,1,aleatorio,1
57,1,3,0,1,0,0,0,0,0,0,0,0,2,aleatorio,2
45,1,19,0,0,0,0,1,0,0,0,0,1,0,aleatorio,0
56,1,15,0,1,0,0,0,0,0,0,1,1,2,aleatorio,2
62,1,4,0,0,0,0,1,0,0,0,0,1,0,aleatorio,0
41,1,13,0,0,0,0,0,1,0,1,1,1,2,aleatorio,2
64,1,2,0,0,0,0,1,0,0,0,0,1,0,aleatorio,0
64,3,0,1,1,1,1,0,0,0,0,1,0,2,aleatorio,2
51,1,11,0,1,0,0,0,0,0,0,0,1,2,aleatorio,2
70,1,7,0,0,1,0,0,0,0,0,0,1,2,aleatorio,2
48,3,13,1,1,0,0,1,0,0,1,2,1,2,aleatorio,2
42,1,22,0,0,0,0,1,0,0,0,0,1,0,aleatorio,0
53,3,3,1,0,0,0,1,1,1,0,1,1,1,aleatorio,1
43,1,21,0,0,0,1,0,0,0,0,1,1,1,aleatorio,1
60,1,15,0,0,0,0,0,1,0,0,0,1,0,aleatorio,0
20,2,2,1,0,0,0,1,0,0,0,0,1,0,aleatorio,1
29,2,24,1,0,0,0,1,0,1,0,0,0,0,aleatorio,1
41,1,10,0,0,1,0,0,0,0,0,0,1,2,aleatorio,2
44,1,24,0,0,0,1,0,0,0,0,0,1,2,aleatorio,1
46,4,5,1,1,1,0,0,1,0,0,0,1,2,aleatorio,2
51,1,16,0,0,0,0,0,0,1,0,0,1,0,aleatorio,0
55,2,11,1,0,0,0,1,1,0,0,0,0,1,aleatorio,1
33,1,2,0,1,0,0,0,0,0,1,1,1,2,aleatorio,2
22,1,3,0,0,0,1,0,0,0,0,0,0,1,aleatorio,1
47,2,4,1,1,0,1,0,0,0,1,1,0,2,aleatorio,2
31,1,20,0,0,0,1,0,0,0,0,1,1,0,aleatorio,1
56,1,20,0,0,0,0,1,0,0,2,3,1,1,aleatorio,1
41,2,12,1,1,0,0,0,0,1,0,0,1,2,aleatorio,2
58,1,26,0,0,0,0,0,0,1,0,0,1,0,aleatorio,0
44,2,8,1,0,0,1,0,1,0,0,0,1,2,aleatorio,2
59,2,6,1,0,0,0,0,1,0,0,0,0,1,aleatorio,1
54,1,9,0,0,0,0,0,0,1,1,1,1,2,aleatorio,2
58,2,0,1,0,0,0,1,1,0,0,1,1,1,aleatorio,1
39,1,9,0,0,0,0,0,1,0,0,0,1,2,aleatorio,0
43,2,9,1,1,0,1,0,0,0,3,4,1,2,aleatorio,2
28,3,11,1,1,0,0,1,1,0,0,0,0,2,aleatorio,2
66,1,27,0,0,0,1,0,0,0,0,0,1,2,aleatorio,1
44,1,16,0,0,0,0,0,1,0,1,1,1,1,aleatorio,1
43,1,7,0,0,0,0,0,1,0,0,0,1,0,aleatorio,0
51,2,0,1,0,0,1,0,1,0,1,4,1,2,aleatorio,2
68,1,9,0,0,0,0,0,1,0,1,1,1,2,aleatorio,2
48,1,19,0,0,0,0,1,0,0,0,1,1,0,aleatorio,0
63,2,3,1,0,0,1,0,0,1,1,1,0,2,aleatorio,2
24,4,5,1,0,1,1,0,0,0,2,2,1,2,aleatorio,2
48,3,5,1,1,0,1,1,0,0,0,0,0,2,aleatorio,2
43,4,2,1,1,0,1,0,1,0,0,0,1,2,aleatorio,2
53,1,11,0,0,0,0,0,0,1,0,1,1,0,aleatorio,0
61,2,1,1,0,0,0,0,1,1,0,0,0,1,aleatorio,1
45,1,20,0,0,0,0,0,1,0,0,0,1,0,aleatorio,0
49,2,0,1,0,0,0,1,1,0,0,0,1,1,aleatorio,1
34,2,5,1,0,0,0,0,1,0,0,0,1,1,aleatorio,1
55,2,7,1,1,1,0,0,0,0,1,1,1,2,aleatorio,2
24,1,12,0,0,0,0,1,0,0,0,0,1,2,aleatorio,0
57,1,4,0,0,0,0,0,1,0,0,0,1,0,aleatorio,0
60,1,14,0,0,0,0,1,0,0,0,0,1,0,aleatorio,0
61,1,14,0,0,0,0,0,0,1,0,1,1,0,aleatorio,0
68,1,1,0,0,0,1,0,0,0,0,0,1,1,aleatorio,1
23,2,4,1,0,0,0,0,1,1,0,0,1,1,aleatorio,1
41,3,2,1,0,0,0,0,1,1,0,0,1,1,aleatorio,1
39,3,2,1,0,0,1,1,1,0,0,0,1,2,aleatorio,2
32,1,17,0,0,0,0,1,0,0,0,0,1,0,aleatorio,0
43,3,4,1,0,0,0,1,0,1,2,2,1,2,aleatorio,2
25,2,0,1,0,0,0,0,1,0,0,0,1,1,aleatorio,1
38,2,1,1,0,0,1,0,1,0,0,0,0,2,aleatorio,2
31,2,15,1,0,0,0,0,0,1,0,2,1,1,aleatorio,1
18,1,8,0,0,0,0,0,0,1,0,0,1,0,aleatorio,0
28,1,29,0,0,0,0,1,0,0,0,0,0,0,aleatorio,0
37,1,23,0,1,0,0,0,0,0,1,1,0,2,aleatorio,2
41,1,3,0,0,0,0,0,1,0,0,0,0,0,aleatorio,0
24,2,8,1,0,0,0,1,0,1,0,0,1,1,aleatorio,1
35,3,0,1,1,0,1,0,0,0,0,0,1,2,aleatorio,2
62,1,8,0,0,0,1,0,0,0,0,0,0,1,aleatorio,1
44,2,12,1,0,0,1,0,0,1,2,2,1,2,aleatorio,2
41,1,5,0,0,0,0,0,0,1,0,0,1,0,aleatorio,0
42,1,1,0,0,0,0,1,0,0,0,0,0,0,aleatorio,0
61,1,13,0,0,0,1,0,0,0,0,0,1,0,aleatorio,1
70,1,0,0,0,0,0,0,1,0,0,0,0,0,aleatorio,0
48,1,18,0,0,0,0,0,0,1,1,3,1,1,aleatorio,1
69,2,12,1,1,1,0,0,0,0,0,0,1,0,aleatorio,2
23,1,10,0,0,0,1,0,0,0,0,0,0,2,aleatorio,1
64,1,24,0,0,0,0,0,1,0,0,0,0,0,aleatorio,0
56,3,12,1,0,0,1,1,0,0,1,1,1,2,aleatorio,2
56,1,2,0,0,0,0,0,0,1,0,0,1,0,aleatorio,0
63,3,6,1,0,0,1,0,0,1,0,0,0,2,aleatorio,2
19,2,3,1,0,1,0,0,0,1,1,1,1,2,aleatorio,2
59,2,8,1,1,0,0,0,0,1,1,1,1,2,aleatorio,2
38,1,26,0,0,0,0,0,1,0,0,0,1,0,aleatorio,0
55,1,1,0,0,0,0,0,1,0,0,1,1,0,aleatorio,0
57,1,25,0,0,0,0,0,1,0,0,1,1,0,aleatorio,0
30,1,5,0,1,0,0,0,0,0,2,2,1,2,aleatorio,2
52,3,0,1,0,0,1,1,0,0,1,2,1,0,aleatorio,2
60,1,27,0,0,0,0,1,0,0,0,0,1,0,aleatorio,0
58,1,3,0,0,0,0,0,1,0,0,0,1,0,aleatorio,0
33,1,12,0,0,0,0,1,0,0,0,0,0,0,aleatorio,0
44,2,2,1,0,0,0,0,1,1,0,3,1,1,aleatorio,1
18,2,7,1,0,0,0,0,1,1,0,0,1,1,aleatorio,1
62,1,26,0,0,0,0,1,0,0,0,0,1,0,aleatorio,0
52,2,8,1,1,0,1,0,0,0,0,0,1,2,aleatorio,2
36,4,5,1,0,0,0,1,0,1,1,1,1,2,aleatorio,2
32,2,9,1,0,0,0,1,1,0,0,0,1,2,aleatorio,1
30,3,0,1,1,1,0,0,1,0,0,0,1,1,aleatorio,2
53,2,1,1,0,1,0,0,1,0,0,0,1,2,aleatorio,2
29,3,11,1,0,1,1,0,0,0,0,0,1,2,aleatorio,2
25,4,0,1,0,0,1,1,1,0,1,1,1,2,aleatorio,2
49,1,0,0,0,0,0,1,0,0,0,0,1,0,aleatorio,0
43,1,6,0,0,0,1,0,0,0,1,1,1,2,aleatorio,2
58,2,11,1,0,0,1,0,0,0,0,0,1,1,aleatorio,2
45,2,3,1,0,0,0,0,1,1,0,0,1,1,aleatorio,1
42,1,8,0,0,0,0,0,0,1,0,0,0,0,aleatorio,0
60,1,7,0,0,0,0,0,0,1,0,0,1,0,aleatorio,0
53,1,4,0,0,0,0,1,0,0,0,0,1,0,aleatorio,0
56,2,1,1,0,0,0,0,1,1,1,1,1,2,aleatorio,2
59,2,21,1,0,0,1,0,1,0,0,0,1,2,aleatorio,2
18,2,19,1,0,0,0,1,1,0,0,2,1,1,aleatorio,1
58,1,4,0,0,0,0,1,0,0,0,0,1,0,aleatorio,0
27,1,16,0,1,0,0,0,0,0,1,1,1,2,aleatorio,2
56,1,14,0,0,0,1,0,0,0,0,0,1,1,aleatorio,1
55,1,10,0,0,0,1,0,0,0,0,0,1,1,aleatorio,1
44,4,0,1,1,0,1,1,0,1,1,1,1,2,aleatorio,2
28,1,3,0,0,0,0,1,0,0,0,0,1,1,aleatorio,0
61,1,20,0,0,0,1,0,0,0,0,0,0,1,aleatorio,1
64,1,12,0,0,0,0,0,1,0,1,1,0,2,aleatorio,2
41,1,0,0,1,0,0,0,0,0,0,0,0,2,aleatorio,2
