usuaria_id,idade,qtd_ocorrencias_totais,dias_desde_ultima_ocorrencia,frequencia_aumentou,teve_viol_fisica,teve_viol_sexual,teve_ameaca,qtd_panico_acionado,nivel_risco
69d0cb1f-686e-4027-bd0b-0c122c34af57,39,1,83,0,0,1,1,1,2
ab876953-ebb2-48aa-8bb1-20c1886c2027,33,0,999,0,0,0,0,0,0
6a2f3453-2acf-4096-9176-14e59da6f341,41,0,999,0,0,0,0,1,2
eae2389f-6d2a-48a6-8656-ebe224487c73,50,1,165,0,1,0,1,3,2
0d30f286-399e-4706-9aa2-f26b75fa36a5,32,2,103,0,0,0,0,0,1
00c5f3eb-09e4-4f23-9619-544531ee52d9,32,3,67,0,0,0,0,0,1
2e0da587-14bd-4040-a7fa-799ec6e4d1b0,50,2,10,1,0,0,1,0,2
5f548047-f05b-4fb2-88f8-dbdb34a843ac,42,3,15,0,0,1,1,3,2
306f2d56-5a85-4ee6-811a-d7cd9a89de6e,30,3,104,0,0,0,1,0,1
3d12a880-4fdb-418a-8c9f-892bbd91ef17,40,4,64,0,0,0,0,1,2
3158bc9b-f6f7-48ee-9f21-7ada6fe607e8,30,2,70,1,0,0,0,0,1
24f335bc-15c1-44ee-968f-5ce28054e28b,30,1,0,0,0,0,1,1,2
559eb46e-001e-4e77-9de9-e2e444ea7481,37,2,3,0,0,0,1,1,2
5af7cd86-b15b-4f58-aa39-e4f4a94eb93a,18,2,81,1,0,0,1,3,2
a9208538-c390-4dfc-8696-919385e9785c,18,2,36,0,1,0,0,2,2
2720768f-6e2b-4070-967f-5ec6a6961328,29,1,141,0,0,0,1,0,1
75d4d327-16f3-4024-88f8-357821f103d5,24,1,78,0,0,0,1,1,2
6075a77c-e9b4-4ba6-a7b4-95a9ffcbecfe,38,0,999,0,0,0,0,1,2
beb8d388-4ae0-4041-8afc-0a261afd13e8,25,0,999,0,0,0,0,0,0
15cc7bdf-0e43-4287-a81f-5ef8c3532360,20,2,131,0,0,0,1,0,1
7bc5928d-0223-4d51-b281-268f0bbc7a28,49,1,170,0,0,0,1,2,2
29cf8b89-b4b3-4e3f-8a1b-81e51e21e0c8,32,7,25,0,0,1,0,1,2
50848e29-a3dd-4b9a-9fa7-71742d1cc50d,35,1,142,0,1,0,0,1,2
07d98a90-4806-4e89-a173-d8bde640340d,20,1,133,0,0,0,1,1,2
10aff2a1-f82b-4a1d-ac3a-c5d568a498b1,29,1,164,0,0,0,0,0,0
c1426b09-4f8c-4768-a25b-94921ef22239,36,2,126,1,0,0,1,2,2
7f278926-9654-48f6-9a15-b494b828415a,23,4,170,1,1,0,1,4,2
af5fb31d-0f7c-41b8-8d27-3853c6f128d8,38,2,41,1,0,0,1,0,2
52197c77-08b3-43e4-8970-91124e1a6da9,28,1,12,0,1,0,0,2,2
03e9c628-6f72-41df-ac9f-8c3c531c62ab,32,1,143,0,1,0,0,3,2
c88d80d5-b966-48b8-a9a8-ca84060ce9f9,28,1,41,0,0,0,0,0,0
bd3c6cb2-d988-451f-83bb-5f003de6a7a9,53,0,999,0,0,0,0,0,0
14af9726-20d1-40d7-bfa6-0e62c96273a8,34,4,65,0,0,1,0,0,2
fc1e5c05-08a4-4b17-af31-15e6874d4500,24,1,132,0,0,0,0,1,2
d8b1e994-bb06-4ddb-ad2e-a277c5462590,43,3,29,1,0,0,0,1,2
e8c0a169-34ac-48fb-b52c-5fbad1e15254,22,3,94,0,1,0,1,2,2
a9fdbc0b-7cd9-44f8-88c1-c4af582adbbd,37,3,170,1,0,0,1,1,2
c6c57042-e306-4499-ac70-9190f434c1a9,18,2,31,1,0,0,1,0,2
10b5b621-f22c-4945-bea8-c945cbd8ecc4,21,2,41,1,0,0,0,0,1
bfc9f412-f237-41e7-b2ac-cee1334b1d3c,36,3,125,0,0,0,1,2,2
50118e98-82cc-4a84-b6e8-54fbf60a90c1,42,2,4,0,1,0,1,4,2
f7a65400-529b-421b-97fe-f13a7a7ea54c,36,0,999,0,0,0,0,0,0
231a29a8-7d16-41eb-9bf2-840138e0aad1,33,3,22,0,0,1,0,0,2
2e8eb053-e5b2-4c48-83b5-5c1f10ed4886,31,2,105,0,0,0,0,0,1
529e1ccc-7c28-4be8-9a6e-0ae53d6c29b5,20,4,135,0,1,0,0,2,2
9995df51-d850-482e-bb81-4a5823307f62,27,2,69,1,0,0,1,0,2
e7ca3da4-ffee-4571-b82f-253ab8911654,30,1,18,0,0,0,1,1,2
faf90406-f9db-471e-b429-8351f624c9ee,45,3,105,0,1,0,0,1,2
4227c9ba-58f1-4fda-8d8b-8c7d403b3f4d,38,2,171,1,1,0,1,2,2
85c6b9a0-dbb5-413e-9dca-e617a0341f8a,18,2,92,1,0,0,1,1,2
d61d2f05-df8f-43de-a3bc-020003556adc,38,0,999,0,0,0,0,0,0
b843c9fb-bbee-428c-8210-514e818f8b46,31,0,999,0,0,0,0,0,0
1efe0a8a-2ff7-41b0-b838-1106ef15067b,28,4,133,0,1,0,1,5,2
6838a9e5-3476-453f-8431-7722a2333709,41,1,2,0,0,1,1,0,2
cf3ce45c-91b2-45f1-ad37-e1aefd0dad42,45,2,79,0,0,0,0,0,1
6a89a719-431e-499e-99ce-c0176e53ee1c,44,1,160,0,0,0,1,0,1
57b4839d-484a-40b5-a34d-7b41143cbc15,26,1,65,0,0,1,1,0,0
ec6da7aa-fa62-45a9-8e01-e2b12ec2406c,31,1,125,0,0,0,1,0,1
06faaeb3-1199-40ab-8a4b-d00604dc82ae,38,2,106,0,0,0,1,1,2
01d57e08-2efb-462d-b8d8-f53b258deba5,44,3,57,1,1,0,1,3,2
1ec2c669-086e-48dc-92fc-226f6760bc42,30,2,153,1,0,0,1,1,2
da31900f-c974-42cf-87ee-3f11016f776c,33,1,98,0,1,0,1,2,2
0e86d95b-b3a2-4d62-a153-a8c76a17ca6b,23,1,27,0,0,0,0,0,0
cd3de1d6-3ed2-4905-9add-55cde7ecaa50,23,2,170,0,0,0,1,1,2
356858ce-d0f1-4de2-8531-2442b6636660,43,1,74,0,0,0,0,0,0
8595bf06-499b-4c4e-9df1-b3be39f7bc30,48,3,109,0,0,0,1,1,2
ff045c05-f4f2-470f-ac53-569744b03ea6,34,2,15,0,0,0,0,0,1
662ced1f-7965-40cd-a3f4-a0a9d51a0ecb,45,1,88,0,0,0,0,0,0
87297eb3-6fa4-4d9c-963c-1f973ca6bda6,38,3,22,0,1,0,0,1,2
0876ab38-27d3-420f-9259-bf1709a64ccd,28,3,102,0,0,0,1,0,1
42947687-8edc-4262-af83-eb77e4b1d23f,38,4,34,0,1,0,1,4,2
581cb1b5-161a-4731-8e46-9f42e586a85b,50,0,999,0,0,0,0,0,0
1d6741a0-9c73-4277-8a0c-198cc7c23275,34,4,168,1,1,0,1,3,2
ffae27b0-2614-4fbd-82dd-4ac8dbb2a056,50,2,116,0,0,0,1,1,2
6420f501-96cd-40c5-a8d3-6d3776002738,18,2,108,0,1,0,1,4,2
36f35462-442a-47ec-9a21-e01a51fb7a59,43,0,999,0,0,0,0,0,0
438ec7ae-f7a7-42fc-9137-43ec8591e769,35,1,149,0,1,0,1,3,2
8ec3abf9-626b-470d-992f-8cca07237f54,32,4,73,0,0,0,0,0,1
b4cc1400-55ea-4ba8-87f8-e8ca073a53f8,35,2,128,1,0,0,1,0,2
ae551d06-3cf7-45b0-9518-f0bab22a0acd,18,3,45,1,1,0,1,2,2
376228a0-db0a-4a0d-ae7a-1412ac4c5ec2,32,2,101,1,0,0,1,0,2
fb788cc5-6e1a-4239-827c-8e7a5319fb36,38,7,21,1,0,0,0,0,1
8157b7e5-c438-47cb-986f-f81247f558db,49,2,31,1,0,0,0,0,1
506b8d69-bd3a-4bf7-94f3-63b26d126534,29,3,157,1,0,0,1,1,2
d13c2849-3a72-4825-8f7e-eefcc6672d67,26,0,999,0,0,0,0,0,0
4606ac72-c6bb-40c9-a6b0-d419cceaa667,29,2,42,0,0,0,1,1,2
8cb74ae6-b577-4ac9-b746-9a2ac993d3ac,44,3,110,0,1,0,0,2,2
0aa82bbd-7582-40a4-aa17-f177554644b8,38,3,11,0,0,0,1,2,2
c6b69d7d-2a26-46b1-8577-aeb571bc0e87,29,3,82,1,0,0,1,2,2
c76e7e38-9653-4bc9-9ce8-716f85b62294,40,3,154,0,0,0,0,0,1
fdf68f70-9845-4049-9922-3e401310d175,35,1,153,0,0,0,0,0,0
0fac0b40-0eca-468c-85bd-052f7e364b5f,44,2,145,0,1,0,0,3,2
b07bdcf9-6f62-42ad-995b-7d0ec8a1ddea,27,2,91,1,1,0,1,4,2
e14ee86c-5e89-4e34-8b6b-915aacdeb056,31,1,74,0,0,0,1,0,1
6f8f74de-7b8e-40dc-9cfe-c3cbb241a086,31,1,80,0,0,0,1,3,2
a16838f6-1d31-4d37-a6fb-7f43a96107b9,20,3,173,0,0,0,0,1,2
00aedeb4-b55b-475a-a417-73a6a355dd69,37,4,28,1,0,0,0,0,1
6dc5f79e-c000-438d-aa33-325465b3ed8b,37,1,159,0,1,0,1,4,2
a3a65724-32fb-44b2-93d8-72aaa9756989,35,0,999,0,0,0,0,0,0
05d10361-bb5f-4221-ae63-0a8d2a4ddf2c,32,2,155,1,0,1,0,0,2
0d1e1275-f036-41a8-9ae7-1c2382b8ea5b,20,1,154,0,1,1,1,2,2
f0ba5b46-ed9c-45e7-8988-63a1d854b41b,30,2,168,0,0,0,1,1,2
80158e70-3e3b-49e7-a6c4-d7bbd631f7aa,31,3,114,0,0,0,0,0,1
5f0c4b0c-3ff1-461d-af98-9d9ab635e530,26,2,46,0,1,0,0,2,2
a92f7dca-c333-432f-b60b-e7754e2d32aa,33,0,999,0,0,0,0,0,0
ef60669d-4d00-4e1d-8933-3fbc3ccada81,39,1,43,0,0,0,1,1,2
1302d247-d45e-4820-bfae-7878b32a86cf,53,1,49,0,0,1,0,0,2
36b3a2e3-f436-4f67-8b8b-4e2ac9e59b1c,36,0,999,0,0,0,0,0,0
bcee7d7a-25ee-4949-b807-90d6be5b1393,37,4,151,0,0,0,1,1,2
711cf783-3f39-4c0e-ac8e-c1a4100dbf4e,34,1,121,0,0,0,1,1,2
682ae7d9-554e-4c9c-981c-143aa1ba3a2f,18,2,33,1,0,0,0,0,1
bcc77019-9907-4770-bd92-73d0e5f3609b,34,0,999,0,0,0,0,0,0
38ad5d9b-5db3-44e8-b9bc-f257011dcfe3,35,4,90,1,0,0,1,2,2
0b28fcb6-410e-4733-8ae3-e46dce16125b,59,0,999,0,0,0,0,1,2
1404cf30-1ae1-453d-bc8c-a34ed74b8363,33,1,24,0,0,0,1,1,2
91884fd1-6938-46e1-a522-a41dc9ec55f3,38,2,54,0,1,0,1,2,2
798b8ae8-51aa-43ed-b735-977a4e451706,34,3,170,0,1,0,0,2,2
bddc3ed8-d37d-47a1-ae05-c95b85c61ce2,23,1,177,0,0,0,0,0,0
b4008db1-a9f9-4a7a-adf4-b1c09ce9dcd8,46,2,54,1,1,0,1,3,2
deb6cccd-6469-4038-887f-d3b8c5bf65b7,42,4,140,1,0,0,1,1,2
9975aa53-ec58-44f8-9fcf-486cba8ca394,42,6,176,0,0,1,0,1,2
24e425ce-88fb-459f-9dbf-4e7c5bce54ae,25,0,999,0,0,0,0,0,0
83329281-5323-4bec-8f5e-483c8fc88b34,49,1,137,0,0,0,0,2,2
bac1860f-fa54-4c17-9da8-0e4805b5a5bc,20,1,91,0,0,0,1,1,2
f9ecf225-3353-41c0-9759-66211f448110,40,2,10,1,0,0,1,0,0
3f8dd37b-3c69-4a3e-be8d-3e258dba8348,56,0,999,0,0,0,0,0,0
8951a831-5a23-4132-b580-d334d9f6dca5,25,3,118,1,0,0,0,0,1
a4ef0a1b-d5ea-461e-b8f1-50ebae80204a,29,5,83,0,0,0,1,2,2
4fb58884-bb30-4c3f-b228-2b506f8fa2a7,35,1,99,0,0,1,1,1,2
55e676ad-36ee-48f7-ac1a-8c073353af9e,29,4,19,0,0,0,1,1,2
cf31a240-11fc-41a3-aeed-9f5b9338c104,19,2,71,0,0,0,1,0,1
219113c4-56f3-4e0b-9d0e-005f1e98c681,35,2,78,1,0,0,1,0,2
a72d2701-8527-453e-bb32-9e5b8fd780ad,24,3,82,0,1,0,1,5,2
7580b943-a03b-4a31-a338-4226cb9582c2,39,2,47,0,0,0,0,0,1
e181c2c6-fab7-4848-bda7-ace9d1d220fd,25,4,75,0,0,0,1,2,2
1455c0af-8c1a-496f-9d5f-bd6d41b531b1,50,2,144,0,0,0,1,0,1
b4c2e884-9cf5-437e-943b-ca7191e235bd,27,7,32,1,1,0,0,1,2
96dc66f9-92a6-42f3-a421-fc40ff33a12f,31,1,19,0,0,0,0,0,0
ca4ed8f6-31da-449d-b814-8532afb4419e,43,2,173,0,0,0,0,0,2
d6a728ff-4c54-40f6-9318-c6d872bcbd1e,22,3,30,0,0,0,0,0,1
600d6958-9f3a-48f9-9cce-0688d1fe1189,37,1,101,0,0,0,1,3,2
111c2385-9f16-4623-ba4b-382138508731,48,1,178,0,0,0,0,0,0
8c8f9d2f-d7e8-466d-b31f-e348f00b4b11,18,3,119,1,0,0,1,0,2
1aa3e9bf-1a02-4687-aeea-6d093cafccc0,36,2,82,0,0,0,0,0,1
318808fc-27bf-485e-9799-acf717ed86b0,37,1,18,0,0,0,1,1,2
ec58acd3-8f02-420c-946a-4d4b91de6226,42,4,61,0,0,1,1,3,2
8d7ed778-efdc-492d-9faa-3665d8fedfc4,22,2,171,0,1,0,0,3,2
5b75f8ee-9f8b-4d68-917b-7692eb7cd2a8,21,1,165,0,0,0,1,0,1
a3dea60b-3725-4d31-8e62-bda5aba8f138,40,2,48,1,1,0,1,5,2
ed82a6be-09c5-46ba-ba9b-a7131d461c7c,37,3,64,0,1,0,1,3,2
999e9e98-836b-4d43-ad03-66b7a0192fd7,37,1,10,0,1,0,1,4,2
9db1b4f1-14f4-4e98-a54b-dc9e72e74e25,38,0,999,0,0,0,0,0,0
6f6c6abf-1ca2-465b-ab39-7e4a259eefa2,28,1,57,0,0,0,1,0,1
34976dc5-94d5-4d06-a278-6fdd2c6726a5,37,0,999,0,0,0,0,0,0
d2831404-d10a-45cd-9a5d-d1235e632ede,37,1,81,0,0,0,1,0,1
6fd327d7-7f1e-4b6a-b49d-f6585e41d74a,27,2,88,1,1,0,0,2,2
5f7deb9e-fb92-4788-8d7b-5b21a9aebf4c,53,1,0,0,0,0,1,2,2
86a8a86d-5bbe-4861-b207-41f7a3bf9bef,39,4,18,0,0,0,0,0,1
4c810faf-2f23-46aa-abcf-fb8383a9fca4,23,1,33,0,1,0,0,3,2
1ea51186-ad51-48c4-bbb8-c443074cd0b7,41,2,63,1,0,0,1,0,2
8340d534-42e1-4b98-92ac-28962b843c85,25,0,999,0,0,0,0,0,0
26269933-eca4-4d55-a268-f45f38e4c36c,42,0,999,0,0,0,0,0,0
cc5eaf88-0e26-4c65-8038-2bb7e899649f,46,5,166,1,0,1,1,2,2
6c21413c-a89b-4ee6-8853-7ea0601f4849,26,0,999,0,0,0,0,0,0
ea3e0465-7c98-4844-8749-7533ac2f24d4,44,0,999,0,0,0,0,0,0
671cf3f2-4a1b-4789-ae7d-b718bc18e366,39,1,50,0,1,0,0,2,2
2e6298c6-f3fc-4549-93f9-06ac92c096ab,43,0,999,0,0,0,0,0,0
8226b9bb-4367-4667-900e-2eb25381262c,53,1,56,0,1,0,1,3,2
76459e4b-04e0-409c-8bf9-588b33bc8f0e,32,1,83,0,1,0,1,2,2
2b0acf2f-7704-48f8-9a52-e9eff42d07a0,27,3,5,0,0,0,1,0,1
2e5cd74a-e3f6-450b-973e-5ece07b370f6,26,1,6,0,0,0,1,2,2
fba70257-f2e2-49f7-9ce8-baa176671aca,26,1,80,0,0,0,1,1,2
b8608db9-69b1-4d56-920b-0f2a2e15de9a,34,3,153,1,0,0,1,1,2
f4319758-8b9d-48aa-9d70-c4e27bcdff59,38,2,117,1,0,0,1,0,2
741d5f1d-6c91-43ca-a07a-fa0e9e78900e,37,3,94,0,0,0,0,0,1
3f2d56b4-a486-4898-8f69-806fbf7cd7d3,43,1,118,0,0,0,0,0,0
f239661e-fde0-4f42-b211-8abe48d8b3bc,35,0,999,0,0,0,0,2,2
a14d1bdf-1cbd-4254-bcb2-eb087add252e,49,0,999,0,0,0,0,0,0
0a97906e-fb48-466b-842f-befbb945fb36,32,1,77,0,0,0,0,0,0
871f3726-2826-4e64-97c8-a435f834038e,62,6,132,0,1,0,0,2,2
5b77f167-3f8d-4b27-a095-965392cf9d03,41,0,999,0,0,0,0,0,0
b1f8485b-c9b9-4938-9dc3-ba9541436b9b,26,5,83,0,0,0,0,0,1
efa76143-506a-4825-b27b-24541c6e2d59,24,1,129,0,1,0,1,3,2
31844aba-3cc9-4ac4-90c3-663dcef6a607,39,3,124,0,0,0,1,0,1
247cf2e0-91e9-4859-bfb1-5b49c8dc601d,32,3,100,1,0,0,1,2,2
12801a9c-4acc-4848-a525-222926d013c3,42,2,64,1,1,0,0,3,2
07b7d235-b48b-4ef5-be47-4e7b66d2814a,39,2,9,1,0,0,0,2,2
6eacefbe-ddac-4fa4-bf28-088a6ab35e5a,34,2,177,0,0,0,1,1,2
e20a9ce2-6199-4424-9eb8-69057b203ee3,26,2,50,0,0,0,1,0,1
68094787-3a10-44f2-8afb-46d94e820cc8,19,4,68,1,0,0,1,1,2
e08e39b8-a886-4fa5-bb0f-eca5fa5251a0,30,2,40,0,0,0,1,1,2
42514e64-dd63-42e4-94d5-08cd5a4379e1,43,1,76,0,0,0,0,0,0
9d5860f1-0c2a-4213-a44f-56c703f27cfb,37,2,67,0,1,0,1,3,2
9ae07dde-9b5f-4829-a299-07f773cd5b83,22,3,23,0,0,0,1,2,2
5c43b60b-4f5c-4f17-ac6c-914411f5ccc9,36,3,111,1,0,0,0,0,0
0c24bba0-9e45-4512-90db-948a6cf00221,38,1,55,0,0,0,1,0,1
758282c8-df08-46c1-8389-3a70794c6738,26,3,121,1,1,0,0,2,2
98efba3b-51b1-40d7-aa32-a5c6e25a241e,36,3,35,1,0,0,0,0,1
ab981ccc-1ee1-4b21-818e-27adbaff30d4,35,1,1,0,0,0,0,0,1
f8be903f-b8e4-4e45-915c-ae72aad699b4,23,1,55,0,0,0,0,0,0
b114b35b-379c-46ba-b406-afdd6b197533,38,0,999,0,0,0,0,0,0
689ee56d-e853-4a86-adc3-93c98ea41830,40,1,139,0,0,0,1,1,2
9de836b0-6565-40ac-8db4-127cee0ac42a,45,2,84,0,0,0,0,0,1
9441430a-0d88-48be-a71f-d33e1e31a1e0,45,4,71,0,0,0,1,0,1
6828f50d-a772-4eec-bd4a-93e1878493a1,21,3,149,1,0,0,1,1,2
4c2d4dca-3abf-4f62-a567-314c4780d480,25,1,61,0,0,0,0,1,2
2089da32-f2e4-40e5-9e7c-92ff495439c1,40,3,27,1,0,0,0,0,1
59e40a1f-f4f8-4609-8430-09abc8eba39f,40,4,88,0,0,0,0,0,1
1eaedfe2-b95b-4a44-b6e6-88de571cb28e,40,2,155,1,0,0,1,1,2
9b5fe177-8393-4a59-9694-f2f4c0d3de3d,73,3,3,0,1,0,1,2,2
80ad0dde-bd35-4f6f-b6c9-3bd1fa643476,40,1,172,0,0,1,1,1,2
3691fb5d-a251-4d52-9d6c-fe39a8d94233,46,0,999,0,0,0,0,0,0
935be27e-6c9f-4860-bd9b-9f9c5bc68983,44,1,140,0,0,0,0,0,0
820af632-120a-4d99-bf60-4ceb68423f05,41,1,82,0,0,0,1,1,2
dce1b226-54bd-4138-b3f6-e4820d635cc6,31,3,97,0,1,0,0,3,2
9d4d1d60-1ebc-4d49-aa5b-66cc3ff776ab,42,1,3,0,0,0,1,0,1
256ee9b8-3876-4812-99ca-f2334a9a3ae8,27,4,83,1,0,1,0,0,2
a6bae58c-3345-4b8b-8aa0-575872b8f5ae,32,4,104,1,0,0,0,0,1
f944e02a-c2b4-4d27-9d46-04b0ed4699dd,30,1,153,0,0,0,1,0,1
e6963c7a-6635-4ce2-873d-536c1b0824a0,35,1,107,0,1,0,1,2,2
7a6bfeeb-1911-44c9-97a5-059c0346b176,58,1,101,0,0,0,0,0,0
46720631-f241-4779-a531-c4bb158dd425,18,3,93,0,1,0,0,2,2
6e297d41-d4ec-4a84-b6f7-2850f9f91718,41,3,133,0,1,0,1,3,2
c55933c2-b594-43d1-a2ac-2948f34f0f3b,18,2,76,0,0,0,0,0,1
2f23f6ef-a839-46f4-b2d2-e8d3432de64a,30,2,117,0,0,0,1,2,2
7d5c8c5c-2907-444c-b3ea-d4311c3aec44,45,4,80,0,0,0,1,0,1
6c0d0cce-8355-414e-bc4a-e3ab5ae7ac16,35,1,154,0,0,1,1,0,2
37242608-ee16-47f4-a1b9-d88ffd78bb14,24,2,34,0,0,0,0,0,1
56caa1ab-f851-45c5-a406-9d4421f2f6a3,27,2,83,0,0,0,1,2,2
327b50a0-1a36-4e85-8b32-b8a47f9d37ac,41,2,114,0,0,1,1,1,2
db1c7df0-3b04-4d85-bbb5-0c29bf2b6f70,27,3,160,0,0,0,1,2,2
8f709c21-4f7e-4228-9965-bba293550eab,37,2,94,1,0,0,1,2,2
282cb89c-b36e-4a2d-a362-bf417c5da526,35,1,100,0,0,0,1,0,1
bea32628-6db9-4081-893f-ef69d4384dfb,28,3,120,1,0,0,1,1,2
eb38a3c3-daa1-472e-bb39-ba62b56e1327,56,2,82,0,1,0,0,3,2
1c4a1295-d5c7-4cd0-9aab-9db705f8b2b6,41,2,96,0,1,0,0,2,2
f546fb0c-8bec-4606-92a0-13fd3a6eee34,18,4,80,1,0,0,1,1,2
6f4079d7-1d38-4e0d-ac51-cef7938170b1,36,0,999,0,0,0,0,1,2
e8f1a0eb-7c38-4eeb-93bf-9c7d9a2eeb20,28,5,99,0,0,0,1,1,2
e7d7aa15-144d-43c4-8882-428b9a10b154,43,1,68,0,1,0,1,3,2
6f959435-e37c-4c8d-acd4-248f7f007d00,27,1,39,0,0,0,0,0,0
a028f10c-05e0-47ff-9c5a-012482413f4b,33,2,46,0,0,0,0,0,1
9b5995c3-773b-4a4e-873e-522c493aa5c6,40,1,126,0,0,1,0,0,2
107edfc3-5cc3-495f-8f50-d3ec77b740fe,43,1,172,0,0,0,1,0,1
c0c56e94-5f9b-4c66-bf6d-20ad72269faf,22,0,999,0,0,0,0,0,0
6b82b141-42f7-433a-8023-4e87fbf472fc,31,1,134,0,0,1,0,0,2
4f37ec12-d3c6-4630-927b-ef52b8f566f3,30,1,13,0,0,0,0,0,1
99ceaa27-432e-4ec5-8b99-ae947b881baf,28,1,131,0,0,1,1,1,2
fef7821c-8d79-4eab-8aee-095125e11b69,52,1,113,0,0,0,1,2,2
73f7a678-1d70-4731-8da5-7890a818cc85,39,0,999,0,0,0,0,0,0
a03f0472-3258-4d4e-97e1-09020c9fecf2,22,3,112,1,1,0,1,3,2
655390df-28fb-4ab7-9588-d91e0f18ed19,44,1,79,0,0,0,1,0,1
3e683e8f-1539-461f-b50c-26f59099ef23,56,2,90,0,0,0,1,1,2
4bad80f5-544e-46e6-b996-f2b64763f039,45,1,165,0,1,0,0,1,2
668d0b42-8e8e-492b-8eed-4afbe073ae1c,19,1,147,0,0,0,1,2,2
77afc716-3260-48e6-9579-58c1d8b1ad3f,30,1,45,0,0,0,0,0,0
3591e7d6-6f4c-4ea2-837e-d050488e20bf,47,1,146,0,0,0,1,0,1
b6906e41-8fd2-4f3b-91b8-19209f13e15f,27,4,128,0,0,0,1,1,2
ed21b466-0c01-4f87-90dd-3aa66fd46c96,39,5,150,1,0,0,1,0,2
fc5d802a-c8b1-4f53-97af-ddae2f1e8869,42,1,111,0,0,0,0,0,0
d89d050e-4b92-419f-8994-4ac85bdb1e15,25,0,999,0,0,0,0,1,2
fdc14640-4922-4d72-b291-2e25852ff7ec,34,3,83,0,1,0,0,3,2
98c276d5-5f08-46c9-8ae7-152fa9e785ee,18,4,79,0,0,0,1,0,1
5f0b7599-bc4e-4355-af21-e2b0df5c1898,24,4,76,1,1,0,1,4,2
f8f2ebea-9c3a-4309-9064-e5136c15c912,32,4,160,1,0,0,1,2,2
a0fb7f29-ba80-4ba0-9e70-b765416d6c0d,22,3,130,1,0,0,1,1,2
6e764a5f-a120-483d-aa22-291bda2fc922,51,2,15,0,0,1,0,0,2
3fd85ec2-d9fb-4802-a58c-210118dee069,20,0,999,0,0,0,0,1,2
0b9d86ed-7ffb-4a9f-abac-7b4779cce111,30,3,29,1,0,0,1,0,2
ba4968c6-30ef-4f77-88aa-5b9fdaffd722,36,3,152,1,0,0,1,0,2
e69803b5-6d90-4b31-898d-db60db3aea73,49,2,77,0,1,0,1,3,2
9acae4f5-f2a2-4e38-810e-b2b18428ef3b,20,1,128,0,0,0,1,0,1
2aeb6ae4-2025-4faa-943d-ad39e012ee25,46,2,32,0,0,0,1,1,2
4ad68fe9-1745-49c6-865f-5f7fa48c3ff8,35,1,36,0,0,0,0,0,0
48803433-6113-4150-a7e8-65e74843fac9,25,0,999,0,0,0,0,0,0
05c80900-3d08-4176-be6d-b54021f2b38e,39,4,164,1,0,0,1,0,1
23df66e0-084d-451e-950f-924ba9ce7183,36,1,7,0,0,0,1,2,2
fdb35c1a-45da-4cb3-9332-a1471c66bb82,28,4,0,1,1,0,1,2,2
be22aea1-10b4-4b7d-80b4-bf272f133853,35,2,62,1,1,0,0,2,2
35f8cee4-36e6-41ff-878e-aa84ec51837b,31,1,113,0,0,0,1,0,1
29171b7f-79d4-4ad7-b2f8-6c1c3576052a,36,3,173,0,0,0,1,1,1
d71b3035-37dd-4e9e-99bf-05d02d60a424,41,2,170,1,0,0,1,0,2
890abc17-1833-4c59-bf5c-16af0829c091,50,1,119,0,1,0,1,2,2
63297557-09fc-42f8-823c-dea48633180c,22,0,999,0,0,0,0,0,0
ab7b8dbc-1550-4706-a8c9-f888c6942e5e,56,0,999,0,0,0,0,0,0
9d69581f-0a3b-4a04-bd25-9abea11018b6,18,4,61,0,0,1,1,0,2
b5157531-e539-483f-a4ac-6744fceff691,33,4,85,0,0,0,1,3,2
ae30dada-62cf-4aaf-9658-37004182ca8d,40,3,178,0,0,0,0,0,1
6f940850-5bce-4828-b850-e5c99ca3e644,37,1,44,0,0,0,1,2,2
985a522e-3b4a-4357-9eae-12b52ee7717d,28,1,103,0,0,0,1,3,2
45eee6c9-6557-443c-80a4-df48f6aafee9,32,4,44,0,1,0,0,1,2
93764ffd-0f80-42fa-8919-decd4cff1e28,30,1,84,0,1,0,1,3,2
1bd9bb77-9886-4a78-ad7e-8f7306ba7ccc,29,3,94,1,1,0,0,2,2
c8d814b8-f9a4-4de6-b07b-d9caa1d1b355,43,1,23,0,1,0,1,3,2
2e5d2f7a-1797-4e1b-84c2-eff8707b9fd0,38,3,112,0,0,1,0,0,2
8f5baacd-4683-4a90-ab79-d7de17197e32,28,2,178,0,0,0,1,1,2
f25ae83b-d8ab-4533-98f7-73716d20bebd,43,2,72,1,0,0,0,0,1
f266373d-b046-4241-88bb-e140a698a415,38,3,20,0,0,0,0,0,1
11290b4c-00a1-4b78-86ba-fa2049a5fbb4,43,3,46,0,0,0,0,0,1
43c74a59-856f-47ab-b39b-10fa7f44bb7b,41,2,149,1,0,0,1,1,2
b31e60c3-bce0-4aea-a444-fdc95dade80b,26,1,156,0,1,0,0,0,2
e3d2bd85-e2cb-4e72-ad28-badd5942a8ee,29,1,39,0,0,0,0,1,2
cd6c4282-d593-48ac-a017-09e45410ab0e,42,2,130,0,0,0,0,0,1
ddcea283-0018-4c02-bffb-82b200fc1ade,41,2,176,0,0,1,1,2,2
4e78a117-f913-4f39-94bd-3650afd0beb0,34,3,24,0,1,0,1,4,2
8d17f65a-bc6a-4f6c-b149-e41ee9a49d9a,36,0,999,0,0,0,0,0,0
ab11d0ce-11d2-4edc-a6c6-5959c8692736,47,4,10,0,0,0,1,0,1
828750f8-5923-4784-b921-7c6b9033dfe6,29,3,93,0,0,0,1,1,2
c10da087-a8c0-462a-83df-e7e61e5d283d,40,0,999,0,0,0,0,0,2
c66bb513-8710-48e4-84a4-890b2a918306,32,2,87,1,1,0,1,2,2
d26b088e-e85f-498e-91de-10b763439e31,32,0,999,0,0,0,0,1,2
3f694613-4f26-439f-b145-7154aa730eba,45,2,159,0,1,0,1,4,2
52327cbe-0afe-411c-92fe-1700af5cdeba,43,1,130,0,0,0,1,0,1
e30033b7-41e8-49eb-89e5-46c294aa4cc3,43,4,172,0,0,0,1,0,1
5789dd7e-d93f-4171-9574-93430534f39c,48,1,88,0,0,0,1,1,2
3785aafc-4e2d-42af-bbf2-40216e858533,35,0,999,0,0,0,0,0,0
0b3e42c7-95e6-4cf7-b2a5-c28f0a597fa0,41,2,108,1,1,0,1,4,2
e016b598-1f3e-4cbd-86c4-4cc8d08a7bd7,31,2,19,1,1,0,1,3,2
44c770aa-c328-4a78-a30f-b166080ed179,38,1,147,0,0,0,0,0,0
cea76653-24c3-4299-b9f1-f1c5f60dd62c,33,2,50,0,0,0,1,0,1
0adf43ae-08d7-4f1d-b374-a3863e254c1d,35,3,80,0,1,0,1,4,2
7327e7b0-aa86-4713-96e8-6ac4e434cfc2,40,2,19,0,0,0,1,1,2
c494b2b5-b30d-435b-a801-1511e65e38ec,26,1,120,0,1,0,0,0,2
d4ec4787-c240-49a0-bdbb-474943598630,55,0,999,0,0,0,0,0,0
1d2cf7c9-8a5c-47d6-9a1e-7e836c6628dd,24,2,79,1,1,0,0,3,2
f8e34455-056f-4ede-a383-d03378072936,22,2,31,0,1,0,1,3,1
ca0d03b9-d7ec-41f0-a5f9-e02e4d2a7592,46,1,169,0,0,0,1,2,2
6ee726b9-60be-4981-8f3f-056a11d7d945,42,3,121,0,0,0,1,0,1
4ad60e4b-93ba-4154-b363-478adea96321,41,1,166,0,0,1,0,2,2
a51503f4-5f03-4b7f-ab25-66433e47e4a1,41,4,165,0,0,0,1,1,2
501b5e04-7bc8-4ab9-95e8-28b688d3d8be,34,3,3,0,0,0,0,0,1
fcce2d92-b042-43e1-b5e7-c69bf813fb23,26,4,123,0,0,0,1,0,1
9f4f60ea-82e7-48f8-9f72-8549f619cfe2,35,3,60,0,0,1,0,0,2
72635fbb-25db-4204-bfc2-30e5b29ad895,28,0,999,0,0,0,0,0,0
1d43191d-2461-47da-aaef-b9f7cabe5ab5,44,3,132,0,1,0,0,2,2
7b05dfb8-1f1b-4620-9948-fa46c199a269,33,1,44,0,0,0,1,1,2
1993465e-6545-42fb-b581-76e5378ed223,26,0,999,0,0,0,0,0,0
845e5d4b-aa57-432c-9fa9-695f24db6b3f,31,2,87,0,0,0,1,1,2
acee2062-991c-46f6-a3dc-709d6f2e33c0,39,3,130,0,1,1,1,4,2
872b6944-6500-4136-8a4a-52f14ec109a2,29,3,22,1,0,0,1,2,2
73bfc9cc-00bf-4adc-ad85-a63481fd55b2,26,0,999,0,0,0,0,1,2
407f3c2c-6323-4a3c-90c6-5f4d4c4de677,37,0,999,0,0,0,0,0,0
8f6a93ab-bc87-40b5-89c1-9151c7238a64,37,3,162,1,1,0,1,3,2
9298465e-f546-4651-9eaf-859391cb22f1,29,2,5,1,0,0,1,2,2
eed93c31-60c3-4e2b-97ab-a5ee75a41153,30,5,69,1,0,0,1,1,2
ece63162-9f57-4882-b69e-c2bc804a606c,37,3,167,0,1,0,1,2,2
fb7f650a-d368-48ea-becb-0b10f89c95ef,20,1,34,0,0,1,1,1,2
aaa61606-fc10-462b-939c-562832fe808e,20,1,140,0,0,0,1,2,2
ba34aed7-e649-424a-a56c-1b3ec1d59d17,27,1,24,0,0,0,1,0,1
0fb5af67-0454-463f-8471-caa19baf2422,32,2,80,1,0,0,0,1,2
7dcfd3a8-5d1e-4b96-b904-4575c50d61a7,38,0,999,0,0,0,0,0,1
1aea9fdc-3fbd-4a81-9b92-3c6fa386d428,49,4,67,1,0,0,1,1,2
0f51ef06-9f42-4ace-928a-5de84007a023,43,0,999,0,0,0,0,1,2
507f36fd-8083-41ba-a4e8-731e744d152f,33,2,117,0,0,0,0,0,1
572ea88a-1c21-49cb-a119-cbd885802708,34,2,174,0,0,0,1,1,2
0eb1db13-ad95-453b-868b-ea9242c45e29,24,1,54,0,1,0,1,3,2
d48a961e-7389-42ea-9c19-1dac42cafcd3,34,1,170,0,1,0,0,4,2
f448b858-f790-4c3e-ae5f-098811f1a690,32,3,1,0,0,0,0,0,1
c9b3b4b2-8e39-4e3e-ac6f-761931d36854,38,2,44,0,1,0,1,4,2
7817dece-5bb9-4e49-87a8-6b31b9c599d1,26,5,175,0,1,0,0,2,2
234a67d8-229e-4304-a0ff-891ff552b1e6,40,1,61,0,0,0,1,2,2
977af657-c936-495f-a076-52f7f603ee80,50,4,165,0,1,0,1,3,2
6fd940c0-0e39-4a52-a2b6-76b2117175a0,33,2,46,1,0,0,0,0,1
4da98013-c912-47b1-a034-b2c512aae890,39,2,3,0,1,0,0,2,2
9ce8426b-4e83-40e1-877c-1e029b42b08f,41,2,48,0,0,0,1,1,2
3c2b8a41-53bf-4428-814b-f7e814b91b7e,30,4,75,0,0,0,0,0,1
50c8dba3-fb1a-4822-a780-ed08ca652c7f,37,0,999,0,0,0,0,0,0
68c9d8a0-4b3a-4636-82a4-9bf3a07774c7,35,1,43,0,0,0,0,0,0
85f2fef1-4de7-4318-bab6-099d1c2ee851,35,1,93,0,0,1,0,0,2
a5965621-df5c-432d-8536-bf0857def01a,27,3,84,0,0,0,1,0,1
b7f87107-7f6c-4085-8dc4-8b6c1861bc95,35,1,55,0,1,0,0,1,1
274414cf-343e-47c6-863b-f3b50f07d3a0,39,1,41,0,1,0,1,2,2
1a00c72a-b2c8-4c3a-976a-c810419d87cc,49,3,49,0,0,0,1,2,2
e8b03c4b-b315-4981-a8e0-0800c35e2d54,44,2,32,1,0,0,1,3,2
c9824f3b-1aaa-4f11-ae3b-db237c06657a,56,6,90,0,0,0,1,2,2
aff019b8-4b87-4200-a52f-fd605aa4c9f2,27,4,66,1,0,0,1,2,2
40987f86-60de-4b4f-a1e8-9e7f2dc4e0a8,43,1,103,0,1,0,1,2,2
fd1ec1f6-6e50-48f8-933d-5605c4178f00,36,1,41,0,1,0,1,2,2
639cfaac-e9f1-4a26-93ac-b61f4e64cc09,56,1,43,0,0,0,0,0,0
c4d4f68a-45af-44ed-877b-d18a41ce2e53,26,2,99,0,1,0,1,3,2
2296bb80-8e11-4a35-914f-9b2d0c79f852,26,2,35,0,1,0,1,3,2
b2ecc8fd-379d-47eb-8ca9-2e0665e0b477,29,7,168,0,0,0,0,0,1
7d72f454-b595-4927-9d7d-af61ae18f310,18,3,122,1,0,0,0,0,1
51f4f873-c5fa-4791-bd83-f36f63b731ff,29,1,115,0,0,0,1,1,2
71e9f059-95cf-4832-873a-581c3218a259,27,1,2,0,0,0,1,2,2
2fe259cc-5a09-4242-8d26-fc8042f2c775,36,1,113,0,1,0,0,3,2
4023bc93-4734-40df-ac69-b6df42b9230e,38,1,55,0,0,0,1,1,2
111b13ee-52c4-43b3-bd1c-aa52c4212bb8,53,2,38,0,1,0,0,2,2
ceae502f-c7b9-4a33-ad97-98e89a3d5c7f,44,2,167,0,0,0,0,1,2
edf96d00-c6ab-4b70-aa7d-78181c742cb7,29,1,38,0,1,0,0,3,2
5f4dc37a-57a5-434c-a524-4cadd9c0b128,26,3,154,1,0,1,1,1,2
80087953-10fe-411f-845b-479d21f008cf,39,1,107,0,0,0,1,1,2
1066b564-f368-47bf-9b6f-49e9210e45a7,21,0,999,0,0,0,0,0,0
39bd9f23-abae-411b-9add-245c2928f6bd,53,2,99,1,1,0,0,2,0
348e4512-ce4d-441f-893e-6402497c4a85,46,5,93,0,1,0,0,1,2
d40babb8-4fa6-417a-abf6-b199a803eea2,30,2,64,1,0,0,1,0,2
bdb1ca80-87ea-4c19-a2cb-64463e7afb8b,18,2,2,1,0,0,0,0,1
42b4f0ae-35de-46ed-a792-d08b0635b243,48,1,126,0,0,1,1,0,2
d895afd5-0959-4c97-8276-12b04bd5198c,33,3,130,1,1,0,0,1,2
491381b4-6901-40d6-92f9-9cdeb61a962b,47,1,36,0,0,0,0,0,1
b7df3246-b2ce-4723-9dec-6096cf609c3c,19,1,97,0,0,0,1,1,2
55858c87-776e-46f7-9765-9e2c49dae4d1,29,2,147,0,0,0,0,0,1
e8f32cd0-4fcc-42cd-87e0-a3c02eb438a4,35,3,138,1,0,0,1,1,1
9d906142-aa0e-4516-897a-f6fd3692e48f,35,1,82,0,0,0,1,2,2
bc2be522-097b-45ae-9e60-32299ebdc7c9,30,4,151,0,1,0,1,4,2
6171d126-8e04-4b28-87b8-52a4971ca945,41,3,64,0,1,0,1,5,2
e5804f9c-6015-44ba-882c-e40b15d9d535,24,3,120,0,1,0,1,3,2
26dd6448-2edc-4d2a-921d-0b0363fa1bd7,33,2,82,1,0,0,0,0,1
808ed04b-c1eb-42b9-8f6e-444d22407c5f,36,4,115,0,0,0,0,0,1
14b41c9f-04f2-4817-a7e3-d081c1d19ac6,40,3,121,1,1,0,1,3,2
76652e11-ea90-413a-be2f-493437fadfca,42,2,73,0,0,0,1,2,2
5dcc3116-80ba-415d-bdab-b5efce11b0ee,23,3,159,0,0,0,1,1,2
6784c2f7-29ee-4570-9ae8-2a02e9193337,19,2,100,0,0,0,0,0,1
93c4367c-bf9a-422f-9efe-b9c13fc51f79,47,1,35,0,0,0,1,0,1
bcf8d05d-cada-4734-9955-3bd1ed4a4f84,38,2,65,0,0,0,1,0,1
a873d6b3-719f-4b0f-a45d-375b6676a3d9,27,4,164,1,1,0,0,2,2
ffd62101-815f-4509-b580-f7d776d96c68,50,3,13,0,1,0,1,2,2
acb40213-7273-49fa-ad71-340c29ff0135,36,5,45,0,0,1,1,1,2
3341ef08-7a41-444f-b506-d9d7e49f051b,46,2,49,0,0,0,0,0,1
3304e843-ef06-4f50-882d-21172cf2541c,35,0,999,0,0,0,0,1,2
c8f4ff12-59a8-4864-987c-7d728d367ac9,55,1,125,0,0,0,1,1,2
3bdc1d9e-b00a-4a9b-a004-56054e7eefd4,52,1,144,0,1,0,1,4,2
6b340e5f-9938-4724-ac7c-9cc31867691a,32,0,999,0,0,0,0,0,0
52a6c53c-ebc9-41e6-84db-b8b8ea4b44c2,44,0,999,0,0,0,0,0,0
e49ea1cd-adac-4c57-93ae-cd3096e3aaca,41,4,53,0,0,0,0,0,1
86395f88-da71-4e98-aff9-b67ce5166a1f,48,2,28,1,1,0,0,1,2
69f43166-15c8-4a40-95af-8cab89c57d51,25,4,12,1,0,0,1,0,2
8748df1e-14b9-4227-9946-feff4966e717,41,1,176,0,0,0,0,0,0
56dd178d-4188-4017-80c8-ad95ef468434,45,1,24,0,0,0,1,0,1
2c42c251-b1d2-4fd7-adf9-75c21772501a,18,1,87,0,0,0,0,0,0
892cdeab-aeb5-46f7-b1f9-883e26fcadde,23,6,99,1,0,0,0,0,1
1df1291e-c659-45a8-b9b0-a9886a5156f9,18,2,150,0,1,0,0,1,2
bcc14f89-0a31-40da-9e1b-98c19f97ecdd,32,2,25,0,0,0,1,0,1
7911fea4-0270-4d68-bae5-906e7fec8f44,42,3,47,0,0,1,0,0,2
3ff907ea-bd63-4439-9dee-c60de68e825e,50,6,163,1,1,0,1,3,2
e36fe231-5192-461b-ade6-ec63edfa8ccc,35,4,133,1,0,0,1,1,2
7822ffa0-dddf-42bc-b756-cc6347ab3b30,51,2,73,0,1,0,0,3,2
8fc86ab6-901c-4f13-9e56-404cf8857113,21,1,166,0,1,0,1,2,2
ec2b5b9a-b62a-4d14-a155-aa350711f47e,18,2,56,0,0,0,1,1,2
f7f405e8-6a36-4fd5-b00e-705eff7ac3c7,34,2,90,1,1,1,1,3,2
bf558d33-ab02-48f3-940b-5913d80fc13d,38,1,137,0,0,0,0,0,0
2c7f31d6-b910-456f-969c-9bc1839e4014,34,0,999,0,0,0,0,0,0
44d5cc00-b93a-476f-bc9c-305a37f6a50c,18,0,999,0,0,0,0,0,0
c5a52871-98b4-4f99-b105-caf0d2e626f9,34,1,71,0,1,0,1,3,2
e1d9989f-f3a3-441f-af48-95470cde0a22,21,2,26,1,0,0,0,0,1
f457342c-8ac9-4818-80cf-b7c8cb2cfc5c,41,4,45,0,0,0,1,1,2
e35dc441-ae37-4b54-a1a7-d933bdd14c40,38,0,999,0,0,0,0,1,2
4690caf1-410c-4c48-b6d9-8bc86f236aab,25,4,169,0,1,0,1,1,2
2529a1dd-025a-4584-bafa-d8892977188f,29,5,40,1,1,1,1,2,2
460af241-8961-4b77-aa09-a81b2af9bc89,24,2,161,1,0,0,1,1,2
51178892-f3b0-4f99-a21e-bb8d45e092f6,34,1,92,0,0,0,1,2,2
22ee84bc-d0b2-4954-8974-deb14e3dacab,44,2,157,1,1,0,1,3,2
f1eb4e09-691b-42a5-ab59-a030dc71b6b2,25,1,171,0,0,0,1,1,2
c815d5e8-ca80-49d0-ae12-ffd56445d733,40,1,0,0,0,0,1,0,1
ae80e302-ad78-476c-8841-a47982814913,29,2,172,1,0,0,0,1,2
86a276c0-1d2d-4910-83c1-1216003df852,27,0,999,0,0,0,0,0,0
4d1f6c71-01b2-427a-ae0e-07777c92ea6d,33,0,999,0,0,0,0,0,0
267133a2-f846-4f39-8d0d-260b3fbec9c4,24,3,149,0,1,0,1,3,2
ac56219c-d118-4e3a-b4f2-da5c78bf180e,29,2,14,0,0,0,0,0,1
66ea695c-c58b-4078-8d2c-cb392d7b4695,23,2,83,0,1,0,1,5,2
d5977d28-f559-4b9e-94cb-49fff20f6036,54,0,999,0,0,0,0,1,2
73be4a82-a23e-4d02-97d4-1dc9d1068404,35,1,22,0,1,0,1,2,2
d496f80a-2a90-4929-b8ec-232ee222337c,28,0,999,0,0,0,0,0,0
439ded45-b4d9-4fbe-b10e-527c754397f6,37,1,34,0,1,0,0,3,2
5705d467-a95b-4232-b3a3-7b462a1b6dbc,33,0,999,0,0,0,0,0,0
c0ce6f6f-7e03-41a6-bd13-3d26047d48bd,32,2,153,0,0,0,1,1,2
7c44817b-54cf-4a71-8f4a-885033b64cee,41,3,30,0,1,1,0,2,2
696e9b79-8ed8-4dd5-a393-cb6080b31072,42,2,139,0,0,0,1,3,2
44c2df54-6eef-4d96-9a41-d09e60e4272e,29,5,82,0,1,0,1,3,2
96845be2-f4a2-43fd-b295-a8ed2b7712ac,29,4,43,0,0,0,1,2,2
e182e2ff-e083-4941-9ea2-cb706b91ce32,32,2,57,0,0,0,1,0,1
967a89e7-086c-4731-8291-9963e0642dc0,18,1,140,0,1,0,1,1,2
499a0a7c-fbb6-48b3-a43b-97d42f956825,19,2,60,0,0,1,1,1,2
019a06b4-6cbf-4650-886a-7d64a918a411,48,1,67,0,0,0,1,0,1
96c725c6-fb32-45cc-b5b6-873eb254249f,51,2,178,0,0,1,0,0,2
4c5a7374-06f3-4e1b-a040-fbf60f53f4b7,32,3,124,1,0,0,1,1,2
c4dd7be1-a8e0-428d-b4ea-86678cccc6ee,40,2,175,1,0,0,1,2,2
70a0f645-c0fa-4798-829e-07c0e3b78a24,38,0,999,0,0,0,0,0,0
fac5e3c8-2c7a-4a0b-82eb-5063eb76d543,65,3,71,0,0,0,0,0,1
8f8e9b18-6e9f-456a-89cf-7e986a02be27,46,7,71,0,0,0,0,0,1
24d17f33-7ef0-4913-a491-dbbf405475dc,33,2,119,1,1,0,1,2,2
70788eae-2292-491d-867a-271a903b2aa5,25,2,50,0,0,0,1,3,2
cb913ad5-a4e9-4fb6-b6ab-dc9de8c5b78a,18,2,151,1,0,0,1,2,2
bcac2504-8573-453e-b86f-6539dfdc90d4,37,2,85,1,0,0,0,0,1
91e06d25-9992-4e79-87aa-ede3cf34a972,27,2,167,1,0,1,1,2,2
c8fac4a1-6aa6-4abc-bfc6-001ceaa38363,20,1,156,0,0,0,1,0,1
8a687368-f7a1-44e6-8f15-8d3ec94976ff,28,1,72,0,0,0,0,1,2
48eac6a6-2aed-405f-8f34-46de4ac2df39,24,3,144,0,1,0,1,3,2
a30454bf-f4b9-49cb-afd1-5ba4ce499caa,51,3,0,0,1,0,0,3,2
d823df1f-e4e8-42c8-afb5-0418b9b11b8b,43,2,107,0,0,0,1,0,1
b5e2eff6-a6ed-48b5-bca3-c5fab69796d7,34,2,95,1,0,0,1,0,2
a81c1b8a-989e-4c3b-b014-a8e6c059365a,49,2,0,0,0,0,1,1,2
9c20bd63-cf0e-4351-a03f-cd105502c9f0,35,0,999,0,0,0,0,0,0
c9601754-46c0-42f9-9dcb-c4d6a1431438,26,3,168,1,1,0,1,3,2
64c56fd4-f867-4d85-bb10-7aa53de1d879,50,2,150,0,1,0,1,2,2
33c9ea72-0831-40ee-9246-8b33184da03d,40,2,17,0,0,0,1,1,2
40c299c3-4dc0-4ed7-ad3a-809c89172229,24,1,94,0,1,0,0,2,2
ce9e0ed5-5b06-4220-8ad5-a95fe1c297aa,33,3,155,0,1,0,1,5,2
9fc33e62-b919-4973-8b46-54bdb489d25f,26,5,115,0,0,0,0,0,1
dad98573-b8a1-44d1-a13e-cdd476a6cfba,21,0,999,0,0,0,0,1,2
f32e8e1e-a7d2-4cd4-8450-f2851d6ebc8d,44,0,999,0,0,0,0,0,0
d897c565-cd96-41e7-8421-58ebe923f6c9,54,1,87,0,0,0,1,1,2
342d82ce-7e72-48ed-93b5-096e080ecbf7,21,2,48,0,1,0,0,0,2
d3cdf185-9869-4959-8e54-8f1ee9fcfacd,40,2,96,0,0,0,1,1,2
426848cd-63ce-4735-8584-ff0a81d5b9b0,28,1,15,0,0,0,1,1,2
48b5c8c3-a24e-4585-8621-823b15e5f5ff,30,5,114,1,0,0,1,1,2
14bee2af-2d09-4692-898e-785ed1f29434,29,0,999,0,0,0,0,0,0
73c73522-aeb3-48d1-a04e-e7e3cee57d70,26,1,91,0,0,0,1,2,2
aa364fe1-09ff-4613-b5b5-0fe18ba6b519,35,2,163,0,1,0,1,2,2
5be0f599-6156-4a96-ab0d-a3949108eca3,26,2,134,0,1,0,0,2,2
19062456-59e1-420a-92b0-136391570b87,37,3,33,1,1,0,0,4,2
4985c20f-4be4-43bb-9ca3-511f6069516f,34,0,999,0,0,0,0,0,0
9a53f3e8-c566-46db-b39e-03d2f546cf5f,32,2,121,0,0,0,1,1,2
7c7ad93e-1289-4378-bc7b-6131e2dbeece,25,0,999,0,0,0,0,0,0
f2aa06e5-f1f3-4128-bfd0-722988c27d15,29,1,3,0,0,0,1,2,2
68e2b12a-73e5-4918-bc20-2c19fdd65480,42,4,117,1,0,0,1,1,2
09ee09b8-72d9-4d2e-b18d-0152ee8be36b,40,6,25,0,0,0,1,1,2
b19fd8d6-b1c0-4672-8bd3-94d58db729ea,25,0,999,0,0,0,0,0,0
06e88230-7eb9-47d3-9f13-a2509a772d7a,35,3,118,1,0,0,1,0,2
4c5f8808-3db5-4329-9f72-fc0ecf335ebf,42,0,999,0,0,0,0,1,2
1d3a00b8-ba92-4c9b-8ac6-ed3451abc952,18,0,999,0,0,0,0,1,2
d6109338-b133-4376-a17c-aa61627ddba6,40,1,137,0,1,0,0,3,2
9c5adcea-752e-40e2-ac83-68fa4a4cab48,28,4,7,0,1,0,0,2,2
602e81ba-cd40-4aca-af86-c72a4e87ad5f,40,3,145,1,0,0,1,1,2
2061b718-b499-4057-879c-85bcd40d4f6c,27,0,999,0,0,0,0,0,0
4d13d9e4-07c1-4032-a9d2-30973bb3f2b8,18,0,999,0,0,0,0,0,0
4dbed960-3884-4a04-8709-961f0f185868,18,0,999,0,0,0,0,0,0
a0d390ad-05b4-4788-a700-3a0625f743ce,35,2,94,0,0,0,1,0,0
5e1290c9-ac1e-4769-b0f0-ada8cb849c93,37,4,166,0,1,0,1,4,2
44a7c919-f557-4e8c-9531-09a9809d3205,25,2,60,0,0,0,1,0,1
0ac4a21e-a47c-4298-969a-28ec39e4422b,41,3,115,0,0,0,0,0,1
09458294-8fae-40d4-b0cf-6ab3684f2065,18,0,999,0,0,0,0,0,0
a9a6e58b-afa7-4a43-9b7d-b5b6bfa482b8,34,3,80,0,0,0,0,0,1
0e5137c1-172e-44e3-8908-b43a29a85aa1,22,5,106,1,0,0,1,2,2
7c09969c-840f-44f5-861d-888c47acc65e,28,2,34,0,1,0,1,1,2
d471a670-b9e1-42a0-89b2-d2f220afb637,35,4,117,1,1,1,0,0,2
41eced3e-edcb-4693-bc6b-b35b5d4ad828,26,2,97,0,1,0,1,1,2
3a349dc7-abd8-427d-874e-dcc969c5800f,31,3,71,1,1,0,0,1,2
18aa135e-e060-4f4a-aa57-e8a967e10cf2,45,1,14,0,0,0,0,0,1
35ea4ac2-0816-407d-bf16-66b830bbf751,29,1,35,0,0,1,1,2,2
568fa6be-7652-4206-8011-f812fde6094f,43,1,121,0,0,0,1,1,2
8a285124-8d38-426d-a1a4-0771ebb36b80,23,5,54,0,0,0,0,0,1
704a09dc-4dbe-43b4-b433-86d955b00e2b,40,2,164,1,0,0,0,1,2
e0f35611-2afd-42ac-8eec-ff5bbc173291,49,3,61,1,1,1,0,2,2
33d981df-8330-4ccb-aa15-221fd8c2744c,18,0,999,0,0,0,0,1,2
f0f015d2-cf4f-493f-84fa-c039d3523fbd,27,1,166,0,1,0,1,2,2
f3fc6b87-26f6-4b64-98d6-ee0246aa678d,40,3,97,1,0,0,0,1,2
525f85e9-0534-42a2-bdd3-edd1721f1064,32,2,11,0,0,0,1,1,2
22a8d3fc-f458-4709-81d9-9e5522f5a0d3,38,1,71,0,0,0,1,1,2
02277836-2081-41f3-9d31-aae925b0981b,28,1,135,0,0,0,1,3,2
3ab56573-fd2d-4f24-a66f-6e6546080699,35,1,40,0,0,0,1,0,1
31015ac8-47db-470f-90f1-2a793b331280,33,1,68,0,0,0,1,2,2
c9854610-1034-4d7f-9b87-e1162ceeb35a,46,1,108,0,0,0,0,0,0
a090d030-d157-4b27-a056-7e485454b0d1,37,2,2,1,0,1,0,3,2
81f725fd-8920-4882-b962-411c29deb4f5,38,2,42,1,1,0,1,5,2
aee6a44a-a1cd-461c-ad75-d86d955aa057,30,0,999,0,0,0,0,0,0
6383a987-d3aa-4653-b2a5-2b313ca09aa7,30,1,85,0,1,0,0,2,2
2f8522b4-4583-4544-b680-2dc372fbcf50,30,1,24,0,0,0,1,0,1
a24382d3-a933-4830-bd96-ff5b562ad65e,38,4,3,1,0,0,0,0,1
6fceeaf2-4cca-4a50-bfa7-166f8289c570,30,1,36,0,1,0,1,4,2
6fc1be9d-89c9-416d-a847-a24ebf4ae3c3,37,1,135,0,1,0,1,4,2
bff532c5-68be-4c54-8650-229d99d1b376,55,0,999,0,0,0,0,0,0
24af4fff-0864-4c71-94ae-8bf8c4cfd718,43,0,999,0,0,0,0,0,0
187a25b0-54f8-4573-830a-33a24171c831,31,1,128,0,0,0,1,0,1
bd81f5f6-6c28-4e1d-9053-dda5c7148ddf,47,4,107,1,0,0,1,2,2
76cfdec4-e6ad-4602-a467-63a80eef020e,30,1,140,0,0,0,0,0,0
49d406d3-7f11-4dc8-83a9-bdaa33da767f,18,1,15,0,1,0,0,2,2
9f0ff600-b3e6-47b3-b324-f7a5e3bd25d2,24,1,171,0,0,0,0,0,0
e08988f9-47be-4e83-8a00-b49032063496,18,1,64,0,0,0,0,0,0
d16a8b0a-9d5f-4ced-8970-81740413babd,31,1,13,0,0,0,1,0,1
fc463d8f-4796-4263-98a2-60bed33e40a7,35,0,999,0,0,0,0,1,2
150a3014-98e2-4e98-91a8-e33b0819050f,51,1,25,0,0,0,1,2,2
4c1993f7-2a5a-45e1-a999-0149c14378fc,38,1,110,0,1,0,1,3,2
0b192638-4f22-437d-be79-a8d3c2113fa0,32,3,159,1,0,0,0,0,1
5d265a12-a289-4fb2-abe9-b5f68ee3bbe3,43,5,129,0,1,0,1,3,2
552a42c9-e794-4dd5-bcf9-d4cfea80fdec,18,7,15,0,0,0,1,3,2
d936e701-815e-4e47-91b7-432f6b8e0b20,37,5,176,0,1,1,1,5,2
3422ae38-cb65-4f45-904c-862e89349a2b,42,0,999,0,0,0,0,1,2
5bb882c5-c5de-49a0-a005-ef3d14f9c98a,20,3,22,1,1,0,0,3,1
dff7f2c3-6de3-4f0c-9c55-fd24e56c35a2,46,4,93,1,0,0,1,0,2
0fb64dc5-d6a0-44cf-8504-c287e84bb2cc,38,1,59,0,0,0,0,0,0
a2425eef-6ce5-4d2b-b79a-3966615ed542,30,1,147,0,0,0,1,1,2
e35b374c-06a1-4b75-bc34-ada82b4b8bf4,41,4,73,0,1,0,1,2,2
c6fec99e-40bf-4918-ad39-32305f0d5c83,57,1,145,0,0,0,0,1,1
614a4234-6a02-4629-ba37-aacf27960d30,36,0,999,0,0,0,0,1,2
302ed1ea-fda4-43bf-a490-64157f93cc06,37,1,58,0,0,0,1,1,2
a73734dc-1d8d-418c-9f8d-e3ddcda83f36,30,2,158,0,0,0,1,0,1
3ba0f5c3-599f-4101-bb31-c2e0c5b02b05,26,0,999,0,0,0,0,0,0
cadefd4a-f6bf-400b-83fe-d4129b6a5971,43,3,154,1,0,0,1,3,2
390343ad-259e-4daa-9282-45c3ef5b351c,26,2,123,0,0,0,0,1,2
91c94ac0-9c5b-4fa2-ade2-1262a0c38bc0,35,5,17,0,0,0,1,2,2
95f9d706-ac74-4f40-9f24-4a35176a603f,30,3,107,0,0,0,0,2,2
7ec3245b-5977-4c6f-a493-fa1c579129e6,39,3,18,0,0,1,1,0,2
95e7da31-7d25-48b8-b7f8-91c346986742,38,1,166,0,0,0,0,1,2
8b659939-abb2-4ef3-b024-45ea9fc8550a,45,2,65,0,0,0,0,0,1
86260b0b-86eb-4ed3-aa1f-2391cf89c044,29,4,77,0,0,0,0,1,2
698f9bcd-5bde-4857-8a79-88e06405ae19,32,2,99,1,1,0,1,3,2
733c2253-de41-4ec1-b3a9-e7761686efeb,25,1,106,0,0,0,1,2,2
5661b147-1cb9-461a-933e-b5e2e77598e2,30,2,118,0,1,0,1,3,2
b0fabebe-0b07-4dd7-ac7e-f17b80aff199,38,5,45,0,0,0,1,3,2
0d80942d-d9e1-4daa-a35f-03d2717cef0d,42,3,165,0,1,0,0,1,2
28999544-c1bc-440f-9f55-541cf95e8b46,25,1,156,0,0,0,1,1,2
912c2c9b-53c6-4e0a-90bf-30e97a2b3f31,43,4,90,0,0,0,1,2,2
ffd0c924-5554-4730-a7e0-4d608b588289,48,0,999,0,0,0,0,0,0
f250277f-4cdf-4a17-a5d6-a1af7a6ec814,39,2,179,0,1,0,1,4,2
304be817-6d6e-440f-a587-818990a6d682,53,2,175,0,0,1,0,0,2
32100fcf-ba28-49a4-a013-d1abc9c248a6,27,2,175,0,0,1,0,0,2
c6f3a7db-eac1-45e6-807e-70a60b2b21fb,22,5,81,0,0,0,0,0,1
c471ecb0-41ec-41e0-99f7-bc8865176131,18,1,7,0,1,0,1,2,2
abdc535c-af54-4888-8d51-83e86e6489cd,49,1,73,0,1,0,1,4,2
9d29149b-efb9-4b9c-86a7-0ad866cc2f9c,41,1,87,0,0,0,1,2,2
a8415fb8-1bda-45d6-ae29-d2a7cf5a7871,34,1,66,0,1,0,0,1,2
a199c385-a419-479e-8799-584761d88477,37,2,124,0,0,0,1,1,1
fa91581b-03cb-4dcc-9d7e-30e65bc9d7d7,23,3,13,0,1,0,0,3,2
61ef7bf6-b09e-45a1-95ed-2dc22df8bcf6,59,3,46,1,0,0,1,4,2
ef584a4c-daec-4ac0-8ff2-e00edf0dbadd,36,2,23,1,0,1,0,0,0
cb6298d0-df63-451c-b165-b89c2cb55e27,36,1,90,0,0,0,1,1,2
667c869c-af78-41d2-8d20-c11d96ac9f85,42,1,161,0,1,0,1,4,2
cea8cae4-51c5-4dc1-a5e5-08dd423c14d0,39,4,30,0,1,0,1,2,2
0cf22f8d-8987-4ae2-be88-1ddf134049ac,37,2,47,1,1,0,0,3,2
02409188-9e4f-4541-9618-5964ef8be7b2,27,1,44,0,0,0,0,1,2
5236f4fd-93d3-4f06-a0a4-a882779b36c8,39,1,156,0,0,1,0,1,2
141d37a9-0382-42f2-8e28-a6ab68a6078a,53,5,118,0,0,0,1,1,2
c605791b-ebd5-4931-91e6-bf4c0f52f8e4,48,1,156,0,1,0,0,2,2
5ef6ca8b-e913-4fe6-a081-bbe84fcc8e99,50,2,109,1,1,0,0,1,2
5cfd376b-a044-4370-8106-bcbe02b51940,29,4,47,1,0,0,1,2,2
1184c03d-42f0-412c-807f-f3c3e0a4d945,25,2,139,0,0,0,0,0,1
3f450900-a08d-4df9-bb4d-837cd466f5e9,33,2,154,0,1,0,1,3,2
4a2494d9-ea58-4efe-ac6f-e3b89dab1643,35,1,174,0,0,0,0,0,0
14b2582d-2ecb-49ac-a215-b6382fc8c2d4,45,1,36,0,0,0,1,2,2
53a112f9-1c76-4319-ad40-df67b3b0500d,18,1,125,0,0,1,0,0,2
a8297546-edc3-4160-908e-9d5ff2233234,50,2,44,0,0,0,1,1,2
e3acc605-4256-45a2-8c73-fcd8f04dd26a,33,2,17,1,1,0,1,3,1
a9674f17-a5f3-45fd-9d98-150529a0dfc1,30,0,999,0,0,0,0,0,0
6fc4bcb7-5a70-46d6-bc2c-08348f253789,24,3,72,1,0,0,0,1,2
eb1c55df-ad3b-445b-b635-16cd6aecfeb9,18,3,28,1,0,0,1,2,2
b3e715ff-292d-46ce-816d-d88d4e8cce3b,43,1,55,0,0,0,0,0,0
cc440878-68b3-4b37-9292-4b3830dfe06a,35,3,19,1,1,0,1,2,2
e14ee1e7-6a6b-40b2-b555-316b5c9c3d16,22,4,156,0,0,1,0,0,2
8167afcf-0d90-4019-9aed-2eb8f70a9260,22,4,133,0,0,0,1,1,2
1db7dad8-1015-4165-89da-a8d5b9aebfef,31,2,153,1,1,0,0,0,2
f45d5d3f-1e51-46cc-a2eb-31a35f66c7f7,51,1,85,0,1,0,1,3,2
6fc5bc6d-0b1d-4a03-9f94-f9131dfd17fc,32,0,999,0,0,0,0,2,2
c9c44dff-0170-4911-9d3e-15669b0af2d7,19,3,170,0,1,0,1,3,2
872aa302-392f-4c45-ae8a-04984d22ce17,32,2,174,0,0,0,0,0,0
a28e7609-cddf-41e0-9469-e3ce71de3067,32,0,999,0,0,0,0,0,0
6124e00f-12ff-4fc7-83ff-3018598ff43c,18,5,128,0,0,1,1,0,2
9e5b40e4-8921-4e1c-a7f5-0de8cde59e5a,34,4,25,1,0,0,0,0,1
52983b25-b6b6-4874-afb7-dafa8b1b303b,32,1,63,0,0,0,0,0,0
1bcf2432-d4b1-4228-9dd3-48ee9f39e9f9,41,4,116,1,0,0,1,1,2
25046aa1-c069-49a6-8996-6db53fb6d1d7,53,3,120,0,0,0,1,1,2
d93f7843-1a8c-4744-91ae-b0fa2de0be9d,46,4,5,0,1,0,1,4,2
ab848772-ad4e-460f-b023-39d22e69867f,32,3,109,1,0,0,1,1,2
566cbbe8-13a9-49f1-90c1-2ea092cc70e8,23,1,61,0,1,0,1,3,2
171fdb30-33e3-4052-86fb-98bda793f6d2,60,3,65,0,0,0,0,0,1
d08e716c-772a-4425-94cc-d05c05aceab4,35,2,169,1,0,0,1,1,2
03abd76a-6048-48fd-84dd-355892613e7c,35,2,26,0,0,1,0,1,2
66042e20-f279-44b6-adaa-82f04945723b,34,2,64,0,1,0,1,1,2
aef79171-a0d6-446e-a37b-8e9f5acee868,36,1,29,0,0,0,1,1,2
994ba802-2b53-47c7-b5f3-1fe0a2264c93,33,5,81,0,1,1,1,4,2
4aee5f94-88cc-4b0f-852b-7641e9c9e928,29,4,97,1,1,0,1,2,2
fc9c2b74-9872-4f88-b6b1-234be360548f,29,1,64,0,1,0,1,3,2
c5684e99-e3f1-4e32-aaa2-61655db5a00d,34,3,174,1,0,0,1,3,2
a8ed008a-8493-412d-9dee-de4f7d5a1f60,29,3,159,0,0,0,0,0,1
06b4dd9f-7bfb-4038-b94e-31f0e6deee14,27,4,106,0,1,0,1,4,2
c6087e58-0d60-4e0f-b4e2-9a41dce47f6c,36,1,161,0,0,0,1,0,1
2722d6ef-223b-4ed0-a5cb-08d20c6395de,32,1,174,0,0,1,0,0,2
abf6ccc4-cc02-47a2-8339-340c13bda6e1,50,2,116,0,0,0,1,0,1
a8703873-6910-40d9-8628-8b0b8a5ca0f2,18,1,13,0,1,0,1,2,2
7f2f94db-a01d-47d1-9dcd-6b19f5443bfc,45,1,4,0,0,0,0,0,1
299158af-3c9a-4cb5-abd5-d2011874db8b,47,0,999,0,0,0,0,0,0
739d29e1-b8b1-4cc9-afb3-e2215114eb7b,18,2,35,1,0,1,0,0,2
d6342fe4-7f3d-43ad-b3ca-cad5d999d3da,31,2,125,0,1,0,1,3,2
adf95b90-1512-414d-8bbf-8b5a0244a888,31,1,95,0,0,0,1,0,1
ff70911b-278e-40c2-a6b8-4abd08177c1d,20,1,8,0,0,0,1,0,1
872a3464-0e00-4919-a729-9218a579fba5,27,3,108,1,0,0,0,0,1
6008c2e3-7cb4-4e33-89a2-646d7b5cc394,23,2,162,0,0,0,1,2,2
68386dc3-c5cb-4aa7-990a-237ffac60c37,52,1,152,0,0,0,1,3,2
2dc6f9bc-7a1f-4ef6-88c7-b26b2370dc65,44,1,74,0,0,0,1,1,2
d6668cae-812c-4cb4-bd13-6a8666c96a33,47,1,45,0,0,0,1,1,2
cf846dc9-c9fc-4f13-8233-1efe88dc9cff,42,2,124,0,0,0,1,2,2
16d05a0c-7339-4173-bd01-117fdfc23f15,23,4,104,0,0,1,1,0,2
bc48837f-0b74-4254-92f1-b9e2999b13fb,29,1,124,0,1,1,1,4,2
7049e227-fb0f-43e8-bee0-0966753a68aa,39,0,999,0,0,0,0,0,0
bb072fc0-8c2a-4293-8446-691dde646948,22,1,60,0,0,0,0,0,0
aa0fe124-1f63-47aa-84cc-affc9078940e,42,2,29,0,0,0,1,1,2
a1b22346-d129-4e27-b2d4-e3d7ded7229b,32,0,999,0,0,0,0,1,2
65aafb35-ace4-472a-8549-1b0bf78573cd,31,3,31,0,1,1,1,3,2
82ed05c6-c6fc-4230-8fa4-0071951ffa4f,42,1,157,0,1,0,0,2,2
f8a9e6f0-f4b6-434f-8720-f8011bc24014,39,1,81,0,0,0,1,3,2
a876f1d3-a68c-455b-b578-7df1bdb4fbde,31,7,55,0,1,0,1,2,2
80c035be-10a8-462d-aa9d-d7158bb9efe7,46,1,102,0,1,0,1,5,2
3ffe7160-b827-4695-9453-526dea373b33,24,1,54,0,0,0,1,1,2
39eb9bb0-2ab9-40f2-8c74-33487134c03e,41,0,999,0,0,0,0,0,0
9fbb04dc-8dc6-4597-9754-55a768146097,40,5,135,1,0,0,1,0,2
3a4323cd-6147-4301-ba56-d08c86e6f98d,31,1,170,0,1,1,0,3,2
3f1fb8ad-bc4b-4d66-b51e-c54edabf70a9,38,2,175,0,0,1,1,1,2
463983c0-8a51-46cf-a672-3eb0be260491,22,0,999,0,0,0,0,0,0
5bc543a9-fc39-4944-a875-d008c7601562,44,2,103,0,1,0,0,2,2
8c7e1461-c4b9-4a07-9bb6-89b8b41cebc2,33,2,77,1,0,0,1,1,2
bc28e496-c5f0-4e0e-a1bb-520566f87f05,29,4,68,1,0,1,1,1,2
ea3965e5-f8dd-4c03-b883-064fa993efaa,45,2,118,0,0,0,1,1,2
e64fe323-542a-4159-aec0-223507305029,27,2,6,0,0,0,1,2,2
a04906ed-16ee-4a19-820d-b5ff0496f9f4,20,2,19,0,0,0,1,0,1
f1bf1952-c5cb-49a3-9d82-e05c67efad44,19,0,999,0,0,0,0,1,2
41278ded-a4b1-4a17-857d-c9a38c5c90a5,41,5,148,0,0,0,0,0,1
f18bee1d-51c6-441c-a483-a1725c8db4fb,22,1,91,0,1,0,1,2,2
6a961c77-741f-4a0a-96ac-d7d2dad103ff,52,6,156,1,0,0,0,0,1
cc0ad6a3-aafa-4f3d-8692-fb510fe2e4b9,18,3,37,1,0,0,0,0,1
4690b6cc-4b82-439b-91bf-8fc8ea2b1c82,51,3,169,0,0,0,0,0,1
f9c6bd1d-4744-4b18-92e2-f2aae643eea9,37,2,104,1,1,1,0,1,2
9e2cfa61-a70f-4ab6-b040-8f584a0d5e0f,34,1,130,0,1,0,1,3,2
80178020-7536-4039-8443-137cd080e98b,29,5,164,0,0,0,1,2,2
21d87d07-387f-432b-a508-9c23d1436033,38,0,999,0,0,0,0,0,0
081f211d-2090-4e7d-833d-2362bae54781,34,2,160,0,1,0,0,2,2
7ec0e796-5b09-46dd-b83d-596459ceea2e,46,3,9,0,0,0,0,2,2
5477199e-7cb0-47f8-a17e-018f74fa69e2,36,1,36,0,0,0,1,1,2
fe5a3a87-c280-4513-abce-5a9a06ab79cf,36,2,126,0,0,0,0,0,1
1c361248-b87f-4837-b139-3de7afb1a9ed,31,1,160,0,1,0,0,2,2
9d3d1391-09b2-48b3-bc47-3a84a55d39a6,34,2,27,0,1,0,1,3,2
e38dcbb6-740e-4247-8ea3-e87477695937,38,1,169,0,0,0,1,0,1
eaf35b2a-2914-4785-99fc-f4aeb807d8b7,18,1,119,0,0,1,0,0,2
ccb1020a-85a8-4f65-b7d0-07564d677018,21,4,109,0,1,0,0,2,2
c734dbb7-e29d-4edc-ad76-3a54865861ae,42,3,57,1,0,0,1,1,2
f24eff17-f396-4f5c-832e-44e3f2a2f600,36,3,175,1,0,0,1,1,2
6d6b35f4-1fc9-427d-a3e8-b7868a2716b7,33,1,126,0,0,0,0,2,2
b06734bf-394c-4854-b4c2-ec96b1dfabb5,35,1,178,0,0,0,1,1,2
d7349a9d-6de1-48a9-999d-0987a65597d2,38,3,109,0,1,1,0,1,2
cca1d4fd-7033-4c32-87fc-06620d33e188,29,5,137,0,0,0,1,1,2
02ed4b72-807e-432f-b1c5-45c7a1b59984,27,1,135,0,0,0,0,0,0
cbefb781-c82f-4ec2-bdc7-0e500457c858,36,5,15,1,0,0,1,1,2
c44f837a-e72f-44de-8ab0-b90e53d37f9d,25,1,61,0,1,0,0,1,2
d7a4a569-8f2e-4805-a8b4-94cb38d6136a,39,2,176,0,1,0,1,3,2
0a872440-ace8-4c82-8807-38be0c01192d,18,2,108,0,0,0,0,0,1
ad989bfa-b441-4276-b013-16d0faa3c507,45,1,88,0,1,0,0,2,2
39bc33a9-fcf1-4b1e-bda5-3810cfe84ee1,39,2,100,0,0,0,1,1,2
46645ceb-9acb-415b-b4d6-81b78108e85e,37,2,142,0,1,0,1,3,2
20570799-9287-454d-b10f-19d19220f0f8,44,2,15,0,0,0,1,1,2
812a346e-f22b-4c1c-a6c6-ec9643945298,51,2,26,1,0,0,1,1,2
1c291703-e03e-43d0-8f8c-eb777f6a987d,45,3,46,1,0,0,1,2,2
ad753ee7-f973-4e20-a6de-ef118d106655,18,0,999,0,0,0,0,0,0
282e1225-83bc-47a3-b7b3-3e2a8e9d2307,22,4,168,0,1,0,0,1,2
44014276-8ecf-45eb-959e-53f6444ad75f,28,1,104,0,1,0,0,4,2
b7607be3-f47f-4e31-b727-fd01c7b99a08,35,0,999,0,0,0,0,0,0
85d1f553-c956-45bc-bd9f-5a75ef34818b,40,1,90,0,0,0,1,1,2
43360c5f-818f-45ae-8427-e2ce44d4bb5a,27,0,999,0,0,0,0,1,2
8b11291f-8968-4092-bffb-0a3ea79a8083,36,1,10,0,0,0,1,2,2
cb189c72-b903-45bd-af08-33063491acff,27,1,6,0,0,0,1,2,2
fae01817-a031-48d8-a4b7-cde9cef1822c,28,2,27,1,1,0,1,1,2
7ea06aee-2723-4aa6-b298-b2396e185401,20,2,61,0,0,0,1,1,2
368670c2-1a8b-4300-9a2d-13bc9601b5f9,25,0,999,0,0,0,0,0,0
1f503fa7-1754-4ee2-a625-c86a773b9c71,21,2,114,0,0,0,1,0,1
2a68940d-c077-4853-82a9-3270e3a70155,25,2,72,1,0,0,0,0,1
8ed15e2d-527e-42ae-9244-9a81a1339cfe,45,3,98,1,1,0,1,3,2
29991a08-d91a-4816-87e6-d48d101e6ce4,25,5,50,0,0,0,0,0,1
e049ac9a-e659-4055-81fb-495bbd64d216,61,2,47,0,0,0,0,0,1
034a6397-a717-4dc7-b8f7-7924feab94ca,39,1,67,0,0,0,0,0,0
71eeaa72-6a60-4eb0-8401-8efcbabf5033,36,2,9,0,0,0,1,0,1
5c403c55-5e5f-4790-9f8b-35e59d665973,26,0,999,0,0,0,0,0,0
b28f38c5-e820-439d-a67b-88da22d3aecf,42,5,25,0,1,1,1,2,2
69d6e6de-7bd0-4679-beac-6d594b6d5570,29,1,126,0,0,0,0,1,2
305d5c94-2ce4-4a42-9d76-5f1e27d2f65e,36,1,170,0,1,0,1,3,2
d6b725a2-13e9-43da-b21f-79aad6bbb946,60,1,144,0,0,0,1,1,2
7a7ab6d7-a22e-4a3c-adb0-5f9082b03fb1,34,2,112,0,0,0,0,0,1
673e0159-2831-44e3-b188-69e2cb6b7d27,46,1,154,0,1,0,0,2,2
90ce06db-1a60-48b0-9040-248635535aa4,27,3,21,1,0,0,1,0,1
b5505eb7-bb32-4193-9855-de6f17d1dacd,34,4,107,0,0,0,1,0,1
a6bc9231-57a8-4c65-afca-28efc7cde51b,52,2,35,1,0,0,1,0,2
6b40f2e5-b573-45b9-bec1-6e1f724dff3a,28,2,32,0,0,0,1,1,2
511fe642-f5bb-421a-a1fe-1df5db55139b,53,2,94,1,1,1,1,3,2
55fa958a-6bf0-4760-9e17-4a4358ec2464,42,2,138,0,0,0,1,1,2
b53d7af4-037c-4bac-9706-4ab5bf65e1d0,29,1,92,0,1,0,1,3,2
f5b6833a-89f9-4447-b217-284ad0656b34,41,2,156,1,0,0,1,0,2
6725e114-8d51-4b78-9089-d9a91552f52e,44,2,165,1,0,0,1,1,2
68224ad0-fc38-4a66-892f-6866bb707000,41,2,100,0,1,0,1,2,2
460714e1-1e34-42f5-bd63-f2fe7e4dc7d1,19,5,122,0,1,0,1,1,2
bbb77c8a-7df5-4fa8-aed0-eb7bbba1440e,27,2,57,0,1,0,0,1,2
5e8fec15-791f-494a-931a-280a458fab72,32,3,14,0,0,0,1,3,2
6dd99915-912a-441a-ae4e-db129fcb78a1,34,0,999,0,0,0,0,0,0
19aaaf6d-e820-447d-bb31-f723294c53c4,41,2,127,1,0,0,1,1,2
f850f4ea-84e4-42db-b592-9f4c543f79c4,36,2,78,0,0,0,1,2,2
f06b95fd-f486-41fc-bc1a-3356090ad71e,21,1,70,0,0,1,0,0,2
2613af8d-15ee-4a63-9cb5-e13f6979afed,38,2,57,0,1,0,1,4,0
646d9198-3546-4608-92b0-49a0e5d534f3,41,1,176,0,1,0,1,4,2
6819083c-698d-4184-8470-efc860fcfdc6,40,2,28,0,0,0,0,1,2
df603301-8379-43db-9d23-7669d6aa8bb8,45,4,160,0,0,0,0,1,2
240510bc-bacd-4f68-a0cf-e0672e3b0979,43,3,45,1,1,1,1,4,2
473228ee-5d29-4021-a8c6-1a0cbd921fa8,39,1,53,0,0,0,1,1,2
688d72dc-0b0a-4f00-97b7-9d16fb63fd0a,34,3,97,0,0,0,0,0,1
4e337100-d7c6-4bdb-8a00-f538d0cad4e6,18,3,84,1,0,0,0,1,2
5e923d58-1829-4efa-9ea5-669351e324ae,39,4,6,1,0,0,1,2,2
625f8e3c-f7ae-4a32-8db1-cac5fc87d9a9,37,3,28,0,0,0,1,2,2
a9f128d8-36e9-40b4-9e75-51ef68ca7674,37,1,136,0,0,0,0,1,2
4d86443b-c43a-451a-b10e-f9e94446de60,22,2,48,0,0,0,0,0,1
dd3fed75-0fc2-4041-a19d-20fe31426964,24,2,70,1,0,0,0,0,1
253ca9ad-c811-40f9-8ccf-77f122503f8a,45,2,77,0,0,0,1,2,1
dd2f7771-150d-444a-8d94-829b1fb25f19,34,3,93,1,0,0,0,0,1
ed8bd47c-3d9e-4938-b50c-7a9ad1e87fd1,41,2,87,1,1,0,0,1,2
142e809b-4a92-407d-8ad5-a31bc2e00c21,35,0,999,0,0,0,0,0,0
94f0244e-dbd6-4167-b4d4-872b598ef678,35,1,135,0,0,0,1,1,2
715d2b4d-30d8-4f60-a765-c979221827fa,44,1,54,0,1,0,1,4,2
0dfa9e45-3fd0-4ed3-bc96-d3b851e7bcd8,29,1,123,0,0,0,1,2,2
76a90503-f2b9-4023-afcd-8531ae74791c,35,1,83,0,0,0,1,0,1
ffe27a1b-a8dd-494b-bb18-f4c206000428,30,3,94,0,1,0,1,3,2
86dc1382-550e-4081-87a6-48422bee15fb,30,0,999,0,0,0,0,0,0
bbcb94c2-8af7-48ba-a156-42abb07d9984,31,2,178,1,1,0,0,3,2
12eef2c5-99ba-4694-9be7-b577e1dd28f9,37,1,33,0,1,0,1,4,2
9b77f0a1-d3d2-4a47-8df6-99db0d01d473,30,2,68,0,0,0,1,2,2
e981a78b-47eb-41b2-927a-19923b8392ce,47,1,11,0,0,0,1,0,1
a0522f11-e541-4a39-b2b8-c69cd5bdf8d5,26,1,172,0,0,0,0,0,0
23107e88-028d-4152-bb84-2eee0c8a1913,33,1,158,0,0,0,0,0,0
b60d4592-20ce-42b5-9cef-7a7a58e33bce,30,2,53,0,1,0,1,3,2
300d2ce5-61b3-4896-a5c7-bc29dd78b061,49,2,149,1,0,0,1,0,2
d4fb6156-6d47-4dbe-8357-3257c820c38a,36,2,71,0,0,0,1,1,2
e635bb93-1f0f-4d81-949c-48f0a59217ab,45,2,59,0,0,0,1,0,1
4006440c-6f6d-445e-b478-10454727639a,20,1,27,0,0,0,0,0,0
c8d4ac07-26b5-4890-b761-1e82a9b3a4bd,37,1,148,0,0,0,0,0,0
e14d3345-58ed-4a0b-84f4-aa0f3a9d8603,43,2,74,0,0,0,1,1,2
942bb05f-6e38-44cc-8c6e-84a44fc3fc2d,35,2,76,0,1,0,1,3,2
d4a79a90-8f92-49f4-9bd8-c7c9b1f72334,45,3,42,0,0,0,1,1,2
eaf7f3f4-e60b-4197-870e-5a5e6c9ded9f,29,2,154,0,0,0,0,0,1
0ed4f1a5-1226-4bc1-9c8e-4befb69b8c6a,49,1,22,0,0,1,0,0,2
3b959ca5-091f-4661-8a6a-6202e4a7e9be,57,2,96,0,0,0,0,0,1
7cc5c49c-f4ba-4870-b393-f485cdfd638a,31,2,116,0,0,0,0,0,1
ab234e36-001e-4a31-bac9-549bd8aa7444,30,2,89,0,0,0,0,0,1
f5cabcbf-ac85-4fbc-8a9f-dc19e02a3c02,49,2,163,0,0,0,0,1,2
9fce4f6b-48d0-46c5-b954-dae35cef0060,50,2,96,1,0,0,0,0,1
17014f86-6f64-4976-b435-68ebb7e27ead,29,1,116,0,0,0,0,1,2
ea74ef3a-e05c-4220-a97e-845aebfb2104,30,0,999,0,0,0,0,1,2
5aecf9bf-3d30-46f9-a4ec-d9adee31510f,32,1,15,0,0,0,1,2,2
04ff4b6b-20a5-433c-86e8-252401617159,21,5,73,1,1,0,1,3,2
f22584fe-95db-46eb-b783-0d1768c50bf6,25,4,170,1,0,0,0,1,2
341d24f0-8b2f-4a48-91e5-7bcc54d052c1,24,3,111,1,1,1,1,0,2
7e3e26d2-4ff8-4f26-8391-aa7829e2ced3,27,2,40,1,0,0,1,1,2
aad0987b-0cbb-42e4-802a-e1e153f98e0b,34,2,43,1,0,0,0,1,2
1f343554-15a3-438c-b927-c454cf52ce67,37,2,179,1,1,1,1,2,2
e16c6b53-e33a-4df1-bc55-3cbb2584b5f5,50,2,16,1,1,0,0,1,2
f4a08813-81dd-4eee-b267-224cc3e65c10,25,0,999,0,0,0,0,0,0
954ad194-81ae-4c64-a605-5535bb08ee5a,44,1,42,0,0,0,0,0,0
a3e927a7-fd73-4fd0-9df4-9e9f06fec760,32,1,22,0,0,0,0,0,0
88370ea2-01a8-4c50-9d34-ae7858b21584,34,0,999,0,0,0,0,0,0
ee032c9c-a1aa-4be0-9abc-47a9fdfecedd,41,4,92,1,0,1,0,0,2
d90c08c8-b860-4cd0-9a51-d884770855d4,23,2,24,0,1,0,1,3,2
74b01816-7c8b-411d-989e-cb1d298dcdd2,38,0,999,0,0,0,0,0,0
4a228bc0-d5c5-4a47-9aad-0e229fff2f4d,36,2,53,1,0,0,1,1,0
8ee7c11c-e17b-44bd-a1aa-a9c9c4611678,39,0,999,0,0,0,0,1,2
b551f1e0-745c-4de9-b29d-0eda6272d54f,37,3,150,0,0,0,1,1,2
937d00ab-b66f-41ed-b2cd-e36376f6057a,59,2,18,0,0,0,0,0,1
20dc6f14-5729-4320-8584-572a48ad6b4a,28,1,158,0,0,0,0,0,0
e677755a-2c92-4866-b6aa-acb01a026477,29,1,102,0,0,0,0,1,2
e70b2c95-9588-48c1-aec7-18034230dfd3,28,3,37,0,0,0,0,0,1
3087f9d9-77af-40d4-8443-e252666b3cf5,29,3,146,0,0,0,0,1,2
cbb3e439-a59d-495a-81b6-1b02aca483c4,28,3,106,0,0,0,1,0,1
5444a54f-1482-4bbb-8d6d-896aca56c85f,46,0,999,0,0,0,0,0,0
9d4dca87-c87a-45db-a781-4d277918513c,49,0,999,0,0,0,0,0,0
1eb119d5-eb17-44ef-8d3e-49c920dd3332,29,3,177,0,0,0,0,0,1
f9efe792-50f3-4ac2-be21-56b4fd3690ba,26,3,97,1,0,0,0,0,1
d2d267ba-b5ec-4f39-b20b-b5ae2df060c8,39,1,57,0,1,0,0,1,2
c15e670d-e96a-4841-9394-1e05db575654,29,4,80,0,0,0,1,0,1
aa9537b3-6e3f-451f-9769-33e823ef69e2,41,0,999,0,0,0,0,0,0
f3af9168-6383-4892-9047-48fb962e7e86,37,1,176,0,0,0,0,0,0
6d531fc0-35ef-4e18-a79d-0c750da32095,19,3,97,0,0,0,0,0,1
ec87d02f-d302-4e1b-ab75-ad518b1985cc,50,2,91,0,0,0,0,0,1
b10b14d5-b306-4b79-89a8-d29cddbae120,52,2,171,0,0,0,0,1,2
f0b50728-6388-4f27-b794-26df79ec725e,28,1,156,0,0,1,0,0,2
055df8f2-528b-4209-84a5-b628a41c22c3,31,4,100,0,0,0,1,0,1
a4a8b828-aa01-4eec-ba9c-6c62eaf1f1d1,37,2,175,1,0,0,0,0,1
33a37395-da56-4c88-bb4d-1578dad8d276,38,2,79,0,0,0,1,0,1
eaf8ae5a-60a1-4b45-ade4-52c7c1a0df61,41,1,25,0,0,0,1,1,2
44518447-47b0-459a-ba06-ea20313fba4e,55,4,134,0,1,0,0,1,2
a3f5d4fc-b84e-4bcf-8a3e-0a34a9f5c4a6,33,5,43,1,0,0,0,0,1
10263766-4d77-4a04-ab11-a2b54dcf8297,27,2,141,0,0,0,0,0,1
08ce0b2a-28c3-41e6-bb42-15133fd88bfa,21,2,51,1,0,0,0,0,1
091606c0-f36c-4c46-b781-1a338dbc6250,27,0,999,0,0,0,0,1,2
5d56e761-a985-4d4e-b063-6d690b131384,34,3,104,0,1,0,1,4,2
a3a6842d-fa0b-43a8-81ae-9c26811be2a6,52,2,159,0,0,0,0,1,2
cee0f31c-044a-4a9a-85ab-ce3acbb0df22,29,5,74,1,0,0,1,0,2
90f9d3fe-1816-4227-87a2-567e31381d4c,37,6,83,1,0,0,1,3,2
07f1c55a-d52d-491d-b7e5-a2864aff5211,34,3,51,0,0,0,1,3,2
83c837b8-ac86-4695-8d25-256e066dea46,46,3,161,1,1,0,1,2,2
aeaf2638-f912-4373-a800-c3892d19b006,60,3,113,0,0,0,0,1,2
475dd31e-b76b-4209-84cd-c717a4fb5a31,29,2,61,0,1,0,1,2,2
8b0fdabe-462f-4722-bab4-35f49519425c,30,3,75,0,1,0,0,2,2
ab30bf79-908c-4e6e-8021-dc1097a79e8c,45,2,102,1,1,0,1,2,2
689c657a-96a2-4891-b2b3-e9372b0c36e1,41,0,999,0,0,0,0,0,0
e255c3cc-2e42-4aa9-b8a7-a7ae1ebe10db,53,2,156,1,0,0,0,1,2
a5864584-4fc7-4a49-bee2-d72f1c86885a,40,2,30,0,0,1,1,2,2
d1f5eb57-588b-4209-b3aa-cfb1536dc09f,31,2,11,0,1,0,0,3,2
dbf201cf-3c12-4e34-b8e9-66e105d8d257,40,2,34,1,0,0,0,1,2
e209ecb7-1b51-41c1-88ac-8a9bf3fd750c,46,1,56,0,1,0,1,3,2
b1757a99-515f-47b9-9b4a-fb4ba64293af,43,2,168,0,1,0,0,4,2
ce7e9782-4247-4730-8582-1a549c44896d,40,5,26,0,1,0,1,4,2
4520b331-d80d-4b7f-960c-9d9b71b9a831,45,1,142,0,0,0,0,0,0
4f157dcc-b278-45fe-a7a6-49f532559d85,46,0,999,0,0,0,0,0,0
e505a730-1877-4dea-a05e-22d369a54843,48,2,163,0,0,0,1,0,1
527e1a4a-d1e6-40be-9f23-f267d7081d6c,41,0,999,0,0,0,0,1,2
6c8467b2-f816-4f59-9eca-8692cc764133,33,3,151,1,1,0,0,2,2
2b9c5907-9199-4fdb-85ac-ec8c7938db5b,36,2,81,1,1,1,0,1,2
1c9e1d91-d8a3-40cc-a233-fe88b1b2be7c,47,3,151,0,0,0,1,2,2
1097e6f9-ae40-4825-8c54-68060b977a48,26,4,75,0,0,0,1,0,1
2e496532-98ee-4844-9578-da5da337b8f7,38,1,155,0,0,0,1,0,1
9acf00ed-6d7d-4f71-8e4e-adc5531417c5,31,1,74,0,0,0,1,1,2
073f3e76-d83a-49d1-9c43-e073e3b96cf6,35,1,2,0,0,0,1,0,1
fcb476e6-0895-4794-a788-c88b529669ea,47,2,100,0,0,0,1,0,1
ccb5da57-4ba1-46c2-9c79-46094fbc4aec,36,1,2,0,1,0,0,3,2
0ac52617-c132-40fa-b975-83eb76e619a7,35,3,28,0,1,0,0,2,2
379b3239-b06b-4764-945a-e101fcbbb00e,21,4,159,0,0,0,1,0,1
128a65b7-26a5-4467-b7ac-5c82cd92e4c2,42,2,53,1,0,0,1,1,2
394429b2-8a30-4bd9-97d5-a60c7af1251f,41,3,165,0,0,0,1,1,2
f34ac2b5-68d6-4105-a501-5408ef2a5565,56,1,64,0,1,1,1,4,2
1d9e328d-d6d4-4e4d-a032-a77da44f3344,31,1,148,0,0,0,1,0,1
4012e407-8cc4-4a69-b290-84ca34c209e4,37,4,40,0,0,0,0,0,1
cd29d866-2b05-4f1e-afc4-f19a0281a56e,37,3,19,0,0,1,0,0,2
e628c20c-2b7a-44a8-b615-728afc2ac664,50,1,59,0,0,0,0,1,2
c7de1522-ebd5-4553-ba3a-4708548962c1,34,3,2,1,1,0,1,5,2
bc1bdff9-e2a7-44c4-8a10-ef6f40b1b3ed,37,2,123,0,1,0,1,3,2
29a04ad6-d67c-4a27-959b-30b0769869e6,41,2,117,1,0,0,1,0,1
4f562168-81a9-4300-a226-fce61c421c74,36,4,13,0,1,0,0,2,2
38243e9d-e808-4909-aebc-9b9185fb1d84,30,2,44,0,0,0,1,0,1
18aa3b46-8774-4272-821c-46a713643b7f,36,2,108,0,0,1,0,0,2
e328cf3f-7a87-4ef7-9bbf-0483d29c4e07,45,4,94,1,1,0,1,2,2
dc8bfdad-864c-47e7-a0ca-9e9a15c691b2,24,4,176,0,0,0,1,1,2
93942e9f-35d8-4711-84fe-8318220e4687,36,2,136,1,0,0,0,0,1
664c74be-0d7d-4dc4-9dc5-b68f01477af7,27,1,69,0,1,0,0,4,2
e32b21d6-2d2b-4413-bd86-dac8a97b6b54,46,1,92,0,0,0,1,0,1
86354678-fbd7-42e0-9c6f-2fb45385c107,19,2,51,1,0,0,1,1,2
61ca46f2-8206-4265-859a-228f8f52cdab,29,2,62,1,0,0,0,0,1
ec3fbd16-3a65-4bca-8168-0e85bfa3cfcf,38,2,179,0,0,0,1,3,2
3fca6104-9127-40f5-93c2-1c50dc48fd50,50,2,21,0,0,0,1,1,2
fcd0b101-8c57-4173-9cb7-27295030d0e7,34,2,54,1,0,0,1,2,2
84383c5a-a8fa-464f-8a71-6881f37148ff,29,2,112,0,0,0,1,0,1
4696effe-a9ed-4a77-8359-12034430d693,53,2,109,0,1,0,0,1,2
715da480-4e8b-4b45-ab6d-9657a35d7ab4,20,2,2,0,1,0,1,3,2
2b1eb5b2-d05e-4c70-a482-2a00902b0c09,18,6,1,1,0,0,0,0,1
f9c967f9-a582-4e73-83d0-de4e592963ac,39,2,27,0,1,0,0,2,2
6531658a-a7f1-4464-9134-52a0b52adcf4,29,1,164,0,0,0,1,2,2
14a6ff77-b5df-4aa1-bc8d-94c2cc4d6d13,24,3,8,0,1,0,0,4,2
3d6eeed5-ac3c-406d-b7b9-3c74e679d51f,42,1,31,0,1,0,1,3,2
08ee9ccb-a698-4e9a-b1e8-4cb407c3033e,37,5,74,0,0,0,1,1,2
7ea805e4-f9b6-4ea0-98f6-406481e0e6fa,29,2,101,1,0,0,0,0,1
468602d1-4354-41c1-80f7-187b5c2b9d0e,22,1,34,0,1,0,1,1,2
813ff731-2482-437f-9efa-88835af74416,43,2,46,0,0,0,1,1,2
9c802527-49f5-48f7-9db1-eb69790bb1c4,41,1,145,0,0,0,1,0,1
acbdcda1-e273-4f7b-b7e4-c536f48fd9f9,34,0,999,0,0,0,0,1,2
4e77f3a7-e7e0-4f23-b95b-b54ede5f9df1,53,5,146,1,0,1,1,1,2
5ef3fd4b-7e09-456e-8e7c-847c499704d8,24,3,122,1,0,0,0,0,1
251504ae-f9fe-4b73-bc4a-69ae7e0d2946,19,1,152,0,0,1,0,1,2
a021694b-a044-4b6f-8df2-f8b265473252,28,4,173,1,0,0,1,0,2
520ffa2a-7752-4f9e-b6a0-5bfc3605b09e,34,0,999,0,0,0,0,0,0
510af1b9-cf8c-4849-8413-07df6adf8fd2,37,2,120,0,0,0,0,0,1
f2726eab-d60a-44a3-b610-8b9e90096a96,32,0,999,0,0,0,0,0,0
7d248743-2b4d-4fbb-b14f-1ee602f84137,38,4,22,1,1,0,1,4,2
371c7253-221f-4148-8d3f-60addc06a79e,22,4,121,0,0,0,1,1,2
3e88c568-5a84-40a2-81ad-7e4a11dec292,49,2,114,0,1,0,1,4,2
a39968d5-e1ee-453d-89b3-442cf60f2980,34,2,154,1,1,0,1,2,2
04dc7222-0e15-4b36-ae0e-44126a96b0de,46,3,162,0,1,0,0,3,2
6ec50e6e-130a-4338-b8ff-8f069ce9a38f,38,1,76,0,1,0,0,3,2
b5723d5d-8077-4d88-bcf1-9b288e80e48e,39,4,35,1,1,0,1,4,2
0bef15ef-ffa8-4f9f-9cfc-88ac4e150201,40,0,999,0,0,0,0,0,0
93e03bfd-8a99-4bc2-a1a5-3fa27346734c,39,2,112,1,0,0,0,0,1
fbd030df-d940-453a-ab08-636561ec782e,41,0,999,0,0,0,0,0,1
b1d6132b-1518-4934-9510-d494ddd01f96,48,0,999,0,0,0,0,0,0
e91ec0b2-b95e-41c7-a775-c47eea7486ff,36,6,20,1,1,0,1,2,2
9d78e23b-c582-407f-a461-aa79d20045cd,42,2,159,0,0,0,1,1,2
25ae6dee-d167-40f0-bd8c-1943c4c8b1a5,34,1,65,0,1,0,1,4,2
6f926abc-4b43-426f-a718-a9eb47d57a28,49,2,43,1,1,0,0,2,2
2a2d3e35-35a3-46f0-9c8d-ac07e01e8a8e,28,4,120,0,0,1,1,1,2
caa12f9b-f582-4c46-bfca-459e5dc892fb,53,1,79,0,0,0,1,2,2
84f2082e-56af-4831-80f0-38979d1aaff0,34,5,142,0,0,0,1,0,1
924f39a9-86e6-4e6b-8547-14140918e944,20,1,154,0,0,1,1,0,2
b595b096-32d2-40d3-bdc5-fb075493389a,36,0,999,0,0,0,0,1,2
37ff0f45-93da-4df8-a747-69c15fbc6db3,28,1,45,0,1,0,0,2,2
537fde92-2a74-4cc2-b2fa-f9ce4ad361c1,43,1,102,0,0,0,0,1,2
f3ac78cf-577e-4a5b-bf1e-e9b673dfa9ed,28,0,999,0,0,0,0,0,0
bcac2854-ea6c-4433-a68b-746095bfeceb,30,4,64,0,0,0,1,1,2
703fbf2c-74b4-4da4-b9ba-b1ad70300a0a,18,1,18,0,0,0,1,1,2
f0234416-2d7c-43c2-8381-78f188aa891a,30,2,89,0,1,0,1,2,2
7e0dd7f3-6c4f-4f9b-9429-0995dc110c02,18,4,36,0,0,0,1,1,2
cc65c9ab-63e0-4bbd-8bf3-bb403036bd37,19,2,52,1,0,0,0,0,1
e6bdf7dc-b270-4a8c-a91d-1528fe105ddd,42,4,46,1,0,0,1,0,2
b924f5ab-efe8-4b05-915f-7463c280b1f6,42,2,130,0,0,0,1,0,1
1ff74f31-3e2e-4097-a876-ee925e60f49d,39,4,87,0,0,0,0,0,1
52536fe3-ce62-4d56-bff8-2902d1070241,25,4,85,0,0,0,1,0,1
ff30240c-de99-4204-8ac6-5a5e7cc244f0,34,3,61,0,0,0,1,1,2
ef373344-c2f7-471b-b9b6-c36ef841154c,34,3,128,1,0,0,0,0,1
9b0be1f1-f712-49e2-aeea-e9abe58ca6d7,23,1,38,0,0,0,0,0,0
640c43a6-d441-4b66-948f-8cfcfb064cb9,50,1,72,0,0,0,1,1,2
49dec935-df80-4c6a-b06a-42b59db081bf,43,3,160,1,1,1,0,1,2
f0c5cfd6-fdd0-4770-b9fa-deae71e53ec1,32,2,22,0,1,1,0,3,2
cc3fe77d-604e-4d89-8b0f-8311bb5f93e7,35,3,161,1,0,0,1,1,2
a8ffa8b7-7d6c-468b-b1f2-5a68db5b4cfe,37,1,48,0,1,0,1,3,2
a34d7d02-98d2-4692-ba6c-2918361adda4,18,2,124,1,1,0,0,1,2
2d62a920-01df-4c84-9144-c1fe82f5260e,32,2,176,0,0,0,1,2,2
92a9e9cb-02cb-4878-b209-42bd447d1916,28,2,48,0,1,0,1,4,2
65f6c4cf-c402-44de-a644-fb02d132c575,24,1,137,0,0,0,0,0,0
0ce8a501-f3f5-4261-b232-c6df0f3830e7,32,2,95,0,1,0,0,2,2
313319cc-f32a-4886-8750-73589b7d03fd,52,2,65,0,0,0,1,2,2
e59b35d0-03ef-4254-8281-b4db8898ebd3,41,1,70,0,1,0,0,2,2
3b82abd8-a9de-482a-9faa-104b2b370f3e,29,2,66,0,0,0,1,0,1
a1b2f7d9-85ff-47e8-9710-c32474041a81,40,4,38,0,0,0,1,0,1
9c4cd5c5-0a73-4703-8834-273f16c69c8e,48,3,169,0,0,0,1,0,1
0a9c3952-54c6-4f72-a1a2-ff3f0c588948,44,0,999,0,0,0,0,0,2
fc085c86-e049-4daa-a0c5-f211c91b5f3a,35,4,0,0,0,0,1,1,2
82f21c1a-0c37-4651-a312-49a71bb237f7,28,2,173,0,0,0,1,0,1
c35c6953-2eac-4de3-801e-0a448a3bf408,41,2,163,0,0,0,0,0,1
3e10855d-4cc4-4f14-96e4-29a02848d825,38,2,123,0,0,1,0,0,2
5861c3a3-bf08-46f8-a6ab-77d745d04919,43,3,171,0,0,0,1,0,1
2cb84211-e1f7-47fa-b70b-85efe4f0bef5,41,0,999,0,0,0,0,0,0
132dacfc-7255-43dc-a3b1-118b6110aab2,45,1,96,0,0,0,1,0,1
9d44ad2f-a634-469e-8654-4543bedddfc1,29,1,109,0,0,0,1,1,2
6586bf56-2e40-4d0f-92ed-43540dc255eb,48,1,131,0,0,0,0,0,0
4b1fce78-85e0-4492-9151-27b35228ee14,36,2,52,0,0,0,0,0,1
601099ec-fe4c-4f06-b9d1-318e6c8056cf,55,1,102,0,0,0,0,0,0
45d41ad6-ff2e-426c-9125-e2625ba80687,28,1,92,0,0,0,1,0,1
be442f69-9ed8-4962-9efc-60f74352bb31,52,1,77,0,0,0,1,0,1
2f06a475-fcaa-4bad-99f1-396b89d7128c,36,3,177,0,0,1,0,1,2
d1c372ad-c05c-4c7d-a7d3-7c9364a6d39c,28,0,999,0,0,0,0,0,0
b5207619-cb7f-4c08-8377-bd437344d2ec,30,1,51,0,0,1,0,0,2
01c8b33d-3a56-40e7-a714-22d0e1eaf854,31,1,144,0,0,0,0,0,0
f99ecd88-f32d-4a55-b7d6-f7a55e882065,39,3,31,0,1,0,0,3,2
f8ea4303-65a3-4f9f-918c-b8968a2ba8ce,40,4,133,1,1,1,1,4,2
a6b7a945-b699-478d-af45-e1946ed8bb42,29,1,92,0,1,0,1,4,2
7e09fcfd-7035-4e4c-9f12-a6d58ced5365,34,2,124,0,0,0,0,0,0
05ec16f6-439b-4bf3-8c54-dea75aa5701f,56,4,91,0,0,0,0,0,1
fef16df5-02f6-487d-a3be-0401cdb56467,52,2,137,0,1,0,1,3,2
88075676-a413-47fe-8e59-2731542bbe89,39,0,999,0,0,0,0,1,2
ca59ab17-1c1f-4a0b-888f-5efc7b3c2c4a,35,0,999,0,0,0,0,0,0
b59a1c33-acd0-4de4-b6d5-28eff8a9c75e,36,2,60,1,0,0,1,1,2
c3feacf7-2277-4101-93c6-157f60e3fe04,41,4,146,0,0,0,1,2,2
393bfd98-525f-4a8c-8aab-a48c55e6e6b8,24,0,999,0,0,0,0,0,0
8e00f77d-806b-4ce0-a581-3bbefc10f827,32,0,999,0,0,0,0,0,0
2f9ac194-0206-4507-af69-5e2cc89c4b3b,18,0,999,0,0,0,0,0,0
8bd1ad64-627e-4db1-8ff9-d5fe1ed2ffa6,38,2,83,0,0,0,1,2,2
f958305c-dddc-475d-bec9-479a5a696c99,41,1,45,0,1,0,0,3,2
a60dafbc-5d46-4e10-aebc-5dc37be473d8,30,3,61,1,0,0,1,2,2
76010b36-cf35-43cf-9ae1-5b845500a918,50,1,91,0,0,0,1,1,2
a9811620-e5ef-4d11-81c0-7ea952a2789d,22,3,53,1,0,0,1,1,2
0d1798bb-cd53-44f0-9ca2-032ccf2db084,20,2,123,0,0,0,0,0,1
5208e1a5-3c4e-40eb-9452-8c0303736873,37,1,99,0,0,0,1,1,2
cc732888-23c5-4c9e-821e-0cf67e744f5e,45,2,66,1,0,0,1,1,2
0b17e909-84c7-4155-950b-1657d33b07ee,51,2,23,0,0,0,0,0,1
89196a6e-15a5-48c6-b89c-ec3f92ef0dfe,30,1,65,0,0,0,0,0,0
ed152cc1-af50-48f3-b31e-18a3c082cb50,45,3,17,0,1,1,0,2,2
4780b98c-4790-4731-a982-792265523a7c,34,1,95,0,1,0,1,3,2
a1fbed58-4461-428c-b33b-9bca94c64234,33,1,47,0,0,0,0,0,0
796c5601-be87-4226-9cbb-276cf084aa22,43,1,173,0,0,0,0,0,0
cada0b58-7ee7-4129-b1a5-0ef52269b874,41,0,999,0,0,0,0,1,2
bc488b59-d080-44d5-9c28-2d73114c93ce,19,2,61,0,1,0,1,4,2
1608f9ad-aab7-4afe-82f8-646dd554e48a,49,2,154,0,0,0,1,3,2
48abfeae-d319-4c34-84d3-b621b41d7a23,48,1,61,0,0,0,0,0,0
a888b2f4-dab4-4835-b5f3-fef7c794c420,28,2,101,0,0,0,1,1,2
4aaeec26-e073-4fea-bebd-3472695045f7,38,0,999,0,0,0,0,0,0
39435ed7-b5e7-4c8f-8448-74a43a86b042,39,3,101,0,1,0,0,2,2
ce9307c4-732e-482c-9db7-627fffdeda22,37,2,77,0,0,0,1,2,2
82ff2c26-9547-4a6b-89eb-cd58e861a108,29,1,64,0,1,0,1,4,2
5efb5882-fc8f-4e21-89a4-c52d7cc70b42,28,3,51,0,0,0,1,1,2
428931ec-193e-41f0-a9dc-a0d232de9aee,34,1,0,0,0,0,1,0,1
751197a3-0ee6-4b79-be38-417d6d2d5496,46,2,177,1,0,0,1,0,2
7f41256d-e80b-42c5-8d8e-0d39a8a83ef5,40,2,39,1,0,0,1,2,2
739a7089-7cc5-443e-99cc-513c74fbe27a,31,0,999,0,0,0,0,0,0
d2f4677d-3b92-432d-b24c-215c856e5459,42,6,144,0,0,0,1,0,1
b6717523-9e89-4bdc-9a8d-3612133a4d7d,18,2,0,1,1,0,1,2,2
49a2fbce-a3dc-4938-92a3-f1bd3a668cc9,46,0,999,0,0,0,0,0,0
fd8a9681-5247-4f12-b54f-1a5e80c27038,18,3,157,1,0,0,1,2,2
685cddcc-db30-49dc-b334-27a05e468297,31,1,66,0,0,1,1,1,2
33136232-48d1-421a-8f56-b253746f3acc,23,1,21,0,0,0,1,0,2
0fc44c0a-4961-4cc5-bf93-d38c95218145,22,2,34,1,0,0,0,0,1
762fbdde-1ddb-4c71-a793-93cbffe05ec6,46,2,55,0,0,0,0,0,1
97ef4920-7f06-409b-8c7d-0344927fda6c,30,1,125,0,0,0,1,0,1
84e880c5-6f08-4612-aa1a-31df3a038429,38,3,141,0,1,0,1,2,2
4b148590-2bc0-4d28-b99a-6bbf7f27fce8,34,0,999,0,0,0,0,0,2
14f83826-f1e1-43ef-9901-b7701d551070,39,4,85,1,0,0,1,0,1
1904054a-a5e5-4c2f-8d57-c499678194e8,35,0,999,0,0,0,0,0,0
a61bbbd1-ca16-4792-829e-a7d69bdef9d4,22,4,139,0,0,1,0,1,2
77611751-96b1-44a0-9987-cd7174b8a187,44,0,999,0,0,0,0,0,0
6e370d3d-012c-42a1-890f-3f613feddba9,30,0,999,0,0,0,0,1,2
deeedde5-2eac-429c-9e5a-7dad3d52f8e6,19,1,129,0,0,0,1,2,2
6eb22faf-0779-4a61-a2a3-dc2ba464e630,30,2,58,1,0,0,0,0,1
ca4e8d15-dde4-43f8-bc6b-17bf488f5b33,50,2,94,1,1,1,1,3,2
c3c32985-2fe0-424f-864d-ff045311485f,43,3,28,1,0,0,1,2,2
f770018c-279a-4b49-bce8-6825b872002a,31,3,54,0,0,0,0,0,1
770e55a2-2ea1-43a5-9274-827f97333a35,31,3,93,1,0,0,1,0,2
147a14a3-b6ad-4a9e-b649-7ffe2e9b53ff,31,0,999,0,0,0,0,0,0
3d43bcd2-b80c-404d-92ac-0f5dec0ca851,55,1,118,0,0,0,0,0,0
85e88ab7-f778-4f1d-bd35-39b1d0fa1659,38,1,104,0,0,0,1,0,1
673d883b-1962-446d-af1d-e09a9716d481,39,1,176,0,1,0,1,4,2
68374a43-efa0-494c-90d4-c93b414a5e37,45,1,139,0,0,0,1,1,2
ede14cb4-1fdb-4a9e-8de5-014640923d84,37,1,135,0,0,0,1,1,2
9153ce88-7dc6-4a66-9765-6498b6d155b3,32,3,15,0,0,0,0,0,1
0ea7579d-384d-4fe5-a02f-da966c6c0ea2,33,2,167,0,0,0,1,3,2
49d9be2d-ff99-434c-b2a6-ef6d492aa37a,34,5,172,0,0,0,1,1,2
f8936135-a69c-4351-b267-5a42b0e2730b,34,1,63,0,1,0,1,3,2
ddfdba41-d422-414f-aa94-61d7e4de9d18,42,2,178,0,1,0,0,3,2
87a8902d-d077-4f62-b929-24b0276a29e0,35,1,9,0,1,0,1,3,2
4d1b2de0-29a7-4cde-98f4-2bb741d6b24c,42,0,999,0,0,0,0,0,0
661c3710-3449-4b83-b8b6-6986c166f4e7,34,2,120,1,0,0,1,2,2
f15260b8-db77-457f-947c-ae9902a3d7bd,35,1,172,0,1,0,1,5,2
e908ec62-b089-4758-9691-aede6d2122a3,18,1,84,0,1,1,0,4,2
76ec06b1-5156-44cf-b232-0463186e1d4f,44,2,55,0,0,0,1,1,2
e773d3d9-df92-41e3-b6d5-ffecba5c2205,38,2,72,1,1,0,1,3,2
01c44a8e-5f80-4923-ac9d-c127ae15cf62,44,2,12,0,1,0,1,0,2
60facd60-890f-4e44-a35f-029954e64d32,18,4,63,0,0,0,1,0,1
cc10d7de-9159-40e4-957c-b05195f64146,55,1,114,0,0,0,1,1,2
f153a7e6-d07b-4b0b-b2fe-0741c6cd5a73,33,1,157,0,0,0,1,2,2
0c4e1085-87fc-4258-b254-3ed8c50e1471,46,3,51,0,1,0,1,3,2
d177df28-ccc8-4944-a264-6672c9e1399a,24,3,113,1,0,0,1,1,2
02e30ecb-b69b-4ca2-8d84-be27cd914927,41,2,53,0,0,0,0,0,1
42a5652a-c164-4629-a1d4-4f435db624de,24,2,56,0,0,0,1,1,2
65f78de3-92ba-429f-8a1f-2eae9b771f14,28,1,17,0,0,0,1,1,2
72fadc26-80d1-4fb1-8300-6b3576f6db6c,54,4,24,1,0,0,1,0,2
442159ef-bd5f-4172-bf5d-754539b28c23,33,2,19,0,0,0,1,1,2
fa8b8911-3f7a-4684-8ec9-7e98d09cf28e,37,5,10,0,0,1,1,0,2
1a7cb54b-3382-4b1b-969e-84f58a2d6d52,43,3,167,0,1,0,0,2,2
17b797d0-4f6d-4619-a289-3a9080a032f0,39,3,150,1,0,0,0,1,2
eca344e9-c1e0-44a8-bb9d-44189c86e09d,36,1,89,0,0,0,1,1,2
9fcac5a8-be23-42e0-b86d-058b13b7b4a8,38,4,86,1,0,0,0,0,1
69e2f267-a487-4463-a6ff-09ed794480c6,59,0,999,0,0,0,0,1,2
83b7d12e-9f01-4285-8651-808040d9f652,34,1,174,0,1,1,0,3,2
df05fd73-e80e-45e5-952e-42398e7a9232,37,2,55,0,0,0,0,1,1
58dc059a-d59e-4fca-9291-99ad2e3718c4,45,0,999,0,0,0,0,0,0
0e3a8613-ac68-4c5e-84ef-dd6f5ce06c2f,46,2,97,0,0,0,0,1,2
6fb25792-3c27-4340-b465-548a66a81630,46,1,25,0,0,0,1,1,2
cd550b2a-18cc-44b8-bd28-507a32df3e46,41,2,102,0,1,0,0,1,2
790b0ac2-75d3-42b0-96ec-c214ac1ce4f0,23,6,68,1,0,0,1,0,2
3d3808d9-2fae-4c13-9e4f-2e82a45eb7d1,51,3,28,1,0,0,0,0,1
d66b75c9-357c-4e88-a873-394518fa7374,23,3,108,1,1,1,0,2,2
44989077-b7da-4c70-9456-5b91ce6f2619,38,2,59,1,0,0,1,0,2
51e648a4-bf37-4efd-9874-3ccd246ebe04,27,3,164,0,0,0,0,0,1
c4e73bd8-1698-4b2a-b758-33c31daab0f1,34,2,152,0,0,1,1,1,2
10f67eb9-4dcc-4b8d-a7df-c366e9bace5d,38,1,106,0,1,0,0,3,2
474cc29c-a5b8-47db-9316-6282704106bf,38,4,171,1,1,0,0,1,2
d40ba2b8-7bbe-4611-b372-299174772ee5,39,4,161,0,0,0,1,1,2
5a0aa32e-c9e1-4eec-b2c3-377f04703f38,51,5,120,1,0,0,0,0,1
b6e4db5f-52cd-4223-9832-836c08f9cb97,39,0,999,0,0,0,0,0,0
a579daa0-7c13-4b09-ae24-954e3b544143,32,1,92,0,0,0,1,2,2
670deebc-dc79-4454-a33c-3b07c0847679,44,0,999,0,0,0,0,1,2
301768d9-a6b2-4e61-b8a2-ea01f633287d,46,1,146,0,0,0,1,0,1
98beec49-1d47-46a1-8249-2ea89ab5f50b,22,1,146,0,0,0,0,0,0
7fd4f7a7-6000-4666-b647-ae7d39549cf0,40,1,28,0,0,0,1,0,1
b0be6fb3-6f47-465a-b5dd-60961dcf2434,42,0,999,0,0,0,0,0,0
88420b0b-870f-4137-a9a0-4e2d0398ae65,32,3,100,0,0,0,1,2,2
eda5022b-9277-4439-8e1f-d7cb27aa67e4,48,2,111,1,0,0,1,4,2
9a5d433f-2221-4c8c-9b73-2f59ba5340de,33,0,999,0,0,0,0,0,0
cccc6f17-3e92-45c9-a940-ef70f12638a6,36,1,19,0,0,0,0,0,0
7495b13b-430c-4e2c-8f6a-408a47867ceb,33,2,96,1,0,1,0,0,2
143765cf-208c-4faa-88c8-62712d049e7b,35,7,8,0,0,0,1,2,2
7700d3a3-3de4-4dfb-bab1-63a0e285b718,24,5,1,0,0,0,1,2,2
b0f6e36b-93ab-4a1f-b7ce-934994d6a419,20,3,155,1,0,0,0,1,2
3591151e-b5c0-4030-a8a8-097b0dee20fd,50,0,999,0,0,0,0,0,0
fa80c28e-00fa-42f2-8c8e-f404413f5a5a,26,1,20,0,1,0,0,2,2
235e1a89-6ccf-4815-be2a-5883468a71bd,25,2,82,0,0,1,1,2,2
30a72a69-f6d4-4eca-8175-9fd11f9f2878,18,1,80,0,1,0,1,1,2
ed4774fa-97a8-47c6-afdb-78e0e9c6ece5,28,1,132,0,1,0,1,1,2
2bd7bb14-d675-49f2-9a75-e2013ec62426,21,1,84,0,0,0,0,0,0
b15108f7-3690-4167-8ea7-5b888c44ca9f,51,5,21,0,1,0,0,1,2
cf84d686-76ce-444d-a35b-31c8cd0a9891,45,2,167,0,1,0,0,1,2
b686a60e-1403-49ea-9b60-4f1bb86ee81e,28,1,83,0,1,0,1,4,2
4a7d5343-b55b-4727-b1f3-8e7eaaa50039,57,3,159,0,0,0,0,0,1
6473c9b2-435c-4fe2-b13b-3930951e7b48,44,5,44,1,0,0,0,0,1
c2c18c34-54f0-463d-af8e-9749a19fb7c0,31,1,82,0,0,0,0,1,2
2f30fe71-132f-45c4-8ffa-cfbb69c7cd94,18,3,32,1,0,0,0,0,1
01bc35c1-731c-4de6-b7f9-f551cf17375f,57,1,34,0,1,0,1,5,2
f08b3b4a-cad1-4d00-ab2f-ced6802550d5,21,3,45,1,0,0,1,0,2
e0df26f7-0401-48f1-8e82-64db380ebda6,18,5,126,1,0,0,0,2,2
848c39e7-6fae-4730-99c2-d23472615f6e,45,2,105,0,1,0,1,4,2
21f67278-30cc-437e-9f78-25d451ac3e0e,59,1,163,0,1,0,1,3,2
1f2a8812-6ef4-466e-80eb-e973b017de22,48,0,999,0,0,0,0,0,0
08f1e61b-0a93-46b0-8386-a20793d937a4,40,1,82,0,1,0,1,4,2
0dc6c275-8667-4320-a450-bdb57747cd29,40,3,99,0,0,0,1,1,2
5d6ef7b3-429a-491d-b827-4245fdfd1146,43,4,106,0,0,0,1,1,2
72b5bcf6-1609-4905-a711-3eff5340d9ce,42,1,25,0,1,0,1,3,2
ec29542e-4a8d-46ad-a78b-880c9a505ee4,37,5,134,0,1,0,1,4,2
e3220f38-9594-4dca-bb7f-ee9777949a65,36,2,86,0,0,0,1,0,1
8c49dfca-5856-41d5-a1cc-630c0c99ca4e,34,3,132,0,0,0,1,1,2
0628e157-7146-43fd-a50b-c654d1ac6cc4,27,1,116,0,0,1,1,0,2
79cf63fd-021e-428a-98b3-237bf97a1494,32,3,159,1,0,0,1,2,2
9180b548-fcb7-4d98-a688-31f87b5d1302,18,1,78,0,0,0,1,0,1
81e049cf-1750-48d1-9d74-6c6b677978a7,34,5,80,0,0,1,0,0,2
dbd98899-8af9-429f-9ff7-5e5f2f11f9d7,25,4,83,1,0,0,1,0,2
3287afad-e6e7-49af-9d65-55a47adaaf42,23,2,111,1,0,0,1,1,2
19d77e74-eb4f-484d-b49b-c574e888931d,36,3,122,1,1,1,0,1,2
347a63dd-4ab3-4b57-99e6-8b59abfa9013,48,1,155,0,0,0,0,0,0
4a3db150-9928-4719-b390-109ca139cc71,44,2,124,1,1,0,1,3,2
48892e58-be61-44ce-b85f-6bc92b670670,19,1,121,0,0,0,0,2,2
e9317066-ecc9-4bce-a2b9-0fc0a1c8c3cb,25,5,79,1,0,0,1,2,2
63ad2959-d075-43a3-97e8-baa498588a75,44,1,127,0,0,0,0,0,0
8bc02b2e-c50e-4e43-aeba-edcb61c67ba1,25,2,77,1,1,1,1,5,2
3261fb90-0db7-40f4-aa8b-b8b142ef5861,32,0,999,0,0,0,0,1,0
535d92be-dbb8-47b4-91f9-c8b236731fb9,40,1,40,0,0,0,0,1,2
f47f2329-4de6-4180-a51a-cb9ac9c4378d,25,0,999,0,0,0,0,0,0
e630f5a3-8469-4771-b9ae-7d7e2a133ad0,36,3,65,0,0,0,1,0,1
ee84318e-2a54-4fbf-b136-e93a3ab41e9c,21,0,999,0,0,0,0,0,0
513655ed-eaca-4079-8b30-264cd7c529d7,28,4,168,0,0,0,0,0,1
9b189a73-ede5-40ac-99c8-5a772c507b97,38,1,122,0,0,1,0,0,2
b92091f1-cdc9-4c30-855f-41e74ee49fc1,19,2,126,1,0,1,1,0,2
5af9b887-775c-48aa-96c2-7d5d9805593c,39,2,172,0,0,0,1,1,2
0fbe1dd9-eb23-4271-93d3-fb37e5c95f0c,34,2,171,1,0,0,1,2,2
334ffb73-707b-4938-95b5-36ed65295239,40,1,29,0,0,0,1,2,2
5664cad2-c769-4447-a6d5-58f382ca928b,37,2,165,1,0,0,1,0,2
a377f581-8ada-454c-9ce0-09f81fd68e31,48,0,999,0,0,0,0,0,1
c498c56c-9073-4f43-bece-d8fb820e97cd,36,5,146,0,1,0,1,2,2
61e33ca1-2c5c-4072-9880-6e766b4fedbd,30,4,174,0,0,0,0,0,1
fd6c6a1d-f976-4795-8d6c-fb5576e80df9,36,4,37,0,0,0,1,2,2
13122e6f-579c-44a3-a218-bba8cf91d9b0,40,1,144,0,0,1,0,0,2
6f255525-d7af-413e-af2a-db82ce769bae,35,1,100,0,0,0,0,1,2
d3e3a23a-0f1e-4500-b69f-93a6d608548d,35,3,78,0,0,0,1,2,2
f06da121-0a73-4cb2-a804-83193bfa3b14,27,1,101,0,0,0,0,0,0
86256805-a837-4f30-b44c-9c61e014bb47,28,3,98,1,1,0,0,2,2
2e102f31-ba43-4b7d-a470-34d9834a30c1,20,0,999,0,0,0,0,0,0
371dee93-f35f-4382-ba5a-a1e5dd591043,52,1,162,0,1,0,1,3,2
4d89cc92-0cea-4f8b-8ef1-09ca524fc66a,22,3,128,0,0,0,0,1,2
b9fde251-edd7-4c12-a46b-6ee856412a6b,28,2,84,0,0,0,0,0,1
a3faad73-7ec5-4978-8639-c47639d8a2e8,27,3,109,1,0,0,1,0,2
888468f4-caf8-4b26-919c-daa04fc8e88d,43,2,149,0,0,0,0,1,2
a87fb998-bbfd-499b-a094-55aeb817dccc,32,1,132,0,0,0,1,0,1
d0741252-4860-45b1-b965-2758b090cd73,47,2,35,0,1,0,0,2,2
1d16bbc8-8727-45ae-91ab-a53421d72b87,28,1,101,0,0,0,1,1,2
eabba394-3060-4215-8c8d-5b700797b2c7,37,1,136,0,0,1,0,0,2
3ed18005-f97e-4fe3-81a3-297d5b01f62f,26,3,109,0,0,0,0,0,1
5a24c206-c059-4eac-a4f5-3f91dd4b009c,56,6,56,0,0,0,1,3,2
004efcef-d2da-407a-b266-5098ca9cef26,23,1,105,0,0,0,1,1,2
c65826cf-a721-4dd1-97b5-96129fa25be6,38,2,108,1,0,1,1,1,2
563f13e0-05f1-4063-a033-b1362d078b20,41,5,83,0,0,1,1,1,2
0ed290ba-b8b0-4a30-a78c-2007e4db4dbd,39,2,89,1,1,0,0,3,2
a4bce7c7-b4c7-471e-ba5d-ed2972bdbf9a,33,0,999,0,0,0,0,1,2
ac9e03f9-a7c2-4928-95bc-faa8efbb6333,33,4,50,1,0,1,1,1,2
39a48311-23d1-42f5-9109-76bc0f4b17ba,35,1,166,0,0,0,1,2,2
84e2f91c-8757-4931-bc9a-8f7bf5b34fe2,33,1,83,0,1,0,1,4,2
546f0388-392b-4efa-86a8-8d67badb3eb9,44,0,999,0,0,0,0,0,0
a436a4d8-5b56-4b78-b12e-10091f6838b2,57,1,179,0,1,0,1,4,2
4bb40013-2063-4910-8e7f-bf2f5546e579,29,3,70,0,0,0,0,0,1
def2b2df-cf26-4315-9c8e-365b0999f0c1,21,3,54,0,1,0,1,2,2
e9fc3ebb-fdd2-4ea9-803f-a72f156dca1f,34,2,107,0,0,1,0,0,2
7b2c86e4-9369-49b7-8f82-f0952333d6e4,60,0,999,0,0,0,0,0,0
e61ffa41-c7d0-40b9-bf5f-057976998dc1,26,2,49,1,0,0,0,0,1
e5a69a64-404a-4428-8694-a0e6f223f456,51,1,135,0,1,0,0,2,2
3da1a0f7-0f66-41c2-830c-741e6a481e04,51,3,86,1,1,0,0,3,2
11a2162f-79c1-4c2c-882f-f1ebbd0f5e82,29,0,999,0,0,0,0,0,0
11dd8171-3eb4-477e-9d18-cc0b01f5e185,40,1,142,0,0,0,0,0,0
21dceab7-f18e-4a5b-8025-53edf4d7248b,51,3,64,1,0,0,0,0,1
03b89972-e399-4690-8b1e-6fc7c4e8de14,31,4,9,0,0,0,0,0,1
a9d42371-8161-4c52-9542-b2daf55bed31,32,0,999,0,0,0,0,0,0
e00f6404-90e2-488b-a73b-b671520bd3fc,29,2,87,0,0,0,1,0,1
989977ee-6332-4b61-a538-d1662dd4d450,24,1,78,0,0,0,0,0,0
ea86c6ca-6e8a-426d-bb0a-61934d889b44,28,1,112,0,1,0,1,4,2
68c332c7-af84-4407-ad0c-8c848dae15d3,22,2,175,0,0,0,1,1,2
cec2bc77-2af4-4733-8980-0b5fdd9f0b2e,35,1,148,0,0,0,1,2,2
b6a32da2-8cf4-4672-9d7d-06f43ba0f61c,27,4,23,0,0,0,0,0,1
fb4d3d56-fd77-4a9f-9636-735b1a49c4e8,37,3,150,0,0,1,0,0,2
f15e923c-2d5e-44b8-85b5-5094bb2857fa,19,3,68,0,0,0,1,1,2
23345ff4-9567-4bb6-b22b-634a6a5c3369,38,3,32,0,0,1,1,1,2
228c3ddc-8372-4bca-b898-8610aadefcf5,43,4,35,1,1,0,1,2,1
a1404d63-bc91-40c4-86ce-13b77c3a9097,18,1,152,0,0,0,1,0,1
5c5b53f4-1b42-4bf0-a24c-636f246192b4,38,3,89,0,0,0,1,1,2
146aa69a-1e01-4d04-b002-aaf4db3dce97,47,3,65,0,0,0,1,0,1
e122c264-3007-4f43-8d0e-5093d1e453cf,22,3,30,0,0,1,1,1,2
583ee4b5-5dc9-490b-8cc7-7b7de3316531,51,4,103,1,0,0,0,0,1
066c8a05-03b5-45aa-b59a-57f098deb5f6,39,1,171,0,0,0,1,0,1
501dcb9f-b1aa-4ffd-b74b-ca64a9815c77,27,1,172,0,0,0,1,1,2
5e14ea69-0d45-46b7-9471-f2f1f3577ace,34,0,999,0,0,0,0,1,2
e3180fde-00a1-49b2-b915-a861f9cd25f2,40,6,120,1,1,1,1,5,2
e3dd7080-10f5-4c82-8595-97537ed1d8ef,35,0,999,0,0,0,0,0,0
99db9aa0-2566-4d29-ac1b-35236db8f773,40,1,177,0,0,1,1,1,2
8294d865-3792-412d-8ab2-81522af34d86,25,3,66,0,0,0,1,4,2
caf23aa8-9fe6-4c4f-bd7a-5bbffaf067b2,36,1,86,0,0,0,1,0,1
7f2ccb86-d9c3-4697-86a9-50c766e46a1f,20,2,128,0,0,0,1,2,2
9957a182-5fe5-44ba-a4f3-08e4a1019493,33,1,70,0,0,0,0,0,0
38f3c367-2eb8-4ade-9d10-9cac521630aa,25,1,85,0,0,0,1,3,2
016addc9-dc75-4ddd-aa98-b31576752f9f,27,2,82,1,0,0,0,0,1
105fd8a5-6265-4a94-9453-ec88732fa839,47,2,93,0,1,0,0,1,2
05669f69-8d11-4ba6-b203-861dbed20e4a,45,2,136,0,1,0,1,3,2
2835b4dd-fced-478c-8035-79439591de3d,41,2,98,1,0,0,0,0,1
38b26f49-26f7-4a07-9763-f67e0323accb,24,2,162,1,0,1,0,0,2
9d1af1fa-c14d-43eb-a2bb-7c975efe9efd,31,2,140,0,0,0,1,1,2
e54f2735-ef59-46b7-9443-e01a99f455be,47,4,153,1,1,0,0,4,2
c6209ced-1ac6-4969-bf40-e219c8092336,36,1,172,0,1,0,1,3,2
a4f1f3dd-dfd9-4968-a794-6126b5c3500e,58,1,178,0,1,0,1,3,2
23764b0a-04f4-4ca4-bdbb-90d520e50b16,38,2,91,0,0,0,0,0,1
c0ba039a-1cc9-469e-89bc-03fc76046c3c,36,2,152,1,0,0,1,0,2
481af7b4-54b2-4d1c-acad-26fb8f2f4ff3,31,3,55,0,0,1,1,0,2
555044d3-06cd-4a1e-a39d-3b1822eee6d5,36,2,38,1,1,0,0,5,2
46d1ea19-8b73-472f-bba5-50863ba6ca98,33,1,130,0,1,0,0,0,2
45f3a5f6-9623-4467-b0c0-8596c5c3ddba,42,3,52,1,0,0,0,0,1
942bdbdf-2206-4abb-9d00-fa01328d4d23,44,5,160,1,0,0,1,2,2
1ce3636e-4f83-452f-9669-56e2a664f577,27,2,61,0,1,1,0,1,2
1f310da4-c8b0-4e1b-895c-794afd477b91,21,3,104,0,0,0,0,2,2
dd6218eb-fcf7-4199-8a96-4677846e6ff2,18,1,68,0,1,0,0,2,2
df0a0118-60cd-464a-92e1-2249bfa732e2,40,4,131,1,0,1,1,2,2
9afce72b-2c76-4417-9fb5-91c1a0cd118a,23,3,58,0,0,0,1,1,2
0cc89988-9c5f-4863-895b-7c52e39c0e5d,18,2,144,0,0,0,1,1,2
9345d263-33d6-49b2-88d4-3c06d59bec36,38,3,149,1,0,0,1,1,2
f653b66d-3ba8-4d3d-afc5-7af07b87e8e2,59,2,165,0,0,1,1,3,2
95adb893-a027-404c-a8ab-99b0009464ca,34,1,30,0,1,0,1,3,2
f6f97d63-86e0-4532-87b7-65886dc4b37e,43,1,48,0,1,0,1,2,2
1439a998-96a2-4ade-beb6-81068debe08b,35,3,179,1,0,0,1,1,2
bc4626c6-b0a6-47bc-aee5-7c029f663e48,34,4,112,1,0,1,0,0,2
a34a539e-f35c-4808-8f7f-7369f7beaaa8,44,5,109,0,0,0,0,0,1
e4fbfbb0-7748-42a7-99dd-b4f987a9cfc1,32,3,37,1,0,0,0,0,1
50ab764d-08fb-40b1-ab02-457e94c79bd0,37,2,48,0,1,0,1,2,2
2f275387-010b-478a-8163-83c0ab286cf1,38,0,999,0,0,0,0,0,0
f9aa2ab2-3450-4587-b99a-3cc4ff977ae8,28,3,154,0,0,1,1,1,2
b5c33dd1-72d0-46cf-83d5-978536ef6cc8,44,3,22,0,1,0,1,3,2
f1a7eb4d-e4db-47e4-94b1-327fd29ffbee,33,3,83,0,0,0,0,0,1
7d086ef4-075f-441f-9f5b-6a9e00a1cae1,27,1,26,0,1,0,0,4,2
a70e4fa3-6d89-4baf-8001-cb313dbd6098,40,2,80,1,0,0,0,0,1
b5dd6bf5-5144-45eb-ada0-5f1463a77fff,26,3,141,1,1,0,0,2,2
cdda3263-9559-4312-8247-ee1c54f08927,35,1,130,0,1,0,1,2,2
395485f1-9688-4662-95a3-9ac69e69eeba,34,4,103,0,1,1,1,2,2
44253f44-1c12-4ffd-9131-5d2b88a17771,45,2,26,0,1,0,1,2,2
a7fef480-49f3-4393-ad2b-8db0354a72b8,39,2,13,0,0,0,0,0,1
3358334b-735c-49e1-a9c4-83bc0254b84e,34,2,171,1,0,0,1,2,2
a16adafd-34bb-4aff-bd03-bad89589b365,43,1,24,0,0,0,1,0,1
4fa38afc-80e2-4f89-9acb-56645e03b7cf,48,2,51,1,1,0,1,5,2
88898a1f-6e7f-4ae1-a9d2-ad4e4ba2a9f0,40,1,139,0,0,0,0,1,2
1e95386d-e4bf-48e1-9ad9-8f4273236d92,35,5,161,0,1,0,1,4,2
3229d7e1-87fa-491f-82c3-3e0ca210612f,21,3,22,1,0,0,0,0,1
bcadf110-9dab-41c7-b888-99968ed0e336,24,1,146,0,1,0,0,1,2
42948073-eabb-42c9-a76a-6c6f53b16ef8,31,2,119,0,0,0,0,0,1
cecef3cf-f793-49da-97fc-2a026290cc16,28,3,0,1,0,0,1,0,2
faf05586-e963-40d2-890c-db3d4517f1a4,33,3,125,1,0,1,0,0,2
2cca8565-8362-4ede-8bc3-f1acbc9f6b32,35,5,132,1,0,0,1,1,2
7ef5bc59-ce88-4a5e-a336-dae7a1490419,40,1,149,0,0,0,1,0,1
1ad87e4f-6b5e-4594-8296-730e0d0b7ecd,34,0,999,0,0,0,0,0,0
b2ee4d74-728f-42b4-90ee-e66e6c97bfe2,39,0,999,0,0,0,0,0,0
a27ddb17-9515-42b9-98c4-88f0cef45ba2,35,4,134,1,1,0,1,4,2
ceb2690d-dfbd-45ae-a604-bf7dac8c9fe5,18,0,999,0,0,0,0,0,0
b6be863d-a24d-4081-ad73-df002ba1765c,25,1,20,0,0,0,1,0,2
113a3e24-709e-4205-9a1e-848f1c29cf3b,33,1,70,0,1,0,1,3,2
2ca5efeb-bc44-44a4-a3ab-e8a4477cb040,22,2,58,0,1,0,0,4,1
9b3d710c-011e-45f1-b997-74b54875ed80,40,1,8,0,0,1,0,1,2
f771649b-c869-477c-a2c3-a5c80963a3e7,50,3,119,0,1,0,1,2,2
9b6f5d1e-c048-4d3a-beae-ecc31d6686fc,47,4,167,0,1,0,1,1,2
66f5d560-69c8-419c-a735-c10a78f3b2ac,32,2,72,0,1,0,0,2,1
6a4f3672-fefe-4fe5-af88-6544fbec5901,49,3,114,1,1,0,0,3,2
e970daa4-dcbd-4e22-b5e8-4c946bffb05b,36,2,176,1,0,0,0,1,1
9395769e-4653-4c83-9539-66bad0af358b,31,2,139,1,0,0,1,3,2
b239b1ea-1816-4fce-9266-7859440a14d1,28,2,99,0,0,0,1,1,2
3e61166a-7a86-4224-a0cb-09c096e796ad,31,2,72,1,0,0,1,0,2
83d1cb46-095f-41df-9985-5b686ff30e42,31,4,137,1,0,0,1,0,2
8a4c82b5-47a9-4139-aaf5-e0a0c4c10523,36,1,112,0,0,0,1,0,1
f26ae9db-2e81-4bd3-812b-2c923e6d06e9,36,1,73,0,0,0,0,0,0
3af9aad8-5ac2-43e6-b150-fa4fc68369b2,35,1,16,0,0,0,0,0,0
e6336205-b583-4af7-8a4b-c49d0f842ee8,39,5,3,1,0,0,1,0,2
b11db8dd-45bd-49c6-84ab-6ecb6fe1886f,46,4,63,0,0,0,0,1,2
ec3d9bdf-2347-4238-81f4-c64ade2f27a9,44,1,143,0,1,0,1,1,2
40828c6e-d73d-405e-839b-a613a3d6aded,20,2,48,0,0,0,1,2,2
5fbc986b-0146-4cd9-9464-3f8be9c48332,18,4,99,0,1,0,0,0,2
a833329a-bad6-4a0a-a9f4-f8bdc71fedf7,44,0,999,0,0,0,0,0,0
c10a5f44-cb3f-469b-bf8a-39c80a8be8d4,21,3,5,1,0,0,0,1,2
ba8ea7bc-66f3-4487-bc6e-8d777d6fe5a5,32,3,103,1,0,1,0,0,2
82a9a833-30eb-42fa-ab46-a8ce192aca32,23,3,8,0,0,0,0,0,1
4efdc339-e705-4f8c-8c86-a52c65d6923a,18,4,57,0,0,0,1,0,1
43cafda2-ea1c-40f7-b709-d250542d011b,40,2,31,0,1,0,1,2,2
4a5a9455-945c-4c73-9d0b-20be84c26082,42,2,165,1,1,0,0,3,2
b8ec78cc-9847-40be-be18-22b825d874b7,29,1,29,0,1,0,1,3,2
a5bad631-ee34-485d-b473-d3f7f0e92013,18,3,44,0,0,1,0,0,2
7a72446d-744b-49c3-9451-5dd23fda469d,29,3,113,0,0,0,1,0,1
9e49763d-3873-48fb-a149-d7e1df253ab4,38,2,156,0,0,0,1,0,1
de30c386-59a3-48bd-908f-0caf4a45d9ab,20,2,149,0,0,1,1,2,2
14dac733-a0c6-43d0-9a94-927b5f1bec8e,36,2,30,1,0,0,1,0,2
3fe14a11-c6d3-426a-8079-955bda77714f,34,5,127,0,0,0,0,0,1
0d8ac962-7c55-46f0-b9d0-cde68c3d2ab3,40,3,16,0,1,0,0,3,2
79b0a03f-7ede-4f93-ac41-22db02817d94,36,2,112,1,0,0,1,1,2
2d58a20f-aa2d-4b6e-a368-1b920188a35c,25,3,124,1,1,0,1,1,2
e06f9c94-9533-444e-b6f7-71ca68ceeacb,46,4,53,1,0,0,1,1,2
4f464113-9035-48a5-ae27-624f8ed075e7,33,3,78,0,0,0,0,0,2
5200b181-2357-46d2-adef-561b0f90a6dd,34,1,46,0,1,0,1,3,2
fe3ab338-023f-4740-a0ff-678cb7e9b72d,25,0,999,0,0,0,0,0,0
ab839c12-0656-463a-a76f-4af0786166c1,30,7,155,1,0,0,0,0,1
3667ab9d-1ee4-4eea-887f-1dff7bbe6b82,26,2,138,1,0,0,1,1,2
2c74cd0b-0df9-497d-94b5-ef4c8288561e,33,4,166,0,0,0,1,1,2
5ff28a7e-d41d-410b-85f1-2a5835343b10,52,0,999,0,0,0,0,0,0
be44f120-e123-4d04-ae3d-fda46766f625,21,1,75,0,0,0,0,0,0
de364643-5051-48dc-9d70-0e8b5c7bb27c,18,2,114,0,0,0,0,1,2
8d86f17c-2844-4e27-a9ee-8b223b351eb2,49,1,114,0,1,0,0,3,2
477e737e-42b1-45f2-aab8-aa8db276535a,32,0,999,0,0,0,0,0,0
93a00830-be70-4d2b-bc56-3d467e9c39a4,28,1,152,0,0,0,1,0,1
2b46d1ac-dce6-4c80-9c91-d325b3fd9ba6,45,1,25,0,0,0,1,1,1
24516daf-ad36-4abe-b329-614932761a29,28,0,999,0,0,0,0,0,0
831aa937-d5ff-4751-9d5e-417c4b299846,53,2,146,0,0,0,1,1,2
6c59c602-ed37-40b1-9288-e3753d5cb2ff,41,3,12,1,0,0,1,2,2
4f94aa6e-76ef-46be-8582-28c9a58e9700,30,2,28,0,0,0,0,0,1
7c53a6f9-a4a8-4eec-b444-df418ff53637,56,8,53,1,1,0,1,3,2
fe9feedb-23ba-4395-8f4d-02e099dafcc5,28,1,72,0,0,0,1,0,1
8de70b59-0514-4388-b3e7-26d1eddbc5fa,42,1,169,0,0,0,1,3,2
ef67408a-52bb-42cb-a824-693f9459a525,37,5,20,1,0,0,0,1,2
ecc58666-1e39-4d9b-a1f6-455a13c126e3,48,2,8,1,0,0,1,0,2
974c84d0-9d71-4892-a05a-1c149f1ac75a,50,1,172,0,0,0,0,1,2
f1deea1f-3cb9-40e5-890e-84acf7f825dd,35,2,154,0,1,0,1,4,2
80ebe45a-aeb9-40b8-b704-129c569a6ce9,27,2,47,0,0,0,0,0,1
d07570ff-3d70-463f-b0fd-a143dd701339,39,3,84,1,0,0,1,0,2
dcfd29f8-06d6-4998-b288-eb3652da9737,28,3,132,1,0,0,0,1,2
d91231c3-b1f5-4b0b-aa9f-5e32c1329783,55,1,71,0,0,0,0,1,2
98754a78-1fc8-48da-88a5-6d2ba2a4499e,36,1,14,0,0,0,1,0,1
2dc2a025-8e5b-40a7-ba42-aa63ddae3da3,31,4,76,1,0,0,1,3,2
b05915d6-21f4-4ffb-91f0-d915e9e76810,36,3,96,0,1,0,0,1,2
b697ebba-e8f5-48a1-b062-6748b0f42cce,21,2,171,0,0,0,1,1,2
663eeb8c-fd58-44fe-9882-afa30bcb6fac,25,3,122,0,0,0,1,3,2
29bd5364-b175-4a01-87c1-ed6ee4e315d9,47,3,174,1,0,0,1,0,2
e3a3ab8b-82c6-4782-b4b3-e47ea78dcd9a,28,1,31,0,1,0,1,3,2
32f899dc-30cf-43e7-bf7e-3a63f5a52c35,24,3,35,0,1,0,1,3,2
43398220-0ef6-40c2-aa71-e3c33d2ab9d8,40,0,999,0,0,0,0,0,0
aebd1ecd-063b-4845-b45d-4247f19e6767,46,1,150,0,0,0,1,0,1
ab13709e-3900-4ad4-ac27-d041a09731ba,42,3,161,0,0,0,0,0,1
b13dbdf6-043f-4813-a915-81f410f941e2,44,0,999,0,0,0,0,0,0
e70854eb-4f3b-445a-b681-a2f6bfd6b9b5,27,2,139,0,0,0,1,2,2
0f23ac48-9314-40c2-a9b3-830952a51c36,20,3,86,0,0,0,1,1,2
4fcc5f73-2193-4b89-ad3a-d48a776f7a14,50,4,125,1,1,0,1,2,2
df8d4870-e15b-4493-a7ef-a77dd806a4f0,31,1,129,0,0,0,1,2,2
daf03f86-e829-4456-8d7c-12f65379fc96,32,3,154,1,0,0,1,0,2
cf57b744-f1ff-400e-98fa-66503337adde,48,0,999,0,0,0,0,0,0
f55b5512-6fea-4bfd-a0be-396d04d74cfc,40,1,158,0,0,0,0,1,2
8e4a6de8-8c25-4b4e-95d4-c03408406b86,39,1,175,0,0,0,0,0,0
128540cf-7799-4d23-9c71-2f2fc694720a,56,3,85,0,0,0,1,0,1
9bab0a42-be13-450b-b700-abc5d52e5d67,28,2,68,1,0,1,0,0,2
6eceac78-bd82-42a0-bd24-1bd80fdc6fd9,44,0,999,0,0,0,0,0,0
c9a2aa98-d052-43bf-abb4-b444cfc386e7,35,2,42,1,1,0,0,2,2
2eb9b6dd-3012-4727-bceb-c874f17a79c4,37,2,145,0,0,0,1,1,1
90f865c9-ea17-4b1e-89dd-9729f1c6310e,50,4,30,0,0,0,0,0,1
6dafa26e-dcab-4367-9f8f-562f2a07a938,40,3,62,1,0,0,0,1,2
e9f02bd1-c0bd-41cd-90d0-1322b33916bd,40,5,27,0,0,0,1,0,1
3387912f-6671-4e65-945f-e6a7c87fd46a,45,2,136,1,1,0,0,3,2
119e1a42-528f-4b0e-adcd-02f2fd88bfaa,31,4,96,1,0,0,0,0,2
0213ee5a-5317-4ff0-92ed-dd3c9fbbea6e,26,3,27,0,0,0,0,0,1
5a645d02-7500-454f-a74a-4c5a4ecbffd6,24,5,145,0,0,0,1,1,2
3e57b631-ad26-4e34-8ef7-33efb63a5e8b,18,0,999,0,0,0,0,0,0
66c30b3c-febe-441f-92d2-6e24cd062c64,55,1,4,0,0,0,1,1,2
7b60b7b5-782e-4823-9a65-47f1880d3d1d,23,2,40,0,0,1,0,1,2
9c5d1cc6-2452-46a0-b74d-682218a7baa9,32,2,109,1,1,1,1,4,2
5f854cea-08a7-4334-864b-3007f26b465c,32,1,75,0,0,0,1,1,2
0e3cc49f-809d-499a-a4b9-e4b4c3e047cf,38,3,116,0,0,0,1,3,2
f37b609c-3b0d-4dd0-8665-7845522f2c93,43,6,65,0,1,0,0,0,2
1f3b0bd1-853f-40be-a6bb-53c0ef9e5dc5,43,5,72,1,0,0,1,0,2
3c89778a-fd47-46b9-b383-1d3462ce7f5b,29,0,999,0,0,0,0,1,2
66429a43-3043-42dc-9fb9-fb58468ed498,33,2,119,1,0,0,1,1,2
84efd5d6-6176-41b2-ba94-e9a7961c5e12,37,0,999,0,0,0,0,0,0
0859d3e0-3443-48a2-b3b1-00d4a6512a4c,32,3,126,1,0,0,0,0,1
bcb8d1ea-af0b-48bf-8b7f-236c3d005d02,51,1,143,0,0,0,1,3,2
2a338643-d452-4842-99a1-64035507d63c,39,4,56,0,1,1,0,0,2
52d9d5c6-3971-41ac-844c-70937b4fb0c5,42,2,164,0,1,0,1,4,2
1903e7d4-60a3-40c5-95d9-fc438d570b8d,41,3,166,0,0,0,1,0,1
406ba218-e500-4ed4-b200-1acbdf6b2695,46,0,999,0,0,0,0,0,0
aaf918ed-f4bf-49e5-ba64-2b42c546a5d4,36,2,176,0,1,1,1,3,2
b0d1ed83-8c8f-473b-8ee0-953652917a63,22,2,46,0,0,0,1,1,2
5bc1f8ef-2954-47b6-8d1c-34a7db98193b,38,1,167,0,0,0,0,1,2
ff061694-6cd4-4d64-a556-7b884fcbfdca,28,4,141,0,0,0,1,1,2
89c04a7d-f7a8-4353-b090-e0caa643438f,29,1,39,0,0,0,0,1,2
5a64c2e9-975f-4ee9-8fc3-7b142269d86a,40,1,47,0,0,0,1,2,2
f2114041-e2e1-44d7-b2f1-3b8575cc3ea9,47,1,159,0,1,0,1,2,2
989ab601-eb45-4296-be1f-566a5982d9fa,35,3,38,1,1,0,0,1,2
cc4c9678-3240-4bb8-87a4-33a2342dde0e,38,2,100,0,1,0,0,2,2
008ffd8e-30ee-4677-b839-98f148980c14,52,0,999,0,0,0,0,0,0
8b23cca3-fd67-4b63-bb5e-e98d876ecc7b,37,6,157,0,0,0,0,0,1
9226ecb5-c8ac-46fe-9546-b14602004b8b,61,2,119,0,0,0,1,2,2
a46709e0-f36e-4061-921f-4c7356f7e0a1,40,1,153,0,0,1,1,2,2
263e3c74-d92e-466d-9a4d-d37c936d123b,18,1,42,0,0,0,0,1,2
872e7ee1-28f6-42d3-86db-3ee4ce5ff5f1,42,4,43,0,0,1,0,0,0
e0723663-ca4c-4e32-8607-661b62349344,38,4,77,0,0,0,1,0,1
3eb1fdf4-ceab-4742-8b1f-45c4b4a9bdea,47,2,75,0,0,0,1,1,2
18513090-e54e-4774-8da0-740fc7a7d6f8,41,5,107,1,0,0,1,1,2
188ba548-ac33-4fc7-afce-da03c3ea44d7,33,1,130,0,1,0,0,1,2
1742f5b3-6249-4441-b315-55e604466d8b,22,0,999,0,0,0,0,0,0
e8864d6e-f969-42a1-8afc-ac81a5b4e57c,32,4,84,0,1,0,0,2,2
592c9618-f381-4dd7-9a63-6e3d525da27d,26,7,57,0,1,0,1,2,2
3a8bdefe-44e8-4c9e-8e8a-99f00591f44f,29,3,90,0,0,0,1,1,2
e2dc5ca3-8649-4a69-a8fe-a2c2e2949abc,40,2,137,0,1,0,1,4,2
6fc2fe95-9edf-4a8a-8b8b-49852d58f4e0,51,1,9,0,1,0,1,4,2
dadcc6fa-a70e-413d-8bb2-6dc2a280a963,38,2,169,1,0,0,0,1,2
c40db17a-91e7-4df6-94be-38bbad65a701,23,1,33,0,1,0,0,3,2
05000f6d-67e9-4e30-b826-e25c37ad7801,39,1,153,0,0,0,1,1,2
94ff6358-fe18-4495-acdb-8d3c8e8ead58,46,3,59,1,0,0,1,0,2
72b76126-3338-4236-9c6e-f3883afefac6,28,3,129,1,0,0,1,0,2
ad9017e2-4eac-4533-a30e-7cfa51f7dfa8,33,6,44,0,0,0,1,1,2
c5156232-1d02-4f15-b625-6e7d35686893,35,3,4,0,0,0,1,0,2
8c5f242c-13e3-4868-82d9-a3c77f0e5929,27,1,25,0,0,0,1,0,1
2c49f64a-8c87-41e5-9cec-d9b0d2a527c5,41,4,78,0,0,0,0,1,2
80aa0fac-b9b7-4ffc-b9c1-7e19110fe53d,33,3,152,0,0,0,1,2,2
28855d4e-1fc6-4d68-99b5-d136c05f63dd,39,2,25,1,1,0,1,2,2
87511812-c550-49dc-96d1-d63bdea50c15,26,7,91,0,1,0,1,3,2
642d82e3-94d5-47b4-a969-26d952d8045c,30,1,84,0,1,0,0,2,2
afb1c127-de1f-475d-aa92-e4f58029bb2e,42,0,999,0,0,0,0,0,0
6f4041a7-6fbe-4e0b-8647-31437a825ddb,31,1,146,0,0,0,0,0,0
d0ab77bf-5107-4280-b595-351464c54031,52,2,9,0,0,0,1,2,2
14e69b3d-0fe0-4325-a354-14c5bb05bbb6,31,5,41,0,0,0,0,0,1
eaf0edc2-bea1-4ad2-96ec-e3639a7587ae,37,1,158,0,0,0,1,1,2
dd244081-2957-4e3a-90c0-de13b7965172,44,2,158,0,0,0,1,2,2
c6ac8486-e18e-4ece-b7ee-fcbf8bff9e17,20,1,98,0,0,0,0,1,2
6cb47a5f-2abe-403a-8770-aa52a9be0e2f,18,2,74,1,0,0,1,2,2
0435e916-a51e-480d-a8c6-578f70195bd2,19,1,80,0,0,0,1,0,1
c0bec261-b1e1-46f3-812c-e2c8b6c1c470,47,0,999,0,0,0,0,0,0
a7dc6087-258b-49ee-8769-f59eb27b1553,29,1,163,0,1,0,1,4,2
ec25da9e-1a8b-4252-bdec-6d2bb137ac7b,60,4,31,1,0,0,1,0,2
ad881dda-f26d-455f-8a72-9163706e28a3,29,0,999,0,0,0,0,0,0
3fc837b1-1941-42cf-956c-8c4ea6c9513a,36,2,119,0,0,0,1,0,1
983b384c-7d6c-4a19-a039-0138fcb53576,50,3,101,1,1,0,1,3,2
20fa3ffa-6bc0-4826-976e-c2859989ffb1,55,1,113,0,0,0,1,0,1
a218c6c9-d69c-4ac8-a5a9-4ac612260976,55,2,22,1,0,0,0,0,1
b81ab72e-9cee-46e4-aa19-32ea997e36db,47,3,49,1,0,0,1,1,2
7f9088ad-023e-461b-855b-a479855775a0,45,4,64,0,1,0,0,0,2
434d2a60-0ced-40f9-8e93-338a63b905a2,40,3,171,1,0,0,0,0,1
48e37778-24b1-4801-8925-1377a6851055,42,5,164,0,0,0,1,0,1
b0628aa6-2e80-4846-8d05-6327fd762a74,29,1,17,0,0,0,1,1,2
5c66fa71-eb3f-47f1-9b6f-cc9c5189d6c5,26,2,115,0,0,0,1,4,2
6a9294b1-8964-4cc6-a129-80dae2be4f26,34,2,132,0,0,0,0,0,1
ba2b1e34-e61c-4ef0-bd42-6c2f9e625316,33,2,98,1,1,0,0,1,2
3c5a25c3-e975-4972-8f80-824e63b9a6cc,30,3,117,1,0,0,0,0,1
b75a6d9a-46f7-4b76-83b5-b8144f935e8e,41,2,95,0,0,0,0,0,1
26281c73-55fb-4aaf-92d8-179e5184b5a3,44,2,153,0,0,0,1,2,2
abdd485f-64db-4797-b353-c0e807bd3614,35,5,32,0,0,0,1,2,2
12c06d9c-440c-427f-a921-f90b2c0164b3,49,2,41,0,0,0,1,2,2
f34c3679-a387-4585-8784-a86ed9546266,23,2,154,1,0,0,0,0,1
534355b9-4490-4966-9128-da350e868283,33,3,81,0,0,0,1,1,2
fc2546dd-d54a-4496-8f58-42fb2fc3b29a,27,1,78,0,1,0,0,1,2
2299d6e1-4c8b-4a55-ab8e-3a5407ab059c,18,3,90,1,0,0,0,0,1
469e70d3-02e0-4a63-80f1-fc0089dea111,34,1,120,0,0,1,1,1,2
69f892fb-862e-4eb2-bbb4-95310f511b2e,33,2,23,0,1,0,1,5,2
df9f1c03-8fb1-4789-80a0-b8b162d62cd8,50,2,125,0,0,0,1,2,2
7a3f7f97-c392-4571-bdfb-3f98f75b3c7a,41,2,2,1,0,0,0,0,1
5d1db031-1a18-47e3-8ae1-0e22d5e7a3c4,24,2,166,0,0,0,1,0,1
16f4b858-218b-4cbd-9ad9-37e7a62c0f1c,53,5,70,1,0,0,0,0,1
1f14bfe1-1fe4-4daa-83d4-513f3a7ad667,47,3,139,0,0,0,1,3,2
50eece00-5b93-4639-99e8-83aebab608f1,40,0,999,0,0,0,0,1,2
2b71b16a-860f-46d7-8dbb-f38accb2aa9b,32,1,21,0,0,0,0,1,2
847fa26a-b11d-49a4-85eb-6003ac1a30bd,25,1,162,0,1,0,0,4,2
56d85598-faef-4e4c-a6ee-740bf8036a3b,31,0,999,0,0,0,0,1,2
9240df51-483f-46fd-a76f-74d4a5824915,45,2,153,0,1,0,0,1,2
565891fc-a729-4632-81b8-89f8dadd1703,53,4,124,1,1,0,1,4,2
b9796426-3541-440a-820d-09e84f68595e,50,3,53,0,0,0,1,1,2
46c2f1e6-5763-4f8d-98c1-c7e3bf30a8e7,30,0,999,0,0,0,0,1,2
68925a8e-1e90-40e3-a180-2d2e5fd1d1ac,23,1,172,0,0,0,1,2,2
4f623da4-3725-4db0-8832-37be7cc04b28,36,3,30,0,0,0,1,1,2
adeb9599-2656-46e7-9680-291d20cc2a59,18,3,68,1,1,0,1,4,2
7a9d6694-10a3-4e47-b9aa-753501fdbd28,38,2,98,0,0,0,1,0,1
aaf3497f-e64d-4bcd-b242-5f92d6b7ef93,33,1,144,0,0,0,1,0,1
f87e35ed-edec-4d60-9e0f-1dd5529f8746,30,1,95,0,0,0,0,0,0
b5b2dc65-bea4-4058-a9de-5162096713a3,19,0,999,0,0,0,0,0,0
4470f041-5e81-46c1-b206-17c18cdde9d7,40,3,131,0,0,0,1,0,1
26467b0c-36a5-4994-904e-0624f178a23d,29,2,9,1,0,0,0,1,2
eadc95d7-a286-4d0f-b815-1234c3c67318,23,2,118,0,1,0,0,2,2
a6137413-ea45-451d-92bb-3cba108922a8,18,3,100,1,0,0,1,1,2
e276759d-8ae7-438b-ae17-552e2c1293c0,34,1,136,0,1,0,1,3,2
73c2d1f2-dddf-4d34-a36d-d1d5852d9d14,52,1,149,0,0,0,1,2,2
68e2a91b-cb8a-4b1d-a53f-32c549019e4a,51,3,148,1,0,0,1,1,2
10423a6f-7121-481b-8894-3c1c9e0f36e9,30,3,126,0,0,1,1,0,2
fcce53a0-fc8e-410a-8de3-6d98ffb0ac2b,28,3,22,0,1,0,1,4,2
0dd935cf-e73c-4029-a862-d33582bc4b6f,39,1,60,0,1,0,0,1,1
de6ceb71-a937-4abb-9218-9742983e2a0a,25,0,999,0,0,0,0,0,0
8082ccb6-c128-4b68-8add-263c092a9168,38,3,94,0,0,1,0,0,2
3b78f658-340c-419d-a4a1-84b129c18cc0,42,2,121,1,1,0,0,3,2
4392d8a6-7853-4513-923f-56f6b403e0d6,47,2,144,0,0,0,0,0,1
d6706b60-30d9-4578-bff2-5cca43b6df7d,33,3,103,0,0,0,1,2,2
8e552149-48ff-48e5-8781-be92efaf1040,32,2,108,1,0,0,1,1,2
10c2fa39-5da0-4d8d-9625-2d4c7aa9143c,26,6,20,0,1,0,1,1,2
4ba26184-883c-4ed4-b97a-fff7543aa187,26,1,46,0,0,0,1,1,2
a1a0059c-7f2f-4b99-abb6-e4f303835f55,32,3,168,0,0,0,0,1,2
e0b0ecf5-641f-455a-9a88-0fc44cf3ef65,38,3,96,1,0,0,1,3,2
63dd8cad-99f6-4459-9e69-d7f61e9d3650,44,1,142,0,0,0,0,0,0
4268b65f-0346-46be-a344-e0224da3042e,26,1,58,0,0,0,1,1,2
5a2a60b3-bf5c-431f-827c-1c49e23ec35d,49,1,142,0,1,0,1,1,2
e5a237b0-4f1e-4c19-8335-1b761faa460e,32,1,28,0,1,0,0,2,2
0d84673b-c5c4-4d96-921d-ad998ccc1429,34,3,10,0,0,0,0,0,1
56b21999-f8ff-4dfc-a3d0-61dd4f2fb4cd,27,2,28,1,0,0,1,1,2
e6a3007e-1fee-428f-9303-e62570f014c9,18,2,114,1,1,0,0,4,2
013b54b5-5327-4a11-a346-0e10c7e7afdc,43,0,999,0,0,0,0,1,2
07520ec5-220d-4e45-8c7f-8b17e4114728,42,1,88,0,0,0,0,1,2
f2662d3a-75a8-48ed-8c1d-70eeb944055f,32,5,84,1,1,0,0,1,2
2c79007a-2e4f-4f98-9799-25e9d288ae9c,35,0,999,0,0,0,0,0,0
c602ff21-cb06-49c4-93e4-eb78a9efad79,40,2,55,0,0,0,1,0,1
f7e716ff-76dd-43a8-bf13-b6ddba41c947,19,5,2,1,0,0,1,2,2
ea8677c8-cadd-4919-8b88-ad3a7dd66442,29,1,12,0,0,0,1,2,2
45d81d29-389a-4523-9f6e-69598a754037,42,1,165,0,1,0,1,1,2
76b4172d-ec81-48fa-8919-12ae7cb7dbc2,22,2,69,1,1,0,1,4,2
c4031969-4c5e-4719-b74b-f1d523353a3c,37,1,10,0,0,1,0,0,2
df6b8fa5-7380-4569-bd68-8f14e067d606,21,0,999,0,0,0,0,0,0
0ad6f89c-1876-4bbf-9848-a99546a94f98,39,3,150,1,1,0,1,3,2
2843bcff-5fcc-45a8-a775-b088b910b9ae,34,0,999,0,0,0,0,0,0
9be0f2a8-ef6d-4aee-a842-2090f73f1a7d,18,1,144,0,0,0,0,2,2
0730e41d-8c08-4e3c-90b0-b0ea57442977,46,2,8,1,0,0,1,2,2
296c3492-8839-4511-9736-487ae755c9a2,27,2,122,0,1,0,1,3,2
a042e9cf-ac1d-4ef8-9125-8b73312713e6,26,0,999,0,0,0,0,0,0
86034a52-a70d-4811-8fc5-4cc19e0c9667,37,3,82,1,0,0,1,1,2
ef57b266-e82f-4374-9c7d-3f6c7dc75f92,46,2,155,1,0,0,1,1,2
f9b947c8-f719-43c1-8a42-5a5886e78fbf,24,0,999,0,0,0,0,0,0
50e61fd3-baf8-4418-97d7-d80be5a09026,35,3,18,1,0,0,1,2,2
bdbfc1ba-5d53-4210-8733-8a446ed537aa,39,3,96,0,0,0,1,3,2
f81175b4-3574-40c9-a502-f91bdd6e5fb4,41,2,3,1,0,0,1,2,2
c810e378-d175-4651-ba26-eaf85d2280e9,36,4,174,1,0,0,1,0,2
a1e60bff-42ad-4f5e-965c-631b7b83d4c0,31,1,46,0,0,0,1,1,2
ed59d330-2be5-48b5-80b8-5a4069835b4c,26,2,158,1,0,0,0,0,1
c3db54e3-b2f0-477b-bafc-6876b18ad7a5,35,3,98,0,0,0,1,0,1
f460a678-f5fd-40be-ba68-acf88fe8ec4b,24,2,132,0,0,0,1,1,2
b6757faf-5e99-4ab7-b823-92c17befd4c7,18,4,123,0,0,0,1,2,2
f6a065d4-0f20-44a9-a0cd-215f80750b5b,39,1,32,0,0,1,1,0,2
2ddb4e43-94d4-471f-9870-1ee7805160bd,44,1,47,0,0,0,1,0,1
4e65f2ca-6337-413a-8a56-a712eeb6686f,18,5,159,0,1,0,1,2,2
c94c8704-0d13-4edb-a92b-8cdaa6d3c672,24,3,125,1,0,0,0,0,1
1f03ea10-52ca-480c-91c3-588749ea5bc0,41,2,111,1,0,0,1,2,2
13c9f9c4-cf3a-4f12-9a3b-7b784bada97d,55,5,78,0,0,0,0,0,1
aaa7e4c5-8949-4de1-9ac8-d4c50d73de97,35,4,100,1,0,0,1,1,2
d2711919-2838-48d1-b3d7-69aaecede548,27,4,46,1,0,0,0,0,1
a671e4f9-3c1d-4078-a249-d958e40c5c74,33,5,136,1,0,0,1,1,2
ee514d63-fd13-44c2-abce-19f67f6fe214,48,3,104,0,0,0,0,2,2
cb608e03-fc63-4b68-b1dd-052bf723cf51,28,3,162,1,1,0,1,5,2
d703871e-5abe-4e9f-9161-a39a0777261c,27,1,46,0,0,0,1,1,2
221e2661-4160-4277-bdaa-0ca585ccf3f0,30,5,87,0,0,0,1,2,2
56e8188f-7338-4efb-8f8f-363bdd19c4ab,25,8,81,1,1,0,0,2,2
fe1484b0-9944-4180-bb61-389bcfa12c1e,36,0,999,0,0,0,0,1,0
3b3e4d14-8e5f-4f57-9c7c-330309b2fad5,51,2,128,0,0,1,1,1,2
41959157-bc48-4772-b0d2-ec698fd71540,38,0,999,0,0,0,0,0,0
a3125a0b-c7c3-488d-be3c-5b6b5667dba0,32,0,999,0,0,0,0,0,0
7270079a-aa3d-4fcd-8535-4cc98d6e588e,32,2,32,0,0,0,1,0,1
4fe1a801-3392-432c-a11e-da1ba0f9bfb1,19,0,999,0,0,0,0,0,0
1a153435-976d-48f9-9d2f-5fcdef445608,43,2,57,0,0,0,0,0,1
48a6db85-bcd1-4cc9-83cb-581d3acda615,34,2,107,1,1,0,1,3,2
21857e4f-b319-4cc7-b5cd-14ce15b5361f,33,3,147,1,0,0,0,1,2
43446039-c8c5-4a95-9ba9-144e05e95d3e,66,1,17,0,1,0,0,2,2
8efb0b52-e387-49ea-b7ce-1fbec3cbb5aa,37,1,77,0,0,0,1,1,2
fa95cbd4-071f-4434-9c98-fb848d5d717b,27,0,999,0,0,0,0,0,0
7ee7f415-503d-48af-bf53-fa4a063e044a,30,4,122,0,1,1,0,2,2
c85d3cf0-c706-482c-8db4-5411a2595037,46,1,42,0,1,0,1,3,2
c0408f44-d566-4880-9541-d3ec14a4067d,36,1,147,0,1,0,1,3,1
19321244-5e43-4dc1-b127-cfa0f07c0543,20,2,56,1,0,0,0,0,1
4dcaeeed-359f-49cb-beb8-34a5a264f217,44,0,999,0,0,0,0,1,0
de0a43f5-776a-4c1c-bea5-57811ae2f3e9,28,2,17,1,0,0,1,1,2
5a8c93bd-e8f3-4834-a670-8228b28a89e7,53,2,144,1,1,0,1,5,2
a95db355-15ec-44de-a01c-a5903272be5a,45,2,59,1,1,1,1,3,2
0b13044b-6eef-45fc-8358-78eebc25d795,30,0,999,0,0,0,0,0,2
74b1eb87-c854-4b7b-a61f-2a9259216806,47,4,4,0,0,0,1,1,2
29456cf7-7123-40fa-aa4e-97e95a8765c5,35,5,133,1,1,0,0,2,2
594327da-f788-4525-91f0-f67834e127f2,43,2,117,1,0,0,1,2,2
b3f4912d-de76-4115-85b6-f48ff9d34adb,39,1,99,0,0,0,1,1,2
cd8f4899-db7c-45d7-b7a2-9ed1d165f0a2,26,1,14,0,0,0,1,2,2
26c19c2c-e7d8-4864-8035-e25c44213517,28,2,38,0,0,0,1,1,2
e085e792-8345-45d2-9d5e-ed77c905d917,45,1,166,0,0,1,0,1,2
230b9ac4-0426-430a-9c46-f4daae8e50d2,31,2,87,1,0,0,0,1,2
b5595e13-413b-4c0c-952a-bac7baa084aa,30,3,148,0,0,0,1,0,1
199b37d8-0d97-46f2-bba2-c04c49f39b34,25,2,12,1,0,0,0,1,2
1821044c-29a0-4968-960b-145c5c37d8b6,39,2,28,1,0,0,0,0,1
13430e67-6f08-4dca-bb38-14304499bffc,55,1,97,0,0,0,1,1,2
3cea02d6-c6e1-4d3a-8980-e91443a5f8bf,24,5,4,0,1,0,1,3,2
0ab30358-43c7-4817-878e-812c3a19b2b0,35,0,999,0,0,0,0,0,0
6fa8e7dc-7f59-4610-a78a-7f9f3d150a43,49,3,136,0,1,0,1,3,2
a952cead-a3db-45dd-9be8-99b2759ef8f6,34,0,999,0,0,0,0,0,0
02d00aa1-8e8e-4aa8-aa2f-a3c51dab5252,39,2,66,0,0,0,1,2,2
3d6b1831-1327-4eb4-a452-42982402723e,24,3,112,0,0,0,0,0,1
7296b591-cfaa-46ba-84d9-9df5b96c91cd,39,2,176,0,1,0,1,4,2
a20bd878-2510-4384-b22c-d8e508650d28,33,2,166,0,0,0,0,0,1
492acb7e-5083-4f26-80b5-a3ac5853af0f,44,2,168,1,0,0,1,1,2
36796215-e14f-4408-9ae1-bd0001b38252,46,3,49,0,0,1,1,1,2
a38ad31e-2372-40e0-b00a-5bbb71ca8323,60,2,16,1,0,0,1,1,2
67beeed7-e518-4af2-a4e2-916802815f16,40,0,999,0,0,0,0,0,0
079d25ae-aa83-4498-b4f6-10040859c2dd,38,1,121,0,0,0,0,0,0
e33d6220-d266-4d57-8a2c-5202ab1f6ca1,36,4,74,1,0,0,1,0,2
16eb7ebb-a97d-4c12-880d-eaae5d1efea2,31,2,0,0,0,0,1,2,2
f19a3ce7-c32b-40a3-bc38-ef7ef703e9e8,38,2,179,1,1,0,0,3,2
424c3ffb-5173-4f30-85e8-3bba15f25ab9,32,1,142,0,0,0,1,2,2
80729568-ef8d-46f9-a71c-c33a7a0358fb,36,1,1,0,0,0,0,2,2
248d69b9-10a6-44ce-bf65-f5df15191f46,48,2,11,1,1,1,1,3,2
9bbd626b-16f6-46bb-a72f-21b964432b91,24,1,172,0,0,0,1,1,1
7bd785c8-5018-4f73-a4e1-7665f53735b6,46,1,41,0,0,1,0,0,2
5fac6204-31b5-425c-b8f6-b8da05b4e5ce,48,3,1,0,1,0,1,5,2
e986e54b-2ce7-4014-b5c3-77a580b1e448,33,3,161,1,1,0,0,2,2
e7b1f57a-3061-4c42-9b76-a6b05ada0a39,18,1,16,0,0,0,0,0,0
2b57defe-f1ef-43e6-a9b4-be97563e97fe,28,3,40,1,0,0,1,0,2
32047c7f-ee37-4ec2-b41a-62b554d4f427,47,3,83,1,0,0,0,1,2
73c99005-ddc0-46c6-83db-9ab71b276b39,34,2,107,1,0,0,1,0,0
aa7478f5-2aa2-4339-9399-082e005ac5af,25,1,64,0,0,0,1,2,2
acacb8bd-a7a5-48b6-9654-d8b361971dd3,29,3,119,0,0,0,0,0,1
ce212fa9-51e0-49ed-ba01-521545549b07,43,2,14,0,0,0,0,0,1
e9b2b3b6-e0b2-4d89-b7f2-d7f88668d9b3,40,2,108,0,0,0,0,2,2
0f5b080b-6bf7-404a-98da-43fd9d9406c6,32,2,165,1,0,0,1,0,2
00e7afb7-d541-442a-812b-66d472f83e8c,31,3,97,1,1,0,1,2,2
cd136012-5706-4de7-a1c7-30768f47ee60,31,1,64,0,1,0,1,3,2
0c544707-0015-4bed-9cb2-e28bdb4063fa,25,3,8,0,1,0,1,3,2
ba31f1cb-d4ce-46de-8866-5940765c3332,51,1,169,0,0,1,0,0,2
fa1f28a3-4e35-4097-96ca-4310da1ec5e1,31,5,88,1,0,0,1,1,2
2cb51485-636a-46d7-9014-d4366e5a3baa,47,2,178,1,1,0,1,2,2
9871c1d6-e7b9-4a6e-ab6c-aa699502d6a7,50,1,123,0,0,0,1,2,2
c2b5f904-3462-4768-b81c-d69ab8782aa3,44,2,77,1,0,0,0,0,1
3e6e5a56-5efe-4ee2-bd01-61d8c0b57b8d,30,2,146,0,0,0,1,1,2
77e08f72-6310-4fa0-a70a-13484d5b0169,39,1,104,0,0,0,1,1,2
c3500f4f-704a-4c57-9f3a-3c93a9012fed,34,0,999,0,0,0,0,1,2
d774a99e-50fb-40bf-9ec4-33988f9223ee,25,2,159,1,0,0,1,2,2
decf6ae2-29fc-4484-ad9e-e48fc7a8d9b7,38,3,99,0,0,0,1,1,2
83367939-4e54-4137-a731-50d49f3b4282,23,1,7,0,0,0,1,1,2
fa1349cc-430e-48fd-8f84-ba8ed068d8ac,46,2,111,1,0,0,1,1,2
c4dd4f21-919b-4395-864b-263dbac26051,30,4,31,0,0,0,0,0,1
a3da399d-7738-463f-836a-4ccfc6942088,37,2,46,1,1,0,1,0,2
58c11f52-aac6-4542-b837-213e7d922f96,37,2,7,1,0,0,0,1,2
2bd4c025-53c4-4163-94c2-82f803866230,32,2,161,0,1,0,0,4,2
b3eaca15-8f71-4e5d-a37b-7c7987d2b1ff,40,2,3,0,0,0,1,0,1
b2ccb81c-1e0e-499d-bee2-a603c96e6bb3,30,3,35,0,0,0,0,0,1
96503979-034b-493b-9a98-776aa337aecc,43,2,171,0,1,0,1,3,2
04757d4b-37d9-45bf-871f-97e8b1f0773f,21,1,152,0,1,0,0,2,2
11d601eb-7767-4c49-ae2b-94d586b89026,36,2,25,1,1,0,1,2,2
9548f5fc-6bf8-4358-9f6f-ce57a2a2418e,54,2,32,0,0,0,0,1,2
80175b10-b9f8-4e7c-a6c7-a2356283ad8f,24,1,136,0,0,0,1,1,2
d396cbba-3c19-42b4-a8c5-21d982a4ec38,28,2,46,1,0,0,0,0,1
7cce9e8e-e91c-4bd0-bcc2-7aff6c453dde,40,0,999,0,0,0,0,2,2
e752c9be-3086-4e8c-a6cb-202124dcde58,36,4,14,0,0,0,0,0,1
792f1e94-5e0c-4912-8e0d-f4112095ae8d,38,3,169,1,0,0,1,3,2
1065bfae-8936-4ad1-a6a8-881c50342a98,39,2,53,1,1,0,0,1,2
9e540e63-704a-41a0-9cbd-8d0560ebf5e9,41,5,140,1,0,0,1,1,2
e677540c-125c-4662-afbe-5ec1c7a33b9a,46,4,177,1,0,0,1,2,2
a2622bab-b9e9-45a8-9fdb-8c9fe721218a,39,2,43,1,0,0,1,0,2
c95bdc3d-bd1a-4e2e-92dc-556ea02cbdc8,32,1,2,0,0,0,1,0,1
f1f286ff-0323-4363-9d81-414094a29bc8,41,0,999,0,0,0,0,0,1
9ff3bf80-1e25-45b0-89cf-730fd9031e6f,53,0,999,0,0,0,0,1,2
6d42f42f-22fa-4f0e-96ea-27662281d1b1,33,2,139,0,1,0,0,3,2
ab59b1c3-de71-4551-858c-17e332642568,25,0,999,0,0,0,0,0,0
6d48f254-8fb9-40eb-b79a-a44fa8a97871,46,4,127,0,1,0,0,1,2
ab43fd62-754b-491a-aff1-672d83d267f9,33,1,64,0,1,0,1,1,2
d4872964-ea9c-421d-bf6a-4a07e4e1b46d,18,2,95,0,0,0,1,0,1
fb7401c9-be4d-4739-a31c-eda722c426ea,43,3,36,1,0,0,0,0,1
90aa33b1-1ceb-42c2-a81c-8f2041db45a6,29,2,147,1,0,0,1,1,2
460b6348-5595-4163-be00-8879e1faea00,34,5,36,1,0,0,1,0,2
b48acc02-ead1-49ac-9367-9bf56120807d,38,1,158,0,1,0,1,1,2
df3282f7-018e-4e0f-87bf-c0e0e144078a,36,0,999,0,0,0,0,0,0
c2ef0e62-4e7f-4b68-8a82-7db023e1c757,42,3,49,0,0,0,1,0,1
ca7d74ea-9af5-4190-a6c7-72c4306cf7ad,30,2,108,1,0,0,1,1,2
39099400-59c5-424f-a8f0-f62dfbf48f82,40,3,48,0,0,0,0,0,1
9298bdc8-370d-406f-983e-3ca002ba9ff2,32,2,7,1,0,0,1,1,2
2c938555-2568-41ac-9934-a03e178ba14d,42,0,999,0,0,0,0,0,0
49574667-43e0-48dd-a00c-14ba1326e597,41,2,120,1,0,0,0,0,1
bd683fc2-7bc8-4813-86f4-25de19162a86,25,1,90,0,0,1,1,0,2
4548c757-1e0d-4ac8-8653-adcf2877d013,45,3,162,1,0,0,0,0,1
fd0c5154-a868-4551-b382-7632e219f6e7,29,3,113,0,0,0,1,0,1
a20a46a8-0004-4336-9fed-dae3fbbc1300,43,1,12,0,0,1,1,1,2
999869be-3564-4025-9115-d096f79e8d96,38,0,999,0,0,0,0,1,2
e30a395d-9c12-4eff-bb8d-1fe03ebef609,53,3,72,1,1,0,1,4,2
9b497314-e8d5-4dc1-8a00-46368c312842,32,1,151,0,0,1,0,0,2
29f2f425-7876-4b8c-9e37-9fea437a760d,31,6,175,1,0,1,1,0,2
37b647aa-2bb7-4571-a367-1b9d8d81c672,34,2,32,0,1,0,1,2,2
2a07b49e-0335-438a-bc70-e1e9e9687267,31,1,0,0,0,0,0,0,1
c7f26f82-33ce-4006-b626-28808af1ed7a,42,2,71,1,0,0,0,0,1
faf4e44f-01f3-4c5d-8950-dddca54d8a9d,18,2,2,0,0,0,1,0,1
1b12caa1-6e66-42f8-b57c-c5f2bb4b3ce3,24,0,999,0,0,0,0,0,0
e4ad8a79-a04f-4b75-9c1a-edf8a104e6ea,24,3,141,1,0,0,1,1,2
d3a0b9b3-298d-4adc-b8f8-c9e24d3eb0da,44,1,176,0,0,0,0,0,0
07abbed1-d296-4a8d-9017-186c437b0c49,52,2,121,0,0,0,1,2,2
3a574ad8-409b-4b70-80f0-8133c35bc3fa,33,2,32,0,0,0,1,1,0
930a14f8-78ac-416a-a653-a3607c4b3f9d,33,3,3,1,0,0,1,2,2
49ce4ec8-471b-48d3-81aa-c1945ca977c6,35,1,37,0,0,0,0,0,0
f1942c43-2cee-4357-9866-ff851f25f5aa,46,1,152,0,0,0,0,0,0
f3750fd5-2889-4dee-9897-bb4eda2e385d,25,2,46,0,0,0,1,1,2
8f100130-8794-43e9-9f03-d6534e574750,37,1,140,0,0,0,1,2,2
a5a72a17-078e-48ef-9a32-80e48a8932b7,44,3,118,0,0,0,0,0,1
96d3f936-0a20-4869-8d58-8e0a8ff96c7c,40,1,116,0,0,1,1,1,2
2caaecdc-2976-4437-98dd-9cac727b1843,36,4,166,1,0,1,1,1,2
1e34206d-39f9-485c-b89f-189022cb640d,45,0,999,0,0,0,0,1,2
b6d5fb6e-d094-45c7-91c4-b51b3c55dcfb,18,2,101,0,0,0,0,0,1
a6d468b9-3d40-43ea-989c-b861acb45037,41,5,42,1,1,0,1,2,2
760c8e6d-9019-48aa-b0df-c720ee2a9f62,28,3,165,0,0,0,1,0,1
4d5a85be-b2c4-466c-84f0-a5c20a4911d8,18,3,34,0,0,0,1,1,2
0ac901f8-e8a5-4506-bd14-4c3e95e02a57,40,2,92,0,0,1,1,1,2
d8118322-5346-4f2c-9373-348e67068864,48,4,49,1,0,0,1,1,2
9419ef5c-8724-4b50-be05-8bc69093341a,33,3,77,1,0,0,1,0,2
68c8e549-f8fb-4ca8-b34b-9f814e660d27,44,0,999,0,0,0,0,0,0
3e0037d9-391f-4350-aae5-fb670a7b1536,51,1,152,0,0,0,1,2,1
30c35d3c-6f2a-4606-a299-f574cac04457,48,6,169,0,1,0,1,4,2
d300a7f6-add9-4dde-96c2-698a7b4e9f49,51,4,91,0,0,0,1,1,0
6f0ec63a-6b07-4426-bdea-03d7b0b606db,42,5,178,1,0,1,0,2,2
68074790-881c-4ac4-a97b-38ae35df29c8,35,3,93,0,1,0,0,2,2
cc147413-fe37-4c1e-9e7b-a7a5157e7b04,18,3,164,0,0,0,1,0,1
530c0365-06ea-4b76-9191-896c49a27c8e,32,0,999,0,0,0,0,0,0
9f61ef4b-08ad-4c5f-8461-fed330397fdb,26,2,84,1,0,0,1,2,2
059413b1-1538-440d-bc28-e00fa23c14b1,56,2,33,1,1,0,1,1,2
a75227af-75b6-45ec-a6b9-18cc4bcd3f48,33,3,165,0,0,0,1,1,2
24135cf7-04fe-4d41-b837-7e83620a39b0,36,1,158,0,0,0,1,0,1
fb2cd99a-dd8b-4aa0-8def-04965eaa6ecf,40,5,153,0,0,0,0,0,2
447118ed-6b0d-4fdf-9155-e583819a1fe1,35,7,75,0,0,0,1,2,2
35fff108-0049-4189-a476-27dc0402c218,51,3,153,1,0,0,1,2,2
15bf475d-1ce9-487b-97b1-7c6f013476c2,28,2,175,1,0,0,0,0,1
4eef7fa6-d0e6-43ca-85d2-eafaba388860,36,4,126,1,0,0,1,0,2
c8a0888c-23a7-491a-a0ac-dbd6418c45f5,27,1,124,0,1,0,0,2,2
12deedb3-da3f-433d-ac5b-bea1ef4ca57c,21,0,999,0,0,0,0,0,0
a8a64721-cdfb-4316-b439-0e8be773c211,28,2,111,0,1,0,0,0,2
2b5aaf3f-a688-44aa-9380-683d1233ea1d,34,2,78,0,0,0,0,0,1
a760b4cc-952b-4071-bfcc-c24cce6a98bd,30,0,999,0,0,0,0,0,0
6377a16d-c535-4edb-98e0-45ce37a329d3,28,2,35,0,1,0,1,2,2
126f0ab7-00f3-45e1-ae89-a4c0093e6846,20,0,999,0,0,0,0,0,0
1d807024-7fec-42a1-8288-e5e232143894,34,1,153,0,0,0,1,0,1
fce80ae2-fb07-4f5e-9bac-6aaed97948ab,19,0,999,0,0,0,0,0,0
ecac9310-4a9f-408a-b23b-18f0449001ac,42,2,85,0,0,0,1,2,2
28d968b7-acc1-4b42-95c7-64fad806c825,35,1,52,0,1,0,0,3,2
f67ff7f7-699e-45de-bc78-fffa88c7936a,20,1,166,0,0,0,0,0,0
5fc96523-73b1-4e24-a3f2-de3f47e21b6e,31,0,999,0,0,0,0,0,0
7038c480-8803-48cb-9621-55d26d379718,27,0,999,0,0,0,0,1,2
aeeabd3f-8f8a-4376-866a-d580e8a56d00,38,1,169,0,0,0,1,0,1
f48dadfa-c254-4ddd-813d-0bf51b102103,48,0,999,0,0,0,0,0,0
271f0d88-67f2-4a51-b821-0d0cfa678bce,18,7,74,1,0,0,0,0,1
cfb2a8c9-abf8-4d1b-8e61-85a3d530bf74,36,1,178,0,0,0,1,1,2
47054d95-2e78-4b6e-bf41-51f4b947299c,33,4,130,0,1,0,1,3,2
b3f7b2ee-d3f3-428f-87a2-6b93797b7abc,41,2,140,0,0,0,0,0,1
fd171e5c-1835-479c-b88d-bdbab4f0b9ec,37,4,107,0,0,0,1,1,2
1afc1a4c-10ac-4c97-8a1e-3d9400902741,27,2,140,0,0,0,1,1,2
15e08019-1cf6-4aa6-aaae-f5135607735d,31,2,119,1,0,0,0,0,1
3fecf9b6-0c1a-4db9-9de9-5d904771b3f0,27,2,120,0,0,0,0,0,1
0b228796-ed4f-49da-a314-2b479fa9978a,45,4,60,0,0,0,1,2,2
74d04403-6c4c-486a-a494-7397a62de13b,35,1,23,0,0,1,1,1,2
a1d12805-1589-4223-b0f5-fdeeeb08b9e8,54,2,147,1,1,1,1,4,2
1348d6df-2c61-4496-b30d-cab784c8c6f2,34,3,73,0,0,0,1,2,2
c564ee87-c5c9-4f10-a2c8-fa5ccc3cd50d,27,5,96,0,0,0,0,0,1
74aaad28-ded4-498e-a84b-2eae6f123ba8,19,1,34,0,0,1,1,0,2
39ae9412-38c5-4022-a581-2eced91bb8c1,18,2,77,0,1,0,1,4,2
df2cf109-71fe-49cb-a339-5dad6eaef336,19,0,999,0,0,0,0,0,0
fa5919ef-313e-48df-943a-cf76363c73aa,37,3,29,1,1,0,0,0,2
48a71728-1a44-4e85-9c4c-ef0444a058b0,40,3,82,0,0,0,1,0,1
09f39b5f-96a3-43a5-977f-f4e7c0b84ac0,19,0,999,0,0,0,0,1,2
6f21b602-54e7-4f55-ad03-3cd5723c6c14,43,1,40,0,0,1,1,0,2
86433dd0-d488-4a78-be43-e6a0378c3eb4,30,0,999,0,0,0,0,0,0
46181bf7-f587-4482-9a2d-219379013d39,36,0,999,0,0,0,0,0,0
4ffa182f-7f47-492a-b880-1350fc2159d6,51,1,7,0,0,0,0,1,2
4b187e2a-6d82-4073-a1c3-ae31e750caa6,43,3,83,1,0,0,1,2,2
6d6b8ee0-ac6b-4c5c-8fca-67b6b0d7d55b,32,2,130,1,1,0,0,0,2
a2a24148-394e-4878-89eb-6c5abcd0e63e,26,5,64,1,1,0,1,2,2
f0d87f44-a690-4454-ba87-ddc39c1442f5,18,2,84,1,0,0,0,0,1
b817345e-a49d-42a7-b017-37dd24945330,27,2,120,1,1,0,1,3,2
20408e09-afb1-482e-b477-2914a57cdc82,32,2,113,1,0,0,0,0,1
4d3af970-6857-4155-a489-33e1ea3e442f,25,1,129,0,0,1,1,1,2
92361713-6cba-411e-8e93-448325afa8b3,33,2,168,0,0,0,1,0,1
019a7165-6394-4bc2-a9e0-3905ff7ddc7b,35,1,143,0,0,0,1,2,2
471521ab-4977-422f-aaa4-aeedc02476d8,32,0,999,0,0,0,0,0,0
32e4a1a4-3b2a-4bac-ba6d-770f27c04bd2,28,4,95,0,0,0,0,1,2
6d59566b-1a15-46f5-aad0-928c48947907,36,1,110,0,0,0,1,1,2
64f39fcb-2d9a-4e0e-bff1-23a7817ac17e,39,3,38,0,0,0,1,1,2
b02527aa-9c49-411b-ae40-491f77dda4bb,24,1,163,0,0,0,1,1,1
6dfeb799-3ace-4ab7-8fc3-a75ccc48c577,49,2,150,0,0,0,1,0,1
2daf9cef-5c3c-4652-a647-c0ade84c6d80,34,2,174,0,0,0,0,0,1
d7db002d-6e8d-4b3e-9a34-22ab57939441,35,1,176,0,0,0,1,2,2
d6e4fbc9-237b-49da-bd85-fc6906957219,42,2,118,1,1,0,1,4,2
a08a6ae1-4e4c-4d62-b620-221868395e6f,37,0,999,0,0,0,0,0,0
314bdf28-088e-4474-bcb1-c60ea7dada95,44,2,137,1,0,0,1,3,2
d5bc67a8-9040-466b-ae09-e774cc1ccf67,37,1,62,0,0,1,1,0,2
6d0ac59f-3197-4b50-b712-f811bb7bb158,28,1,94,0,0,0,1,1,2
88c3c6a9-4fd8-4fb4-8f1f-623d07e4614a,38,0,999,0,0,0,0,0,0
378b6524-73ff-4b00-9f2f-02183c66ac7d,23,3,25,0,1,0,1,0,2
8f3c88d0-4a0a-4a79-925a-769770ab5d43,36,1,175,0,1,0,1,2,2
219b2f01-d5ee-4181-8da1-6859d2cf2ece,34,2,157,0,1,0,0,0,2
79ef0783-5fda-4cce-ba71-90e76aec8292,32,1,129,0,0,0,0,0,0
deb78e17-03dd-492a-9ace-48ec46387ad9,33,5,28,0,0,0,1,0,1
2a7e85a6-98a6-4271-a27a-5213b06b7153,18,1,159,0,1,0,1,4,2
bb1a703e-4dd3-4306-9a2e-5840c63067b1,29,4,107,0,1,0,0,1,2
f93a1459-8c9f-44e9-a77d-e791c515d8c6,35,1,165,0,0,0,1,0,1
e2233dbd-c806-4840-9b13-a094a005b5c6,36,0,999,0,0,0,0,0,1
aab33b29-018d-4ea2-85d6-370715fe086f,24,3,26,0,1,0,0,4,2
346ce160-a0f4-4148-9e5d-a444473af437,47,3,33,0,0,0,0,1,2
7b8ff03c-609b-4ee1-be93-3decf0e01c98,26,2,22,0,0,0,0,0,1
b3d21019-1519-4c65-8ee9-a4a334ba9953,44,3,77,0,0,0,1,2,2
27b99427-333c-4c49-9a69-4f2c4bbf60ae,39,2,166,0,1,0,1,1,2
75f2e7ed-2ccf-49c0-9514-d46cf30cef56,28,2,68,1,0,0,0,1,2
4eb42e08-0515-4064-8b09-834e5b42f238,52,1,116,0,0,0,1,1,2
f8327299-71cb-4241-b575-b136184d77bb,23,2,72,0,0,0,1,0,1
39027b93-82b0-4d98-a165-23d46e72f391,44,3,44,1,0,0,1,2,2
3919a3c3-f63b-4203-b38e-4cff14fa9a3f,45,1,62,0,0,0,1,2,2
d78df017-addc-4fb4-af52-5d9641b72dd0,28,2,7,1,0,0,0,0,1
c3dd6445-2038-4a20-9963-9db11d347488,48,2,134,1,1,1,1,4,2
17a5c13e-b8e1-4a51-bd7a-37eec7c7c099,32,2,29,0,1,0,1,3,0
ad876837-c7e2-4429-ae38-538faa3aac0a,37,2,11,1,1,0,1,2,2
b2a5edc5-f6cd-4750-a80e-b5d703bba4e5,37,1,19,0,0,0,0,0,0
9ea3f437-6c6d-445c-adf6-f7f9a34158d6,33,2,156,1,0,0,0,2,2
783fcfbb-58d6-4ad9-99e7-d604c5b937e6,43,0,999,0,0,0,0,0,0
d1949697-6fa1-4176-b649-13a3f3299f1e,42,3,11,0,0,0,0,0,1
263a58fc-d2ae-42ad-a943-881e129280f7,18,3,83,0,0,1,1,0,2
f52a8e0c-158f-49a3-8cfd-6d489c4a8307,48,1,21,0,0,0,0,0,0
c184dcb2-e307-4500-8027-3f0a0578572c,18,3,150,1,0,0,1,0,2
915836ba-021c-4a0f-93ac-330951c45f71,45,6,175,1,0,0,0,0,1
ebae55e6-1dae-4b0f-bd2a-206efd9dff6b,46,4,44,0,0,0,1,2,2
d2bfcfa0-df8b-4807-b095-20cf7f9b7468,24,1,25,0,1,0,0,0,2
84769333-24d2-4134-99fe-52f11bc2dd6a,30,1,108,0,0,0,0,0,0
fc210a3e-4367-4bdc-9011-42697ba4743d,23,0,999,0,0,0,0,0,0
37476c98-eb32-4112-ad13-c6dda28e99f3,32,0,999,0,0,0,0,2,2
ab5aada3-b1ee-435a-b179-71efaa967e2c,31,2,27,1,0,0,0,0,1
73ccaa19-4e47-4119-b22b-ca244aa00522,42,1,72,0,0,0,0,0,0
5135b25e-8691-4f37-bf26-e1e522d13e1b,48,2,1,0,1,0,0,0,2
69e458e2-2aa2-43a9-8368-d6f136eeffd9,48,5,105,1,1,0,1,1,2
0f4073bb-7b30-4f4f-86ed-c70a03a283b0,29,5,27,1,0,0,1,1,2
918ed9f9-7e06-4061-b201-ae31a03207c9,32,2,76,0,0,0,1,1,2
b18b314c-d943-4e8b-b9a1-40c59022bda0,18,3,141,0,0,0,0,0,1
9c51939e-2329-457b-958d-e5ec570fd572,26,2,106,0,1,0,0,1,2
ada1a144-7579-4551-949d-bf28117ad64b,44,2,173,0,0,0,1,2,2
7bc57b4c-3530-4713-b8be-60455ebfce82,51,0,999,0,0,0,0,0,1
298f130e-f29d-4dff-859c-bb8fd05360c8,22,2,77,1,0,0,1,0,2
d2d0db44-b9b0-4a21-873e-3e2478a9b12a,29,1,66,0,0,0,0,0,0
c8bafbba-7be5-446d-b84a-4f535b50004e,34,4,147,0,0,0,1,3,2
6e04bc70-5c09-45c1-9ec6-cf4a5e3eec89,37,0,999,0,0,0,0,0,0
304ac0b0-dfe7-4d5d-96d3-96ee903f23c7,26,4,175,0,0,0,1,3,2
5a1a2f68-9cfa-441a-95f9-3328f6cfe4b9,39,6,170,0,0,0,1,2,2
7c0d856f-77ed-4540-8e02-335e6be55d23,30,3,19,1,1,0,1,4,2
da5e6fcf-51a8-406f-b07b-51618dabaee4,34,2,112,0,0,1,0,1,2
47327037-7a0e-45f4-aba8-c8995347c70c,40,2,55,1,0,0,1,2,2
2cac6c36-b155-43eb-a027-231854e20a17,35,1,107,0,0,0,1,1,2
fa736c63-aca9-4bd4-a20b-7b1e3731c01e,30,2,2,1,0,0,1,2,2
5b0f546e-fd9c-45af-a482-6c8ed6bdf32a,33,2,67,1,0,0,1,0,2
3f318250-887b-4730-a15e-7ca0a17e20c7,34,2,138,0,1,0,1,2,2
ae61e018-f741-400f-a353-2f71bc688bf3,31,2,61,1,0,0,1,1,2
7dc4220d-074f-4520-a04b-166c2dc45399,32,3,104,0,0,0,1,0,1
12a3a768-b2d5-45c9-bc66-d72cb602e03a,50,2,60,1,1,0,0,3,2
6b6ecf8a-205c-462c-9977-6802cc0a2a47,40,1,120,0,1,0,1,3,2
ac577485-68a3-4008-99e0-878333879ecb,32,2,28,1,1,0,0,1,2
f8ef57fc-d41b-4d5b-a94c-c3edc2e5c1a0,41,2,165,1,1,0,1,4,2
e7db500c-408b-42bf-ac26-a926b3b139f2,31,3,83,0,1,0,0,2,2
7ea3db62-3f5e-4a5a-91cb-d39ef4038b8b,46,2,87,1,1,0,1,3,2
8b6eaa66-07e0-43b2-adb3-565f21ad3a9a,38,3,86,0,1,0,1,2,2
cd4a5541-8087-4ad1-a4b8-305d410f2e6b,33,1,21,0,1,0,1,3,2
1a21a337-59ad-44fa-9d72-94f9e48a398d,39,3,40,1,0,0,0,0,1
b99d5d69-2f29-4a9d-bf58-deed74b9be43,19,3,109,0,0,0,1,1,2
667c395f-4b6a-435a-963b-c5107843a94d,23,4,62,0,1,0,1,5,2
99703180-2049-4bee-a4fc-e9fa3accc256,23,3,124,1,0,0,1,1,2
a0510035-4338-4386-aecd-ff55ffa406b2,36,2,165,0,1,1,1,2,2
59f8547d-f2f3-4af3-adec-49f8d8cf37ac,52,1,111,0,0,0,0,0,0
19f16e17-addb-4891-bff2-e42f9de94870,57,5,177,0,1,0,1,2,2
71e67724-3e15-46ee-a88d-b90d5f196212,41,0,999,0,0,0,0,1,2
2186a63c-0c72-46f1-9a18-cbfc2f6e5097,40,0,999,0,0,0,0,0,0
e8bd4823-fbd9-481d-9fa6-9a79c4985804,18,3,151,0,1,1,1,4,2
c97e4da0-89ae-4400-b541-4f657d785030,29,4,107,0,0,0,1,2,2
b89cfcbc-73de-4a9e-839c-33a1dfdf9853,27,2,100,1,0,0,0,1,2
195c2f48-1bef-4da8-829f-8ae7c82231a6,28,5,173,0,0,0,1,2,2
f88b488b-baa1-40f3-9bdd-505a6bcaa00b,33,1,152,0,0,0,0,1,1
a5b54482-e3ae-4e5d-8c18-7b6061a2f519,30,0,999,0,0,0,0,0,0
7f89b8c7-19c0-467f-b4dd-20cf3d6de328,18,3,66,1,0,0,1,1,2
4e051c1f-ac8a-4b86-b415-4553a17d9af6,42,2,102,0,1,0,0,1,2
bff2c8a5-0dbd-48ca-9faf-3ed0c9e89877,24,2,79,1,0,0,1,0,2
5556cff7-7f94-4076-a41e-b858920fd8b5,37,1,149,0,0,0,1,2,2
9fd5fff7-c345-4340-8a90-90baa8945a23,55,2,84,1,1,1,1,3,2
9c36857c-8eef-484b-9d0f-b609706d92e4,25,2,85,0,0,0,1,0,0
9072a30f-5376-4c5c-bc65-81756fbe0f13,18,5,136,0,0,0,0,0,1
7af582a1-63b5-4524-bd7f-4767009ee5a0,32,3,86,1,0,0,0,2,2
a4374bef-4b57-403b-941d-c7b54a291d3d,46,0,999,0,0,0,0,0,0
1358f4ec-c7a6-489e-a7b6-74c3bce73559,54,4,127,0,0,0,0,0,1
9f534edd-07e8-4084-b0b9-e50b3f054ac7,22,1,113,0,1,0,0,2,2
a2dda2fd-b44d-4914-b983-794b73e50aa4,39,5,35,0,0,0,0,0,2
e23f1080-b13d-4c98-b469-14841f24a05f,30,1,4,0,0,1,0,1,2
ed533323-b092-48ea-b291-d65239948df5,33,5,3,0,0,0,0,0,1
45c74da9-90db-49df-b67a-f307a16e5a96,61,1,23,0,0,0,0,0,0
367c6a57-264b-44fa-ad1b-539d3442a6ff,19,1,168,0,0,0,0,0,0
101661ce-59d2-4eff-bfe4-5e6132bc3fe1,37,3,106,0,0,0,0,0,1
1f43fa1e-aecb-45c7-b4e3-a86a11ec7f69,39,1,13,0,0,0,0,0,1
c2dcd3eb-47a6-4e7f-8992-e799614b4efb,45,1,11,0,0,0,0,0,1
16ae6d60-f105-42bf-bfc5-fd540ff6e87e,35,2,81,1,1,0,1,3,2
1b84572a-5dc7-487b-81db-14341cb51a31,38,3,43,1,0,0,1,0,2
adc356a0-d936-4ffb-bb4d-fc219289b69f,31,1,136,0,1,0,1,5,2
4bec2ffd-6f27-4016-a7ea-0ed7d173f4f1,37,4,65,0,0,0,1,1,2
6664b3ae-2009-4ff4-947a-94d5cd048663,31,0,999,0,0,0,0,0,0
7a0a45ce-b69d-44c7-88c7-08c5be0bd091,41,2,95,0,0,0,1,0,1
d41e6b88-a232-4b1a-922c-ba2b873ed09b,31,1,76,0,1,0,1,2,2
b35975e3-6a14-40c9-8405-be579bc3d097,38,2,56,1,0,0,1,0,2
c4a9b43e-4553-4bb9-9624-64f99b048502,34,2,174,0,0,0,0,0,1
bf665c75-68c2-4b20-9f60-898679b7d891,46,2,129,1,1,0,1,4,2
31eeeb40-2c9e-4824-b032-a64400e2911b,34,3,124,0,1,0,1,2,2
0540c9d6-7797-407a-a950-6d1d34f1d000,18,3,111,0,0,0,1,1,2
6fe44f78-19c5-4d2b-84b0-705d5b431f19,47,3,101,0,0,0,1,0,1
12e23d9f-b658-4a4a-8bb2-8384dfa059cb,25,2,82,0,0,0,1,1,2
2787c918-8a32-4726-86ea-9fe1aa2d4d7f,28,4,145,1,0,0,0,0,1
b89b5df1-a75d-4155-ac2a-5372faa9750b,29,3,107,0,0,0,1,0,1
cc0f4f13-ea46-4e0b-87b9-a60afe125358,48,6,65,1,1,0,1,3,2
50a11fd2-512e-4f6b-96cd-8adde435cc89,18,3,63,1,0,0,1,0,2
740ec142-612f-4f87-8be8-b76cca288fcc,66,1,154,0,0,0,0,0,2
10ae211c-3634-4c5b-a9fb-c15de0349e8e,45,2,52,1,0,1,1,2,2
ebc191f6-5e83-49b7-9955-266df28ce3e5,37,7,117,0,0,0,1,1,2
37e102b7-bed0-44ee-8297-d131557e80da,34,2,28,1,0,0,1,1,2
a17f95e8-b9c2-4b32-8b14-e276c1dcdc5e,37,1,121,0,0,0,0,1,2
1f0fd5e0-b6b3-4580-adfe-026862755e5d,40,5,110,1,0,0,1,0,2
5aad555a-2525-43f6-bc1c-2e3fa4b2fdc7,41,3,71,0,1,0,1,5,2
a1a60ae0-7c2e-4679-8919-37459752e17b,40,5,13,0,0,0,1,3,2
b11c20aa-f682-4cfa-bbde-3501e0408207,35,2,67,1,0,0,1,0,0
708f5f2b-1540-40b9-881f-c5798d5bf2f9,33,0,999,0,0,0,0,0,0
73627e33-6566-4cff-8830-1fb04d107c14,33,0,999,0,0,0,0,1,2
efea1d4c-9baa-43f2-bb00-47ea370cb732,33,1,28,0,1,0,1,4,2
8986c242-03ca-4eeb-94bd-8aec002bb0ec,46,2,56,0,0,0,1,3,2
5bb5f9bc-c4d5-4fb2-b121-afd2e4caae64,40,3,117,0,0,0,0,0,1
d1d210ab-e2e7-4833-aca1-17f9cc3f7258,18,2,32,0,0,0,1,3,2
65dfa333-cc61-4adc-bf60-eeafb7bb4c80,41,2,20,0,0,0,0,0,1
f8da9b39-de6b-49e6-ac8f-df5af859d2b1,36,3,168,0,1,0,1,3,2
56fd4064-4db3-4be4-82eb-034ddc77bb2a,34,1,112,0,0,0,0,1,1
3b19a092-b20e-4478-bf97-9992ca61a6ca,31,7,128,0,0,0,0,0,1
bb6e6013-b375-47f4-8a57-324610c8a963,46,2,154,1,0,0,1,0,2
41ac1cf0-1fb6-417e-880d-911db02688c0,44,6,1,0,0,0,1,0,1
05a559bc-9635-41ef-92fb-b2ab145e12f9,27,1,63,0,1,1,0,4,2
cc733d2e-0a9b-4b8a-b964-35371a2dccef,39,0,999,0,0,0,0,0,0
7fc4e662-6a67-45a0-9128-2151e91c7662,25,1,125,0,0,0,1,0,1
18bcb2df-6e19-445c-a9a8-64bd3d12dbbc,21,6,117,0,0,0,0,1,2
5c33572e-9a77-4e24-b55f-c2e7329befba,28,2,73,0,0,1,1,1,2
763ee4a8-b299-4207-ba9e-2e926996aeb6,43,2,73,0,0,0,0,0,1
cddf2f56-73dc-4387-aecd-f15d8158b7fc,44,1,157,0,0,0,1,1,2
608aaa9f-bd39-4e67-a31d-490bb1326eb3,40,1,128,0,0,0,0,0,0
8e65c651-63c6-428e-b2fd-c340bcb8c03a,42,1,156,0,1,0,1,3,2
b61d15eb-079f-46c2-9c0d-c1a2999c06cf,40,1,140,0,0,0,1,3,2
e03d48de-8b2e-4433-a277-b0c2506a4bf6,28,2,42,0,0,0,1,0,1
7f73a740-98a0-4459-92a7-28ab3c71dd0a,39,2,40,0,1,0,1,1,2
24f9dc2c-7cc5-4beb-9b19-99ed0d7707aa,43,2,88,1,1,0,0,1,2
b304f33b-1c2c-434f-8461-319e0b846bc1,42,0,999,0,0,0,0,0,0
1ffe6710-a225-4834-a48c-2fcd42c9685f,46,1,141,0,0,0,0,0,0
d21e2b0c-5944-459f-94d2-a5343928b0a4,42,4,40,0,0,0,1,2,2
6968133b-2951-4536-a413-408410825dad,38,5,5,0,0,1,0,0,2
ae7d6ad7-494a-44c0-9ad2-ddd1018fae85,45,2,45,0,0,0,1,0,1
dd436cb2-399d-431e-a797-f75a532b35c6,34,4,128,1,1,0,1,3,2
ffcb9c22-eb5e-47e2-bd7e-a5a47b207ceb,26,0,999,0,0,0,0,2,2
4ecbde31-ccf6-4972-b6d5-d7ce9c6cb15e,33,3,122,1,1,0,1,3,2
5a640231-d419-4ed8-89ee-6e14a9b1e7e7,27,6,153,0,0,1,1,0,2
064d5c88-2a7e-4580-a0f0-dc4dfed11c63,28,0,999,0,0,0,0,0,0
601f9b1a-450d-4015-88c8-3c093430a9ab,33,6,130,1,0,1,0,0,2
5129de10-7222-4d9f-adde-63f781b3752c,27,2,59,0,0,0,0,0,1
4280dcb8-3ca2-4ca7-907d-8bfb31fe39a1,31,3,141,0,1,0,1,2,2
9f998839-e6b4-40f6-b3f4-1339dab7c465,18,3,97,0,0,1,0,0,2
8290794a-e5ca-449f-b322-2a05d739a191,37,0,999,0,0,0,0,0,2
36caf5dd-8211-4882-b76e-21d1684edc72,35,1,9,0,1,0,1,1,2
2ffc2dc1-1a14-497e-9d5c-3059d3f8c5a4,26,1,3,0,1,0,0,2,2
e6e10072-f388-4992-9edf-ba1e593c734c,41,1,38,0,1,0,1,2,2
33391c39-0d89-4c2f-8ea4-371ef3ba4df3,44,2,112,0,0,0,1,1,2
61919d3c-ada6-47d7-a0f1-f931e1247889,18,6,87,0,1,0,1,1,2
e1a7eb0a-8e98-4b05-924d-94a585454534,27,2,33,1,1,0,0,3,2
e84ede1e-30b0-475a-b5ce-1ef03acdc0b7,27,3,119,1,0,0,1,0,2
913be518-6a68-4b81-932e-88a33d140e7e,25,2,24,1,0,0,0,0,1
3ed8f6e3-5b48-4e4c-9b0a-380503adc990,43,7,179,0,1,0,0,2,2
bf34f8d1-b7e0-42b7-acb4-998cf938226d,33,3,14,1,1,0,1,4,2
adf161a4-b6b3-4c86-ae99-f3fdc4646e22,32,1,11,0,1,0,1,3,2
c3e31364-eb48-4e28-a5d1-d9e0fb6c1134,18,2,128,1,0,0,1,1,2
ad78c74e-ac84-4483-9352-50b7bf88e3bf,41,2,105,1,0,0,0,1,2
44327ec0-7a31-4a47-88f1-904d5ab18a65,22,2,119,1,0,0,0,0,1
1fea5c81-d1b0-4119-b4e2-a0ac23d13c9a,35,1,136,0,0,0,1,0,1
562db086-e53b-44f5-9a97-e2871d61e63a,37,1,58,0,0,0,1,1,0
8c4f7a2e-6a6d-423b-9316-cc82a3f462d7,48,1,141,0,0,0,0,0,0
8882a6e4-bffe-4817-972a-ed9748444623,21,1,104,0,0,0,0,0,0
429d4008-be22-4bbf-9726-8ad4e0b89fb4,18,2,30,0,0,0,0,0,1
55481010-67f7-44f9-b228-faa1a9042d72,36,2,52,0,0,0,0,0,1
edf36f8d-c658-4f5f-80da-35449a572c94,53,2,137,0,0,0,0,0,1
24eb237e-bb31-47ab-b618-16dc4bd47872,47,0,999,0,0,0,0,0,0
5c387d45-a1f7-4e03-b70f-7970b582c7d3,37,2,170,0,0,0,1,0,1
5e7b6aa0-eeec-4ef1-ad98-0282dcb07f23,30,5,145,1,1,0,0,2,2
ebeb6559-2a3f-4c56-9ff3-44e2a193d313,43,2,66,1,0,0,1,0,2
e196bf74-a0a9-43fa-bd83-37ac971d268a,25,2,58,0,1,0,0,3,2
39f59197-5054-4506-b5a5-644ab9222f2b,39,2,75,0,1,0,1,2,2
8b2e96e7-0086-4038-b03f-090f45a13756,40,2,98,0,0,0,0,0,1
18336e61-f698-4498-af9f-0ee8318c315f,45,2,107,0,1,1,0,3,2
668f53e2-c0b8-4eaf-aa46-7512d54200f7,62,4,22,1,0,0,1,0,2
400b1194-a142-4055-975c-982ccd51f421,38,4,85,1,0,0,1,2,2
5fac359c-22c6-41a5-8133-8011ae6ddd3c,29,3,45,0,0,0,1,0,1
7930d15c-f3ee-45b7-860d-b777541e9740,34,2,176,0,0,0,0,0,1
1034ce37-0ad2-4b05-b23b-351b76fb3407,18,1,150,0,0,0,1,2,2
c511d021-9f9e-418f-9c8b-1886222582e0,28,1,139,0,0,1,1,0,2
1083d5d7-6196-453a-b3f2-cac639861746,30,2,28,0,0,0,1,1,2
0fe07012-9cf6-4b4f-9931-001ab37fed61,29,3,87,1,0,0,1,1,2
0daf6293-ca64-42c8-9367-fd3b66b6ab7d,36,2,58,1,0,0,1,3,2
31e3111a-1319-4411-aa6d-49c3cdc418d0,26,2,52,0,0,0,1,3,2
1ef0f859-f182-4b8f-b88a-e974b8d203f9,46,2,67,0,1,0,1,3,2
9912d2d2-5415-4940-ad19-de006bc9fa28,35,4,100,0,0,0,1,1,2
21e09e45-3e80-441b-aaeb-dfcb29090cf7,34,4,28,1,0,0,1,0,2
e369a413-7c08-43a4-b5ab-e2e5418c127d,31,4,2,0,0,0,1,0,1
d7970e80-a193-4ae1-83d9-1b05c2f09906,36,4,94,0,0,0,1,1,2
d4f2396c-37bb-4183-9bf5-2ca4d6e36232,43,1,88,0,0,0,0,0,0
d1b938ab-d74b-4899-bd82-25c5d7caa816,26,1,110,0,1,0,1,4,2
ca2b748c-1515-45e0-b126-ae8ff03f36de,28,0,999,0,0,0,0,0,0
4b57f933-abdf-4c30-bd3e-a42e2f1cabb0,31,1,62,0,1,0,1,5,2
b054ab65-6f52-447b-8dba-11b33ac9b944,21,2,22,1,1,0,1,2,2
6146ece2-8338-4c9c-9c51-faa1fb18c883,26,4,176,0,0,1,1,0,2
23711748-d680-4eb6-8b20-4283de53a68b,30,2,85,1,1,0,1,2,2
a28d1307-8f28-487a-b927-8bff7a9ca919,43,2,114,0,0,0,1,0,1
877cc1f0-4cd0-42d9-9c81-471970b5353d,37,4,76,0,1,0,0,1,2
c373ba93-551a-4002-8470-c090b02ef098,36,1,130,0,0,0,0,0,0
d615a67b-168b-40a4-b5fb-4de2010a29c3,43,1,109,0,0,0,1,1,2
cc1a6abf-02a0-43bc-867b-47a69e4da5fa,33,3,149,0,1,1,1,2,2
d39b891a-6bf4-482f-831c-c0fcc065d789,38,1,112,0,0,0,1,0,1
4400b0cf-e601-444d-8134-d0eea1e747b3,33,2,35,1,1,0,1,4,2
d74a379c-c3b3-49f7-871b-4da3daa57b35,37,1,137,0,0,0,1,2,2
93849d62-28d1-429b-b6c8-a729b9c3e7b1,29,0,999,0,0,0,0,0,0
482379c1-e266-468a-9759-605e078bf488,18,4,8,1,0,0,1,1,2
e84f00c2-1030-45b0-97a5-62b05c02bdbd,33,1,55,0,1,0,1,3,2
3950b8d1-1eca-4801-b901-5ce6ab99a075,49,2,146,0,0,0,1,1,2
18e895a0-2d1b-4283-90d5-93051875d8e1,44,0,999,0,0,0,0,0,0
8b3dfe01-c404-4ec7-94f2-b04e91cf6754,44,1,32,0,0,0,0,1,2
9d8806db-263f-4fd6-9857-4ba9a6880e67,47,1,147,0,1,0,0,4,2
e0ef9608-08c6-46e2-b454-f00d65ff509d,35,0,999,0,0,0,0,0,0
0a0bb491-9d50-4fd5-b95d-be1b0b0ad206,36,0,999,0,0,0,0,0,0
c702db63-5b00-4202-b1cb-94e0dc32e875,28,4,30,1,0,0,0,1,2
a847d897-f6a5-453a-8891-feab251fa19b,31,1,177,0,0,0,0,0,0
213f2ab0-3e29-4a5e-bf53-0f88f8ac558e,41,0,999,0,0,0,0,0,0
d5dab823-7a18-4478-8065-95437ba35c56,47,0,999,0,0,0,0,0,0
770cc188-da28-44a2-9bf8-e6424fc2b60d,33,4,77,0,1,0,1,2,2
8aef353b-3b64-4092-a0ab-209b0ec6622f,30,4,9,0,0,0,0,1,1
12469ba3-8eb2-43b2-9fbf-3ac04472522f,35,2,66,0,0,0,1,2,2
da07138e-8ab9-4726-8140-1352b4054caf,41,2,118,0,0,0,0,1,2
281cce67-b826-4421-bb3a-46e930dda627,20,1,161,0,1,0,0,2,2
dbc9a228-f9bd-4923-950c-79596ae14b0b,18,1,50,0,0,0,1,0,1
5000f43e-646e-4218-aa67-841ec9f624c0,29,1,38,0,0,1,1,1,2
9782f5e4-a5f8-4e1d-9f37-dbc8dfcaf0a4,22,5,139,0,0,0,1,2,2
cadfd585-3945-4208-b87e-abf8cb251c7b,29,0,999,0,0,0,0,0,0
c171e06d-f843-4328-8a32-95d95f529767,33,5,66,1,0,0,0,1,2
10c506c2-4fc6-4c91-9f83-bdd7bb225105,30,1,89,0,1,0,1,4,2
804a99a7-4ad3-4fcd-a0ea-67b28eda5139,49,1,120,0,0,0,0,0,0
c8daa9e2-6b83-4616-ac10-2115ca795db2,38,0,999,0,0,0,0,0,0
5e932526-e72d-4fa5-8a12-35ea85520478,38,1,11,0,0,0,1,2,1
109bc3a6-324c-4639-861b-92324e1e4a8a,41,2,58,0,0,0,0,0,1
1af96868-7b39-4232-8176-c60fdfcfbe5b,23,2,124,0,1,0,0,4,2
a596d55a-0ab0-4ac5-a11b-6d9798ea3ce3,45,0,999,0,0,0,0,0,0
956db5ff-0f62-4acc-8135-7c4452b338bd,34,3,50,0,0,0,0,0,1
4c89c5ec-47cc-409e-9cc8-efe78c3205af,41,3,123,0,0,0,1,0,1
9cc3cb20-3043-4258-856a-832c6d944af3,24,3,101,0,0,0,0,0,1
eb1f85f1-d202-464a-a931-0f3dcafe8000,19,1,10,0,1,0,0,2,2
a2687f82-04a4-4d8a-81a6-c776b27bb906,43,1,31,0,1,0,1,4,2
a098f4ac-3452-41d2-9fa1-da839963244b,38,2,172,1,0,0,0,1,2
0e85f687-a0dd-4b45-a35f-c800b684ff56,25,0,999,0,0,0,0,0,0
3365ee3e-591a-4f84-86d5-2be43373cc6f,26,2,5,1,0,0,0,0,1
23d7afd5-07ee-4966-9a92-ce59a62fb17a,46,2,25,1,1,0,1,3,2
bc9d0e03-f055-4e00-8ea0-cd0031d2957f,23,1,7,0,1,0,0,2,2
82b3c616-97a4-4808-8fd6-3c7ac46f3d0f,51,0,999,0,0,0,0,0,0
1058dfc3-2b20-49b5-a37e-e6f931ce9599,25,3,37,1,0,0,1,1,2
c0329985-3a9f-4673-83ea-2f21cb5b9c1e,41,2,135,1,0,0,0,0,1
e771ae43-a935-4ace-8f1c-23e1d1d2265b,31,1,16,0,0,1,0,0,2
d4f49c5b-a6f1-439c-9b2a-13588c11fa5e,41,1,102,0,0,0,0,0,0
d6c7d990-5435-4f82-9ab9-b1e257744b76,29,1,82,0,0,1,1,0,2
a20880f5-a458-4a85-92a3-478967f6a713,33,0,999,0,0,0,0,0,0
1ddb4e12-739b-49e6-b199-6cb4f5336b06,35,3,130,0,0,0,1,0,1
4efe5d2b-8902-49e8-8b81-c3cf8eaadf49,24,3,168,1,0,0,1,0,2
af8e44f1-3aa7-4150-9a9f-9f84eb6c10b0,42,2,112,1,0,0,0,0,1
729ed06c-6261-46ae-b817-b2612cff38e2,29,2,52,0,0,0,1,0,1
c7b519f2-309f-4b30-857b-fa75cead8411,32,1,109,0,1,0,0,4,2
80577bea-5385-4571-96e2-9e938e810b0c,25,6,120,0,0,0,0,0,1
98b0a596-0a3a-4bc4-b43e-d541803600ab,18,1,96,0,1,0,1,3,2
a99c02cb-3ed1-45b5-8a81-a221027de492,33,3,95,0,0,0,1,1,2
b5ab639a-0847-4f74-bbb3-76726f51f85f,59,1,61,0,1,0,1,3,2
54bf9359-ae74-4b12-b5ac-de9525c96d94,42,2,52,0,0,0,1,1,2
c48fe9ce-a068-4e91-b8dc-d36b10a8ac3c,34,1,92,0,0,0,1,2,2
ea113629-1faa-4e6c-862a-2271271a7c89,32,0,999,0,0,0,0,0,0
1d0912a7-8b15-40e4-94e7-8d5c54bab27b,35,2,125,0,1,0,1,4,2
11408c2c-a7c2-4205-8463-f6868d43a2ff,40,1,82,0,0,0,1,1,2
a1f5926f-7097-4324-8517-7c3a934c448d,23,2,94,1,0,0,0,1,2
a95874e0-4625-41a3-8fda-1b9fcf23c967,46,1,82,0,1,0,0,2,2
f4c17b80-b20e-497d-9527-feb2afa37784,42,3,150,1,0,0,1,0,2
4ae9ec76-bd00-4001-b353-86d47fa5cbe9,42,1,174,0,0,0,0,1,2
161c8596-53f0-461b-a1c3-173125743806,39,2,162,0,1,0,0,3,2
6f033f8f-49c3-4943-b030-98049754159f,35,3,13,0,1,0,0,1,2
af1be5b2-15ad-4ed7-865c-0496b1c0e08d,41,6,64,1,0,0,1,0,2
66ec5c0f-f234-4cd8-8dda-578b2842223a,40,4,112,1,1,0,1,2,2
cd9bd09a-62b8-4490-bbe3-0120801a84dc,31,2,48,0,0,0,0,0,1
5eebc820-9cc7-4c42-ba16-d0d7fd1456aa,29,2,163,0,0,0,1,1,0
0d741b80-4a6b-41dd-969b-b51f74499ed7,36,0,999,0,0,0,0,0,0
08a3ffb6-a2bf-4805-8324-97c21aee4357,50,2,83,0,0,0,0,0,1
3616016f-bf3b-4ef6-a293-1dedf1dada36,22,4,21,0,0,0,1,0,1
ae82e25b-79d7-44c1-b56b-6d8fa6aa81e3,20,1,162,0,1,0,1,3,2
dc89f51c-5e44-4987-8bf1-1c1ae9d329a4,36,2,2,0,0,0,1,2,2
26ae1587-a7ec-44cf-a8bf-07ae2732a797,35,1,139,0,0,0,0,0,0
3b020fe8-d933-451f-948d-0d39bababc3c,36,3,164,1,0,0,0,1,2
633b1b6b-ebc9-401c-aa2c-57ce47593799,37,4,57,0,0,1,1,1,2
94d4d201-50f4-4548-b787-c2be7e3500e0,32,1,76,0,0,0,1,1,2
3845521d-19b1-4a73-930f-e88d7aa66a5c,49,1,11,0,0,0,0,0,1
8802d324-75d1-4cd3-aa78-08eafc47f6bf,18,2,1,0,1,0,0,1,2
ee0111f6-d114-402b-bca4-bba581f76b14,26,3,125,1,1,0,1,4,2
8033eb06-7e41-47b4-a497-736a687d7911,33,1,83,0,0,0,0,0,0
c834a2ff-3ecd-4785-9ec2-e1b2128a25f2,18,3,59,1,0,0,1,0,2
eeb467a8-b252-4d8f-bfe3-15eb182dde67,33,5,40,1,0,0,1,1,2
7ad617f3-8545-4c74-9f75-0c9593d632ae,51,4,162,1,0,0,0,0,1
3fb36ef6-1098-4eca-9fb8-7de1884ae06d,35,1,101,0,0,0,0,0,0
3c8011da-be4a-4b96-aa2b-f280e7233c12,37,2,10,1,0,0,1,1,2
4693b962-a543-408b-abfd-82c5da0969de,22,1,179,0,0,0,1,1,2
4987522d-ab73-4425-862c-3f1db45f8174,28,2,179,0,0,0,1,1,2
255ab4bf-8b6b-48ee-a07b-0d419c93d64e,31,1,106,0,1,1,1,3,2
c563cdf6-e3b7-42b8-9aff-227f9aa9b8c3,31,1,61,0,0,0,0,1,2
7b6f9234-286d-49a1-b74f-c56c9af2dd74,47,5,14,0,0,0,1,1,2
efe28668-16f7-4a1e-a979-f3caf76e1a80,40,1,69,0,0,0,1,1,2
656b7b20-484f-4bf2-8afa-40e273f5460c,23,3,39,1,0,0,0,0,1
6bf2364c-91f0-4736-ac48-1bb493095839,37,3,8,1,0,0,0,0,1
1c01e3b1-6ef8-4238-9fa5-a15c1a969066,39,4,113,0,0,1,1,0,2
ec2ec55d-a643-4f25-842f-e93aa4025ae3,46,7,144,0,0,1,1,0,2
4f70deb2-498a-440d-a9df-2fc80b60bd76,50,2,150,0,1,0,1,5,2
2722d16d-afb1-4dd3-ad50-55bd539251ba,24,4,57,0,1,0,0,3,2
4c214a83-cdc1-408b-adb6-878de561d191,26,2,79,0,0,0,0,0,1
9e95428b-3e2c-4e9e-9728-fbc303427897,22,2,50,0,0,0,1,2,2
61fc91ca-40a2-43d0-864d-9130031e04a0,32,2,56,0,0,0,1,1,2
3bd496fa-3c7b-4650-8672-96b3d117e42f,39,1,85,0,0,0,1,1,2
a9b157e3-6084-46cb-8257-03f50a0e40e7,44,1,143,0,0,1,1,2,2
774ebb5c-aab2-4175-9884-a13290a60be6,34,6,172,1,0,0,0,0,1
dc393462-f2c2-4617-832f-52b063d0f828,31,2,11,0,0,0,1,0,1
25ff078e-201a-4236-bc50-9d5b1316d35d,36,1,5,0,0,1,0,1,2
51f5c21f-74e5-46e8-8c0d-9926d833db50,26,1,131,0,0,0,0,2,2
a5564bf0-1069-4fbc-a438-47e43787d416,55,6,101,0,0,0,0,0,1
c1a2b597-ba47-476b-ac4a-1bdd7f54700f,18,4,121,0,1,0,1,2,2
88b10d7f-2457-442d-90c3-51d47379bc08,36,2,162,0,1,0,0,0,2
f5020690-3e74-41d0-96c2-6f7b1f7f6148,55,1,46,0,0,0,0,0,0
a6d728e1-9df4-4018-b8ce-749ec660f304,35,2,84,1,0,0,0,0,1
cb76387c-a3e3-4e10-8f6b-668dc6261635,33,0,999,0,0,0,0,0,0
81c844b1-5343-4e66-8f59-aed82bb6efa6,31,0,999,0,0,0,0,1,2
06d29dea-19d8-4042-8b7e-262dcc222df0,33,5,26,1,0,1,0,0,2
0a86894d-3215-4c57-93a8-e96fa45acade,48,0,999,0,0,0,0,1,2
3795a91a-0da2-405d-8b62-9b8f2c5a1954,18,0,999,0,0,0,0,0,0
b929357e-9f28-4af9-a648-caf64b57cb4c,50,4,40,1,0,0,1,2,2
25168836-ebdd-4840-ae8c-d09a4db721a5,20,1,170,0,1,0,1,4,2
c6d1f46e-56c8-457c-80df-2903ef900908,32,2,27,0,0,1,0,0,2
3e5c39eb-2d1e-41cb-8f9f-ef067b14c2b6,30,3,62,0,0,0,1,1,2
ac14024e-126d-4997-b420-3b3e70ae678b,40,3,66,0,0,0,1,0,1
42075d59-3da6-451b-8e7d-9905d7bf74eb,19,2,172,0,0,0,1,3,2
d4e8684a-ff3e-4650-9256-80f8a0bedb90,39,5,23,1,0,0,1,0,2
269c2360-d43e-480c-9f0d-08c3a9e207f3,55,3,100,1,1,0,1,2,2
b65f90ac-3fd2-4637-858a-8d3e2400fff7,21,0,999,0,0,0,0,0,0
ee29f4ca-7234-42f7-b6fa-efd90db0bf3f,36,5,38,1,0,0,1,0,2
7678ece2-5c47-4d76-a961-b12fd1a0edb9,28,2,121,0,0,0,0,1,2
8fa83112-1921-42ae-bc4d-4e58d999e62a,39,3,44,1,0,0,1,0,2
39428892-8e80-4622-814b-e454af882f05,35,1,60,0,1,1,1,4,2
5b40032e-0386-4341-9909-6ae715c270c8,28,2,170,0,1,0,1,5,2
b020b604-1c31-42ec-bfbf-4991d660be4a,39,0,999,0,0,0,0,0,1
21c2242f-93ff-4cd1-aa75-697bfd7ae438,53,2,169,0,1,0,1,3,2
b2eae646-4986-422b-9f24-be0a955a343b,33,1,40,0,0,0,0,0,0
0e99b1f0-7477-446f-af11-997b1a52c30c,42,2,46,0,0,0,0,0,1
79db132c-1e8a-426f-abdb-5bc974afb2b6,22,3,170,0,0,0,1,2,2
ae39d086-5865-4e3c-9fcc-88694fb166a8,25,2,121,1,0,0,1,3,2
b8434097-cba8-481a-be2f-b43f833fce05,39,2,150,0,1,0,0,3,2
f69f1749-b79b-4f6c-a80d-560ae91d58e3,49,1,31,0,0,0,1,0,1
a6edf6d8-3b36-4f9d-bc47-ffbe28c058e4,38,2,73,1,1,0,0,2,2
c0641141-4517-410a-ab87-34faac09e1e2,31,2,121,1,1,0,1,3,2
f79be13b-d822-4dda-9ea1-98c78265f0c1,34,4,101,1,1,0,0,3,2
2cb4c4dc-df22-4c86-97b6-252d4a6c277e,22,1,165,0,0,0,1,1,2
dbf6bf6e-c739-4915-938b-dcba06892b18,41,3,76,0,1,0,0,2,2
42376bba-ccf8-4ee0-8209-e04101dab0ad,43,1,14,0,0,0,0,0,1
607bbd94-9027-4654-b79a-eb60b8da043a,30,2,155,1,1,0,0,2,2
00b58f3c-09c0-4e0a-90ff-65f0415288aa,30,2,12,0,0,0,1,0,1
8160b58f-5c48-4087-af73-1b7669ce9aeb,37,0,999,0,0,0,0,0,0
963cc67e-6d0e-4ac6-a715-c72ee8aec0f6,30,1,129,0,1,0,1,2,2
f5561754-7a72-4278-b8d2-ab1242c7bc56,34,3,60,0,1,0,1,1,2
1aed30ea-3477-46e2-8b17-33b575f4d848,55,3,64,1,1,1,1,2,2
f40d5bdc-cbe9-4dc5-889b-fc3d3f0f0a51,32,2,168,0,0,0,0,1,2
740fbe3d-e85d-4aa1-a88c-c4f442ff8cef,31,1,95,0,0,0,1,1,2
611668a5-a20f-4745-a4e0-51e00fc3c1f7,28,1,85,0,0,0,1,1,2
102eabc1-c761-4023-9ed7-1cdde946215c,42,0,999,0,0,0,0,0,0
74a84807-d2b2-47f9-927e-5a8921e92cc9,33,1,109,0,0,0,1,0,1
4d689963-dee4-4490-b306-70604c95c742,28,2,13,0,0,0,1,2,2
2aa4bcf4-3e0f-40be-b395-5df5c44cbe9d,48,0,999,0,0,0,0,0,0
7795bdb0-b364-495d-8d4b-e9bc263f6060,49,3,141,0,1,0,0,1,2
2894a9b6-5237-45d7-9273-756de56d6856,28,2,40,0,0,0,0,0,1
268f7629-219f-46c2-9139-674ca62ee230,18,4,61,0,0,0,1,0,1
2241933a-2194-40b2-93ee-13412619d070,45,1,51,0,0,0,1,0,1
6eae2217-aa27-4130-9e70-4da52cfe9a35,28,4,26,1,0,0,1,1,2
be953561-675e-4b2a-9650-25ac8892954e,42,2,84,0,1,0,1,2,2
2fd28e72-75a8-4992-a2ba-47dcb95ed450,18,1,39,0,0,0,0,1,2
412cc815-c5b3-4700-be0f-e15c07f961d1,43,5,34,0,0,0,1,1,2
93524747-a361-4346-a5d9-2c664fe0fa17,22,5,94,0,0,0,0,1,2
98f45edf-8471-4fa4-93e9-7b00fd6c2b0f,42,2,176,1,1,0,1,3,2
3ce8607b-449f-49c8-9ac9-d778ac50f20e,35,2,10,1,1,0,1,2,2
4210df98-cd2a-4b0f-a5af-62fb5fb6f646,25,3,79,0,1,0,1,3,2
02de6548-a911-4e69-8407-1b33134e507e,30,3,133,0,0,1,1,0,2
525e36a3-046b-48e5-9543-50044ba749f2,41,2,97,0,0,0,0,0,1
ed3c8d2f-8f9b-43af-84d6-cc04656ea96c,36,3,124,1,0,0,1,2,2
70f0a73a-7e21-4887-93af-534d77c28ac7,40,2,40,0,0,0,0,0,1
7845a80b-3b4d-42d7-87a2-f65419379729,54,0,999,0,0,0,0,0,0
8685747a-d11a-44f4-8cb6-91b35220321c,19,2,20,0,1,0,0,3,2
51a594ec-2e74-4acd-a4e2-32d1e7fb4384,51,4,92,0,0,0,0,0,1
ece5d2d9-01b3-4b37-98dd-f5c9c700b0d6,36,0,999,0,0,0,0,1,2
5e581f30-c73d-4937-b9ea-21a54373f692,26,4,56,0,1,0,1,3,2
ce84efd2-b11b-44a0-a53a-178fbff71f55,21,0,999,0,0,0,0,0,0
a87d5ef4-d760-45d2-8061-cef645eb0d95,33,2,155,0,0,0,1,0,1
af575326-fec1-43c3-b4c2-d8e0d41bfd6d,44,0,999,0,0,0,0,1,2
2210aa6d-8cea-494b-9b02-b6def2ffdeed,33,1,76,0,1,0,1,3,2
0904172d-6d3a-4312-8867-3f6d200db1fe,50,2,106,0,0,1,0,0,2
887d181c-e18a-4d89-a8e1-f24655675399,20,1,69,0,0,0,0,0,0
463845a2-1c26-4e3b-9862-7f19d95d1962,34,4,154,0,1,0,0,1,2
9d31f221-1b7f-498e-9392-ac0786e334f1,22,2,93,0,0,0,0,0,1
389a3690-a17c-4963-86d4-100aaaecc2ea,38,0,999,0,0,0,0,0,0
06bae003-4df7-484a-ae6d-8bd927da2416,43,1,57,0,0,1,1,0,2
1ea67590-347d-4b4d-9243-95bc493e28cc,30,4,136,1,0,0,1,0,2
84dfe869-2d4c-4da6-8ebf-b870f022fbbb,18,6,54,1,0,0,1,2,2
c613a48c-407f-40e4-98b1-6a66628cd6f2,36,1,44,0,0,0,1,0,0
127ec821-9918-4f70-b833-8f52ef8fa9be,39,3,155,0,0,0,0,0,1
38e2ca60-1d8d-4017-a579-2238e8c46ba9,39,2,155,0,0,0,0,0,1
08cc11c3-5ac5-445b-8f9e-1af83ebb58d2,47,0,999,0,0,0,0,1,2
29df2a07-9c4c-47cf-8950-142342cf01c9,24,4,152,0,0,0,1,0,1
026314d4-dec8-464f-a6d8-b17dd8d4578b,41,3,25,1,0,0,1,1,2
b61c6c35-d84e-4c02-9683-5dd481321d08,46,0,999,0,0,0,0,0,0
70d1d4d1-64bd-48ea-8348-b6e46a99a8a3,18,0,999,0,0,0,0,1,2
820fae34-33bc-4ed2-a867-19caee1e04e4,38,2,148,0,0,1,1,1,2
1de8e238-e8ab-4212-ad24-d0dc90c6790d,29,3,161,0,0,0,1,0,1
fb6135fa-ad73-4a48-99b8-32934733dfdc,34,2,43,0,0,0,0,0,2
9cae68c0-eabf-46e4-b637-0937c008eed7,38,2,75,0,1,0,0,0,2
d2db41eb-a0d6-4140-b27f-ccbdaced8d8d,30,1,20,0,1,0,1,2,2
10c2974b-5acc-4873-b406-ffe4f239adfb,28,3,145,1,1,0,1,3,2
642ad701-717a-4d51-97e2-73421f316ba8,35,3,35,0,0,0,1,0,1
69df2a06-cbac-4bb7-b9c2-e0260ea31fbc,24,1,69,0,0,1,0,0,2
c246005a-7014-4604-9dce-e04a65fd5d61,24,1,147,0,0,0,1,3,2
838a9970-c6a1-4f80-bb94-be9ff24514c7,41,2,114,0,0,1,0,1,2
5c54f900-5bab-40ef-923d-e9311daa892a,23,3,126,0,1,0,1,4,2
979c6a17-d30c-4439-ad72-3f18adca42be,41,2,93,1,1,0,0,2,2
153be7f2-07c0-4a00-84f6-c7666fb14982,39,2,2,1,0,0,0,0,1
91135d05-813c-4d25-ab14-20ec5756a795,18,1,7,0,0,0,1,1,2
52005727-5c7a-4684-aa07-e92f748b1231,28,4,47,0,0,0,1,0,1
aa0d1fa5-0f32-45c3-b424-651be0ee8b81,46,1,150,0,1,0,1,3,2
6c81b322-4198-472b-93c2-b8703168efa0,25,0,999,0,0,0,0,0,0
3985eab6-ef2e-4d0f-815b-bf498176d667,30,3,0,0,0,0,0,0,1
0d7dd99a-1986-45fd-b8cd-47337c3ffce9,39,0,999,0,0,0,0,0,0
1d9680b1-a90c-489c-874c-12346a3586ad,42,2,73,1,1,0,0,0,2
943b4928-2b20-4190-9b63-6658007ee68e,32,3,36,0,0,0,1,1,2
154e3c27-ca96-4b1a-8267-4001eeecb2a1,29,3,93,0,0,0,1,1,2
cb1a84d2-2793-4c57-a32e-b67c8baacf4b,49,3,50,0,1,0,1,4,2
bfea3550-0d7e-4f2e-818a-9e057cf56d8c,52,1,171,0,0,0,0,0,0
7f21b868-85fa-42b4-b6d6-b48c2dc78dc9,44,2,151,1,1,0,0,1,2
5e790618-0652-4b40-8e17-607f0af5ec4f,35,2,159,1,0,0,0,0,1
00156ef0-2ce2-4eb2-b5ab-da72033fabeb,26,0,999,0,0,0,0,0,0
18744b59-11df-4714-819c-707da98074df,26,0,999,0,0,0,0,0,0
ba56f3f0-2f30-454f-b527-4aaa0e438304,40,2,165,0,1,0,1,4,2
de9cd436-c7bc-407e-b296-9bf2b18b7403,39,2,118,1,0,0,1,1,2
260740d6-3d8a-4673-b020-648a38ae5619,49,3,125,0,0,0,0,0,1
c14d07d6-97fd-4721-bac5-a68f7eef48af,41,3,77,0,0,0,1,2,2
86a33d76-38a0-422a-97a2-38c1739d413a,19,1,130,0,1,0,1,5,2
80119b6f-e1a3-47db-a81f-de07267c68c6,45,2,152,1,0,0,0,0,1
e20dd777-7c87-4872-b12c-559371312967,25,1,44,0,0,1,1,2,2
120172fc-f6c4-4dfc-9228-f6301d4ed0c8,31,1,134,0,0,0,1,2,2
4390e756-5324-41be-b06c-c4a7e5bc72e0,37,0,999,0,0,0,0,0,0
6b07012d-c37f-4b7f-95fd-4a7aa723e85c,54,3,154,1,1,0,0,1,2
9d767e20-691e-48be-b4da-bf58a8e20787,66,2,22,0,1,0,1,3,2
01f7832e-3a10-4013-8eb3-1736c627bc71,41,2,159,0,0,0,0,0,1
22a95a6c-c268-4d06-82a9-fe2f97c9bffd,33,0,999,0,0,0,0,0,0
2a63372c-0d6f-43f1-9b03-0d520c00929a,40,3,161,1,0,0,0,0,1
3e53ea68-5e5d-488a-a859-c867eb9a620e,43,2,179,1,1,0,1,2,2
8fbcb324-6dae-432e-8760-54d3d333dc5b,31,3,110,0,0,0,1,1,2
32b52bb8-2f00-435f-ac85-57af0c29afbd,52,2,125,0,0,0,1,1,2
be824a48-319d-478f-8071-a591923e6876,37,5,33,1,0,0,1,1,2
97a55fec-7649-4c6c-87b3-8391f6e7964b,39,3,6,0,0,0,1,2,2
9ff76069-505f-45c9-9519-fb238561c024,41,0,999,0,0,0,0,0,0
3c1e094b-ec19-4294-a057-ec427d076671,39,3,129,0,0,0,0,0,1
cea274cb-56a0-48bc-ab55-a20db91befc2,43,2,157,1,0,0,1,2,2
59de270c-cfc3-4b7c-ac2c-93efc9c0e03a,28,4,80,0,0,0,0,0,1
5e1a830a-70c7-4772-b157-4158675467d8,29,2,156,0,0,0,1,1,2
7bdc5c59-dcc9-416b-a33f-e0494bc670b9,23,4,59,0,1,0,1,4,2
9360173a-513b-43ca-adc7-e009e7278618,39,4,16,1,1,0,0,2,2
17a37965-91cf-41e2-b8fb-00a9fd30f4f5,42,2,85,0,1,0,1,3,2
dde324ee-f793-4a05-b4b6-36e7576bf02f,39,2,178,0,0,0,0,1,2
d22e051f-5935-4901-9a11-d92f24d3d88a,51,3,152,0,1,0,1,3,2
b68859fb-dfc6-4bec-a6cf-f1c85ac16d89,34,2,15,0,1,0,1,3,2
f4b81039-1320-4f8d-ab8c-317851c47266,41,2,152,0,0,0,1,0,1
c5afed1c-332d-40d2-8901-d718aba82d8f,24,3,14,0,0,0,1,2,2
3f4b1345-57b3-47b0-b7fd-e63a2cf5dac8,31,3,100,1,0,0,0,1,2
cf75119e-0251-4330-81cc-57f2509494e3,41,2,78,0,0,0,1,1,2
34fd427b-a714-43a8-bdb9-008448992aa7,43,2,14,0,1,0,1,3,2
a7089eb9-ba13-47ff-a150-b0e0b9d9982a,32,2,81,0,0,0,1,1,2
64dc2a17-126a-4c52-916f-e12fc7f21fdb,34,4,36,0,0,0,1,0,1
d2e24f07-9be3-43de-8c7f-2b10ade9b64c,19,4,127,0,0,0,0,0,1
f112175e-a33b-4421-bb20-370cd148791c,31,3,64,0,0,0,1,0,1
dddec1ad-91aa-480c-9988-6caf87d09b94,43,2,32,0,1,0,0,2,2
b3ec9a5d-32ff-43ce-b342-e38015988058,40,4,130,1,0,0,1,1,2
54faa139-5bab-41e3-8d40-208ce42b7ed9,40,2,48,0,0,0,0,0,1
95792afc-338b-4adb-a246-555962d349df,35,2,149,1,0,0,1,0,2
f0edef85-e6b3-48b8-b6b1-580191661fad,35,6,148,0,0,1,1,1,0
3ced196c-c16c-4a5f-abf3-4c7c2e531ccd,28,1,109,0,1,0,0,0,1
0d89a3fe-034c-4c15-b0d0-85dab00385cc,41,0,999,0,0,0,0,0,0
a39f9f23-e584-42e6-b935-8934f9d2e96f,39,1,26,0,0,1,0,1,2
5f7779c8-9fe0-45cb-82be-a8b2fddc4f2d,39,1,131,0,0,0,1,1,2
8a31987e-e20e-418c-931b-386718e06d56,29,2,114,0,0,0,0,1,2
c71e516b-8805-423d-9548-50fef8d9955e,18,0,999,0,0,0,0,0,0
04340ea9-02fd-4c0a-8733-b5d80d093d5a,45,5,3,1,0,1,1,1,2
31109702-8dc1-4886-98d8-9352a1079e12,30,4,23,0,0,1,1,1,2
e02003ea-e321-4282-ae7d-d3c05b93b31a,26,3,109,1,1,0,1,4,2
841a553f-bc79-416b-a9ae-b7780ff9a632,41,2,156,1,0,0,0,0,1
df697080-0acd-482c-9fc0-33b528480d54,31,1,21,0,1,0,1,4,2
c7642821-517a-40a1-b062-de1330915324,45,2,150,1,0,1,1,1,2
d4423fa0-be09-4a5c-a338-6e7425d21eca,41,3,77,1,0,0,0,0,1
a7cf2ebc-9385-4d62-8f79-872279f7ea6c,41,4,7,0,0,1,1,0,2
952d8959-ee0c-4b82-a64f-fcd484c14b1d,21,1,57,0,0,0,1,1,2
a541dfc5-6468-4ece-a534-7e6f1de33fd0,47,0,999,0,0,0,0,0,0
252972bc-b7ad-4142-915e-6bb4d1293e59,37,1,87,0,1,0,1,4,2
c8f749aa-531b-474d-a3db-d20392fa5db8,31,0,999,0,0,0,0,0,0
55b0c6dd-cc14-4423-bc2f-099625d6660c,36,2,89,0,0,0,1,1,2
0633cca9-f97d-46e5-a46c-13d9c5a8dfa0,18,2,6,1,1,0,1,5,2
896a2231-7f5b-406c-bef7-f8bd99c6b412,39,0,999,0,0,0,0,0,0
5592cdc6-a599-4b55-90a3-d6cce5a042ae,24,0,999,0,0,0,0,0,0
33ad3e88-e5e2-42d3-869d-376ac7ddf590,21,0,999,0,0,0,0,0,0
3c2dc705-92bc-48c1-9b90-8b9bdc15d76f,19,0,999,0,0,0,0,0,0
d327f3b5-b2b6-459b-8b2a-aed4f12312f4,46,2,157,1,0,0,0,0,1
109af510-68e7-4534-9129-ce3a90155ccb,28,3,123,1,0,1,1,0,2
eff65f63-3fa3-4f11-839e-ef10192679c6,50,2,52,0,0,0,0,0,1
b05eb48c-20d6-409e-a218-0b3610f42243,29,2,166,0,0,0,0,0,1
9cbb808f-5f38-4e07-9c31-4889ff3e24d4,18,3,107,1,1,0,0,5,2
b9909682-cf3c-4e64-9d83-e32bdcccd166,23,2,138,0,0,0,1,1,2
3902a8bd-b16d-4e4a-beac-9c319ac29a32,47,3,139,1,0,0,0,1,2
3cd2f0d0-df17-477e-af10-a30e483ed6d5,33,3,127,0,0,0,1,0,1
32c9b09f-8d1d-4027-9158-9fdc1b3a2b01,29,3,177,1,1,0,0,2,2
2093ccfd-2b29-41ee-87e9-32689e39c9fa,36,2,55,0,1,0,1,3,2
7791d2ef-2b82-47a1-8243-6293f915af10,40,0,999,0,0,0,0,1,2
efcf71f4-b402-4d88-ba39-eab4a7b7ce1a,46,4,110,0,1,0,0,2,2
248f3d06-929a-4b37-8fd1-cf516c051c50,49,1,143,0,0,0,0,0,0
f0c4857e-0580-4885-829b-d1ca8aba2494,31,2,176,0,0,0,1,0,1
fc96f048-ff86-4cca-a376-9e015cadff4b,21,3,31,0,1,0,1,4,2
cc969678-26b8-434e-99a8-24367068c3ee,30,5,81,0,0,0,1,0,1
7a85878d-a6b5-404c-9119-db657b216182,37,1,116,0,1,1,1,4,2
cf35d060-6d26-4317-991e-2612314edccb,25,2,172,0,0,0,0,0,1
6db66342-4205-47b2-a8b2-223b104e8b5a,25,2,70,0,1,0,1,3,2
d99c581e-82fd-47bc-9b29-e5b07581481a,38,3,132,1,0,1,0,0,2
9d179425-fcb9-4608-8f3b-67f37bc6a350,34,3,127,0,1,0,0,1,2
add74a29-8fd7-4866-b193-f264012058a3,35,1,171,0,0,0,1,1,2
d6960388-5983-46a4-9e06-61f9f61c2a12,27,4,168,0,0,0,0,0,1
da4fd6b1-0358-4711-bbcf-7b7ea372df59,32,2,96,0,0,0,1,1,2
0c553ca5-84fc-41b4-85b6-116cb65e6ceb,25,3,84,1,1,0,0,2,2
52f65720-d4f6-4e52-8ab2-8af727c85d16,43,1,124,0,0,0,0,0,0
b163f16f-b067-4fdb-8ba9-b737d289f104,45,3,149,0,0,0,1,1,2
0b8c9dcd-c17b-4318-a0a7-3fef6e57e1cc,18,1,144,0,1,0,0,2,2
bb9cd1d2-8cd0-4c39-8bfb-0c68ad2c8e58,25,1,88,0,0,0,1,1,2
099c433d-ff5c-4690-92ae-44cbfa9008a4,20,1,104,0,0,0,1,1,2
3a3ee9e1-610b-4cb8-b2f9-dc2998e123f2,28,4,177,1,1,0,0,3,2
4edb3e28-3f34-4fa2-a933-0cae04f7ef3f,34,2,158,0,0,0,1,3,2
610497b6-289f-4eea-b28f-460fe7058cea,20,0,999,0,0,0,0,1,2
7ecd2301-1fbc-48e1-aa69-2a0ace1ea987,25,1,50,0,0,1,1,2,2
79de9bc5-b293-45f2-b753-9878008d6d1d,24,4,32,0,0,0,0,1,2
3aefdba2-8aeb-43d6-8fa4-dfa4c2685c3a,37,1,104,0,0,0,1,0,1
2c9072d7-2723-4d88-b719-4f662cbb5827,35,1,19,0,1,0,1,1,2
e37ea6cf-7a7e-414d-bd61-bd214207c89b,27,3,175,1,1,0,0,1,2
2ed5eb05-4dbd-46b1-b30a-4b84fa4f3752,36,0,999,0,0,0,0,1,2
a22de7b3-c020-4e68-a110-8b582cd2095d,29,1,71,0,0,0,1,1,2
5a81fa10-dc0e-4645-8102-d91a780f69de,32,1,73,0,0,0,1,2,2
a32c7bda-15a5-412a-b72d-b1de219ccca4,51,2,120,1,1,0,1,1,2
2504bdf8-82f1-4f68-aca5-cb82b6981f99,48,2,141,0,0,0,1,2,2
12b20142-f239-46d7-af91-692cc8f4f607,22,1,61,0,0,0,0,1,2
325276e6-8617-40f7-911d-873d20c5be26,43,2,178,1,1,0,1,4,2
5b2ab001-f485-455a-bef2-0d12c8c4288c,43,1,126,0,1,0,1,2,2
c339c560-b069-4113-aec2-a18e854711a9,23,2,97,0,0,0,1,0,1
8caa6f52-ceba-4514-bcfd-c7f9f116c97d,43,2,126,0,1,0,1,3,2
68f98c41-3f73-43d0-b70a-9268e85fec00,50,4,80,0,1,0,1,3,2
5d1e033b-6809-467a-b0f6-c6855ca9f7d1,23,1,148,0,1,0,1,3,2
b6e5206a-64a3-4ad2-9a83-a26e5fa11501,25,4,91,0,0,0,1,1,2
ba7f9bd1-3f78-43a9-ada5-82c42e1622b6,45,3,37,1,0,0,1,1,2
35c66e53-950e-4237-9784-04b07a4b0e1d,37,3,142,1,1,0,0,2,2
37af1a68-000f-4438-bc9c-7fdb12f9d5d5,40,1,35,0,0,0,1,1,2
cf1b1565-cceb-4d32-929c-a58df4864112,38,3,8,0,0,0,1,1,1
e7c090ea-73f5-43b0-adb4-700579cfc201,38,2,58,0,0,0,0,0,1
493203ff-f184-44b3-b19f-2cddfd97fe07,21,2,81,0,0,1,0,0,2
8fc86c7e-2f52-4d69-a46d-b114b47e4d9d,45,1,53,0,0,0,1,0,1
368453cf-7e98-426f-99fb-a2e71a561a97,46,1,144,0,1,0,1,1,2
67aaf8c7-0010-42e4-86ec-1bbc48ef909c,32,0,999,0,0,0,0,1,2
4e7e3143-1715-4770-968c-635bb53fabe3,34,3,3,0,0,0,1,1,2
6f7a5b6a-f0b8-42fb-8d28-1d6b5873e99c,19,3,83,1,0,0,0,0,1
608122b7-ec30-4abd-ba01-3e46130ec22d,40,3,12,0,0,0,1,0,1
8d79bdb6-c43a-40c7-bf49-703b0e656cbc,40,1,114,0,0,0,1,3,2
d0c337c0-3277-40fd-93fa-7bf1b5c4c3a9,34,1,42,0,1,0,1,2,2
3cdc7294-1aaf-41eb-913a-d043e28c4e12,46,1,7,0,0,0,1,1,2
a19abd72-dfb5-456e-aead-fca55400baa0,31,6,147,1,0,0,0,0,1
5ecedcf1-f9b2-4257-a038-25f18accf9e0,40,3,122,0,1,0,0,4,2
734e64dc-1339-4307-a104-59054bab8b44,24,1,60,0,0,1,1,0,2
67b2bd70-c6b3-48f9-b8af-ad9429308b37,34,4,43,1,1,0,1,3,2
19424d16-ae5d-44d7-a3cc-86f1b09fd7f5,33,1,178,0,0,0,0,1,2
86c63417-816e-499b-baca-7726dbea5569,37,1,127,0,1,0,1,2,2
ec85f7db-ff4d-4443-87da-ee60ba38024f,31,2,116,0,0,0,1,0,1
fecc0f95-0f41-44de-829b-e2d606386843,33,0,999,0,0,0,0,1,2
4e62a37d-4615-4fbb-a116-75a12abd965d,43,2,98,0,0,0,0,0,1
ddbfb27b-f190-4cce-9466-e4104c03a829,30,0,999,0,0,0,0,0,0
1d697f37-869a-4e8f-9430-0c481dc9f999,18,1,100,0,0,0,0,0,0
bc443e65-c4d7-44c9-83a6-155ef9e23cd1,52,3,9,0,0,0,0,0,1
578ee165-67cc-490a-b0aa-a0db7efc0000,48,3,145,0,1,0,0,3,2
2f8fa7fe-3b3d-495d-b962-75731d12a86e,22,2,123,0,0,0,1,0,1
6a31357a-a8de-4404-9f32-f0371fcc90d0,41,1,24,0,0,1,1,2,2
7c4f990e-03ad-4c3e-bd2f-ebf76d362c02,29,0,999,0,0,0,0,1,2
c9d3543e-27e3-4879-b340-fd3c4ef52c16,37,2,161,0,1,0,0,1,2
4942b326-617b-4eaf-ae36-5b684ad77754,37,1,43,0,0,0,0,0,0
42a43b0a-b18c-465f-b035-704d6f919801,32,2,166,0,0,0,1,2,2
e94504ac-3e5a-4cde-9969-e02578b6df9e,27,4,89,0,0,0,0,0,1
cf6260e3-1954-43b2-abb7-29235166d062,28,1,107,0,1,0,1,4,2
8409810f-bc58-4a4d-8582-f5e024f57870,25,4,170,1,0,0,1,0,2
3138a661-13ef-4471-9917-30982fc2aafe,26,0,999,0,0,0,0,0,0
cd979bb9-6282-4db7-a272-b25b9f8186ed,34,1,71,0,0,0,0,0,2
766938b9-adcb-4ae6-9a47-9dc17dc737b7,27,0,999,0,0,0,0,1,2
b0197d13-0043-45d0-b9dc-160de856e552,41,1,113,0,0,0,1,0,1
3cb56d20-2891-4c06-94e2-fec0625a121e,49,1,154,0,0,0,0,0,0
d86f3007-bef8-4987-8e49-a08a946b2600,29,5,33,1,1,0,1,2,2
8178bbf0-d649-40bb-9b86-d007fd4a2df0,37,1,54,0,1,0,0,5,2
1c3c09a7-f452-4c70-bdc3-185ef1c5d8a8,39,1,163,0,1,1,1,4,2
5ef7a641-f461-4231-87aa-e8fec654a758,39,0,999,0,0,0,0,0,0
aef8146c-727e-464a-9fb9-48b6d44fde51,35,3,71,1,1,0,1,5,2
3018a624-297a-486f-aaf4-b749c3a073e2,42,2,68,0,0,0,0,0,1
808bb0a9-8845-417d-8ae3-76f27b5d6da4,39,2,103,0,0,0,1,1,2
34211285-4edd-4332-8612-c6ddb16d974d,22,2,64,1,0,1,0,0,2
7a8690a9-5c79-48e3-ae0b-8834eb2a9ca8,43,3,125,0,0,1,0,0,2
cd072a9e-9445-4c1f-9eea-c19e3dc684bc,43,1,84,0,0,0,1,0,1
3a92661d-0118-4f12-b541-85ae03c3f46d,27,1,171,0,0,0,1,2,2
4b0ff019-f4ac-4dbc-b932-11e9176686e3,35,1,42,0,0,0,1,0,1
d07b0657-7ae1-46f1-894c-3181e10be1f8,41,3,73,1,0,0,1,0,2
295cf575-4702-46e7-82ef-496650db2c99,32,4,20,1,0,0,1,1,2
b498811b-2e10-41fd-a84b-f6cb22e9f319,45,3,140,0,1,0,0,2,2
72086ffe-ce08-42a4-a74e-4f3520bc3e68,58,0,999,0,0,0,0,0,0
7690ef24-087c-4522-b049-0cc39290d5d1,27,3,113,0,1,0,1,2,2
8f6ef37f-8439-42cc-9254-1d2ca4756808,21,3,27,1,1,0,1,2,2
32933985-8b8e-4c4a-84e9-5a1a97f883e2,38,0,999,0,0,0,0,0,0
5bc9b8f4-7e5a-43d5-ac4c-2289c8dd2dcd,42,3,81,0,1,0,0,1,2
db31888d-6a8e-4513-b9cb-6b3a01732fdd,32,4,105,1,1,0,0,4,2
ebc0a4b4-c2a4-40d8-a356-708fbf4381dd,49,1,129,0,0,0,1,2,2
1f33b37b-225c-4055-a0ef-44ec786f50be,21,3,57,0,1,0,1,4,2
ceb2b4af-f270-4c3d-aef6-559b96ee2de0,41,2,20,1,0,0,0,0,1
f2d2d546-5540-4c18-9425-b25a0e73e34b,28,1,89,0,0,0,1,0,1
b7887d3b-c575-4b14-ae57-2a1018c7c89b,52,5,173,0,1,0,0,1,2
da96fc06-f7c2-487f-8d57-84117352a755,54,1,82,0,0,0,1,1,2
fd9e02c0-eac1-4dcf-b12e-5e00961f503e,27,0,999,0,0,0,0,0,0
f2eee958-e35f-47c6-9c1d-ec19c58f7c51,29,2,56,0,0,0,1,2,2
6b46d488-0227-4100-a845-99b5069e5c11,43,1,147,0,1,0,1,1,2
06d2399e-1201-43b8-9f1b-568ce5a04b9a,31,4,5,0,1,0,1,2,2
f37870e2-b0fb-4acd-9557-2c6afae29fa2,34,1,17,0,0,0,0,1,2
e79ec893-a4b6-401f-96b9-164f7036e2ce,35,1,176,0,0,0,1,1,2
36cf93e3-f649-417f-a21c-16666b21fcf8,18,2,147,0,1,0,0,0,2
d4430fd6-cafb-49a6-951c-6eb524b499a1,34,1,102,0,1,0,1,4,2
ad344455-016e-4f5d-ae05-e8c0e0842133,28,3,161,0,0,0,0,1,2
6f929c80-0dd1-491e-ab26-19dfec0d4fc5,30,5,137,0,1,0,1,3,2
99dd6d49-fd6c-4401-9f75-1c6b9f13ff08,49,1,32,0,0,0,0,0,0
8a0e74da-3593-4f37-8b7f-3cc4ebf3bae7,22,2,114,1,0,0,0,0,1
8c5abac9-7615-44f7-9dd7-b47fa6043481,43,3,146,0,1,0,0,2,2
3a3f9057-1467-4ffe-939f-675aea4cf6f9,32,3,46,0,1,0,1,4,2
7b536573-b827-4385-82f6-da7eba9ee6ad,32,3,176,0,0,1,1,2,2
4b391ee0-9d26-47bb-ab95-b2009564101a,42,2,29,0,0,0,0,0,1
7d63ac49-c754-4646-897b-5f4959b69535,38,0,999,0,0,0,0,0,0
fee3d10e-3fde-4556-be78-bfc6a4cba436,40,2,30,1,1,0,0,1,2
55ddcca4-7b56-4a9c-b58d-8de5abe0a52d,44,3,20,1,1,0,0,3,2
b7d3a446-bbd6-4def-ad03-1851d449d2ef,31,2,16,0,0,0,1,1,2
a0e31fcd-0505-4819-9fed-551e72bde68f,28,0,999,0,0,0,0,0,0
02771b61-5c44-4071-8946-5e31f9f62f03,24,3,151,0,0,1,0,0,2
7bf811f9-5bbe-4a91-96d8-aaf8dba3be11,26,4,167,1,1,1,0,3,2
2d35745f-0350-439c-86bd-ad656dda8f6b,64,1,97,0,0,0,0,0,0
cfb6b587-1b60-4bc8-8a3b-38e2a8f1cb1f,47,4,174,0,0,0,1,2,2
4cf96d2c-8770-4bb5-8adf-6ea09e1efd90,21,0,999,0,0,0,0,0,0
59fa69d4-db12-45f5-8024-96c905574ebd,21,3,15,0,0,1,1,1,2
9b0afc0e-1924-465c-8454-60b7d8aa46fd,39,3,57,0,0,0,1,3,2
d4103f06-1a7d-4502-be1e-a3edee706c44,40,3,48,1,0,0,0,1,2
a8799754-22a2-4ad8-beb2-a5b6c5af6331,40,3,169,1,0,0,1,0,2
01a73671-a22b-4843-9b7e-5e98b08d63da,32,2,139,1,1,0,0,3,2
2f1fce0b-5d40-44af-ade0-26fdd29f2f09,33,1,168,0,0,0,1,0,1
8c250ca4-c215-4723-8c19-19120c602d64,38,3,59,0,0,1,0,0,2
cdad30ac-d6a1-44bb-badf-53a3745ef389,35,1,23,0,0,0,0,0,0
05a2e85a-883d-4b99-8cf2-5b2cadec0582,18,3,12,0,0,0,1,3,2
cff6fcc8-d2ed-491f-8810-0f7ecfa2252e,32,3,33,0,0,0,0,0,1
7266d8a9-15ba-4ae0-9b9e-0b5c315d7c30,26,3,154,0,0,0,0,0,1
4f511655-8d65-4e5e-8fa6-930b365d3e5c,36,2,84,1,1,0,0,2,2
c8e4da5f-ce2a-4b17-ae81-4388312d3e56,64,3,66,0,1,0,1,3,2
fc5fb67f-4ac3-416e-a8cc-fc2172b679df,38,1,13,0,1,0,1,3,2
01df4f85-41cd-4cfd-8f09-6c80d4a19587,31,2,106,0,1,0,0,3,2
bbb1b801-9e08-49e9-9efd-662a6ff61ed8,44,1,100,0,1,0,0,0,2
7d3afc25-ccb0-465a-bed0-329feacac8b1,39,4,40,0,1,0,1,3,1
19e37832-f7a3-49bb-8c8c-2549a6115fd2,39,3,107,0,0,0,1,1,2
696bb6e7-69b6-41c3-9ede-8315360fb747,41,4,157,1,0,0,1,0,2
ca11b413-41d6-40c3-a468-1beabad0ca4a,55,4,44,0,0,0,1,1,2
67128483-9018-41e1-b22f-56401df86606,23,4,73,0,0,0,1,1,2
4d10c311-7803-4372-a786-a88feaf5bfd3,39,4,0,0,1,0,0,2,2
53d358a9-6f34-4ae7-856a-36feefa05465,25,1,102,0,0,0,1,0,1
c73ed296-87b8-44a9-ad39-374172e00acb,40,0,999,0,0,0,0,0,0
32df6a50-de91-4970-84a5-c4880f152e6a,25,0,999,0,0,0,0,0,0
67d20be7-5e9b-4153-974f-7f11e502267d,30,4,83,0,0,0,1,2,2
bcf82426-44e2-48fa-b035-33b7770b18ab,32,3,179,0,1,0,1,3,2
eb19beae-8f7b-432a-92e4-08b781792c0d,44,0,999,0,0,0,0,0,0
8850328a-8d18-4667-bde3-db2bbc67dee0,44,1,22,0,1,0,0,2,2
bfc6151f-9be4-4e02-8ad4-d1479f903eea,22,2,94,0,0,0,0,1,2
35fb18bf-1ab2-4054-b327-a5ec56e8a6aa,35,1,95,0,1,0,1,2,2
5d8f1267-3268-43c7-9ac3-183c11875338,27,1,115,0,0,1,0,1,2
b3855e4a-f7aa-4e3a-b9fc-084dd4bd546c,22,6,89,1,1,0,1,1,2
ed10e825-e240-4297-96e9-8715f09d3464,32,1,5,0,0,0,0,0,1
5cb95bbf-2648-418a-9292-725dcf805425,31,2,160,0,0,0,0,0,1
7d44fe79-fbe3-4128-a655-3a7459d55eb5,59,0,999,0,0,0,0,0,0
35dabcf1-67cc-4bf2-8a0e-d8361b811e3f,39,1,62,0,0,0,1,0,1
667d0474-e6b9-48f2-a2e6-d7b5d193dfb9,21,1,123,0,0,0,1,2,2
095b50a7-6e42-40d2-abbe-6a8ff7d5b8a1,29,2,131,1,0,0,1,0,2
5be47f81-57be-443f-bdec-a19a63675cd1,45,1,140,0,0,0,0,1,2
44a1e9b1-deb7-4e73-a50a-77bafe621b4d,55,0,999,0,0,0,0,1,2
f38c8fe7-34a8-4950-8293-4603f04b076e,19,1,92,0,0,0,1,2,2
cfdd5ce1-74a3-4714-a6ff-be1862ed55f9,18,3,161,0,0,0,1,1,2
af2a323c-cb35-4ad9-9e8a-e37dc8346c4f,53,1,55,0,1,0,1,3,1
be666534-3f30-4225-9d64-f5a116d48cfc,38,1,138,0,0,0,0,1,2
0eb3fada-3600-49fd-a726-117592fca152,26,3,37,0,0,0,1,2,2
333e1b6e-be84-4fb7-9bf4-ecb0d2ddbfcd,40,3,172,0,0,0,1,0,2
1e6845b8-1a78-4c05-a8df-c2d884b79118,18,1,85,0,0,0,1,1,2
9be769e7-816f-423f-98df-f83799406f1b,35,0,999,0,0,0,0,0,0
ff2f060f-5940-43a3-b083-645d44a63c2b,38,4,161,0,0,0,0,0,1
f746ea31-468b-4d00-a465-9b0a902cac38,44,2,109,0,1,0,0,4,2
359b5fdf-a170-44b3-859d-0b490d092ebd,24,1,74,0,1,0,1,3,2
7de27043-b838-4ff5-bfe2-2c35bd0a4be0,35,3,91,0,0,0,1,1,2
86e4178e-9950-4adc-b119-14c57e963659,25,1,118,0,0,0,1,1,2
d7a5e6f4-8840-4d49-ba2a-e3b9ffc015d5,37,1,151,0,0,0,0,0,0
fe79bd0a-16cc-4341-a094-f61a9f6e1e1c,26,4,73,0,0,0,0,0,1
51674e26-0927-43b7-b34f-a425fb22ec78,30,4,62,1,0,0,0,0,1
b94af587-2697-4ed8-83d6-6ba18463b647,25,1,108,0,1,0,1,2,2
601d3e77-d761-4eba-96d7-b6b3d71635c9,41,2,166,0,0,1,0,0,2
cb9ffee7-03bd-4883-868b-2877e189f81a,43,4,148,0,0,0,0,0,1
24cb16fd-d418-4c9e-b053-8054ed880d5a,32,2,163,0,0,0,1,2,2
30cfd0e8-b135-4991-8674-5f5ed50a5daf,35,2,47,1,1,0,1,3,2
7eb3143a-41a4-429b-9cc0-4bfc5137955d,20,1,83,0,0,0,1,2,2
70661283-4690-4fd2-9928-8e5560298ebd,32,2,140,1,1,0,0,1,2
343a4255-3b6c-4b69-af89-2f68bb208dc2,34,1,1,0,0,0,0,0,1
159d0039-3002-410e-8d9e-0bf45fe143c7,61,3,110,0,0,0,0,1,2
456f0949-b83c-4272-b835-bf55341eff17,23,4,154,1,0,0,1,0,2
ec278498-5c45-43f8-b4de-a4003373e870,49,3,6,0,0,0,0,0,1
a07f15bb-207b-4514-bdf2-1fec4c8c00fb,44,1,104,0,0,0,0,0,1
3c1e523c-714b-4ac1-bd00-efe00bf28ef3,37,0,999,0,0,0,0,0,0
b9f97d57-d506-4078-8d9a-a4cac999d6c5,52,1,167,0,0,0,1,2,2
ab709c27-a761-43e0-88a8-8c59990df7ed,38,4,20,0,0,0,1,2,2
de701cf8-8b34-4998-9773-17c9b9383007,38,1,57,0,0,0,1,2,2
43152e10-7214-4249-a1ab-d5178443a802,34,2,153,0,0,1,0,2,2
352061c5-5cad-446d-8af7-e118f277e43f,47,0,999,0,0,0,0,1,2
b7223d7f-079d-40f2-b160-ace8b0e4af1b,45,5,43,1,0,1,1,2,2
e9c24fa8-08d1-400e-a393-94515f6163e5,28,2,63,0,0,0,1,1,2
018b168b-7c21-4278-bee2-c809eb404bae,21,1,26,0,0,0,1,0,1
22fbe115-80d6-4dd8-a6bd-1ca0dc301567,32,3,135,0,1,0,1,2,2
0dd9fe55-39fc-4e89-9207-971011bab60d,26,4,89,1,0,0,1,3,2
d7c0b60a-8ef0-4bf8-bcb8-a5f6b877de57,34,1,128,0,0,0,1,3,2
1c796be7-b5e8-4a22-99ef-1aa32c661ec1,47,1,126,0,0,0,0,0,0
d2fb3408-eb1b-4433-a7b8-01995f91e849,30,4,22,0,0,0,0,0,1
92f336d6-df4e-42cc-ac90-cd610a767e26,34,4,72,0,1,0,1,4,2
eb06a693-aa95-473e-bea5-ecdeab73e52b,35,1,30,0,0,0,1,0,1
f6847aef-31b9-435a-b352-ae13ad21ee68,43,2,134,0,0,0,0,0,1
f3da4a03-b7ed-469d-aa59-e51881689dc6,18,3,8,1,0,0,0,0,1
6226412f-72eb-4e71-9983-65fdafe84e5e,28,2,124,1,0,0,1,1,2
94ef312f-424a-4099-895f-44fcd24afc35,37,3,115,0,0,0,1,1,2
58de73ea-2b28-4037-a55b-f4c309342703,47,2,143,1,1,0,0,4,2
ceccdc69-2f2f-46ae-ab5e-016dc50d4bc5,30,8,151,0,0,1,0,2,0
5569a508-bdee-48a9-be0e-c40678475f39,18,2,73,1,0,0,1,0,2
a53edab6-5d13-4828-af1f-b8252ece9b84,41,1,173,0,0,0,1,0,1
9b00a4bb-f711-49b9-9076-8c1765d4ba64,28,1,156,0,1,0,1,4,2
c64bd11a-f907-4e53-bff8-1242af36575c,23,0,999,0,0,0,0,0,0
843223a3-5b97-4683-ba68-c9eacabc9819,28,0,999,0,0,0,0,1,2
386df767-6b42-4430-893f-76421294439d,33,2,158,0,1,0,0,2,2
1f299520-053c-42a1-a2b9-8c0c328c388f,28,1,29,0,0,0,1,2,2
ec6c9461-9dc3-4d2f-9442-264349eb0f5a,18,3,33,0,0,0,0,0,1
d8ba468b-4016-47aa-9482-d770e706c819,43,2,18,0,0,0,1,1,2
ffdfac2d-c229-4d6c-b6f0-fe815450f6f4,47,1,155,0,0,0,0,0,0
1fccdc8a-263c-44ab-92a4-672716de5448,41,1,5,0,0,0,1,3,2
f41da317-963b-4f48-92a2-4b73ed48014e,23,2,144,1,1,0,0,1,2
49b1c8af-4070-4470-876f-2c0e8d1a3387,32,4,100,1,0,0,1,0,2
d63c50cf-80c9-490a-94a7-f21f8c1c6425,34,2,90,0,0,1,1,0,2
b00b5f09-d436-4eb8-aa0c-4c4a377faa4e,40,2,106,1,0,0,0,0,1
d07a0dab-6f21-4fcc-97f6-4ae8222dec4d,41,1,163,0,0,0,1,1,2
b5783a60-1a5c-48e4-adfa-497356543755,27,1,0,0,1,0,1,4,2
b4da91c3-4cc4-4ead-bd83-88404d55b13d,35,1,143,0,0,0,1,1,2
42ec58ca-68ec-45cf-9b20-ecb418051b5c,39,1,46,0,1,0,0,1,2
b67e81c7-62ed-4929-81b0-2ef705ffbb10,49,2,22,0,1,0,1,2,2
ec3e9f80-f7eb-4b63-8cc7-9401b5758281,42,2,84,1,1,0,0,3,2
1dc6ee66-394c-4b6a-a1ec-fa2f25148e94,42,4,87,0,0,0,0,1,2
4ffbd494-0df5-4278-ae60-5b553532937b,35,3,142,0,0,0,0,0,1
e9dad963-78a8-40ad-a590-4e28e4ecfdd6,49,4,66,1,0,0,0,0,1
ddff3625-1cb9-4c10-b7d1-828bce68d4b2,39,5,42,1,0,0,1,1,2
b105a13c-a4a1-4729-8aa1-0f35ed3fe077,26,3,135,1,0,0,1,2,2
6ddcc5b0-43d9-4724-9c2a-8b0c38af0e2d,49,2,114,0,0,1,0,0,2
4c593919-df9b-4242-acbd-14a8b3dffacc,41,1,97,0,1,0,1,3,2
39b9f681-6f7c-47b2-9fe4-b4c367c2177d,30,3,171,0,0,0,1,1,2
44ab9237-02d9-405c-a678-914dcaf2a209,30,2,25,0,0,0,0,0,1
ee87440c-484d-4795-af70-079cc114825e,37,0,999,0,0,0,0,0,0
1e747f66-8de0-4c4b-9cd4-6ceed83c0ed0,39,4,63,0,0,0,1,2,2
9f31a403-325c-4d6d-a31e-38965ff3c752,36,3,42,0,0,0,1,1,2
6775b2e9-a755-4dbb-bca4-6618a91298b5,38,2,111,1,0,0,0,1,2
99e86c4e-40c0-4947-8cf8-c2989e57edd5,51,0,999,0,0,0,0,0,0
86dc5d4d-3b89-4022-9e5f-25f2d78283fd,45,1,138,0,0,0,0,0,0
10ccfac5-57d1-480e-a60c-885dd927604b,36,6,117,1,0,0,1,1,2
1ad4e705-6444-4475-bb09-1e58713003b0,44,1,136,0,0,0,1,1,2
dc4e9d59-ad11-4612-878e-e4a683aa8550,24,3,47,0,0,0,1,1,2
ffb932a7-f90d-4d76-aeb8-4956b2afa49d,38,2,133,1,0,0,0,0,1
bbb1258a-767e-44d0-9612-8d195ebf2bc8,53,4,53,0,0,0,1,1,2
e6e4e669-ab16-421b-86e5-0c4ccc361b46,32,0,999,0,0,0,0,1,2
8aa99223-df96-4adf-9b8d-c0d243767790,26,2,126,0,0,0,1,0,1
02afaeee-eadb-42e9-82c4-944ec2cd9853,28,3,120,1,1,0,1,3,1
456dc7a1-6c9d-4dc8-a77f-5953e449df39,24,1,97,0,0,0,1,0,1
5c58d1af-abf1-4891-87da-048a12018395,27,0,999,0,0,0,0,0,2
27566c84-b705-4154-a38d-ea7ddeaa96b1,31,1,81,0,1,0,1,4,2
6adc3615-caa3-449e-a48a-cbb3e52e0ae5,20,4,86,0,0,0,1,0,0
87b60227-3c6a-448c-9bbd-7ab097ae6105,35,2,157,0,0,0,0,0,1
75d5fa94-5b3a-4ae7-bb52-543f043a11d2,44,1,130,0,1,0,1,3,2
faaabe03-df90-48f9-a0e9-b39a103e0762,25,1,127,0,0,0,1,1,2
fcc9701b-615f-4e9e-83f4-e67e3caba850,50,2,60,0,1,0,1,4,2
da6f34cf-308b-49a3-8a50-bf5ed11cfa7c,40,1,142,0,0,0,1,0,1
3536c9d3-cae9-40d9-84a0-7948c470b294,45,3,2,0,0,0,1,2,2
4995aa8b-b080-41f7-b69d-eb5e9cbe94c4,28,4,142,1,0,0,1,2,2
92367b4c-97c7-49c9-b196-a0e4030c4a5d,43,2,156,0,0,0,1,1,2
686d264e-546b-43ed-9e09-0c25ac8eee54,24,2,30,1,0,0,0,1,2
4f22028f-f147-4c85-94e8-e53021f71bd2,43,4,70,0,1,0,0,3,2
d6589848-197f-4796-ab5a-2a3605306029,36,1,54,0,0,1,1,1,2
38c12ccb-8922-428c-853e-1b1986f9e908,40,1,91,0,1,0,1,3,2
39cf9088-e6b5-4f7c-b33a-7e983f373fdc,23,2,123,0,0,0,1,1,2
d9e5466c-7f49-4414-b3b8-a60484cafce6,26,1,170,0,1,0,0,3,2
41d1fcf7-1bcc-4aaf-96da-f650fc6f28b5,40,1,109,0,0,0,1,2,2
c1535594-1e25-4619-a8d5-0fae31aa33a6,25,3,103,0,0,1,1,1,2
adee38c8-36ca-4b5f-842d-cfd548ce1f81,39,5,24,1,0,0,1,2,0
7f35a05e-0124-490f-8032-ee6fa4bb735d,21,3,119,0,0,0,1,0,1
f3262359-2100-495f-9df0-7641ba1c3037,43,1,49,0,0,0,1,2,2
02ab8136-befa-4069-908b-91a55e10de74,22,2,37,0,0,0,0,0,1
783b4f8e-3214-4fd2-99d5-655b43c35e41,40,6,59,1,0,0,0,0,1
1147b73b-0167-46cf-a520-8f9a4b35a91f,41,1,84,0,0,0,0,0,0
9aa22b8f-d96b-4500-bbfc-e321d98a1b58,28,2,179,0,0,0,1,3,2
96914732-908b-4f32-8248-cab31d3fc92e,40,4,83,0,1,0,1,3,2
ae89199a-dee4-437f-b607-5624aae44cc9,37,3,75,0,0,0,1,0,1
79904481-c014-4403-bbc6-8160248a884a,29,2,172,1,0,0,1,1,2
6b03f267-1620-41a4-bdae-9bd32acb6a48,24,0,999,0,0,0,0,0,0
27c1f274-d6de-46f3-83cc-0b9b76836acf,18,5,111,0,0,0,0,0,1
4178bdad-3ea2-4ea1-a20c-939a8afab3d2,38,0,999,0,0,0,0,0,0
01cac4fc-e969-480f-af9c-9af57befb321,19,1,132,0,1,0,0,1,2
dc8206c0-f97a-46e6-8b30-3ba9bf99fbde,35,2,169,0,0,0,0,0,1
490df676-bd6d-4a3f-8ab5-e73c2d651bd3,32,2,121,0,1,0,1,4,2
41c1ed8a-5d22-4ebb-a06f-704c0e7140f7,41,4,92,1,0,1,1,2,2
8769267e-03f4-424b-80f9-029b7b23fc53,31,3,100,1,1,0,1,4,2
8ba7cdc8-c96b-4aa7-82e6-6f375bad8238,31,2,29,0,0,0,1,1,2
1c0ff9e0-acc0-4464-a08e-e298cbd0bea1,42,2,64,0,0,1,0,0,2
8a104db1-6c6c-45c2-a0c9-6839a717dd4a,38,1,75,0,1,0,1,4,2
ac8074b0-9e11-45a9-b01f-f107d7430acc,38,1,4,0,1,0,1,4,2
39a6d035-aa5c-467a-84d2-81905d0d7064,39,1,37,0,0,0,1,2,2
115a9533-f111-4583-b130-cadbe3bac575,19,6,138,0,0,0,0,1,2
dfde8f41-4b94-494d-8ece-10c7cc417573,42,0,999,0,0,0,0,1,1
5cf4ccb3-f9f0-424c-ae90-35e9e536abab,41,3,28,1,1,0,0,1,2
aacb0ab5-7326-4c20-94d0-5f023752459c,24,4,13,0,0,0,1,1,2
b66faa96-690e-4ceb-b0cb-05ac757b86f7,32,3,73,0,1,0,1,4,2
fb51b595-5003-464c-a548-8567370c15a0,34,3,90,1,0,0,0,0,1
5c81d861-8cff-4b9a-94e3-ef4438e4f9d1,33,0,999,0,0,0,0,1,2
8eca7caa-826c-43a6-8c85-f424a3233163,38,0,999,0,0,0,0,0,0
667ea90c-bf01-4d59-8c84-77afe4aed764,49,2,38,1,1,0,1,4,2
a2e968b7-5f75-4655-84d2-e2aedfb69ada,45,2,59,1,1,0,0,0,2
aecaf923-a3c2-4a21-9c67-6643b940cad6,21,0,999,0,0,0,0,0,0
b3747d5a-49ca-42a5-b731-91f348c35477,41,1,150,0,1,0,1,4,2
195fcd46-b9d0-4ec6-ad24-d85eba457c9c,48,0,999,0,0,0,0,1,2
a6caa808-1642-4530-9070-a5cca08adb25,38,6,149,0,1,1,1,3,2
a29f336e-ad5a-4963-8e09-993f3a729bd7,45,2,116,0,1,0,1,2,2
89c7587d-6819-42f0-9d3b-35a04e075fd6,55,5,86,0,0,0,0,0,1
373def84-a187-459e-8cfa-abbfe83c4f86,45,4,150,0,0,0,1,1,2
9351cc1a-7cf8-4c58-914a-d44d6ebedff1,37,1,21,0,0,0,0,0,0
11acfcf6-2652-429d-bec1-a9e08a5d3cc3,45,4,18,1,1,0,1,4,2
af97832d-b4e0-4368-9403-1182c7eecaf6,36,4,21,1,1,1,0,2,2
07e63a3f-9010-41c2-9fd6-9a1be8792420,35,2,126,0,0,0,1,1,2
6d6abc2c-54fa-4fe9-bf2c-be4d1a73efca,31,1,128,0,1,0,0,1,2
24f93d59-2308-49dc-aac0-81549a451d9f,50,2,161,0,1,0,1,1,2
333ca116-744d-45c9-8e8c-bc16d41340a1,26,2,123,0,0,0,1,0,1
029aea99-bb9c-4a9f-b2ec-7c15df7f7176,50,2,25,1,0,0,1,2,2
ff6b6769-8a9a-4720-b597-4854a9c289ca,39,4,3,0,1,0,1,3,2
3010491a-4df2-4e32-86b1-ae3d174b9de7,21,0,999,0,0,0,0,0,0
9a681c30-d4b2-4974-a6dc-a27f83bee850,38,1,44,0,0,0,1,0,1
8c9f04cb-26eb-432a-a2e8-5b64c74997de,18,1,11,0,0,0,1,1,2
98f928e4-4fbe-46f7-93de-221331130993,41,2,91,1,1,0,1,2,2
a59ac2b8-325a-44a2-ae20-6ccb9a17a8cc,43,3,36,1,0,0,1,2,2
42836634-717c-4909-8bba-da8825ab58d1,29,0,999,0,0,0,0,1,2
3a189290-391b-4432-b964-eb36a4c61ab7,36,1,155,0,0,0,0,0,0
f2e68721-ffc9-4bd3-a25e-84a7ac2f3bb6,54,1,129,0,0,0,1,1,2
b2b04d27-aa63-42ea-8a63-275dd3465a6c,29,0,999,0,0,0,0,0,0
6cb0ba96-f2bf-4d5d-9271-2c8a3cc2753a,24,1,110,0,1,0,1,4,2
6375af6c-d9e3-4b61-ba6e-280631ed4a37,49,2,171,1,0,0,1,0,2
9a88052a-1330-4560-ba69-f23895e10ebf,54,1,145,0,0,0,1,1,2
a7abd385-6b5e-47c0-9c7c-363183b34eb5,35,2,36,0,0,0,0,0,1
ca27d694-6864-4be1-951b-91a22fce528e,45,3,53,1,1,0,1,3,2
c7235f8a-f0b5-48fc-bb6f-7372775feb25,48,3,24,0,0,0,1,1,0
50ecc601-550c-4fe6-96f7-b23c290b2276,27,2,126,1,0,0,1,1,2
461312a5-101f-4a14-9af7-527094b2e5e3,30,2,104,0,0,0,1,0,1
102f8302-8410-437e-bd64-5118798320a3,47,0,999,0,0,0,0,1,2
287e5050-df3c-4950-95d8-46eb24591e8e,51,1,152,0,0,0,0,0,0
381e25c0-9d98-4730-89da-73f268e2ff72,40,1,179,0,0,0,0,1,2
6e908a46-6af1-44ee-a5c1-36dc955db98e,26,2,142,0,0,0,1,1,2
0f1ce1b5-4e07-4b11-861e-0a356d2b3479,54,6,45,1,0,0,0,0,1
9b4ca2ea-d3bd-49e1-b7df-acc5592221d2,29,1,55,0,0,0,1,2,2
9e32dd39-0b58-47e2-af2e-2b3f1abf02e6,31,1,113,0,0,0,1,1,2
4d953bd5-f334-4638-8ba9-158a7e00258b,38,3,25,1,1,1,1,5,2
190456fe-4051-4c2e-97af-d2c4a3ea9c8a,50,4,109,0,0,0,0,0,1
e8bae4e8-af77-4c82-8b25-4557456a7173,43,1,147,0,0,0,1,2,2
49ecb744-fad0-40a0-a4f3-529a22d9ad0e,39,2,152,1,1,0,1,4,2
46ce9350-7f73-4693-ac3e-e6bcb9576016,39,2,20,0,0,0,1,0,1
d5585d2d-dc97-41d1-8781-81f5974e46e5,35,1,161,0,0,0,0,0,0
fba46f7e-f3c3-4023-823d-f00368928560,40,1,101,0,0,0,1,2,2
cf99b2a2-4c96-4804-90c9-c14328ed38fe,18,0,999,0,0,0,0,0,0
fb7d9af8-78ec-45d7-9a86-ea8368427156,32,1,24,0,0,0,0,0,0
79a29025-b4db-426f-aad2-9321f7fe6102,37,2,156,0,1,0,0,1,2
86be7d0d-dc84-4810-be26-802cd769a242,23,3,31,1,0,0,1,0,2
9150ab3b-e6a4-44b2-8101-050452b6ed77,38,2,110,0,0,0,0,1,2
0db36d5d-a196-4ef7-a100-61c413a28e2b,32,5,128,0,1,0,0,5,2
e07054be-30f2-4eab-8e62-c6cfe272225b,52,1,162,0,0,0,1,2,2
4acd62a8-57d9-41b9-976f-6509f428dcc7,50,1,15,0,0,0,0,0,1
785b9a3a-fa31-4274-8156-53276774379b,30,1,31,0,0,0,0,0,0
63cfe663-4cca-48ab-9f8b-decbe5a37606,33,3,132,0,1,0,1,1,2
62290362-148c-471e-9104-8cba49621462,34,2,9,0,0,0,1,3,2
42e18c5e-ab19-40e6-983f-5796a0c35ca9,30,0,999,0,0,0,0,0,0
ebb0f8ad-9a40-44b8-9852-5004e287f202,36,2,71,1,0,0,1,1,2
8a684f02-0f85-47e6-8ef9-70615790626e,27,2,78,1,0,1,1,1,2
ddf9293e-f4ce-4df6-b0f3-a4e4b5d813b6,23,1,19,0,0,0,0,0,0
c9f6d75e-8e55-4578-9718-4dab96e04b7b,41,0,999,0,0,0,0,0,0
d262fda6-1f37-4b3a-b269-6f39ae225a52,41,1,139,0,0,0,1,0,1
bb467daf-5893-4864-b941-8617e2fdac82,26,3,89,0,1,0,1,4,2
b0ffcaf7-701f-41d5-80cf-59c3f5497076,43,1,153,0,1,0,1,3,2
55a5d913-42b9-42e0-b578-f61c7f000454,28,5,73,1,1,1,0,3,2
2af57df4-30d1-4155-917d-38d989673e02,37,2,60,1,0,0,1,1,2
e4b49264-c30f-4e24-acad-45626f80f701,43,3,142,1,0,0,0,0,1
7e711ae0-8720-4748-8b73-f7fc6e08506d,34,2,4,1,0,0,1,1,2
e51064d0-87ce-44f8-8884-ebea35443bc8,39,0,999,0,0,0,0,0,0
4c9fd9b1-0b6a-4572-bfba-dc96ffba19af,29,1,95,0,0,0,1,1,2
9a91c2d3-b01c-49bc-8e7a-d4aa12452114,33,1,149,0,0,0,0,1,2
49d0c3f7-bfd4-421d-bc87-b42ea95ea0eb,32,3,21,0,0,1,1,0,2
a855ce8b-79ad-4bca-bd04-b9caedc57d26,27,4,11,0,0,0,1,0,1
395188b7-6b3c-4f30-84dd-d638b45749a6,33,2,63,1,0,0,1,1,2
1bd1508b-86b2-4968-8820-1ebe94770465,19,3,74,1,0,1,1,1,2
c23c80fa-be21-4afc-98e7-40b5a9749e42,30,0,999,0,0,0,0,0,0
e73af84a-8acb-4d9c-860d-43d2531506cf,32,0,999,0,0,0,0,0,0
2e65aef3-db59-49ab-9bee-d23bff7b1f07,32,1,15,0,1,0,1,3,2
96a19dc8-069a-4430-8184-204b03a9b087,32,2,50,0,1,0,0,3,2
60bdd9e8-7d5c-46c0-8687-ea8483e170a5,34,2,31,1,1,0,1,3,2
81df18e4-7fb5-43d6-a101-fec6a919edf3,39,2,114,0,1,0,1,2,2
9f50e6c5-9ec9-4499-a8ee-d1f42c42166f,43,2,125,1,0,1,1,1,2
fc0bc810-f882-43ee-98cd-82287af70fd5,28,0,999,0,0,0,0,0,0
0db18eaf-82b2-459f-be97-10cd84f7bc10,22,2,114,0,1,0,0,1,2
05c5095e-04f8-4e3d-b0d6-d4ef74c102be,24,1,140,0,0,0,1,2,2
c470fe18-362e-47e2-ab6c-664fa65390d7,30,0,999,0,0,0,0,0,0
1d02267c-a4aa-4a46-8a67-13debcdbb487,31,1,57,0,0,1,0,0,2
65195223-6501-405c-9390-346e48873213,27,1,44,0,0,0,0,0,0
00777ffd-f780-437d-9c98-75f7fecd54d8,22,0,999,0,0,0,0,0,0
e5e92725-3c4f-4cad-be53-6b0f1148bce0,30,2,178,0,0,0,0,0,1
8414a8ec-96cb-4844-9f02-150a1f0de6ce,36,2,12,1,0,1,1,0,2
3c46cbdc-e36e-42a3-9482-804154ff93fe,40,2,151,1,1,0,1,2,2
d6f38609-29e3-4a71-b0b3-7a61ef60c6ab,29,2,4,0,0,0,0,0,1
aa4ed1d8-82a4-4f39-ae96-9cca1d811943,30,0,999,0,0,0,0,0,0
7826bb49-ef6e-45be-b56c-268497a4dd2b,25,3,177,0,1,0,0,2,2
8292952f-d693-475f-8b20-9674e6c4191d,34,0,999,0,0,0,0,0,0
2dab725a-ab22-4e2a-9f33-44b9fd6f1ba8,26,2,176,0,0,0,0,0,1
ea828621-7632-4327-88e0-94675f95f6fc,40,0,999,0,0,0,0,0,0
5928c181-ec11-4255-99e8-e7c32e82de03,18,4,32,1,0,0,1,1,2
0c3b000d-9032-4802-a20c-9b8c8b1d624b,31,0,999,0,0,0,0,0,0
eae5b0cc-3d4a-4669-991f-e93243442d54,38,5,161,0,0,0,1,2,2
bfa75484-7f31-4cc1-b9a7-b165b44e4d90,36,4,93,1,0,0,1,1,2
e63a3f96-c810-4f72-831b-a8524c074cde,61,0,999,0,0,0,0,2,2
ffa8ac43-0bfa-4410-a96b-5b855120dd70,38,0,999,0,0,0,0,1,2
fa6fd536-e488-47d4-9b2e-9053849f3efa,24,2,98,0,0,0,1,0,1
48ffec2f-be1b-4cb8-8368-f24da5d645ef,34,3,78,0,0,0,0,0,1
e9eaecd7-1125-4e09-8357-48afeba08554,18,1,26,0,1,0,1,3,2
04475668-4afa-405f-adb4-f308bf5ab87b,34,1,26,0,1,1,1,3,2
06965260-6ad7-416b-9c9d-7142e633087a,26,2,118,0,0,0,0,0,1
31b7f419-ea57-4f22-ba9f-206e28e7b373,44,4,128,0,0,0,1,1,2
118e35e0-cda3-4dac-9483-6a72790655a0,29,1,75,0,0,0,1,1,2
ca03c9be-0cba-409e-9ce3-0dbd202a716f,33,1,150,0,0,0,1,1,2
4304a14f-8731-4b9f-9a26-e7f2a0bac232,28,0,999,0,0,0,0,1,2
63ee717e-3034-4d02-aa3f-680dfc2c9f06,52,1,51,0,1,0,0,2,2
6767d19a-0278-4e40-8286-408cd42d05e5,31,0,999,0,0,0,0,1,2
9ebbda9c-aa3b-4e7c-8e7f-9bfb8d053be8,53,1,178,0,0,0,1,1,2
5f134f39-4fb3-4db1-970f-582301b65d81,43,2,122,0,1,0,1,2,2
5bc8ed58-e8cc-4be4-9590-351bcec32e7b,39,3,76,0,0,0,0,0,1
65468fef-c473-4ef3-882f-a40fb6fc3c11,38,1,27,0,0,0,0,1,2
18566b73-ef2f-4805-8608-3c680e6927c3,38,4,23,0,1,0,0,2,2
97a4b7a2-67af-4dc0-a705-0bc70ed7a335,18,3,21,1,0,0,1,1,2
098df9c9-0e7a-431d-aa72-e448d995ee21,32,2,167,1,1,0,1,3,2
e648ed3b-9cff-4cdd-8716-438ec6dec25a,43,1,135,0,1,0,0,1,2
bb0dd803-57be-468b-9075-734b1f4e782e,34,3,95,1,0,0,1,1,2
c8cbed8d-2a55-4097-95cf-3004989d3de3,20,3,11,0,0,0,1,1,2
c11a2660-1e65-4718-94ca-84f98de0cf2f,34,2,176,0,0,1,1,2,2
7951960b-79d3-4f37-a0cf-eab5bc8e7136,52,1,103,0,0,0,1,0,1
c7876fb0-83c6-4849-a365-c9e7cad02ae3,47,2,148,1,0,0,1,1,2
e7cf99db-858b-4f81-bd2b-3a2202885519,34,2,127,0,0,0,1,1,2
1ffa40c6-aaa3-4856-9dc2-a9e47d266b5d,44,4,66,0,1,0,1,3,2
8eb3d100-fc50-4869-a0b6-7137f1346e8a,31,1,166,0,1,0,1,2,2
e8bd9ff0-634b-46c1-86b3-4e3ab034c162,18,0,999,0,0,0,0,0,0
1925a481-ffb7-4ea8-a30b-8581c1801808,25,7,61,0,0,0,1,0,1
f961123a-40df-4454-9618-f806c60813b3,50,1,81,0,0,0,0,0,0
8a9fb7d8-5ecf-4f48-a770-5908e92db78e,32,2,57,0,1,0,1,5,2
9148b287-1bc0-4f6e-a6d2-2cca859b8231,32,1,163,0,0,0,1,1,2
928955c0-a391-466b-8bd3-311ed1acdf1f,32,7,172,0,0,0,1,1,2
8c231e5a-cef6-40d5-aa10-f07833151ae5,54,1,127,0,0,0,1,1,2
cea4cc70-05bf-4217-880b-b1dad0ec10fb,51,4,78,0,0,1,0,1,2
84b8b311-82f6-4195-af6d-85538c932315,57,0,999,0,0,0,0,1,2
40e89914-290c-422c-bd62-e3852f654b7a,33,1,61,0,0,0,1,0,1
01387c18-0de7-440b-bcff-97ebb8f9f069,37,3,165,1,0,0,1,0,2
bfc280ae-50f2-4f25-ae7b-a7da3a7b938b,19,5,63,0,0,0,1,3,2
8104a6be-b2e1-4d6c-b1a9-85df281ff398,49,3,107,1,1,0,1,3,2
4f9224ad-067a-45b6-bfec-d75ea999681e,23,1,124,0,0,0,0,0,0
3b19e5a4-3fe5-44c2-947c-4697a345dc47,37,1,115,0,0,0,0,0,0
d93fc49a-3111-4148-9d6c-390d295d8bc1,24,3,87,0,1,0,1,4,2
87254265-0f5f-4f46-bc5c-d10459279be0,29,1,136,0,0,0,1,1,2
8f55cefa-6fa0-4b2f-bec3-1d4af4e90173,26,3,152,1,0,0,1,2,2
c0768981-98d5-43c8-9a3e-ba8813660584,28,2,77,0,0,0,1,0,1
3dcaa4af-6c05-4182-8a0c-4158f7c9251c,29,0,999,0,0,0,0,0,0
e0d8182e-ccdc-4ddf-84b6-4cff71d32235,29,0,999,0,0,0,0,0,0
612b8752-3384-4d83-a562-9b292af48bf6,43,2,48,1,0,0,0,3,2
a4fcdac7-edea-483a-86c4-9db7adb8df4f,23,3,33,1,0,0,1,1,2
85c45f2b-9bab-40d4-bc81-1dfa76986e5a,37,1,19,0,0,0,0,0,0
1d05f1ed-87f2-4c7a-8688-991de24d08b0,47,2,106,0,0,0,1,0,1
09672611-53ee-4e8e-96cd-bfe522cbed94,29,1,101,0,1,0,0,1,2
2963bd70-23b6-4f92-8c95-993d0b74bc45,27,1,21,0,0,0,0,0,0
386eeff6-3882-498d-b9bd-6b93ee6e9f4b,32,1,171,0,1,0,1,4,2
26907f91-b4e7-41bf-99cb-83ff475129e0,46,3,46,0,0,0,1,0,1
dc4d5fc1-f67c-41f0-87e4-854d05c08177,36,1,24,0,1,0,0,1,2
27531bb0-4f3e-434b-9262-424b9964d36b,29,4,149,0,1,0,0,2,2
2dcb71e0-aada-4127-bf4b-53aa113f99f8,39,3,101,1,0,0,0,0,1
7aff4a8f-4d8d-4b48-82a6-17231646defd,23,4,60,1,1,0,0,4,2
a0831351-d76d-43ea-a8b9-868601831f1d,41,2,179,0,0,0,1,1,2
da6a45f3-c214-4e5a-8040-17d7866bac07,39,1,118,0,0,1,0,0,2
26a6dbff-09e7-4ff8-8fec-cb5fcd66ff44,31,1,147,0,0,0,0,0,0
731e8df7-9e0f-4dc8-814f-31520ea71db3,26,2,19,1,0,0,1,3,2
dfadf22f-58b1-450e-bb9a-1592868db78d,26,2,104,1,1,0,0,1,2
c28adaed-4bd2-4cdf-a40b-e59c8bab725b,40,2,105,1,0,0,1,0,2
a77b4613-903f-4965-a60a-aa4dbc3f0f42,47,4,101,1,0,0,1,0,2
9d69aa03-69b3-483b-a095-ddcbb4b54413,28,1,172,0,0,0,0,0,0
9e20e868-9b9e-4f74-9f44-508076dfe357,39,2,36,0,0,0,0,0,1
7f38dfac-9520-4535-85c5-062718ebf9b9,18,1,142,0,1,0,1,5,1
4f171d04-4155-4457-85b2-54d1dc1272dd,29,1,75,0,1,1,1,3,2
82e8d9ba-1bc6-4485-a295-fc0dedc0b261,34,3,136,1,0,0,1,0,2
6b741325-b503-4f6e-835f-bc61ec8da88a,25,1,100,0,0,0,1,0,1
5ad5cb0c-5d25-46e6-ad0c-b6b405532c79,25,4,171,1,0,0,1,0,2
22c658c5-1739-4524-9597-170356e3f64e,28,2,142,0,0,0,0,0,1
1188ea03-e7b9-4cbf-b0d5-d338e7bdf041,37,0,999,0,0,0,0,1,2
ef194d11-52fd-43af-a207-6dcb2b55479d,33,5,119,0,0,0,1,2,2
42a4585b-49b6-4244-9113-6556fd0edd96,18,3,117,0,1,0,1,2,2
26187fee-90ba-4fec-b9d8-cd8d2d309e6f,18,2,85,1,0,0,0,0,1
3ade533e-150a-4424-b1d5-f6da83b1e6e9,28,0,999,0,0,0,0,0,0
11179338-5abd-4548-8550-786e23ffa373,39,0,999,0,0,0,0,0,0
887a82c2-6f12-459b-a161-23f7119018f5,18,4,146,1,0,0,0,0,1
50483245-96d7-4cf3-962a-2b3528e543c2,30,1,152,0,0,0,0,0,0
ad2b6a03-545d-4ed7-90e0-a96a813a0751,29,1,107,0,0,0,0,1,2
5e587aac-0268-4d74-bf44-457e6a6952d0,48,1,139,0,0,0,0,1,2
fc69cd05-de44-4ec5-8916-75b4fc857569,31,4,49,0,1,0,1,4,2
6184c106-4f87-494d-84ac-e0aee0302d57,38,1,71,0,0,1,0,0,2
65a7e5c5-c304-44a4-816a-7f9e58202b05,36,6,138,0,1,0,0,1,2
99435c74-848a-4242-837c-307caae75e63,18,3,102,0,1,0,1,3,2
08362d99-69aa-434b-bff4-e3e748744a0e,42,0,999,0,0,0,0,0,0
1c6458b4-bff4-48db-b61f-a155d7adcf98,37,1,22,0,0,0,1,2,2
bfb3bf97-8e67-4177-9cf0-cdc37d6cf693,40,3,87,0,0,0,1,1,2
e1917050-4302-433e-bd1d-8d4fed668079,74,2,142,1,0,0,1,2,2
207deb52-d850-4279-acbd-40bcaeca423e,18,2,62,0,0,0,0,0,1
5da71ea2-6fd6-4a83-b1ee-b8d4f83d6cb1,52,2,147,1,0,0,0,0,1
6bc41292-c579-4d93-a1fe-f7cbc0581ca0,32,1,88,0,0,0,0,0,0
82758626-ed25-4a3b-8685-c16d6b15e18e,37,1,9,0,1,0,0,1,2
4fab2206-38fd-4342-b13a-720fe09577e0,34,2,111,1,0,0,0,0,1
ed709b3e-16a8-4ad0-89be-db545e49b1f1,30,1,174,0,0,0,1,2,2
ec0cdd3c-3c41-47fe-9b58-7eb35ad0a4a8,29,2,117,0,1,0,1,2,2
5aeeb7a8-6bf5-42e9-8bc0-83c68a872fb1,38,2,48,0,0,0,0,0,1
7fd2b09e-ac25-4796-991b-3dfa11761819,19,2,48,0,0,0,1,0,1
f93b072b-c20e-417f-98c4-3c867d3eaa3a,42,2,75,1,1,0,0,2,2
f0141c6f-b28e-452b-9821-f350b53896db,30,3,32,0,0,0,1,0,1
5b51c54e-6920-4d93-a5fb-9872293a263c,23,1,86,0,0,0,0,0,0
9d79adb4-fca1-4e13-a28e-ce6aa70a32b6,30,6,77,1,0,0,1,0,2
b1bfd62a-2228-4ecb-a34b-48c1b5001562,47,2,22,1,0,0,1,2,2
6afec6d5-444e-4ebc-9d41-1433ca331670,29,1,36,0,0,0,0,0,0
9541f5d4-be89-41dd-b1bd-c0e85e716ca8,38,0,999,0,0,0,0,0,0
bda66a7f-82f7-4a48-bd55-9137edb31e02,27,2,129,1,0,0,1,2,2
19d1c071-44d6-4065-9e1d-ffc23707525c,42,1,147,0,0,0,1,1,2
f4da5e00-3e25-419c-a402-1ada1598912c,41,1,4,0,1,0,1,2,2
b039897a-e3e3-412a-a43a-1a0a52947c3d,53,1,2,0,0,1,1,2,2
91aa8bfd-d0f6-4118-845a-091457e0644e,33,1,81,0,0,0,0,2,2
40010047-c594-4d17-95fd-7270da9a2482,41,2,11,1,1,0,0,2,2
157181af-3802-424b-badd-fda336ccb491,35,0,999,0,0,0,0,1,2
fd600372-dc13-4e90-8645-ca7dbbf1c920,47,1,69,0,0,0,1,0,1
c0fbdd6e-bce3-4df3-80f9-c9af34b68bcd,27,3,39,0,0,0,1,4,2
64aefa96-fa48-4aaa-b5b4-e95247d0a159,42,1,100,0,1,0,1,3,2
7c5a1d8c-9eb0-4310-b104-93cb12aaa825,33,2,133,0,1,0,0,2,2
25c995bd-3843-4643-9467-83ee7e58db58,34,1,62,0,1,0,1,0,2
c86de0ec-0ac9-4a84-a24e-bd15a8f50486,35,0,999,0,0,0,0,0,0
b6501c9a-72f5-4dec-bbef-b51790291062,37,3,90,1,0,0,0,0,1
3c40ae0e-6114-40db-88da-475d40449e78,33,1,82,0,0,0,0,2,2
11ccad3d-99d2-402f-9037-1e6f978d7166,37,7,49,0,1,1,1,1,2
879afaaf-a10d-4e17-8ebf-10b3607aa83f,50,3,167,0,0,0,0,0,1
70d6fc89-e51f-480b-b2db-cac951f059ae,44,0,999,0,0,0,0,0,1
ef902adf-0545-4666-942c-023acc65c9d3,43,3,173,0,0,0,0,0,1
2345170d-1aa2-47ef-87e4-a6be1a45e932,30,3,72,0,0,0,1,2,2
670e1a3a-762c-4428-9e58-3c3a08e0d2a4,26,3,166,0,0,0,0,1,2
e1ff8b7e-7075-452b-8d2e-c1e85855dfba,44,0,999,0,0,0,0,0,0
d1927b0b-d28f-4971-afaa-6c3d73093b1f,43,0,999,0,0,0,0,0,0
2f5a08c4-7daa-4eb5-96a3-d3c613b32901,49,1,48,0,0,0,1,0,1
3af9cc39-0ad1-4a41-98ff-7901bd887ed1,28,2,13,0,0,0,1,1,2
57de3e57-41e1-4569-b9e2-7656a199b6d2,32,1,45,0,0,0,0,0,0
0a50d605-6f2c-450d-b95d-f306132d5453,18,7,39,1,0,0,0,0,1
afc070e4-904c-49d8-af08-dc087d46acb9,31,1,113,0,0,0,1,0,1
034261ec-1659-4cb6-b113-f66a64ca31e1,44,0,999,0,0,0,0,0,0
586aed41-8261-4d42-95ac-2280b0e37f62,30,2,16,0,0,0,1,2,2
f29ae05c-3746-4fa6-8039-e732a2a1e2cd,41,3,173,0,0,1,1,2,2
11fbc06b-1711-49f0-ab05-d9f55be6abf3,33,3,113,1,0,0,1,1,2
a0f3f169-c905-4b0a-9778-37d983866a91,38,2,69,1,0,0,0,0,0
b1d8571c-d26b-469f-97dc-9ac3833c3599,23,2,37,0,0,0,1,2,2
11190a11-187f-4e1d-a52f-868a688ff703,35,1,101,0,1,0,1,3,2
2b9fddb0-16c0-4115-98c4-732ad801e0d5,18,1,102,0,0,0,1,1,2
d7f266c8-3dae-4fa8-ad8a-9bf06f195c6a,33,2,124,1,1,0,1,2,2
0739b031-6ea9-4f93-a9a4-e7e467ae62cd,18,1,144,0,1,0,0,2,2
4e5c41eb-a61f-4820-8c4e-d62b4e95cd57,47,1,72,0,0,0,1,1,2
c5ede77c-609d-4d66-b7a8-3421b75fa288,42,3,124,0,0,0,0,0,1
de47be05-6d6f-4bc5-ba92-e5202fc3aa2d,39,2,10,0,0,0,0,0,1
35a70ce8-b3be-429f-b575-fca69461f1fe,50,2,52,1,0,0,0,0,1
590a65db-1c58-4d62-b1b8-27dead2a83f9,25,1,119,0,1,0,1,5,2
207121ae-8b2a-497f-9dd4-7de3bd215c90,52,2,145,1,1,0,0,1,2
f4d62a24-0e56-4e5b-a4fb-525716ab1ddc,44,3,108,0,0,0,0,0,1
511cf935-6dba-4350-8f83-d740f3cee667,32,1,134,0,0,0,1,1,2
5b0bfc89-5e63-4bab-9ef9-7e4fcbfa72dd,46,3,162,0,0,0,1,1,2
0956195a-006b-4227-8cf6-297314f4b9c9,23,3,171,1,0,0,1,1,2
93dcfd48-6f95-4341-9c69-502635bb5eca,26,2,70,0,0,0,0,0,1
1a524f65-9766-4da2-9425-edc4bb941e9d,28,3,38,1,1,0,1,2,2
0b66641e-0092-4a26-ad4b-e02b5decb77e,29,6,10,0,0,0,0,0,1
9ef12993-02b8-42cb-8f7e-6872f2affa89,24,3,124,0,0,0,1,1,1
deba4273-d74a-4d22-9d28-652b9cb78434,47,1,9,0,0,0,1,3,2
074bcfd9-3c96-4e20-b3d8-f78f158ed692,32,2,127,1,1,0,0,3,2
b2af6f6c-2820-43d2-8461-f9e9d9843bb5,38,2,97,0,1,0,1,2,2
c5cc5891-7e7a-4ac4-8ae4-3f0b86d1a9ca,29,2,87,1,1,0,1,4,2
af4743b3-c60e-4999-acbd-40665b0a0e24,18,3,75,0,0,0,0,0,1
5310829f-f47d-4ec8-95b9-35d9567daf51,37,2,136,1,0,0,1,1,2
b14f7062-ce53-414a-9a9e-3446e92a3993,18,5,101,1,0,0,0,0,1
0bc5bbe5-efe9-4873-bbc2-c8eba25d0815,34,2,109,0,0,0,0,0,1
62a53209-b13f-4705-816a-69e98e5d6403,21,0,999,0,0,0,0,0,0
8fa8e604-3942-4996-bc27-b596840f2636,54,0,999,0,0,0,0,0,2
52f7d8d9-22dc-42c6-a045-4eafaf78346c,44,1,20,0,0,0,1,2,2
ab7c8dbc-38ed-49a3-a4c4-8168dcd4cbc1,36,3,96,0,1,1,1,3,2
4b17044d-c04b-4299-90aa-c10ed76f8397,47,1,88,0,0,0,0,1,2
0537cdb8-2d73-446d-b9fc-f44148e68944,26,1,102,0,0,0,0,0,0
7001fef3-e90c-4fae-94f5-fe14a061ecfe,40,2,5,0,0,0,1,1,2
face2960-d658-4bc8-8b09-457d3166b4e1,36,1,58,0,0,0,0,0,0
b4db089d-82eb-4bfd-8802-ddefb4931667,37,2,22,0,1,0,0,3,2
083f601f-ad37-413d-a5ca-79dc4cbe8a84,47,3,72,1,1,1,0,3,2
a65bfdce-c89e-4062-8d2b-32386e6e7ef0,42,5,99,1,0,0,0,1,2
a2010fc5-0547-49a3-82bf-b202918bdaaf,37,3,117,0,0,0,0,1,2
b941572c-c7a6-41f7-8627-3a432c6a1b6e,18,1,162,0,0,0,1,1,2
1c17d1d1-d7c3-468f-ba46-e30f6199b2e1,25,3,139,1,0,0,0,0,1
b5765e9e-5a78-47e2-a54e-adc9f26c766e,33,0,999,0,0,0,0,0,0
21a9036c-5b8c-46da-89ee-a3cf395172a5,35,5,66,1,1,0,0,1,2
b9597ef4-a713-44b3-b49d-33e413fca603,23,3,60,0,0,0,1,2,2
4c01152f-536b-4434-9496-0dc855176f47,59,1,60,0,0,0,1,2,2
1f52f357-d2e3-4fbf-9afa-7c2e03033c05,50,3,117,0,0,0,1,1,2
95de7bdd-2cae-4c18-9af2-82b6b6ba1723,41,0,999,0,0,0,0,1,2
b5a9bc62-578b-43ee-9f55-b6537a39d7fd,35,4,26,1,0,0,1,2,2
741235e5-03d5-4b2a-a654-915241135c6e,32,2,123,0,0,0,1,2,2
129bea41-4620-484d-9cff-ce9fc2677d94,25,0,999,0,0,0,0,0,0
1c86ca9c-641f-43b1-ac3a-a3feac98b65b,35,0,999,0,0,0,0,0,0
170bdcb1-eedf-4a28-9895-8468409fe51f,37,1,150,0,0,0,1,0,1
1d76a7a9-39e9-4ef3-a821-546fce2e52f2,22,1,36,0,1,0,0,0,2
4536122d-c2e1-4049-b929-e15673daa8f8,38,1,153,0,0,0,1,2,2
c8b3f5e9-3258-4a09-a4cc-9633bdae11d9,33,0,999,0,0,0,0,0,0
2ddca8da-8a8d-43c0-909e-c2f0c7b01020,18,2,62,1,0,0,1,0,2
500a2a7b-248b-4ec3-b858-c1ffaaeadd64,26,3,164,1,0,0,0,0,1
358bf6af-b604-4536-a9a8-3667255e1c4f,30,2,178,1,0,0,1,0,2
08863480-221c-472e-bcb6-8d563feb4741,53,1,67,0,1,0,1,1,2
2a5a6142-a2f5-4935-aa53-4819a6d3106b,40,3,92,1,1,0,1,2,2
3015a9da-5066-4ef9-967e-1482467e30ec,21,1,107,0,0,0,1,1,2
420b55da-3509-4666-9a92-a3298b018d17,39,5,36,1,0,0,1,2,2
38e938f5-6658-48fa-b770-47163102fcca,19,2,96,0,0,0,1,1,2
949f70e8-d6ca-40a5-8dbc-57615301e467,45,2,114,0,0,0,1,2,2
5aee58a3-ee1f-4216-b770-3f026c34d9c4,30,4,30,0,0,0,0,1,2
498b8321-e794-45d9-bff2-a4f224621bcb,34,1,152,0,1,0,1,5,2
5ea45e3a-5ac5-4fb3-baf7-71ba8fbee9ad,48,0,999,0,0,0,0,1,2
7a5988ca-cc47-4e03-af70-6aa714959e5e,22,3,104,1,0,0,1,2,1
fdebef62-75e5-4e4d-9674-b0bb71d16e94,21,1,173,0,0,0,1,0,1
edcd9573-ae90-4f6c-99e4-01205c13c9c5,29,1,29,0,0,0,1,1,2
0b6b40a6-cae4-4a89-ba08-d872f8a4bbc7,45,4,147,1,0,0,1,0,2
f6c83d8b-295d-44d4-9016-69aefa42bed8,19,2,22,0,1,0,1,3,2
2d95bfa5-e6cc-4933-bf60-e221e18ee270,18,1,126,0,0,1,1,1,2
aac2e367-b565-40d0-bb6c-098b116ce119,30,3,128,0,0,0,1,3,2
54483713-57cf-403d-9779-7a70f56e2a6e,40,1,142,0,1,0,1,2,2
6e6a200a-82c1-4e47-bf50-a1e1e5bb066b,47,3,20,1,1,0,1,3,2
8d78ab32-7b1f-4a00-a274-6502e7c4c67f,30,4,29,0,1,0,0,1,2
5a0cb5c2-5db2-4ae1-ae56-d8d34326059c,30,4,10,0,0,0,0,1,2
7530e879-e0db-444b-ab87-86e304e4e0b3,46,1,113,0,1,0,0,2,2
33d8924f-0e2a-4fdd-a455-6a886f324221,18,4,179,0,1,0,0,4,2
d50088f5-6035-4535-8292-dd7a3c564eee,31,0,999,0,0,0,0,0,0
f6c8bb85-d00b-445c-845c-ea07a8b35d6e,36,0,999,0,0,0,0,0,0
4301a6f5-2c21-452d-9c33-ff419b40a768,39,0,999,0,0,0,0,0,0
2f319397-2369-4b71-ba65-3469dcb4336b,29,1,46,0,0,0,1,2,2
8e139723-7002-4754-843c-7b443507e58e,35,4,161,0,0,0,1,0,1
87f7d793-b764-4b4c-8cc0-acbe14c1930a,18,1,32,0,0,0,0,0,0
32f11814-0d9d-4f6e-bdb8-a689959f6529,28,2,121,0,0,0,0,1,2
7a611e2d-8c32-450d-b3ee-83569f046214,39,1,64,0,0,0,0,0,0
bb9d7cbb-c649-4902-b5f7-c3934f77e42e,25,5,178,1,0,0,0,0,1
f891b0fa-e2f8-4171-a17c-4ffaa2774d26,35,1,158,0,0,0,1,0,1
e3f5d559-58ad-43b6-a730-3e44f5a4262c,39,1,122,0,0,0,1,0,1
28a4e9f6-786d-4029-8505-caf0b621ad64,31,2,55,0,0,0,0,0,1
e4ef8bee-e74f-46dd-aa43-dbb17049291b,36,2,44,1,0,0,0,0,1
6b6198f9-0b19-4eca-ba66-247877456951,25,2,32,0,1,0,1,2,2
6c6a4ef3-876c-4ca7-ad83-978c3d0f3303,32,2,105,0,1,0,1,4,2
5eb4ea92-7c60-4447-8753-8dbff54c4d61,41,1,50,0,0,0,1,0,0
5cfda043-2936-4944-ac41-94c51cc79d45,36,2,132,0,0,0,0,1,2
2955565a-f2a3-46a9-9187-7f976df01c94,29,4,37,1,0,0,1,1,2
be7ff017-9ba7-46fb-a2ed-9ba56157c34a,37,4,132,0,0,0,1,2,2
5a0f4bdc-3e86-4136-aaf3-34b62025e9ed,42,4,55,0,1,0,0,1,2
4917e597-7afd-4860-af87-5447bfefe71d,18,4,80,0,0,0,0,0,1
be8f5c88-c08a-4eab-a5ac-a87a95d4c798,46,1,88,0,0,0,0,0,0
f5075735-dbf2-4f09-baab-27ebafb00ebb,31,6,152,1,1,0,1,3,2
153b8850-9502-4cc0-aa7f-8f8c665ecc73,39,4,51,1,1,0,1,3,2
787316cd-02fa-40c4-a03e-ad04fbff1ed9,46,2,35,1,0,0,1,1,2
f6ddfe19-b670-4134-831c-3f038a3ee19d,21,1,119,0,0,0,1,1,2
8144cf0e-8267-40ec-a498-dcf02d69f2a8,27,1,150,0,0,0,1,1,2
bf8f3d7a-0707-4efb-81cc-a21b0f952fd5,32,2,135,1,0,0,1,0,2
98031a3a-deac-4c46-93c6-7927134de991,27,4,158,0,1,0,1,3,2
711d3945-c5fc-41f7-b783-7dda35adcfa6,52,2,62,0,1,0,0,1,1
cb760a38-77b5-4d78-8e0e-18da806a1905,26,1,20,0,0,0,0,0,0
d4d36044-6f69-40e4-af80-c513f8fce84d,29,4,98,0,1,1,1,5,2
23f8f0e6-1eaf-4855-a487-302f978b1e47,37,1,104,0,0,0,0,0,0
8e4430ca-78fc-4752-b596-98ff8b21a0a3,22,3,105,1,0,0,0,0,1
82dcf374-361a-482c-8445-f75e60c58d97,31,6,121,1,0,0,1,1,2
b84c934b-b997-4bbf-9e73-8ace9af21bd8,38,0,999,0,0,0,0,0,2
060a43a8-d822-4e5a-a802-89e702f3d292,31,3,156,0,1,0,1,0,2
d0f253a2-2d74-41be-a68f-ce8eb8c129f5,34,3,59,0,0,0,1,1,2
66396ffd-fe02-41df-95b7-21b58b4757ae,29,2,43,1,0,0,0,0,1
128d5f05-00f3-400f-a552-92e1bc4c7d1d,19,0,999,0,0,0,0,0,0
db8dfd4a-86f5-48fc-9393-42dd7b2c1c3f,38,4,107,0,1,0,1,4,2
1884dcdf-84a3-4db7-9fc3-ffbfe91a66b7,52,6,104,0,0,0,1,1,0
146a35d4-d84b-453a-8b69-1fcef087e84c,35,3,97,1,0,0,0,0,1
f8d17eda-d5f6-45dc-8455-886694d4b244,37,3,142,1,1,0,1,3,2
24974720-575b-4390-890e-70e9321bdc20,41,1,166,0,0,0,1,1,2
93d07d06-1f90-4423-9af2-6d21f7ce5a0a,22,1,167,0,0,0,1,1,2
bada4b84-0b5f-454d-9452-51c561b337ab,52,2,174,1,1,0,1,3,2
04592f41-ad63-41dd-b9fd-a2d7f21ebb8b,37,2,51,0,0,0,0,0,1
85f54898-aa18-4c5d-8211-761e0580b1d4,51,2,87,1,0,0,1,1,2
83e663fd-8f6d-4c7e-8e43-966d9b9aa67e,27,2,133,0,0,1,1,2,2
185c5ef9-f9bc-49cd-93ec-a5bf18f4f377,53,2,175,0,0,0,0,0,1
64aca81c-177b-40c5-942e-9f5bedeec8f2,42,4,100,1,0,0,1,0,2
b8178c35-0c2a-4e3c-85f4-a457eb2da545,40,2,130,0,0,0,0,1,0
977cf626-84e5-4927-b28c-d9d9dd6e7780,37,0,999,0,0,0,0,0,0
c0bcf5a5-1502-49a6-b761-aaa03e88c208,32,2,173,0,0,0,1,1,2
ccef6569-7ea5-4b51-9ab5-f191a86ad93d,47,2,145,0,0,0,0,0,1
a3a22269-3478-4e9d-acfa-880456b46393,36,3,91,0,0,0,1,2,2
18487764-d45a-4362-a7de-3d7fb7360e44,18,2,160,1,0,0,1,1,2
f2434aad-b0e6-422b-b847-9926f819a5e3,23,3,144,1,0,0,1,0,2
c31f35bc-7f18-4970-9eae-524036acffd3,33,2,31,0,0,0,1,1,2
2e145f0d-eb82-49ab-9103-a1822e416c46,38,4,75,0,0,0,1,0,1
3750cd95-14d3-4f25-afbf-18f520032010,34,1,100,0,0,0,1,0,1
a244629f-e886-476b-9c6d-ffc9062f00dc,47,1,129,0,0,0,1,1,2
916cb58f-d431-4048-91c3-8f0cb8d6c392,18,1,153,0,1,0,1,3,2
829fdb7b-f4bb-4440-a1aa-588eb12e7190,36,1,166,0,0,0,0,0,0
7c966113-aec6-49e9-8077-66e128ca68a2,18,2,144,1,0,1,0,0,2
8d369c53-f250-465c-aff3-4bb74cd68bda,42,3,115,1,0,0,0,0,1
272e32cf-0f63-4660-974e-c8e3a8b3a23f,34,7,99,0,0,0,1,0,1
6ee37ed4-1798-4e1b-8dbb-91a4b6411cd1,39,3,33,1,0,0,1,1,2
99f4e35a-9c43-42c9-8143-83c4540b7d81,26,2,18,0,0,0,0,0,1
a4b00ece-017a-4e91-a6aa-894f9f35f3ab,47,2,61,0,1,0,1,3,2
3ed4b949-ece3-479c-bc2a-5a33dfe91a06,45,2,159,1,0,0,1,2,2
505fa326-d827-4c77-b800-a7d19fc5ffae,40,1,49,0,0,1,0,0,2
1c5b3369-29ea-4188-a3cb-cfcf60422be1,33,1,85,0,0,0,0,0,0
3f8e704b-d9db-428d-a375-f2547f8b26ff,40,3,44,0,0,0,0,0,1
e844372e-b301-49bd-9766-54b792bc0a06,27,3,121,0,1,0,0,1,2
88c0169f-3edb-48d7-92f6-f054aa472f9a,43,3,81,0,0,0,1,2,2
0c7548df-3f59-4623-8e3c-f20ee59cf411,51,2,114,1,0,0,1,2,2
5020b55e-3113-4fb8-852f-f98f59a76ea7,45,4,87,1,0,0,0,0,1
a39bf3d3-836c-495b-920d-2edbf2948aee,27,2,0,1,1,0,0,1,2
b3033167-281c-4526-a702-c389e7999c80,38,2,65,1,0,0,1,0,2
dfae39eb-a2fe-4779-95fd-62bb974144a3,22,2,167,0,0,0,1,1,2
869894ea-0900-46f1-86b0-697adcacbccb,40,1,151,0,0,1,0,0,2
3e2a3430-eed8-4e40-b02e-76e7e980952e,39,2,51,1,0,0,1,1,2
f44e7b2a-4c60-479d-a564-b6561420f02f,18,0,999,0,0,0,0,0,0
b0f7ff4d-154b-4769-ba5d-1462f0bce877,23,3,154,0,0,0,1,0,1
50e5fd77-135f-4afe-8195-26e219e0cbdb,32,3,86,0,1,0,1,4,2
2292a66c-d21e-41ce-9597-82ef00b5b95b,31,3,160,0,0,0,0,0,1
e419bd7a-566c-4e8c-bf50-9fcd70e925e3,22,3,161,0,0,0,1,0,1
f51f752b-f09e-4e73-8065-9f26946f6cc9,38,1,31,0,1,0,0,1,2
75752c86-00be-4586-ab29-c88be0dc0e02,37,1,2,0,1,0,1,4,2
38b5824d-615d-410d-9afe-3cc62cc10921,33,2,54,0,0,1,0,0,2
68f038cd-af16-4f1b-92f5-c3223ffbfaf4,27,2,26,0,0,0,1,2,2
82984b1e-77ba-4cb7-9134-352dd504ee2b,45,0,999,0,0,0,0,0,1
dce3bb36-ed82-41f2-825e-5230856d59ed,51,0,999,0,0,0,0,0,0
ae838f1b-35ec-4b1d-88d6-d8593c191176,30,0,999,0,0,0,0,0,0
78c0dd3b-60e7-4ee0-8b17-0998354fcf7c,28,2,16,1,0,0,1,1,2
1392030d-3300-4427-9966-2f0d6308d93a,39,1,108,0,0,0,1,0,1
359a3a47-50fb-4a1a-8656-398bc6965c5d,31,3,32,0,1,0,1,3,2
45d67eb1-e1d3-47ce-91a0-ef002bb83fd6,33,1,54,0,0,0,1,1,2
f2d7cf74-461f-4e9f-a9b8-79ed681a791a,42,2,72,0,0,1,0,0,2
2b277462-e52c-4797-b57b-a23add41b815,18,3,97,0,0,0,1,2,2
298f83d5-2b25-4b28-9160-7d21e8d0e3ba,48,1,107,0,0,0,1,3,2
c4b8313b-f6ef-4b21-b619-5c73e1597a87,35,4,143,0,1,0,0,3,2
8fa62802-fa1e-490f-91f4-d5e83498abae,30,1,90,0,0,0,1,2,2
ed4957a1-c94d-43ef-aef4-7ce301b010fd,34,2,78,1,0,0,0,0,1
367939d0-a4c5-48d8-999e-4ec509042ba6,34,1,63,0,0,0,0,0,2
d507c1fa-d789-46c0-bcc0-01df320cc1ca,18,4,87,0,0,0,0,0,1
6c864676-b9cd-4f02-8816-0e0dd3fe2738,49,4,100,0,0,0,0,2,2
63285644-d899-43d9-9c00-c7ef7d953902,35,0,999,0,0,0,0,0,0
3cc518e1-45bc-4d32-a6c3-c6ddfc189bec,39,3,167,1,0,0,0,1,2
c89869c0-9b39-449e-b0b3-2f364864f25d,44,1,82,0,0,0,1,0,1
e2ec97a3-43a4-4783-bfaa-caf3fa9a5a5f,24,2,22,0,0,0,1,0,1
7816becb-c4a7-4b7e-b0c3-4043827d3c09,39,0,999,0,0,0,0,0,0
102c820a-4ce0-4f0d-ad35-65ec173c5a88,32,2,94,0,0,0,1,1,2
a5d45d58-b5fd-4743-a19c-46b87386c5a4,43,3,93,0,0,0,0,0,1
aca87bb2-fc68-42e5-bd18-11f2267118b3,18,0,999,0,0,0,0,1,2
1b024208-0dad-4f73-8ff3-a87be83eb59c,34,4,108,1,1,0,1,2,2
7145a799-a1a4-438b-b024-45238d5a61ec,28,0,999,0,0,0,0,0,0
1457e1c9-689e-4f8e-914c-4124de06556f,39,6,113,0,0,0,1,0,1
45a19a47-8a4d-42ef-9afd-85286104c992,39,4,2,1,0,0,1,1,2
0a9d034b-7b71-430b-ae5b-63a8808faa11,27,7,111,0,0,0,0,1,2
10787dc3-880d-4d00-a0df-48f19ec4743e,27,0,999,0,0,0,0,0,0
c74e9436-2d9c-44e4-96a3-78949123119c,33,2,137,1,1,1,1,3,2
dacbfc84-fab6-4ac9-8714-b523b2b97f40,26,0,999,0,0,0,0,0,0
8f42af15-4418-4b39-bf53-4e1de098467a,43,1,12,0,1,0,1,4,2
3b4910c7-e1c9-4f30-9846-be7d484dd7ae,31,2,166,1,0,0,1,1,2
bd850dd5-51c9-4858-be49-219ee5b68d58,18,2,76,0,0,0,0,1,2
d4bf3482-f232-4819-ab0c-bffd98c16129,31,2,24,0,0,0,1,2,2
723be029-bc9f-4e53-b19e-0c6d26c4d5bf,24,1,168,0,1,0,1,2,2
9c1926c5-dd2b-4ead-b5c7-223fb154f00a,18,4,167,0,0,0,1,0,1
ed435b23-b214-432a-8140-381e0f12b8eb,22,2,61,0,1,0,1,3,2
31dcf1b1-e5da-46fb-8fd2-7cb99b678474,36,3,39,0,0,1,1,1,2
e57b7261-60df-4bea-9b1e-c4a55db58828,48,2,161,0,0,0,1,0,1
dfc5aff4-630b-4b6d-ba15-031147e30061,38,3,78,0,0,0,0,0,0
cda11007-6cea-4662-8a6f-8896ba2040a3,28,1,2,0,0,0,1,0,1
c9cbcfe9-d3fc-42aa-9ea1-c7a5ab5b7cc8,39,2,179,1,0,0,0,1,2
752cd9f3-8b96-413b-aeea-7a9c15c1ce0b,30,5,45,1,1,0,0,1,2
ac53f768-432e-4482-b189-7c4930c4309b,28,3,85,0,0,0,1,1,2
7cdbe879-0c7f-47d3-8c19-22e54c1fdd4f,23,2,97,0,0,0,0,0,1
3066634e-debe-451c-9a5a-1bc1500e7be8,18,0,999,0,0,0,0,0,2
8f20a902-ab09-42e0-a90f-680e0f257eb1,31,1,40,0,1,0,0,2,2
fc42129e-36e8-42d7-8e39-d3cb8a5f5100,36,2,59,0,0,1,1,1,2
4b61bcce-01e3-4ec3-8270-a8ec895ea256,34,4,156,1,1,1,0,1,2
15df4b1f-5a59-43ac-a580-1c83dcda0377,30,1,135,0,1,0,0,3,2
bd87fb3e-74c8-4558-94da-093c7f6bf11b,25,5,97,0,0,0,1,1,1
4ae2ad49-9b3a-4cab-99cc-e432ba924162,41,3,3,0,0,0,1,3,2
24b8acfc-4804-4bb1-9353-0949d5eb0774,21,2,24,0,0,0,1,0,1
0ef6b034-cabc-4dda-a215-5a9acb43c04a,42,5,177,1,0,0,0,0,1
93a970eb-b8f8-4ee7-a40d-8a72815c2b79,24,3,150,0,0,0,1,2,2
35b39fc5-0f35-4b11-acf9-d4299a3baebd,27,1,152,0,0,0,1,1,2
06deb5b9-3c73-4608-8d57-6f993fd21f5e,20,2,97,0,1,0,1,3,0
b955af27-f427-488d-b5ff-45c0eaf8c3aa,29,3,69,1,1,0,1,3,2
c4686d60-c7be-4a96-a7d2-6972422dd9d6,44,0,999,0,0,0,0,0,0
f94c92b6-6117-4144-9ca0-bf3cab697c1f,40,2,148,1,0,0,0,0,1
786ab320-ad3b-423c-9d71-d28e635d324a,44,3,107,1,0,0,1,2,2
a9c5c7ce-cbd5-4eba-ae58-e5c3ec274ed7,40,2,93,0,1,0,0,2,2
2d2d2d5a-f351-464a-8392-9f6119acbddc,23,0,999,0,0,0,0,0,0
d5420f24-6f5a-4561-8ff2-e93d8896da1f,31,1,55,0,0,0,0,0,0
8f944bdd-5a30-4963-b96c-951b565f987a,27,1,2,0,0,0,1,1,2
cfa9aff0-9db0-440f-823e-98a648c26930,48,2,78,0,0,0,1,2,2
71ca8ad8-7bb5-43c5-96be-02be4704273e,23,2,148,1,0,0,0,1,1
57a879f3-3b23-4cd1-b406-6f5180f403fb,43,3,176,0,0,0,1,3,0
8a32a171-f98b-49ff-82fc-c6691b345f9e,43,4,45,1,0,0,1,1,2
b9fd8a01-9d95-40b1-8012-53477fe4aa96,53,2,125,1,0,0,0,0,1
ae2d830c-5b3b-46df-b320-034dc832c3f7,30,0,999,0,0,0,0,0,0
a9094431-7d80-4bec-859d-0d4dd3817e3f,42,0,999,0,0,0,0,0,0
439e4d69-b80b-427c-ae06-6949d1a7c40e,57,3,67,0,0,0,0,0,1
26a26a45-766c-4f81-ac30-52c10e0b8309,28,2,30,1,1,0,0,2,2
15d7e4ad-472d-4841-b6be-304883cfc7e5,19,1,45,0,1,0,1,3,2
6a11ce03-f778-4db5-8760-e27d1b763e25,18,5,171,0,0,0,1,4,2
6692086c-6140-409b-8b7c-28d1e2826af9,42,1,44,0,0,0,1,0,1
1d680b08-9818-4b05-80ba-a6c9ab4ff7ff,18,3,176,0,1,0,1,5,2
a33b76d1-c56e-4bcd-af52-9dab56a8db1b,31,4,3,0,0,0,1,0,0
3231bc01-f2c1-472b-8509-8a713aa8429e,39,4,124,0,1,0,1,4,2
f5006623-2bd1-46a7-b7df-5057b311b8e1,36,6,55,0,0,0,0,2,2
bebb8919-d1f9-4d09-b89b-3ca65c308ba6,39,1,165,0,1,1,0,0,2
20eaab3a-f3ce-4474-add8-3810cdb1e5ee,37,4,5,1,0,0,1,2,2
c468371c-7f50-40e2-b44d-59e88508c1d4,47,4,81,0,0,0,1,0,1
4f0c3989-f8d5-4456-a870-6d02fed82328,25,1,151,0,1,0,0,1,2
f4b42a63-1b5f-49d2-8e00-3710de6968d0,28,1,179,0,0,0,1,0,1
441cf7f2-680b-4774-b896-986786e98531,27,3,38,0,0,0,1,0,1
8f2da751-0544-4968-853a-d85e5b34e2de,43,7,110,1,0,1,0,0,2
8295af65-9f14-4cdb-8873-7825a91e5e62,44,7,72,0,0,0,0,0,1
43648ccd-ff68-4cbd-b7d5-ef24ba365d3e,39,1,164,0,0,0,0,1,2
a2593518-22d8-4376-b9b6-9fcb78b7c328,46,2,97,1,0,0,0,0,1
71571599-8321-427e-8989-a5ef63dc77a6,23,3,161,1,0,1,1,0,2
6aa8ac08-feb3-4f50-a59e-e64bc20fe61d,51,2,126,1,0,0,0,0,1
49aa905f-cc7b-4c37-b3d3-55936e2505ac,50,4,39,1,1,0,1,2,2
3783b604-8d65-442d-9e3c-2336e0afee13,42,3,167,1,0,0,1,0,2
d5da16e6-7bce-42b6-840f-3a9e554923bd,52,0,999,0,0,0,0,0,0
42388aa2-f04b-463c-a2a6-662d99fac618,18,1,125,0,1,0,0,1,2
39f619c4-44a0-41d7-b2b5-bccee4ce639c,29,1,49,0,1,0,0,2,2
172df231-505d-4db9-961d-66715db9ce94,27,4,10,0,0,0,1,1,2
78ba60fd-2a86-4c6d-a363-036c39e4444b,42,5,58,0,0,0,0,0,1
c6b641f9-9122-4e71-b9cd-ba97bd92a68f,24,2,153,1,0,0,1,0,2
00c69b2b-98ad-4b99-98a9-cd24f433f324,42,2,7,0,0,0,1,1,2
16f7dc00-81fb-4668-81ad-60b1f02e7bed,48,6,27,0,1,0,0,2,2
56420881-7af9-40db-9b26-f6b0d853735e,41,2,59,0,0,0,1,0,1
3ec1edd1-8da9-44ef-bc6a-4a5293aa3291,37,3,88,1,1,0,0,1,2
c080efe9-2b3c-4791-81b7-2842ec951bcb,25,2,9,1,0,0,1,1,2
cb02fe66-e9d8-4287-abd0-071ad49a5500,26,5,62,0,0,0,1,3,2
6f680893-f38a-482b-b057-85c720092ef4,47,0,999,0,0,0,0,1,2
0b144160-fedd-4696-8601-13fb95501f16,42,0,999,0,0,0,0,0,0
cf97bc0c-f2a9-4a90-87ba-bce81e7c1bf7,34,0,999,0,0,0,0,0,0
df14976f-5be0-4b43-8b72-b58c3f4a40de,30,1,146,0,0,0,1,1,2
8015c01b-9865-4f84-af31-8d54b9e1d6f6,18,3,145,0,0,0,0,1,2
c752f9ae-0b62-454d-b80e-84964e2eda34,24,1,177,0,0,0,1,0,1
dc16f8c0-6c11-4486-8fbc-2f80474a0a3c,54,3,146,0,0,0,0,1,2
da52e434-615a-44a1-8f3d-384ed01d5252,22,1,14,0,0,0,0,0,1
45ca4a8b-28b6-49c2-9f2d-9105c4a8b7a1,36,3,15,1,0,1,1,0,2
ea2cc7c6-9bd0-476a-aeff-26af61d4c551,45,1,147,0,0,1,1,2,2
7fe39e8f-cd77-4a93-87fe-5514c9168307,22,4,146,0,1,0,0,1,2
e68157c0-e4f1-46be-b0f1-598c598892c1,36,1,146,0,1,0,1,1,2
8841127a-38ce-4271-bb31-f19a6f66df28,44,6,87,1,1,0,0,2,2
925e7f50-cebc-4b29-89e5-7f2dcd5f9cce,35,6,30,0,1,0,0,3,2
372bcd94-1a24-426b-8445-b0ade6e99ef9,63,3,179,0,0,0,0,0,1
2696bce4-7c51-4da7-a135-c09e46ebb8f0,18,1,175,0,0,0,1,1,2
dfe17f16-1b82-41e1-896d-91fbd9b488d0,45,1,7,0,0,0,0,0,1
d5601995-77bb-4795-bdaf-ee55b3cacf2e,33,2,49,1,0,0,0,0,1
b91d1c00-5719-4107-be08-8b3ccb5f382f,42,2,87,0,0,0,1,2,2
dab2d133-184f-49be-86f8-986285e1c4de,39,0,999,0,0,0,0,0,0
b67a32dc-ebb8-4ec0-8857-03cc0df13c56,27,2,12,1,0,0,0,0,1
7af42e02-5098-4c4c-9a6e-3b4a4c9bfc1d,37,1,146,0,0,0,0,1,2
494d2c63-ee86-4e92-9d9e-cfebcf223934,18,5,177,1,0,0,1,1,2
5493f14c-a8f9-48f6-b71a-8fb231353912,41,1,150,0,1,0,1,3,2
4aee43ab-c72a-475c-9d28-4f2901233771,37,1,105,0,0,0,0,0,0
6a1fec5c-dc37-45fe-b6d7-dccbc1bd5e3d,41,2,96,0,1,0,0,1,2
224d832c-e858-4259-aba9-f86eaeca64ed,45,0,999,0,0,0,0,0,0
64346cd9-64b0-4ebd-aba3-31570f7e0d86,38,1,156,0,0,0,0,0,0
030a4c1b-8aa5-4730-9ce4-3d691eedc349,36,3,60,1,0,0,1,3,2
ccfc9aa0-e6c0-4df6-a547-32b1db88434b,26,0,999,0,0,0,0,0,0
738ac3ab-fd39-4874-b05a-0f82f79a3e30,27,4,136,0,1,0,0,3,2
4c26c17a-577d-4576-867e-1c679ad861cc,46,1,111,0,0,1,1,1,2
1e503ac7-dd8a-47e4-8230-207c46716b45,49,0,999,0,0,0,0,0,0
e67e4c1f-ce07-4393-a302-fe61aa6a2a65,32,4,120,1,0,0,1,0,2
86ac2643-d716-47d1-b7ad-1326eaa1938f,35,3,105,1,1,0,1,2,2
5718cb1a-630c-41e4-851a-a78913fba9b0,25,1,63,0,1,0,0,2,1
63c75642-c84a-4c59-a8e9-afa6b3a7d985,46,3,114,1,1,1,0,4,2
13929a8a-8f71-48e1-8e68-e9c5081d4347,41,2,109,0,0,0,0,0,0
f4f0de76-d98d-4c18-8504-c2bc52dc728f,54,3,36,0,0,0,1,0,1
be2b7a34-62e9-4a9f-9978-f1178406814c,26,1,37,0,0,0,1,0,1
c520754a-3a57-445f-8d33-76f8feeb1e1d,31,1,7,0,0,0,0,1,2
de13a929-1d92-4a85-b1aa-0ce7947282c2,37,2,74,0,0,0,0,1,2
4443e765-acf8-4bc3-9c3e-a7beca3d2c8e,41,1,167,0,0,0,1,2,2
be3cf5ba-da19-49c1-a7be-c0b4bf6a8132,32,6,22,1,0,0,1,1,2
8e77cbf4-956d-4dfd-842a-c225f146e80b,26,3,172,0,0,0,1,0,1
51a2e5cd-22a5-4d6e-9211-1653e67462a3,43,5,128,0,0,0,1,1,2
c66e2fe1-bae1-47d7-9b38-a6fedfd6f88a,42,1,176,0,0,0,1,1,2
ca32867c-dff4-4cae-b1ed-c4263b3b8c63,25,1,8,0,0,0,1,1,2
14066ba9-20a7-48b3-a61a-c011dd307e73,48,3,39,0,0,1,1,1,2
fa71539e-69b8-41ef-9026-0b8610711993,46,0,999,0,0,0,0,0,0
85813b4e-22e8-42bb-9ee5-cce166e1ed1e,36,1,96,0,0,0,0,0,0
f0a83b54-c8e2-4284-b8c0-e39aafb2ac72,35,0,999,0,0,0,0,0,0
efc8d770-d5b6-4b3d-9a12-b73ad3393b66,40,2,135,1,0,0,0,1,2
1c1635f7-d318-4452-b5d5-52d82737da10,26,2,36,1,1,0,0,2,2
c0f05b8b-3814-4122-b1cd-9fc9e1856e19,35,2,17,1,0,0,1,0,2
99778fbb-dafa-46d0-bb3c-8948a782390b,18,1,111,0,0,0,1,0,1
96c305a9-343e-4c81-a9da-9de0819be8f3,43,1,76,0,0,0,0,0,0
1fe09b64-f58b-41f2-b744-a89262702706,19,1,74,0,1,0,0,2,2
7f7a0003-3bff-4870-b933-e4122776ad35,50,1,79,0,0,0,1,1,2
b9399b7b-4813-4c71-9dd4-7cdf838c074e,31,1,43,0,1,0,0,4,2
25ebee28-dfc8-42ed-8b38-0c67e54860fd,32,0,999,0,0,0,0,0,0
af276629-f170-4573-a4eb-cae496868aed,28,2,143,1,0,0,0,0,1
ab69b455-430d-417e-b5d9-549f3d3d19b1,32,3,179,0,0,0,1,1,2
ac4b8be2-fdea-4db6-9724-60301eb0d3b5,49,2,17,1,0,0,1,2,2
4dc25635-05b0-4892-99d7-3d96ecc4fa01,18,6,167,1,0,0,0,0,1
47261b6d-2594-4ace-86b9-fcffde573c46,47,2,24,1,0,0,1,1,2
1d240fc3-3959-4433-941e-f69069690f3b,38,7,34,1,1,0,1,1,2
836a235e-20df-492d-977b-8baea990aed3,22,0,999,0,0,0,0,0,0
d76eb099-30c0-4288-95bb-aa3da95731f4,24,2,26,0,0,0,1,0,1
d479409f-7750-4a79-883a-a7efce46d3eb,51,2,137,0,0,1,1,2,2
cb0b6671-a436-47d8-a21e-d3c2bcba477a,25,4,74,0,0,0,0,0,2
824584e1-1487-429a-ad9c-edcfd680f3bc,23,2,147,0,0,0,1,0,1
91647a0a-b93e-44a4-b32e-c1a66903025f,46,1,160,0,1,0,0,2,2
f43368bf-340e-41e7-bf68-73d49e29af90,38,1,79,0,0,0,1,1,2
bfc85c49-a78f-4e51-936f-792bcbb683bf,25,6,138,0,0,0,1,1,2
5c08d513-fb9c-4a87-9b27-48e4f5f1997f,37,3,66,1,0,0,1,1,2
64e7faac-0233-4ed2-bd13-44d10170154d,24,0,999,0,0,0,0,0,0
34b8077f-eaea-47b7-af97-4c65148624d3,46,2,137,1,1,0,0,2,2
6816b216-32ca-4d88-b3a9-1dc9d0638b6d,45,5,5,0,0,1,1,1,2
67ed13df-cce0-45d5-808b-8695ef17c790,40,1,94,0,0,0,0,0,0
369c4f2e-a7d5-4410-a381-4f5af904fb39,38,2,161,0,0,0,1,0,1
3e8183fe-62c8-4709-a8cc-70c26d1db1ba,52,0,999,0,0,0,0,0,0
e8074f92-a900-4f74-99a4-63c86b766f03,34,3,31,0,0,0,0,0,1
ab8cb62b-73e6-457f-a903-3ecf9bb30491,23,1,28,0,0,0,1,1,2
c3d91c69-aac1-4284-8fd6-d41bce1b045d,39,2,121,0,0,0,1,2,2
913c2705-083a-4b6b-81c3-82daa89855d3,55,2,160,0,0,0,1,0,1
a0ce047a-250d-4416-a8c9-4390ef4062a8,24,3,16,0,0,0,0,1,2
7107a1b2-6420-4277-b535-96c99ae3484c,31,3,97,1,0,1,1,0,2
11dbe5d6-d231-44f2-977b-754b6c463dc3,39,1,48,0,0,0,1,2,2
dc1f3111-106c-4345-aa7a-10c32f485184,34,1,143,0,0,0,1,2,2
823cfea8-281a-4fef-86dd-18bf551fc5aa,25,1,134,0,0,0,0,1,2
4a2f42b5-4f59-4862-bee1-2e7874b0b446,46,0,999,0,0,0,0,0,0
5eede537-284a-48dc-a1a9-1570e9300ee0,58,5,131,0,1,0,0,0,2
35e21ee9-c6bc-4124-99c3-63d6fb8579b9,36,2,62,0,0,1,0,0,2
bcd2544d-2124-4454-ae34-12a6804c5329,25,2,123,1,0,1,1,0,2
19c867f3-3672-4b24-915a-bbc4217ba6bd,19,2,72,1,1,0,1,3,2
24bdd7a3-cda0-484e-9649-0540b77aa340,37,2,75,1,1,0,1,3,2
6c9bd744-736b-4552-bbd2-8ac5b6e79bc4,46,1,77,0,0,0,0,0,0
c1e51f41-2608-44b0-80f5-b9001bf3aa54,39,1,14,0,0,0,1,1,2
a8131d0d-724c-473f-a796-cb664954e0d3,34,1,132,0,1,0,0,2,2
430881e6-4422-4fcf-bba5-d9b240d14d24,29,0,999,0,0,0,0,0,0
c7285244-5117-40cb-a82b-bfd9ed705664,24,4,17,1,1,0,0,0,2
c66ef75e-3055-4a36-ac78-a1e080a6b360,43,3,71,0,1,0,0,3,2
4669fb21-078c-4aa1-90cd-232f731b5000,44,2,135,0,0,0,1,0,1
b3a5b2b1-6042-4fa5-a047-6ce3de0eedf6,19,5,67,0,0,0,0,0,1
9285ee13-9adc-4a09-9d2f-e96273dbd3a6,50,4,114,1,0,0,1,2,2
d1042ad7-baa8-4920-89e4-502d7523b797,40,3,153,0,1,0,0,2,2
6ec203c8-5f18-4fc2-b9df-9b6f569de964,48,3,74,0,1,0,1,2,2
2c6344dc-f63a-4ac6-ab09-46c9f76360b3,21,2,69,0,0,0,0,0,1
4bec05f3-e464-49ae-9721-ab28de7aef1e,21,1,160,0,0,0,1,2,2
3df15321-1418-479b-af82-b407b34879c2,33,4,21,1,0,0,0,3,2
4872a5ce-2907-4351-9369-08ecf84f6718,40,3,68,1,1,0,1,2,2
40e1bf8f-cbab-4e2c-aa08-09bde1a740bd,52,2,128,0,1,0,1,5,2
ed17ca9d-8da3-4cfc-9124-b80628eda107,42,5,85,1,0,0,0,0,1
245583a0-3efc-4527-a03d-aa4d94e883ff,32,3,34,1,0,0,1,1,2
3e6cd47a-fef7-4d9f-b3f4-8db30240e381,24,1,125,0,0,1,1,3,2
3410ae78-27e8-4455-b7b6-bffc11a5e070,47,1,66,0,1,0,1,3,2
321fe7ff-1707-49c1-97c6-3537564baba7,25,3,130,1,0,1,1,0,2
f70dd8d3-f02a-45b4-a4fa-16bca471a2e7,51,0,999,0,0,0,0,1,2
764263e6-535a-4326-8004-89f69e3395e2,32,4,41,0,0,0,1,1,2
b35496f5-26eb-46a2-91fb-6e8ce2bc99e8,50,1,57,0,0,1,1,2,2
9722dcb0-b56d-4893-be12-d514697a7b51,41,1,87,0,0,0,1,0,1
30c83e37-6d16-4295-b28c-4672e7ad1845,33,2,95,0,1,0,1,4,2
d0100f2c-4ef6-442b-a126-c22e166ee379,29,3,84,1,0,0,1,1,2
d5d70ced-b46b-4930-a60e-403a48346751,31,2,3,0,0,0,1,1,2
999e98ff-ecfb-4db5-8da6-fafef32400c0,39,2,16,1,0,0,1,1,2
884655c0-930f-4340-89da-f99524878176,35,2,76,0,1,1,1,4,2
ef8a73b5-1ac9-4614-958a-c04283418c36,29,1,98,0,0,0,0,0,0
c06c6543-fd20-4a52-836d-715590c1b27d,33,1,167,0,0,0,0,0,0
becab776-b8b7-4c78-a72f-f4cd6117298a,35,3,161,0,0,0,0,1,1
759dab27-9d4a-49ba-be35-050e5f42cf75,18,0,999,0,0,0,0,1,2
9724e952-6bd7-4ad8-915f-ee83f072a48a,39,2,39,0,1,0,1,4,2
05148f3e-3b2f-4a32-8441-17001aa446cb,25,3,140,1,0,0,1,0,2
316123bf-0f94-4a31-af21-48dc4c4a8a27,23,4,151,1,1,0,0,3,2
183d5707-0944-473f-92fb-6e3826ff6933,18,5,99,1,0,0,0,0,1
d4d49f18-1159-4b0c-a4ef-d08911cd5f3e,18,0,999,0,0,0,0,0,0
5546bedd-cab3-48d2-9ba6-abc57ff51b25,21,2,135,0,1,0,0,2,2
d80832c5-27fa-4664-b45a-61b19cd26b90,27,2,134,1,0,0,1,1,2
5a2fe710-501e-4f89-9a4f-5dd2f75844b6,54,1,61,0,1,0,1,2,2
63510766-5bdc-4488-807c-f9ae28bd20a3,29,0,999,0,0,0,0,0,0
26bb8daa-2683-44d1-b695-e835162b9310,36,1,126,0,0,0,1,1,2
8f07cec1-0166-4146-82a9-0e672ade7113,39,3,125,0,0,0,0,0,1
c23476c3-42b2-456b-85ad-9f4ad6a039c6,36,1,12,0,0,1,1,1,2
a940fe42-680f-441d-b411-8654a9139387,34,2,129,0,0,0,1,0,1
42cd3dc9-1502-4cf3-a583-84ecbfe61d26,23,0,999,0,0,0,0,0,0
73e75f01-6d91-4d97-a359-4147e69d621b,49,2,28,0,0,0,1,1,2
0cdfa27b-eb9e-44ed-97ff-209bd31988fb,53,4,90,0,1,0,1,4,2
1c1132bd-6706-4197-adda-f7812cf0cb9e,18,1,81,0,0,0,1,0,1
75dd6c78-524f-4fe6-9b29-7d848690f525,24,2,1,1,1,0,1,3,2
495fbab3-d2ce-4767-9574-ec54837890a7,32,2,60,0,0,1,1,1,2
66ef6f29-0785-4b6f-95a9-5acf702d2d6e,25,1,176,0,0,0,1,0,1
4342f925-8d1a-440c-b5db-f2fbae3173b8,40,4,173,1,0,0,0,0,1
100756e0-478e-4ded-bf5e-b94177691af9,27,1,71,0,0,0,0,0,0
43d6e5a8-ea16-4812-9648-fe73944f169d,56,1,99,0,1,1,0,1,2
7df9db13-4eab-41f9-8bf8-29225c0ff425,46,1,58,0,1,0,1,2,2
e6bb08a0-b23c-4028-b33b-1198247d73fa,37,3,47,0,0,0,1,2,2
a28ab8b5-7791-4886-b949-fc66efa7aeaf,45,3,136,1,0,0,0,1,2
b46f25a7-1766-445e-949b-86efbd169c26,46,3,145,0,0,0,0,0,1
fea0edd5-5803-41b7-a05e-9942b11cc009,29,4,49,0,1,0,1,3,2
fe902aea-cff0-4837-b05a-158f1a8d9bac,26,2,85,1,1,0,1,4,2
818a1636-d2b0-42ec-8e18-94feab426e35,35,3,154,0,0,0,1,1,2
6394fbda-dc27-476c-a19c-fc36d5f3c2d9,43,0,999,0,0,0,0,0,2
e9e969fc-1737-47c4-87bc-d5a69c56535c,36,2,65,1,0,0,1,3,2
32e987ea-a122-4db4-98e2-f5a88f8ca5a0,19,1,65,0,1,0,0,4,2
fcc367a3-ca80-4b5d-b398-06429b7539b8,26,1,21,0,1,0,1,3,2
3f10fed2-0c98-4b11-812c-d3de6bac1c03,34,0,999,0,0,0,0,1,2
44522c3f-d493-489a-a292-7a14f4132707,34,1,151,0,0,1,1,1,2
9f9a2a3c-48a1-4ee0-b817-18c09bc9b6c7,54,2,90,0,0,0,1,1,2
dac67cbd-ee4c-4d56-99b8-6f2c0248ad9e,21,4,140,1,0,0,1,2,2
8611ffb6-473f-4bf6-841f-1a1a27eac36f,40,5,121,0,0,0,0,0,1
376cf864-1d86-4576-916c-ad1549a36605,49,1,142,0,0,0,1,0,1
862bac67-5c04-4659-ba37-d3b8279e68bb,57,2,111,0,1,0,0,2,2
7fb65b13-b0ff-4787-bf35-db1846977df1,30,2,176,0,0,0,1,2,2
1a48cfc1-e4b4-4b9f-9813-f8e29fbc1f44,39,2,144,0,0,0,0,1,2
a1df33bf-942f-4930-a572-b69e434cd5b0,40,0,999,0,0,0,0,0,0
1b3644fe-7272-4790-b0d2-b9dfc8faa45b,36,3,86,0,1,0,1,3,2
54645801-1f5a-45a9-a938-3d83c2bca218,34,2,3,0,0,0,0,0,1
818c6f40-a4c4-407d-abbb-d37b2cfe9a76,39,1,14,0,1,0,0,1,2
9dc6ac62-2b65-4023-8716-113889af2d54,18,4,170,0,1,0,0,1,2
579467fc-5a21-4551-a762-16b7c87635a8,41,0,999,0,0,0,0,0,0
c3c98057-5d55-42d9-8fdc-2d9837515d74,36,4,158,1,0,0,1,1,2
14abc9d6-5d0c-44ff-ad01-17fbe8f4e93a,32,4,5,0,1,0,0,3,2
42c582e1-ba0f-46cd-875d-07c000dd0a45,55,1,64,0,1,0,1,3,2
344ec3a1-c323-4ca5-b77a-d1f73e9caabc,28,1,85,0,0,0,1,1,2
4d8496d7-5438-4e22-be46-1866ba73b11f,30,1,29,0,0,0,0,0,0
8bdd7774-43f9-4633-a4c2-ee537b89946b,54,4,57,0,1,1,1,4,2
0a20bacc-586a-4ed6-a656-85eb8d351987,26,0,999,0,0,0,0,0,0
0630375e-1e0b-45e6-8689-4fddc5416d5a,29,2,55,0,0,0,0,0,1
4251f2d8-8502-4fc0-a1ef-132ae277cc4a,33,2,163,1,0,0,1,0,2
cf0cc8a5-c32b-4cd6-ac3f-0352bfb430a1,43,2,45,1,1,0,0,1,2
7f8980a0-be9c-4af5-9644-2110a92eda66,37,4,128,0,0,0,1,1,2
a499f8e9-ea2e-4484-a101-5208c6cb84b4,22,4,139,1,0,0,0,0,1
5d7d0929-5c09-4e3e-8fa2-34919be79ec4,29,4,112,1,0,0,1,1,2
c42449ab-cbd2-44cc-bb00-38583aa76500,28,2,66,1,0,0,0,1,1
a89a7608-67c0-4ffd-9280-67fcaccdba52,34,4,124,0,0,0,1,2,2
e0712db6-8bbd-4be6-abd1-032f232332c6,39,3,9,1,0,0,1,0,2
dbbcf5e8-5cd5-4173-8922-c38cad24c6b0,39,2,0,0,0,0,1,0,1
df4b3fcd-57e4-4130-9219-6911f6d63ea6,18,4,18,0,1,0,1,4,2
5c6f26c4-0993-4781-b369-8a20b3b15563,45,2,81,1,0,0,0,0,0
19417826-d813-441d-90e8-7234a84579d2,37,2,115,1,0,1,1,0,0
5cd23392-2db4-4e3b-b79b-5ded09362e35,48,1,94,0,0,0,1,1,2
0a91e262-bc5d-46ec-aa0c-e75c94d3aeba,39,2,176,0,0,0,0,0,1
3c671c97-ffda-45cd-97e3-59da8c95600c,46,0,999,0,0,0,0,0,0
70887878-a837-4217-9954-7c23b67c0f2b,39,2,40,0,1,0,1,3,2
5071012a-6856-4496-be25-e6d49ca54969,48,1,68,0,0,0,1,1,2
6e7dd8ed-8b8e-4a96-affc-ff8b0f88445c,40,1,113,0,0,0,1,1,2
dc5759d1-82c5-4cde-88f2-8799244188ea,34,3,170,1,1,0,1,4,2
c48a1041-d859-4cef-85eb-4dd0d8df258a,57,3,81,0,0,0,1,1,2
6c1834ed-a9a6-41c7-b4d9-16dd465aacb7,43,2,56,0,0,0,0,1,2
b326466e-469c-4a44-b14d-970003a74d5e,40,3,47,0,1,0,0,2,2
10825850-b559-46f6-9fbe-eda3097f2a7d,22,2,49,1,1,0,1,4,2
c182d620-b1b8-458a-8b43-4a8fc3adfbe5,22,2,135,1,1,1,1,2,2
8af8ed79-3e20-4f92-a078-3d1afc4e4c37,37,1,109,0,0,0,1,2,2
b544a834-1828-4ccb-802b-1710f6f2b6a4,36,2,115,1,1,0,0,4,2
94660251-d550-4c6e-acc1-216dd36137e7,28,0,999,0,0,0,0,0,0
5ef00aa7-59af-481e-8617-4f615652e0f6,36,1,108,0,0,0,1,0,1
7392a82c-574c-4657-8827-d1732c1bcc84,50,2,22,0,0,1,0,1,2
41af3f77-7aaa-4793-a869-fa8914bbb067,41,1,40,0,0,0,1,0,1
bce34c92-e88e-4553-9f0f-070d3c631c02,23,1,86,0,0,0,0,0,0
982011ad-998d-476d-9f91-71289f64cf51,33,3,92,1,0,0,1,1,2
bbec95cc-4fa4-4a64-ad83-6a117b78fa7a,26,3,58,0,0,0,0,0,1
27c67212-e9df-42d0-8d1e-b70199db4462,31,3,17,0,0,0,0,1,2
fa131b4a-195a-4439-b626-8d18193f7a5e,30,2,70,1,0,0,1,1,2
9da295cd-c031-44b5-9a0b-02322e20190f,30,4,123,0,0,0,0,0,1
2274084f-8993-4ac0-b33f-4716ca1bec1f,22,2,135,1,0,0,0,0,1
8bc43f2c-12f4-4fe9-9835-f5b2793cb18f,33,2,113,0,0,0,0,1,2
a575a77a-3f65-4cb4-b9c1-5540070f8d09,29,1,105,0,1,0,1,3,2
0c4f59c8-9e8f-43a3-8905-2b0201d00299,18,1,16,0,0,0,0,0,0
bac3205d-ea94-4664-8fb7-179754aeff48,55,1,50,0,0,0,0,0,0
1b0b887a-30e2-41df-8d3f-c46ebaa2a295,45,1,160,0,0,0,1,2,1
fec6446f-6174-49d8-a383-23914692104b,31,1,29,0,1,0,0,2,2
09418473-c275-4854-bc4c-4a5fee8956d6,35,3,65,0,0,0,0,0,1
492218d7-62aa-4656-85e2-6f79b91a2883,23,2,173,0,1,0,0,2,2
bd876811-f4de-4d25-8e16-1699e5d8a004,51,0,999,0,0,0,0,1,2
8074f3c5-66f5-4902-8eae-6c2948f258e1,53,2,31,0,0,0,1,1,2
7b25ed5d-74d7-4d9e-8742-00c80ec3488c,36,1,152,0,0,1,0,1,2
e8900a12-3d1e-4444-b0a5-10bef527dab6,45,2,135,0,0,0,1,2,2
138279d7-536c-407c-ab7b-4909aadef1ac,36,2,62,1,0,0,1,1,2
0d33746e-d794-4607-a7a0-bf1d12576268,21,4,28,0,1,0,1,2,2
ecf5f943-0471-42ce-80eb-37be1a25c454,30,5,39,0,0,0,1,1,2
bff8ed4e-c63a-42dc-8353-904e89248934,36,1,172,0,0,0,0,0,0
d1735dc8-8c1d-4059-9add-ebe430d79f91,30,0,999,0,0,0,0,0,0
8dca2f93-2c2f-49a9-8dc3-03e6a31fa73b,32,1,48,0,0,0,0,0,0
cf4a6b9e-d0e0-4241-af2a-989af3024625,34,4,30,1,0,0,1,0,2
64abd4f1-df88-42da-aba4-d865bf0373f1,34,2,67,1,0,0,1,0,2
bdf0b03b-4f04-44fe-bec4-73b536433298,35,1,89,0,0,0,1,0,1
aea4c9c7-0392-4191-80f0-58b2e15a542b,24,1,136,0,0,0,0,1,2
fa841898-9c2a-4b2e-9167-a807f55ec070,27,4,9,0,0,0,1,1,2
fba30b7a-1d75-440d-8af1-5896e644e2b8,22,2,50,0,0,0,1,1,2
23408261-8ddf-4944-8613-ae91fe108ff5,44,1,171,0,1,0,1,1,2
c35bfca5-2193-425f-9ad5-c47f1c0b722b,18,2,25,1,1,0,0,1,2
212d401e-eede-4248-ad64-79c4f0a7c6f5,46,2,78,1,0,0,1,0,2
009ed325-9d77-47e8-9286-cce06c4d330c,48,5,120,0,0,0,0,1,2
67cfaf7b-992c-43cb-8179-0ea6e50526cc,31,3,148,1,0,0,0,0,1
5320765f-831d-4e98-bcfe-6acb7a6d987d,18,4,107,1,0,0,0,0,1
1dbb1128-b4ef-4f88-8041-59066a08ff48,31,1,90,0,1,0,1,2,1
748e15ee-80c1-4769-909b-bd93275232f5,34,2,29,1,0,0,1,0,2
887d47cd-0531-4991-8012-96fc535ae752,24,2,142,0,1,0,1,3,2
726974b7-9223-4240-8fee-8f30d61506d1,29,0,999,0,0,0,0,0,0
c8166300-ee3b-43fd-9e9f-f06389a14a03,50,1,122,0,0,0,0,0,0
34a4a638-a5bc-4248-ab83-b8ae9f9a6646,41,0,999,0,0,0,0,1,2
9cb16583-b831-4958-98d1-a3797420b292,25,3,112,1,1,0,1,4,2
8e3c0bc6-6bf3-4aff-8612-363cadb58fc5,19,3,101,1,1,0,1,5,2
ca750877-ed2f-4cc1-ac4c-8abbc9b9131b,31,1,83,0,0,0,1,1,2
72254644-c00d-431c-a82b-e6576d7dd114,32,0,999,0,0,0,0,0,0
9f529635-6677-4c3b-934a-273f57111a44,39,1,107,0,1,0,1,2,2
de1723ea-305d-4bab-a6db-781865c7894e,29,2,103,0,0,0,1,0,1
a160391a-9ea5-4534-a7d0-0b7639d2768b,40,1,147,0,0,0,1,2,2
e48a6a0e-f7a7-4f57-9d70-b089c5e4a4f6,54,0,999,0,0,0,0,0,0
ad1d7d50-dc0f-4888-a450-c9d749e1c7e7,43,2,129,1,0,0,1,2,2
1d0bc072-ce47-4380-84de-71cfe7adaf16,34,5,157,0,0,0,0,0,1
298d363d-16d9-463b-ad57-8e99eb9c4c22,33,0,999,0,0,0,0,0,0
3c59bbff-e1d0-4cc9-abce-8a00db0fa4b6,31,2,39,0,0,0,1,1,2
573674df-fc82-474d-8e15-16267203a4df,46,3,121,0,0,0,1,1,2
64d86537-7dc3-4d6d-a01d-a3a58152dc7d,28,2,135,0,0,1,1,1,2
74dc8f1d-d87b-4b55-84b4-396d2692f595,35,2,144,1,0,0,1,1,2
12dcb994-154c-4040-94ec-df9700bf7acf,35,2,98,1,1,0,1,1,2
c694b91b-ff09-412d-a6f8-fe1586a1aff6,29,2,29,0,1,0,1,1,1
9bd99917-77fb-4c08-befc-3f6b243a481c,21,3,128,1,0,1,0,0,2
74b5450b-c70d-459b-80e0-932860c2df15,38,1,63,0,0,0,0,0,0
6cd3196a-9278-4efd-b29f-a7191b080b9c,34,6,35,1,0,0,1,0,2
307ee019-8e40-4065-9f25-84ca981fd003,40,2,78,1,0,0,1,0,2
5acbe16e-582e-4f32-8943-3e963e124b1a,29,4,176,0,1,0,1,4,2
316ad43a-e3a8-4cec-a1d7-3398c527bbec,47,1,80,0,0,0,0,1,2
8725771b-bd10-4677-ae63-e28025d013f3,26,2,23,0,0,0,1,1,2
e15319c6-a553-4561-95a3-20b54785f0d9,52,1,106,0,0,1,0,0,2
189f096e-17cd-4ed7-b58d-0309f8a13f89,18,2,131,1,0,0,0,2,2
32e18750-9a6d-4c87-b47c-f2550baee946,39,1,122,0,0,0,1,0,1
39c406aa-8788-46d1-a725-ce80d50fb286,39,7,109,0,1,0,0,3,2
cca8b064-f5eb-4d44-bb5d-38cadcd37aa3,27,2,76,1,1,0,1,2,2
0650d31a-974c-452f-ab24-6ba21f4341d2,39,0,999,0,0,0,0,1,2
f8334225-e468-4ef3-beb7-e83ceb787438,47,1,25,0,0,1,1,0,2
2e40b508-51d5-4fb7-a860-771d2d11b508,18,4,46,0,0,0,1,1,2
408e651e-d695-48f4-985a-6c3f8e9973c7,40,3,143,1,0,0,0,0,1
90adf127-20eb-4126-a42d-b9f11c610960,18,0,999,0,0,0,0,0,0
492c058a-7999-4363-8aa3-5843287ef677,25,1,106,0,1,0,0,3,2
60961bab-f8c9-4efa-adc7-28b236160469,51,0,999,0,0,0,0,0,0
708993b9-19b8-4ab9-8d51-5b243fad3cba,29,3,129,1,0,1,1,1,2
86e0fe52-69d0-4dea-9adb-957451c163bd,23,3,122,0,0,0,0,1,2
5fe9312b-59fd-4694-91c8-ebc97fcd1572,33,2,82,0,0,1,0,0,2
43005723-4661-45bd-b3b1-8b7c37b33b04,55,0,999,0,0,0,0,0,0
d1ba9dda-40e5-46a1-ba7f-73b1963b865b,18,2,174,1,0,0,0,0,1
bc82de1b-e990-4638-b5a6-2a3a38e188a4,24,3,61,0,1,0,1,4,2
1a311408-fe6a-47a9-b1a9-8f407d442381,49,1,75,0,0,0,1,2,2
ac7cd607-e9b3-4388-bdaf-0b4c91213154,53,3,38,0,0,0,0,0,1
cdab70a9-4fb8-4b72-871d-4f358e7043c4,33,4,133,0,0,0,1,2,2
c7eb916a-5658-45d1-977c-59646f5c016b,22,4,163,0,0,0,1,2,2
e1310a3f-c9fe-41f1-bfc4-cb1877ff3447,55,3,59,0,0,0,1,0,1
ff586440-528a-4f98-a5a3-682cbaa37fa6,50,3,109,0,0,1,1,1,2
ee2006bb-0060-4cee-b580-86a8014519a0,41,1,78,0,0,0,1,1,2
80c75e09-1e86-4889-bf81-1fb974f304f9,26,2,35,0,0,0,1,2,2
054f6cd9-e665-401d-8215-5148adb2226f,34,1,76,0,0,1,1,1,2
dabb9c2c-08ec-43b5-ada7-ba922478a41a,33,2,71,1,1,1,1,4,2
75b4ad0b-1e49-4239-acb3-71dfa5da6769,38,4,87,1,1,0,1,4,2
3c494eb8-9fb7-4bb2-9831-f5ff61f624f5,49,0,999,0,0,0,0,0,0
ef8c62f1-b9ce-451e-b773-49c230ae61ef,43,2,167,1,1,1,0,1,2
e21f7812-38cf-44a4-8bf8-70e11396ffcc,24,2,59,0,1,0,0,2,2
4f81299e-c716-4cd6-8225-5a824cebf135,48,3,140,0,0,0,0,0,1
9b4fd9ad-ec44-4bd7-9bcd-6ccba44f39da,38,1,92,0,0,0,1,1,2
303c0cb1-c289-4423-b337-4f61780696e9,41,1,36,0,0,0,1,0,1
11516c90-dc5a-40a5-9184-7c65141ed642,49,4,60,0,0,0,1,1,2
c8c56db0-d5b7-43cd-9c71-ad426b20c56a,23,5,145,1,0,0,1,1,2
a0920725-7e6b-4405-b266-4f75738ba605,34,2,145,0,0,0,0,0,1
a645c22a-7c6b-45df-95de-5943095b14ee,29,1,161,0,0,0,1,1,2
83c9aa67-5afd-4e7a-9c40-f10cfe52c836,19,2,53,1,0,0,0,0,1
8994b2c4-f2ad-4ee3-96b2-75e7702a4981,38,3,121,1,0,0,1,3,2
cba6c4c5-a733-4aaa-815c-0a7fed80b370,60,2,30,0,1,0,1,5,2
5865bd81-159e-44b9-8a94-b3b4797a594b,18,4,78,0,1,1,1,3,2
54a5bce2-3f03-4484-9b3e-05d6e75a60f5,34,3,164,0,1,0,1,4,2
7e6f85b9-ee16-4252-ac13-52c75c501c0f,41,3,83,1,0,0,0,0,1
056d44c6-eed4-4547-8673-41567787d33a,36,2,91,0,0,0,0,0,1
09d92dc8-a2ce-4934-8aab-e2814c779654,33,4,67,0,0,0,1,1,2
c277da69-d090-4d9a-8ada-957e21dd920b,22,4,127,0,1,0,1,4,2
ef383a7e-765d-430a-938e-6a1af6df7455,37,2,95,1,1,0,1,3,2
a6f4e572-c843-463e-b90a-d6b7d229db8c,27,2,86,1,0,0,0,0,1
41395ea9-2ab7-4ba6-ab14-9c0821a16ef0,18,0,999,0,0,0,0,0,0
0f1885c4-7396-4c47-b62a-920627929a13,46,1,78,0,1,0,0,1,2
32056aca-1d9a-4f09-9e0f-d691dff1ce3e,44,2,6,0,1,1,1,4,2
421701bc-738e-49c4-b2f9-c918de96c1b5,35,1,111,0,1,0,0,2,2
6eca3a92-c2f7-486a-aaf7-49926ac43358,37,4,158,1,0,0,1,1,2
a2087509-a745-4652-9e14-9f3897aed45f,45,0,999,0,0,0,0,0,0
34baa3b2-a66f-4686-85f7-cd5ad0062890,37,2,39,1,0,0,1,1,2
4bbad89e-0e8f-44b1-9192-841dc85fa861,44,2,77,0,1,1,1,1,2
3b67fd81-8ab9-41af-a78a-91077454c07c,32,4,82,0,0,0,0,0,1
80c3c22c-3bbf-44fb-8b4d-15724c7bd4fb,48,1,177,0,0,0,1,1,2
5dc04e10-e339-444e-a3ac-6ca1c7d2d29b,38,4,79,0,0,0,1,0,1
fe817c56-ed85-42ab-9e6a-e33929c8a026,36,2,136,0,1,1,1,3,2
08daac76-234e-476b-af34-684b29f8abd4,22,3,24,0,0,0,0,0,1
dfa01969-1e43-4d83-81d8-c50437c07aa0,37,2,135,1,0,0,1,0,2
258f5717-5dbb-452d-a31e-b0e46433cf79,26,1,38,0,1,0,1,2,2
296b9150-fb55-4d15-bc8a-180c9f8bb4e9,28,1,159,0,0,0,1,1,2
df6d4915-7363-4d73-bce0-015b7ee1d6e3,26,4,7,0,0,0,1,0,1
86dc296c-6ffb-4be2-aebd-a696786d0139,24,2,140,0,1,0,1,3,2
9593987e-32bd-45a5-a4db-83f63b37cf5e,56,1,108,0,0,0,1,1,2
39824b1c-7462-4a3e-97a1-6ea1c3494cc8,48,3,155,1,1,0,1,3,2
764db4b5-e30a-40e7-bab1-0ee44c7f3b2a,54,3,3,0,1,0,1,4,2
ddecb892-484a-49d9-8259-cf91e13c8dc9,22,0,999,0,0,0,0,0,0
5831d22b-442a-4be9-a461-1934c83ce92f,35,5,33,0,1,0,0,2,2
d1197289-a0ef-4d85-8f50-827b3d30d416,22,0,999,0,0,0,0,0,0
e75fa317-6e3b-4216-bc36-c246cfd1588c,28,5,93,0,0,0,0,0,1
ccc9d010-0a3c-4a5a-a820-fcc304da1bdd,25,1,72,0,0,0,0,0,0
f925fa0a-e264-4629-929a-0c582477ce06,47,2,18,1,0,0,0,0,1
69ce796d-44ca-43cf-bb55-38ff11666982,31,4,136,0,1,0,0,3,2
7e29c544-eb00-47d4-b70e-d0bfaa6ae2f5,45,1,22,0,1,0,0,2,2
f5170c88-52e2-4702-8ba2-eaef1a4e3e2e,41,1,12,0,0,0,0,0,1
f7d2159f-22cc-4079-9ca9-1ed6fa678c2a,58,2,158,1,0,0,1,0,2
15a83f1b-5695-4b92-9270-0a528a56b6c0,20,5,71,1,0,0,1,0,2
ddf183b0-76d9-4593-b766-5ea5018d7793,47,3,109,0,1,0,1,4,2
f392f404-237a-40cc-8166-fa5b26ae2a10,46,4,18,0,0,0,1,1,2
88fa6a96-57a3-4cac-8dde-d605f02a02d8,25,1,4,0,0,0,1,1,2
f2f64dd3-c382-48c3-977c-d229170e07e7,45,1,166,0,1,0,0,2,2
86887dcd-35f4-4ee9-a24b-718b9b19bfc0,38,6,119,0,1,0,1,2,1
0cba2f40-72e9-4354-9369-30d48207fbde,32,1,141,0,0,0,1,2,2
5f7d3aa7-1f55-4535-9933-e94a677ebdb7,26,1,149,0,1,0,1,3,2
0202ab92-29c8-4b59-8b19-3e53f0faebb8,27,2,149,1,0,1,1,1,2
2525db92-9e21-4819-8ebd-5906897697db,55,2,4,1,0,0,0,1,2
6de1f33f-3c3e-4bfd-b66b-e08874d6f36d,35,2,179,0,1,0,1,4,2
efdc7c43-5965-4da0-a2dc-038f0f9935c5,42,1,79,0,1,0,1,5,2
3e341c6a-18d2-45d7-84bb-fd7a45855b4d,27,6,166,1,0,0,1,1,2
9ba1914f-cb3e-46a3-88ef-4b2119d1954b,27,2,25,0,0,0,0,0,1
d7c24b3b-4ba0-42cb-b04e-ed4d25e9f3d0,45,1,116,0,1,0,0,1,2
32c4f88b-41ee-49e5-8964-a2a1f44ead38,21,1,79,0,0,0,1,0,1
d6307cc2-284c-42ba-91fc-eea3d12c96d1,30,4,124,1,0,0,1,0,2
85b77031-1ac3-4966-9f80-7f8d0cc1da6e,35,2,139,0,0,1,0,0,2
1d823898-1be5-4adb-86e8-de887b7fcffe,36,1,48,0,0,0,1,0,1
e750ce36-b26b-49c4-b5b1-a7c5a003d4fb,33,0,999,0,0,0,0,0,0
864da5c9-6a15-47d4-ac63-4f165c6f0d07,38,1,95,0,0,0,0,0,0
2d097ac4-aaf9-4cc3-8023-fe742f13a232,41,1,132,0,0,0,0,0,0
ee67fd51-3826-424e-85ab-d9d239713f91,42,2,99,0,0,0,1,2,2
c813c51d-fba2-4103-b34c-3d29476e198b,25,4,91,1,0,0,1,2,2
c1f46af9-8348-4662-9966-0e276dc78e7e,32,1,123,0,1,0,1,5,2
822d6016-56e1-4774-8a9d-71f832d53f22,46,3,178,1,0,1,1,0,2
f2fbe7de-814d-4fc9-a169-92e1af89be2e,43,2,3,1,0,0,0,1,1
e98bed3f-252b-4928-a5ba-fc507d53251d,21,2,102,1,1,0,0,0,2
4758c4bc-8502-4ed1-bd69-3628d3552212,38,4,102,0,1,1,1,3,2
750814c9-5ac6-43b8-9640-19fd1696bea7,18,1,92,0,0,0,0,0,0
1ba403b8-1865-49b3-896e-6e8f265bb49e,35,1,24,0,0,0,0,0,0
ffbef0bc-967b-46d5-8cda-cd0c0af8edb3,53,2,151,0,0,0,1,3,2
2591377b-9fb3-498c-8c3f-00b7ea910589,25,2,18,0,1,0,1,3,2
db83e2fa-0c76-4276-a948-e94d9f24c119,26,3,22,1,0,0,0,0,1
0ccab434-0bcf-403c-bde6-b90b7099ef9c,42,1,94,0,0,0,1,1,2
80ef4342-f813-4f9f-a239-49e4a74eefd0,19,3,82,0,0,0,0,0,1
4e135d57-d2eb-4aa8-b830-2d3b7a66a5df,28,1,95,0,1,0,0,4,2
5f54c8fb-6cd0-4780-b94c-90a4944a0985,40,1,45,0,0,1,1,1,2
10bb1e06-8b08-45e6-9f11-a3001c62ac56,28,3,145,0,0,0,1,3,2
b765a156-e20f-4b58-ae51-2ded1e078ab1,32,2,70,0,1,0,0,2,2
7ff69ffe-06a6-4ea6-b21d-f4b4cd697263,42,5,44,0,0,0,1,0,1
92a03285-9e07-4083-a862-f4c44b7f95dc,39,0,999,0,0,0,0,0,0
cb366857-4819-4f46-989b-3050894587fc,37,6,173,0,0,0,1,1,2
7f77e260-ac6e-438f-95ea-7058170e373c,31,1,16,0,0,0,1,1,2
aa1a5f12-2a6d-427a-b736-bb1222e72ad5,38,2,142,1,0,1,0,1,2
e843b365-c9cb-43aa-98ca-487f28fc5345,33,4,72,0,0,0,1,1,2
df544722-2df4-43ef-bd9d-b2660dc79b9a,39,3,33,0,1,0,0,1,2
7547b53d-17d8-41fc-9020-cf9fe4e4fd81,30,3,98,1,1,0,0,4,2
eeeb4241-8af0-4ff7-be36-21386475e83e,33,1,135,0,0,0,1,1,2
0e304763-9f65-4130-b82d-dfb10512183e,25,2,49,1,0,0,0,0,1
888297f1-fa20-456e-b0de-777bcb5ec0b0,34,4,118,0,1,1,0,3,2
59b7bc79-8f99-4302-9797-d5dcc0f20863,26,0,999,0,0,0,0,0,0
0f3f4b2d-2314-4215-afdc-fe94f007142f,23,2,87,0,0,0,1,2,2
2040ae11-c70d-4b2c-90ae-d2d4504bfd4e,37,2,169,1,0,0,1,0,2
753c3c73-0119-4e41-a593-c1e3b78675a0,37,1,93,0,1,0,1,3,2
9a7f5976-f069-4caf-bf0c-1192647cc266,42,1,170,0,0,0,1,0,1
63abdf39-4a64-47ec-97d0-bd72a4f3a68c,30,4,34,0,0,0,1,2,2
da22a799-8835-45e2-8cc9-41add84fb9c6,39,3,58,0,1,0,1,3,2
02c6926f-f263-4e79-b5b0-ab9480199641,40,4,139,1,0,1,1,1,2
80c7ba27-6766-4fde-b8d5-bc5e0a1a8f86,39,2,11,1,0,0,0,0,1
d39fcb36-8162-49df-abb8-fad261ccf76a,26,3,27,0,0,0,1,2,2
6978db03-9d2b-4739-ad2d-16f1721f1ba8,36,2,173,1,1,0,1,4,2
48446f4c-2c5e-428f-a6a6-6a209fd9bd63,38,3,108,1,1,0,1,2,2
050a4a62-c7a5-4f3a-a0b6-19c88638345f,35,3,39,0,0,0,0,0,1
8e43f4d4-0196-4640-abf4-ed855e490e79,18,0,999,0,0,0,0,0,0
82fe53cf-0e0f-4ecc-b22a-2b446c164b10,36,1,28,0,0,1,1,2,2
2462b346-4fcf-4495-b615-a1c796c19c90,57,3,119,0,1,0,0,3,2
41cd3519-627c-4e45-a686-71a1cfe24035,31,2,127,1,0,0,0,0,1
80df5420-acda-4b13-ab9b-3b7190527588,27,1,143,0,0,1,1,1,2
51b1b33b-0ad9-407a-aaa3-afe5622f3dcf,38,1,45,0,0,0,0,1,2
d6ca6164-f93a-46bd-9d82-f8cae637c842,38,1,28,0,0,1,1,1,2
40570ac3-9725-4e2e-a23a-b5e2a136c11c,46,2,51,0,1,0,1,3,2
950408e3-795b-4e96-bb15-211c3bcad0ba,22,3,39,0,0,0,0,1,2
940f4364-2b91-476d-afbd-052eea365f40,42,1,5,0,1,0,1,3,2
516d1247-d4b3-4532-9b35-2c6fb776fa28,40,0,999,0,0,0,0,0,0
60ce2725-edac-4918-ae6b-f11ff335b1de,33,1,164,0,0,0,1,1,2
f154da27-7ad3-4883-8bf1-7d81d7dc9e13,38,1,149,0,1,0,0,2,2
6e477101-a4c3-4248-99cd-8bc71f33caed,45,1,6,0,0,0,1,1,2
8b9e277d-a350-4c7e-a307-908829bdbdfd,43,2,128,1,0,0,0,0,1
f488359a-fc89-4d67-a9df-6cfcd2068756,23,1,76,0,1,0,1,1,2
747e2963-f4d8-40b2-baef-caeec3967a8b,43,3,175,0,0,0,1,1,2
b0b867c6-b7da-4dee-b4fb-3b9c14bbd553,34,0,999,0,0,0,0,0,0
18088caf-8bc5-4305-88c1-e7d7ccc7ed7b,35,7,141,0,0,0,1,1,2
d46db8e7-7595-430c-9f9b-b0fd0244d240,35,2,78,1,1,0,1,4,2
ab5e3693-2ecd-44d8-b2dc-fce49e64bb5e,33,1,139,0,0,0,1,1,2
acd86d02-3872-4e29-a18b-c10ba26d3b8d,46,3,176,0,0,0,1,1,2
adb28ab3-121b-48cb-99d3-cf6cb757a259,34,1,168,0,1,0,0,1,2
9fe81a7b-d9ae-4670-adc1-1d685ba619e4,23,2,106,1,0,0,1,3,2
cbc5dad4-02cd-40d4-86a1-e8b955dc3035,31,0,999,0,0,0,0,0,0
8fdfb1a9-ce66-43d9-a302-3b7bb8e48ee9,36,3,118,0,0,0,1,0,1
5c49afbf-6d78-4027-80a6-493f36ed3364,47,2,84,0,1,0,1,2,2
2cf062e7-4153-4203-82fb-3dec34e21832,41,4,56,0,1,0,0,1,2
e9f29088-4293-46bc-a90e-c9f055bf87ba,26,0,999,0,0,0,0,0,0
47103f45-96c3-4c6b-959c-b90106e1ca58,59,3,171,1,0,1,1,1,2
dbfcdca3-2677-43ac-a0b4-206c4f20aa6c,37,1,65,0,0,0,0,0,0
2de55440-9275-4704-b9ae-b4ed4db8d9e9,47,2,74,0,0,0,0,0,1
e1a07c37-6fd3-4872-a1da-5f5a99cb6fa5,33,1,164,0,0,0,0,0,0
8038e845-0134-4f7c-9c04-f6c4ebc754dc,40,2,77,0,0,0,0,0,1
33106d69-1e09-4c9b-99e7-88d9939ae6c4,43,3,174,1,1,0,0,1,2
ab6647d9-dc56-40f2-9b3e-e6b1bfe6fc6c,47,3,83,1,0,0,1,0,2
0105fce7-c626-4e4a-ada5-fdb4bc96889a,45,4,26,0,1,0,1,5,2
682ce00d-0366-48fa-9017-54c75a38778c,43,1,176,0,0,1,0,0,2
f2a19b2a-d35b-4282-b5af-3b7da7e88597,31,2,70,1,0,0,1,1,2
cbbf2d37-8ae9-4809-87a7-08983a55965f,29,2,172,1,0,0,0,0,1
7cd233de-2537-4e2e-b58d-5dad94cbe1ec,38,2,0,0,1,0,1,4,1
bf97c058-c826-4d52-9fbb-eb8f5b33cadf,44,1,12,0,1,0,1,3,2
5c62c615-a4bd-4efd-a5ba-a4ae9b683703,32,3,37,0,0,0,0,0,1
c8bdf979-5bbf-4033-89c8-f5bfc1a348e3,45,2,144,0,0,0,0,1,2
92a7155f-a1f1-4d21-a2f1-bbe7cdbbe152,49,3,99,0,1,0,1,3,2
5256d79f-6e48-45f3-ae72-cce1d013b6f0,25,1,165,0,1,0,0,1,2
cec366f8-eefb-4fef-811f-6a3b5597e60c,26,0,999,0,0,0,0,0,0
a53179f9-b17f-4b8c-9a78-c47811009a9c,33,1,128,0,0,0,1,0,1
2074f8ac-ed4a-49c6-81fd-09b093fce221,38,0,999,0,0,0,0,0,0
36965c54-1f66-402c-8983-f33df2aa1ad1,29,3,114,0,0,0,0,0,1
7c05fced-dfd9-4eaa-b691-b5a5052d76aa,48,3,157,1,0,0,0,0,1
8b1339c6-1776-4cad-b1e2-96724b89769b,39,1,6,0,0,0,0,0,1
ec380993-0446-4c98-a098-d33c458d686a,35,1,106,0,0,0,0,0,0
1f5e12e2-5583-4b48-8efa-f819d9a70729,20,1,147,0,0,0,1,1,2
f6d3e2b2-5f65-4822-bea6-c4206be490be,21,1,43,0,0,0,0,1,2
4e6db4e0-ff54-4d16-9062-6be9855619ba,37,2,12,1,0,0,0,0,1
cf641103-97b0-4ccf-87d0-aeaad27894d7,18,0,999,0,0,0,0,0,0
65b7f23b-3c5f-4753-aded-6818a464a9e6,45,1,19,0,1,0,0,3,2
4ae60648-7814-4ad6-b52a-b9102a0bba0f,33,4,4,1,0,0,1,0,2
a3662216-9f7a-4bfa-96ba-4cad2066ccbd,67,1,111,0,0,0,1,0,1
32d5849a-6eca-462f-b318-af92483e79a4,58,4,51,0,0,0,0,0,1
3f732130-2f8a-42cd-87b0-4bfa046208c3,33,1,113,0,0,0,1,2,2
6b06fabc-f2d7-4635-9ae9-e4a3c2ef77d8,33,1,152,0,0,0,0,0,0
6f1151af-a9a0-416a-8abf-e756990e1489,44,1,139,0,0,0,1,2,2
a4e48c89-0cfa-43ed-add0-0830772e5e57,52,1,128,0,0,0,0,0,0
9390ffbc-9d8e-4486-b5ea-e55c15f5bd44,18,1,71,0,1,0,1,2,2
c67f062b-93db-4484-8b30-eaf4f8ddbda5,18,0,999,0,0,0,0,0,0
059439f9-237c-4e17-8fb8-e19f3bc3c527,28,2,21,0,1,0,0,3,2
d47a8a15-e075-4565-be24-d12785f3454c,40,0,999,0,0,0,0,0,0
d07670da-ae1f-4351-842c-04a0b2cd2473,39,3,84,0,1,0,0,1,2
93f76978-53b9-4b79-b41e-88ad215f5566,45,1,30,0,0,0,1,0,1
863fed45-8e21-4b32-9c3e-ce41ac300ef7,23,4,128,0,0,0,1,0,2
34c7573c-c365-44c9-9adc-237d6a7a66a1,18,1,154,0,1,0,1,3,2
b5afadf4-bee4-42f6-b6d4-4e4d131bbe6f,43,2,1,0,1,1,0,3,2
3fedbfc2-3ab4-476a-81dc-0e3209b41f03,26,4,120,1,0,0,1,0,2
37a3391f-2d42-4c0c-9f06-328332898da6,18,0,999,0,0,0,0,0,0
c98283d4-b05e-4c1b-8e8a-0b5afb57dd49,36,2,128,1,1,0,0,1,2
1b737389-8c80-44dd-866c-fd478c8b45f4,42,2,41,0,1,0,1,3,2
a4d1afdf-4352-40a3-8a5a-962ffba925c5,33,1,135,0,0,0,1,3,2
eaf145d4-ce21-4bae-ba28-1f076d36f0f4,30,3,34,0,0,0,0,0,1
f1dabf45-6728-4490-8d97-ad59ec222e57,33,3,108,1,0,0,0,0,1
a0d8ad80-e8f6-4880-96e7-1404d1e04331,31,2,34,1,0,0,1,0,2
6ca849f5-e139-4205-8227-f3f1fa42c891,21,4,134,0,0,0,0,1,2
f3031262-d5d9-46dd-8f00-0b8e4483968c,27,1,22,0,0,0,1,0,1
0cd4af2f-3bf2-482f-ac61-5f3ab1170371,40,2,22,0,1,1,0,2,2
96d43802-31c9-4137-b481-1add19fbcccf,38,4,45,0,1,0,1,2,2
76eab01d-c1a2-46f9-810d-632d27ee5344,36,1,18,0,0,0,0,1,2
edfc31d2-f8fa-4c72-885f-c24ece9a483a,25,2,78,1,0,1,0,0,2
a1d9166a-06e4-42b6-8827-58735d645122,33,0,999,0,0,0,0,0,0
a0d38b9d-264d-4bea-bec0-9bc5353540a4,18,0,999,0,0,0,0,1,2
738cdba1-a5da-4023-85a4-e13a589941d3,36,2,12,1,0,0,1,0,2
32c2ecb7-a5f4-44ca-87df-918ef04f77b4,49,3,177,0,0,0,0,0,1
b073d14e-42e7-4bf1-9cb1-741f8bd9b409,20,0,999,0,0,0,0,0,0
6c8ea1df-a870-4edc-8995-25f2ab248eae,29,5,83,1,1,0,0,3,2
7957d910-7d25-4e5c-9f90-7860cd0e3198,38,1,126,0,1,0,1,4,2
70aa9755-0f3b-48e9-965e-dd4019dfd35e,47,5,165,1,0,0,1,2,2
6f74da21-68fe-4992-b526-90b247fe1f06,30,2,56,1,1,0,1,2,2
887ed983-65e2-4c16-8f56-af52925678b1,28,5,7,1,0,0,1,0,2
1169a2ab-7f0f-41c5-82e1-a5057c5d6de4,18,2,99,0,0,0,1,1,2
4a1b73b1-06e4-495d-9272-b3ce70c4c11d,36,2,13,0,0,1,1,1,2
2901e428-a2bb-4675-81f3-12b636d67089,55,5,93,1,1,0,0,4,2
b5c6e42a-8f06-46b9-a6e4-66ecae62c7df,37,0,999,0,0,0,0,0,0
2f207116-9755-4549-9538-aeee61147694,34,4,8,1,0,0,1,0,2
a5f4bd3b-ddcb-4a63-a22d-d5a94a3a810b,38,2,140,1,0,0,1,2,2
d32c9c3e-bbd7-4ab4-ac60-ef52292891c4,34,4,37,1,0,0,0,1,2
3728d41e-50d8-4c17-b04c-6a6b2d5f8874,26,1,20,0,0,0,0,0,0
cdd275a4-238e-4f52-875a-6c179ed5ea34,43,4,156,1,0,0,0,0,1
2ca5564e-c863-4d66-a43e-c658a512d00d,37,3,83,1,1,0,0,1,2
1380ab78-301b-42a2-a7c0-16875431ab39,35,6,127,1,1,0,1,3,2
c74b173d-e658-4d74-86fc-e21fffe0c483,25,1,177,0,1,0,1,4,2
382841a7-7140-4dce-b8a4-ec0505f93d87,48,2,127,1,0,0,1,1,2
cda718f9-e3ec-48cd-9ea0-a2e655220814,41,1,8,0,0,0,1,0,1
97a2f835-7779-4564-9b99-44d47f91bfee,29,1,14,0,0,0,0,0,1
5cacf0be-39f3-4a0c-b15c-022cd37aecc9,45,3,2,0,1,0,1,3,2
2c601768-21ae-48eb-b85d-30ab4adbd47d,30,3,86,0,0,0,1,1,2
1f45f2d4-cd43-455c-a63b-ae1879291310,27,1,21,0,0,0,1,0,1
57e6dacf-c5d5-4c7e-9d43-a67c40577702,27,2,38,1,0,0,1,2,2
6803f67f-ef8c-48a3-99fb-5193ea64f853,18,3,8,0,0,0,0,0,1
437e2e82-9656-49f0-96dd-98be133cf713,39,5,161,0,0,0,1,0,1
05fbd352-99eb-460e-b2af-f803ebf8a3fb,18,0,999,0,0,0,0,1,2
8859554a-2fe3-401a-a584-386163f73f41,22,1,33,0,0,0,1,1,2
ca62d7b8-0f9b-4dc5-902d-0a77ea048cdb,18,2,44,1,0,0,1,0,2
8ff2cc5b-fea0-48ba-9ab3-394c4e3cf2e8,34,5,96,1,0,0,0,0,1
301aad5b-06f7-46cd-aa98-9e98627d9b65,33,2,49,1,0,0,1,2,2
e76d251d-15c4-4bb1-994e-f6b49ac31135,31,1,98,0,0,0,1,3,2
f2d6cadb-ef02-4b3a-88e8-66b4b80726c5,24,3,155,0,1,1,1,4,2
6fa58931-5c8f-4f72-8a56-7f33291cc433,23,1,38,0,0,0,0,0,0
4d925e9d-62f6-4212-967c-73c2ffd8a146,39,0,999,0,0,0,0,0,0
ff450054-74c8-4755-8ee1-e2a33f181608,29,2,174,0,0,0,0,0,1
0569792c-75ad-4fe8-b759-2d064958ceb8,38,2,11,0,0,0,1,2,2
bd4cf991-d166-4d68-a03b-003792e05865,26,2,42,1,1,0,1,4,0
4e0ef35b-64ee-49d8-b78d-9c711b1817b7,36,1,76,0,1,0,1,4,2
3672c653-6ccf-4d05-ac85-b479cfdc68a6,48,2,119,0,1,0,0,1,2
0b1d88cf-452f-4eee-95e3-58d40fb78b0e,40,3,17,0,0,0,1,0,1
74e8427e-5e45-40cd-a9df-63df37dd04e9,30,4,110,1,0,1,0,0,2
e0d43283-a92e-416f-92f1-d42b65a6e4c9,37,1,89,0,1,0,0,2,2
3e761bd8-9034-4fab-beb6-d97e4d219cfe,32,0,999,0,0,0,0,0,0
943cd2d1-6d40-4a57-8eb8-c8c399da0cb6,35,3,3,1,1,0,0,3,2
3b20f303-b796-4b1a-9009-7b5602b143d0,31,2,100,0,1,0,1,4,2
52692df3-36df-4f54-bcf6-502fa03b05a6,33,1,11,0,0,0,0,0,1
36c4e4df-ee53-4397-90fc-4e7a0c4f0ed1,37,1,52,0,0,0,0,0,0
a1bb937e-ab1b-4ede-a424-d85178051a9b,25,0,999,0,0,0,0,0,0
16824325-35c8-41ca-940e-e119beb6044e,24,3,15,1,0,0,1,0,2
2227d1c4-ef34-496c-b505-53d037ff1b88,21,4,144,0,0,0,1,1,2
192411f1-320d-4f06-9bfd-b97eaf993ef7,18,2,94,0,0,0,0,1,2
96e0bc90-6174-4390-9b1a-c04ba6a4fb16,22,2,153,0,0,0,1,1,2
8282a7b9-a671-4c84-a7cb-8fadd54c638c,36,2,1,0,0,0,1,0,1
1c47b1df-8d2f-45a4-9c46-41b7407f9949,26,4,28,0,0,0,0,0,1
81520821-79d6-46b8-917c-9d989a0daa57,40,3,93,0,1,0,0,2,2
7ba26803-87b4-4826-a64f-4531d8251077,35,2,174,0,1,0,1,4,2
f26a7dff-7472-452e-b369-40daeee6aa6d,18,1,138,0,0,1,1,0,2
0b27977e-1ee4-4ccc-9093-229b8d835a90,41,0,999,0,0,0,0,0,0
023da105-2523-4c06-a13a-c4517eb46aec,43,1,161,0,0,0,1,3,2
1ef1b329-461c-46d8-b02a-ae7a420e7a8d,25,2,28,1,0,0,1,1,1
464191b3-e709-49b1-8599-31de7edb80f4,39,2,120,0,1,0,1,3,2
90279ee4-c01f-497c-8bf4-adb739e1756e,26,3,176,0,0,0,1,1,2
4151f935-db6c-46e7-9029-30b5b6393cd7,35,1,119,0,0,0,1,1,2
eb2c5cdc-951f-4e48-a1a4-17f66df43913,22,0,999,0,0,0,0,0,0
9a4f221e-c5ed-4951-b80c-66a771483889,18,1,143,0,1,0,1,2,2
e0852001-3ecf-43b2-93ca-bcfb78bdbabc,31,3,80,1,0,0,1,0,2
2da196ac-68c4-4c48-bd53-49aaa3279fd5,33,4,141,1,1,0,1,5,2
61f0c9b2-ad4d-4e92-b488-85ccbcf4027f,31,0,999,0,0,0,0,0,0
33a08391-d778-4495-b345-0ba5f0d185f0,23,3,162,0,1,0,1,2,2
ae86f25d-282e-4ef5-b9aa-7e89d382fa01,31,8,51,0,0,0,1,1,2
56eec3aa-6d9e-4784-826c-1e776e28b02b,37,1,24,0,0,0,0,0,0
3b69b9a4-6db1-4ff5-b134-c31ec079b0fb,34,1,124,0,0,0,1,0,1
dac7c4d3-1e4a-4f9d-b634-a13617ddceca,36,1,116,0,0,0,0,0,0
10cca172-fbee-408a-83f6-cef600bfb8a8,28,1,67,0,0,0,1,1,2
e335bc6d-6d03-4cc1-9662-55fd9dabf8a8,46,1,169,0,0,0,1,1,2
9e149095-6def-444d-8111-e7eedf2864d2,23,6,175,0,0,0,1,0,1
3ee5b2d2-01de-452d-bd39-58b23339d474,39,2,117,1,1,0,0,2,2
238b4f36-e378-4826-a162-6f46bb318d6e,46,3,172,0,1,0,1,4,2
14954abb-6b70-4b66-954c-25a29db03f8f,39,3,71,0,1,1,0,1,2
c20b9c29-47b8-4890-9e13-b75242dbeb0b,32,5,71,1,1,0,1,2,2
fa95d7b3-c4e2-4b4b-99ea-f1c5765dd0e0,29,2,28,1,0,0,1,1,0
c068defe-6f7f-4bcb-b384-0197b89668ec,45,1,2,0,0,1,1,3,2
7c69ff05-147a-4451-9a2f-3a48a614db05,20,1,20,0,1,0,0,1,2
45775c5f-d274-48d0-a1cc-225f46169a32,25,2,158,0,1,0,1,3,0
18782a95-951a-4288-a8ed-f80b74ca1108,31,2,140,0,0,1,1,0,2
6d0fc039-7f4c-4a52-aae8-6e568829fa15,47,1,175,0,0,0,1,0,1
9fb20d7a-0355-4d95-887d-19dae16860d4,38,0,999,0,0,0,0,0,0
aed94368-f97f-4e4f-90b1-7f84238f4aa1,25,0,999,0,0,0,0,1,2
a428f93c-a815-4e98-92c9-fee7e9f89fac,31,1,1,0,0,0,1,0,1
1dad9eb8-3bc5-4f07-a21a-ab710bb167de,28,2,2,1,1,0,1,4,2
7bbd3472-5d02-4c34-8e25-fab49239840e,27,0,999,0,0,0,0,1,2
3f9facc7-4556-47ee-b2cf-d1539f14b46b,44,2,1,1,0,0,1,1,2
1c445e76-b4a5-4fe0-b933-d748d28e40c2,21,1,32,0,0,0,0,0,0
627a810e-1b0c-4a4d-93bc-67d29dcabbce,51,1,33,0,1,0,1,3,2
fa54b33e-1832-4171-a0b9-29bb11c7c3cd,43,2,89,0,0,0,1,2,2
cb4800b7-f673-4a79-a0c4-f4fb8c888c7c,45,3,97,0,0,0,1,1,2
e3773ace-ee88-463c-ac59-747ba08a641e,30,3,37,1,0,0,1,1,2
9412bf57-67f4-42b3-af4a-fb540961ed9b,33,0,999,0,0,0,0,1,2
26b69f28-ac48-4eba-bc6e-29b0e8caaf8c,20,4,147,1,0,0,0,0,1
c409a089-8a23-4466-9f09-4c591078bf87,29,2,137,0,1,0,0,1,2
db56c533-5a19-4c7b-8baf-3f0c95c3ae4c,39,3,160,0,0,0,1,1,2
9400ae40-2c5c-483c-be37-7d4f899d740a,47,2,121,1,0,0,0,0,1
e66954d5-9539-4ef4-bf83-300564adb949,23,3,44,0,0,0,0,0,2
20e9fd97-bb14-42bb-a68c-0931bd1ad8a8,31,3,59,0,0,0,1,1,2
52cc3f82-175e-4c1a-82aa-52d2920db411,33,0,999,0,0,0,0,0,0
f11b011c-1e51-472b-ae35-628e87344e52,21,0,999,0,0,0,0,1,2
87d5fa81-81e8-4391-a199-c9453949b34e,40,1,136,0,0,0,1,0,1
375e8a93-f9bf-4477-ab4f-a0cb33c20ab7,27,3,10,0,1,0,1,2,2
f62cddf1-ff65-492b-b3d5-17ea560243d9,33,2,148,0,1,1,1,2,2
5a6eb5f1-e05e-4c56-9798-f8bc239fa41c,30,3,25,0,1,1,0,0,2
047bbba5-39a3-4024-b8ac-94e68a5375da,27,0,999,0,0,0,0,0,0
b7ed2a4d-05cd-40b1-bcdd-a18bfab3529d,34,4,16,0,1,1,0,2,2
073db2a8-8442-4071-87d3-1cbff5f25cfd,32,1,171,0,0,0,1,2,2
18481329-f214-4d0b-949b-aae0e4bf2a7d,31,1,128,0,0,0,0,0,0
090ffbf7-2c8e-4038-add6-fa2a26bffba2,27,5,121,1,1,0,1,5,2
bf5208c6-5d08-40d4-899a-2dadff37df10,38,4,93,1,0,0,1,1,2
f7b9d0ec-8c60-41dd-9c51-6fb70b5de885,51,0,999,0,0,0,0,0,0
8003abf5-1324-41ed-b499-72dce8a7ec69,36,2,114,1,1,0,0,1,2
1ad83341-7a09-40bc-b8d8-ae3f66be52dd,44,3,40,1,0,0,0,0,1
31b703ec-5df1-4e44-9e65-4d28ecc15999,21,1,151,0,0,0,1,2,2
3f51ede7-f61e-4909-92fd-8c8674a474aa,36,1,170,0,0,0,1,1,2
fbfb7897-fe5d-498e-90aa-af91f43531bc,24,3,80,0,0,0,0,0,1
7dd27e15-d794-46ca-8ff1-c9bf21baebd9,20,3,117,1,0,0,0,0,1
fb836eda-f24e-4a5f-89a7-8cef6f0160d8,27,2,93,1,1,0,1,1,2
11b86cdd-28ec-4fce-aeba-ef1ddd9e641b,46,0,999,0,0,0,0,1,2
5b896d08-3cde-4e3a-aa70-b65bfcf77d67,44,3,8,0,0,0,1,0,1
20c8a5f8-2dca-4d7a-ba8b-1b760c9e3bc4,37,0,999,0,0,0,0,0,0
69923b6c-fa9d-4783-a7ed-b4b1665b59c4,19,1,168,0,0,0,1,0,1
0eea6f52-05df-44a7-9a86-b068dc0c84f4,33,4,10,0,0,0,0,0,1
22b35a7f-0081-4b24-bf58-3e877ec5964d,38,2,115,0,0,0,1,0,1
e218aebf-6959-4bcc-88a2-078d555f06a0,36,3,17,1,0,0,0,1,2
7a0f94ed-7344-42ff-94a2-b31b0dc4f2b0,18,0,999,0,0,0,0,1,2
84e07d19-a7e7-4a21-8e17-defda42b1e88,26,1,26,0,1,0,0,1,2
b2dd4cea-7199-4a8b-a0be-1cadef268767,34,3,8,1,0,0,1,0,2
87fa39a3-bf47-4377-9da2-d0d0d7f51fda,40,1,1,0,0,0,0,0,0
c9ca55b2-3089-4d73-a689-16e87ca35282,18,0,999,0,0,0,0,0,0
808b4494-a9c5-4b16-b11c-56f3133a6fb1,33,1,45,0,0,0,0,1,2
c8c42d03-26b2-455c-a609-70536088186d,36,2,132,0,1,0,0,2,2
383ec1d2-3038-4623-93de-c221c4052506,43,2,139,1,0,0,1,1,2
37b3c5e2-cb6b-4c72-a0a7-562ad52297cc,41,3,171,0,0,1,1,0,2
44eda94a-d37f-418f-82bf-dd722d002179,40,3,169,0,0,0,1,2,2
c257f0b0-d87f-46d1-bcac-7ed7908400a7,27,3,98,1,1,0,0,1,2
f2f2c88e-8391-4c27-996a-859b1f3874ba,18,3,114,1,0,0,1,2,2
31c53e5e-92b3-497c-810d-0ae267f136c4,31,3,157,0,0,0,0,0,1
2342286a-5deb-4a49-89ea-2d5a2775d3aa,45,3,51,0,1,0,0,2,2
da7ab220-12a7-458c-8d85-b9e5e8ec104e,48,3,46,0,0,1,1,1,2
b95aaf5e-a486-467f-8f1f-882543dcfcfd,42,1,35,0,1,0,0,1,2
89523f6f-142b-456e-808a-3da74de51b0b,39,2,69,0,0,0,1,2,2
2e7b1301-fbb5-4b08-85a9-9c2257caa130,38,3,31,1,0,0,1,3,2
9eddd2a3-ec65-4cad-adaf-bc6e1b649e5c,29,0,999,0,0,0,0,0,0
5f4001e6-d667-4e26-86cf-4320c90ed64a,33,1,143,0,0,0,1,0,1
02fc61ea-3ddb-4b24-ac1c-941f725e57b3,51,1,70,0,1,0,0,2,2
0d0773f4-3188-4e15-b1a0-614e76beec11,25,3,95,0,1,0,1,3,2
d44ffc4f-9744-4ee2-a590-da52f4881882,51,2,144,0,0,0,0,0,1
e157236b-defd-4a56-a655-7b5ad5df2ba0,31,3,159,0,0,0,1,1,2
33c90f1c-2073-4b36-a712-6a4ded041209,48,1,13,0,0,1,0,0,2
37ed29ad-8ae4-4def-8102-811df867242a,20,3,153,1,0,0,0,1,2
cad98e06-a804-4f8d-baf0-0f95cc4f8403,40,0,999,0,0,0,0,1,2
08d0c297-0086-4ed8-9973-48be16e2eafd,27,1,127,0,0,0,1,0,1
38b27680-c757-4a71-8ba6-bbb4cd1b78d3,20,1,11,0,0,0,0,1,2
3351b32b-2f4c-4037-b396-07bd8dff1428,37,1,172,0,1,0,1,4,2
1b407ba3-670b-4b2a-8b13-e2b72956fa78,45,1,143,0,1,0,1,2,2
7ea260e2-e91a-4493-837c-fb5fc9de263d,26,2,51,1,0,0,0,0,1
328722b0-ce25-41ac-b7d0-eefd285f9895,20,0,999,0,0,0,0,0,2
38a4c219-e7a4-4889-bdf8-9f53a51599a9,34,5,23,0,0,0,0,1,2
620b53c9-9ae5-422a-b982-0e1042ae10b6,34,2,42,1,1,0,1,3,2
34694c44-6b63-4186-b3cb-ce8b76b66458,40,1,122,0,0,1,1,2,2
bb24d145-3167-4523-ae6b-4c0f65221569,44,3,132,0,1,0,0,3,2
ee418048-9371-4b7e-8a69-01d35bf668ee,34,3,110,1,1,0,0,2,2
392077d2-32eb-4f35-aa24-d3bdb2fdb920,53,4,32,0,1,0,1,3,2
cfbe470c-be04-4c8e-abbb-1823c96c72f3,37,1,158,0,0,0,1,0,1
960e3556-ef03-4d78-b219-67e8fcd56a02,31,4,8,1,0,0,0,0,1
03df311b-eea5-4b0b-abd8-e36d74e28a88,18,2,34,1,1,0,0,2,2
75661205-2818-4391-b56d-f025cb1bb84d,32,1,7,0,0,0,1,1,2
4c34438b-94ca-4f52-a15d-66998a9ade86,31,3,74,0,0,0,0,0,1
2e38030a-3d33-4d7e-a5f8-08e6ed33cd22,44,6,144,1,0,0,0,1,2
ec260de1-7143-425b-9148-cb84957867be,39,4,79,1,0,1,0,1,2
04eb7f7e-a1d3-4f8c-9ebf-0a2ab15e711b,23,2,19,1,1,0,0,2,2
9b63eb0b-1a86-4e98-8dc1-9e764befc407,36,0,999,0,0,0,0,1,2
46403ccc-daf9-4c0a-b339-aff340d4b34b,41,3,21,1,1,0,1,5,2
fb5cba7d-7663-4097-afbe-a193ef89959b,50,2,112,1,0,0,0,0,1
0f8bde90-af16-44a7-a1ee-6ef70d33cb2e,43,2,70,1,0,0,1,3,2
0ca49787-4936-4ffb-b120-07a233c2e91b,42,3,76,0,1,0,0,3,2
cdf73a5a-0d6d-41ef-a406-56f20af360f8,35,1,114,0,1,0,1,2,2
a325069b-8a61-46ae-b296-50d0400a9577,38,1,80,0,1,0,1,2,2
ba3c38e8-116f-441d-b097-cb9874a485ba,47,1,158,0,1,0,1,5,2
eb74981a-8cbb-4734-a215-bfd6eed81767,21,4,84,1,0,0,0,0,1
04f458b2-4326-4c32-ad30-2aa04d8944cd,31,1,140,0,0,0,0,0,0
e9ab2d1e-a8e7-4990-84a9-bc789ef1d1da,27,3,112,0,0,0,1,2,2
7763774d-74aa-44e5-a2c3-21347c0c4af6,38,4,28,1,0,0,1,1,2
acb7c5b5-2786-46ac-b586-972eb94c2bf7,47,1,137,0,0,0,0,0,0
bb29b6d9-b148-4133-b7a9-cf51af10a01c,29,2,160,0,0,0,1,2,2
1da96533-f21e-4d3d-8d8b-00dd6afb3dc8,18,1,142,0,0,0,0,0,2
b92d6fe8-00d7-44ee-aa58-db250ee121b4,30,2,122,0,0,0,0,0,1
e9a052b6-ed9e-4a82-80d3-72c47315fa8f,44,1,106,0,0,0,1,1,2
112495bd-f541-424d-bde8-a08a0729d2ec,40,2,76,0,0,0,0,0,1
3bd69641-1aa8-49a5-8a6d-cf8332cd7396,39,3,34,0,1,0,1,2,2
8cc52b18-b2c4-4d3d-b47b-e44d550ddc8f,32,0,999,0,0,0,0,0,0
95a96cd5-86dc-42fb-867e-2a1646aade47,22,1,148,0,0,0,0,1,2
5d87d61b-3d13-4a5d-8f69-66dee09a80b8,40,0,999,0,0,0,0,1,2
3a037b2a-7d85-4763-8629-897fb70ce31d,26,4,111,0,0,0,1,0,0
4e836d8f-05c2-48fb-a4f7-37d3e129a79d,56,3,173,0,1,0,1,4,2
053f068a-5250-418e-aa4d-afa02cc97466,40,1,41,0,0,0,0,0,0
4267dd48-19d4-4a0d-861a-5ea0c55219e7,29,2,176,0,0,0,1,0,1
2b382170-97c4-4a53-aaf5-006e6a21ccfc,28,1,151,0,0,0,0,0,0
e6dbbcc5-aba0-4853-9312-9367be442e0e,34,2,68,1,1,0,1,5,2
9f55c27b-5e42-4c33-962f-3f3618780aa5,32,6,133,0,0,0,1,1,2
57622a6b-575d-4cc9-9816-3d87ebd56f32,46,6,129,0,0,0,0,1,2
2b1557d4-8460-4ecc-83d8-6f2e4883e5df,36,2,120,0,1,0,1,3,2
bba6202b-af2f-4908-b64e-5af59f143aea,27,2,2,1,1,0,0,2,2
372f44a6-c3d1-4449-8d6b-97d939575b91,53,3,52,0,1,0,1,4,2
4637e53e-36c6-4a06-8eff-9535b4d51a97,35,2,9,0,1,1,1,2,2
c27db079-2f6c-453c-8d4a-73aeb51ad72a,42,0,999,0,0,0,0,1,2
bfc505b2-949c-4b6d-9edb-ee49d75cadcd,28,2,111,1,0,0,0,0,1
e2e32d41-5e34-45ff-acc5-67ce2ae1701d,38,2,160,1,0,0,1,0,2
65ddf087-5fd3-4569-9b3f-d72110152207,38,2,83,0,1,1,1,3,2
cb25c7ff-00f8-4772-8208-f882d10828f6,18,4,21,0,0,0,0,0,1
7e94dc0c-de58-401c-8fdf-9fcbc070f40a,55,4,60,0,0,0,0,0,1
58047efc-18c3-4992-9bd4-8618b570ceee,47,2,66,0,0,0,1,1,2
ae674d5f-fe06-4f36-872c-043e71fefb70,31,0,999,0,0,0,0,1,2
c9190d43-6166-4eac-a0b2-d3d4ad244050,23,2,178,0,0,0,1,1,2
fe025d61-b1a7-4fa0-8d98-9c40614c0b3c,38,0,999,0,0,0,0,0,0
cb3eb8e3-0fa2-4145-95b3-3cf57a1518f9,35,3,38,0,1,0,1,4,2
08bb031c-947b-416d-862e-bc97ab17d9d2,38,2,30,1,0,0,1,0,2
a3a52753-c93f-4218-ad19-7399296ec170,36,1,29,0,1,1,1,4,2
b3891129-2555-4d78-bf4f-8a5084479c47,40,2,92,0,0,0,0,0,1
c14efbe7-581a-46f3-b9c9-e4be879181f3,49,3,166,1,0,0,1,1,2
77141bcf-7499-4922-a909-4a150550df47,40,3,98,1,0,0,0,1,2
127df310-9c5a-4841-9d48-efe0d1d824b8,24,3,24,0,0,0,0,0,1
93cf2c58-45f7-4bbb-88e1-274f2acb6424,48,1,57,0,1,0,0,2,2
c7994782-da1d-4dde-93ed-283c82e042ef,51,2,163,1,0,0,0,0,1
8c1b2bca-a23a-4939-95f2-233701748809,66,1,138,0,0,0,1,0,1
b133b1da-8a01-4198-8f2f-5a56334f53a1,23,2,105,0,0,0,1,0,1
4e7596fc-e517-41ca-b707-650ab67d3b21,37,2,45,1,1,0,1,4,0
d2bacbe3-e91c-4660-933c-598ff5fed165,18,1,88,0,1,0,0,1,2
07c5b125-70ac-4426-9f73-a17ec66a703d,40,4,20,0,0,0,1,0,1
f2152297-2409-4ae9-9e86-7db2513fbf6e,29,1,129,0,1,0,0,3,2
f9e6d004-bb2f-41ae-92c5-7ba9c2fe2467,54,2,38,0,0,0,0,1,2
5a2ec53e-3b3a-43ac-b4f2-662118e8a714,27,0,999,0,0,0,0,0,0
a9f3333e-8eaf-42f4-a8b1-a2ddd44469db,18,0,999,0,0,0,0,1,1
8887975a-e0e8-425a-a395-2e4749b0262e,30,2,30,0,0,0,0,0,1
819d65c2-05eb-487d-85bf-6c20ecaaffd3,18,0,999,0,0,0,0,0,0
30754123-9902-46d5-8e4e-7115039f4df8,42,4,66,1,1,0,0,1,2
668fb861-bfd8-468a-8b9c-7f50953ede87,18,2,140,1,0,0,0,0,1
3e77a5d9-0f8c-4a55-894e-44aeca03e4e7,35,0,999,0,0,0,0,0,0
400096bb-9ee1-44bb-a4a7-748bec48bf1f,18,0,999,0,0,0,0,0,0
595c1654-9423-407e-babb-9bc1bef61422,31,5,172,1,1,0,1,1,2
065da14a-cc5c-4317-b057-8ff66e98f56c,51,2,166,0,0,0,1,1,2
b7e4766a-3637-4d65-aa46-60884c2981d8,38,1,86,0,0,0,0,0,0
4f92a749-152f-4754-92c7-39c084493e26,26,2,104,1,1,0,0,1,2
638851cb-ef80-4866-bfd3-2504d1ae4210,34,1,158,0,0,0,1,1,2
5dbf7eab-0488-4c96-99e7-1c567d0a8ca4,35,2,140,0,1,0,0,3,2
9fdc946f-9158-4810-88d8-a56743f9ea3d,39,1,128,0,0,0,1,3,2
201ee56d-9bc3-41ed-be69-f21c7f35012d,21,3,97,1,0,0,0,0,1
ca4f7b53-54f4-414c-8013-9bb9cbb5cfda,40,0,999,0,0,0,0,0,0
77a366ec-0270-4f45-a713-f1f302101cd3,18,0,999,0,0,0,0,0,0
9a850c17-6df6-46ec-ba46-d48a8c11cc0e,28,1,94,0,0,0,1,0,1
9b9d17d2-d961-4f8a-83aa-1e8ee957ce58,30,3,71,0,1,0,1,2,2
c9c7e8db-5452-4bd8-bed5-d0e85ef6fff4,41,3,129,0,0,0,1,2,2
d547dabd-7ec7-4eec-85d8-18ae41f49795,35,2,11,0,0,0,1,2,2
52c413ed-6735-41ef-97f8-e3a58312a6a1,20,2,55,1,0,0,0,0,1
edeca02a-ae2e-46a5-bb83-15fa902828ce,25,3,93,1,0,0,1,1,2
035ab133-d16b-49ba-bf9b-52d97bcba393,36,3,40,0,0,0,0,1,2
4ab2afe7-3191-4fa7-b648-a1dd8454f93c,34,2,120,0,0,0,1,1,2
404f9274-52b9-49b0-b4d4-5bb73f7c13fe,29,1,154,0,0,0,1,1,2
104e02c1-5fd4-4181-b3be-c48cc83b32dc,30,1,165,0,0,0,1,1,2
41ab097f-e5b0-4573-b580-780cdd341dc1,41,1,113,0,0,0,1,1,2
f52837b1-e029-4537-9d91-bd108b50930d,29,1,179,0,0,1,1,2,2
b18b0701-1625-4044-bbf4-9588f47fb10a,34,0,999,0,0,0,0,0,0
5c1f70bb-f46c-4291-ade1-d9fe960751a0,56,3,159,1,0,0,1,1,2
511cc663-40fe-4fdc-8292-87191318aa48,20,2,129,0,0,0,1,0,1
55419fab-12cb-42b7-9b97-c6c36bdd2322,18,3,65,1,0,0,1,1,2
ba4611ac-614f-4d84-a387-cefe37762b18,42,3,147,1,0,0,1,1,2
b39e4d0e-773d-41e5-8677-a3f14f2416cd,28,2,56,0,0,0,1,2,2
2c430597-0fcb-4f2e-b639-516752bdbcea,31,4,61,0,0,0,1,1,2
2bc48bab-9ce7-41b2-ab96-a077b1438f51,27,0,999,0,0,0,0,0,0
8575a1e4-8170-49e4-ac5a-0e8a9396d5b0,32,0,999,0,0,0,0,0,0
d2731703-fb25-43b7-84b0-021626ddb7cf,50,3,134,1,1,0,0,2,2
4945da83-7ab2-4021-a5ea-12488d96bcb7,43,1,66,0,0,0,0,1,2
48503d87-0ce4-443c-bdf6-1523feb11bd6,43,1,49,0,1,0,1,2,2
3af6083e-d24f-45bf-b9c3-bafae5a22d8e,20,3,33,1,0,0,1,1,2
baab9a4b-cee2-4446-ace7-aca8453e8e33,23,0,999,0,0,0,0,0,0
998cc2f1-05cd-443f-8067-a5e4045ae212,18,5,86,0,1,0,1,4,2
796381bd-f234-4f82-aa59-8491538f4068,26,1,68,0,0,0,1,1,2
741b7d5f-0fc5-4781-850d-7d3e660d8b07,44,1,106,0,0,0,0,0,0
fc8372b6-38d7-410f-b571-9245040e5720,40,3,66,0,0,0,1,0,1
630cd958-6d7d-4edb-9002-6b59b1fa1006,32,2,87,0,1,0,1,2,2
77f148a9-2347-4b5c-acd3-8b4c1bcb310b,34,4,161,1,1,0,1,3,2
20ff29e4-a5f0-48ba-b314-b2c7c15d9f9d,28,5,114,1,0,0,1,2,2
e54998ba-dfb5-4d54-beb4-ec7edda58ffb,37,0,999,0,0,0,0,0,0
33ca74d4-66fc-4b0f-97f1-ae01ae8a9880,42,0,999,0,0,0,0,0,0
15340a49-07e1-4cd2-b898-2a187cb87428,18,1,11,0,0,0,1,2,2
5c433c85-6aa4-4620-b111-d657c6509408,37,1,31,0,0,0,1,0,1
536fb785-7c26-47bc-8a33-4075335827c3,44,3,174,1,0,0,1,1,2
8cca9d32-3295-4201-8d9b-91822126f2ed,30,2,112,0,0,0,1,2,2
a858b263-945b-430a-8a01-4b7495e10c95,42,3,97,0,0,1,0,0,1
9f77a8ba-9112-4844-b432-046c1ca67ae5,63,0,999,0,0,0,0,0,0
3e92713b-6ebc-453c-af2e-11fd7baf1564,33,2,54,1,0,1,1,1,2
0c73fe10-8885-4387-b18e-07e1158b2394,38,2,67,0,1,0,0,1,2
a7d0a903-9d59-45be-9751-fb84731ad689,27,3,16,0,0,0,1,0,1
1c0d2f14-a8a0-4d39-bf80-840129838cc3,36,2,25,1,0,0,1,0,2
0790e67f-a6dd-42ca-9bdc-b73d281379fc,39,3,94,0,0,0,0,0,1
37323bbd-9edb-430f-ad80-624268cfc6ab,36,5,102,0,1,0,1,3,2
8f583a94-6600-4ff6-bfac-be3f2c1d5d30,24,4,100,0,0,0,1,0,1
6284bd2c-92b3-4b9d-a1a6-b59438f97ea1,37,3,103,0,0,0,1,1,2
1a74ccc1-972e-4140-b2c3-7ca227bcc106,49,1,160,0,1,1,1,3,2
8b9cf771-f37f-4a4a-a34f-d4b00ebf0552,39,1,137,0,0,1,1,1,2
4e8249a8-f47e-4f5c-846a-ef3d6e2dd44d,44,3,99,1,0,0,0,0,2
14dd7579-33af-4545-b741-5525bef2485b,32,2,173,1,0,0,1,2,2
a0223f8e-e2a4-44d2-bdb6-0ad11adee40f,42,2,109,0,0,0,0,0,1
c01ac614-8f78-45dd-a8da-da7f1ff13857,37,2,50,1,0,0,1,1,2
7307ac58-2a0d-40cd-a02c-eb19950396e3,25,2,33,0,0,1,0,0,2
16359d70-2446-4989-a639-0af0fdc1fada,38,1,141,0,0,0,1,2,2
3310fb14-8b8b-40bc-a727-5423950fe2f5,25,1,168,0,1,0,1,3,2
1b6bdc17-5a7f-4785-bbe0-90ed4670ed0b,28,2,100,0,1,0,0,1,2
ba3cc83c-ecff-4470-9825-8fa5075ed954,36,4,37,1,0,0,1,3,2
fef71d2e-bb68-4e8c-8b0f-37fe8ad54752,37,3,47,1,0,0,0,1,2
b5cdb4ba-0a23-4859-a819-e0b2b8d8d99e,23,0,999,0,0,0,0,0,2
72310afa-d4a5-4145-8033-309612a8eebb,45,4,27,0,0,0,1,1,2
68e57a31-458c-4218-a9a7-ba7b345c05dd,40,1,119,0,1,0,0,3,2
db865a53-29e2-469b-8833-b7d118dbd8ff,27,3,168,1,0,1,0,0,2
d3514117-1ae1-476a-8e6a-5a4d6a08e42f,19,3,121,0,1,0,0,4,2
8c27e852-9d60-4cec-af8d-9b49740a698d,33,1,75,0,1,0,1,4,2
cffd8e68-30f9-4a0b-b87d-7f95d1997fc3,30,2,64,0,0,0,1,2,2
30faf08e-536d-462a-8d4e-2c36dc87d590,36,4,59,1,0,0,0,0,1
42541df6-6f7b-4b21-b299-e1f3001425cc,31,4,12,1,0,0,0,0,1
f001c215-9b1e-41f2-a67c-3aa4408b2f67,18,2,51,0,0,0,1,2,2
b76a929e-507b-4feb-930c-067adcc75d09,31,0,999,0,0,0,0,0,0
9868bd19-bfaf-4d53-b4d7-76a59830cf1f,31,3,103,0,0,0,0,0,1
6fd15127-5f2d-44b4-a403-afe0c13a51d2,41,1,42,0,1,0,0,3,2
4fd59a05-f55a-4c2b-a84e-ece0b427259f,28,1,167,0,1,0,1,3,2
d103344f-fa0e-4271-877d-c11d8a3cc617,51,0,999,0,0,0,0,0,0
5ff213dc-6d4d-4e24-8dfb-04333fb1f4b0,18,5,164,1,0,0,0,1,2
59f79f13-87a0-4861-8322-504fcbe3b79d,48,4,150,0,0,0,0,1,2
eae5be5e-e7de-49ce-847e-4585c5fca1f8,32,3,66,0,0,1,0,0,2
0b91a0b5-166c-47d1-841c-90488e35c71c,43,4,68,1,1,0,1,3,2
4e0432e1-5df6-4446-98f4-a2f953b47bf2,35,1,78,0,0,0,0,1,2
8a204116-7450-4364-8778-29b98f223bcd,46,1,109,0,0,0,0,0,0
a985607d-c270-460f-a6a4-ddc0dbc69025,31,3,116,1,1,0,1,3,2
f6e7e880-d2c1-4272-9ac0-7d2ea9055b58,24,2,68,0,0,0,0,0,1
154455a1-1243-4e82-a173-13759713247d,49,1,97,0,0,0,0,1,2
3a48b86f-b982-4f61-86f3-3addd4c7fed7,33,2,122,0,1,0,1,3,2
6e9e9ad3-b865-4117-9ccb-4897c45ee7b1,37,2,45,1,0,0,1,0,2
d4474656-835f-4956-82b2-06170d05fb4d,47,2,86,0,1,0,1,1,2
0f58fa78-39c9-4541-8334-04915fa76412,24,0,999,0,0,0,0,0,0
9cebadc0-81b1-45ca-bf40-e64c5a585d00,40,3,16,1,0,0,0,0,1
e8aeee4d-e105-4f77-9eae-2420bc0c8d7b,29,4,136,0,0,0,0,0,1
d6134c26-3d68-4697-be5d-3f9bc142f5f6,33,5,67,0,0,0,1,3,2
db0a1de0-c6f2-4f53-950a-13ebd098faa7,35,1,29,0,0,1,0,0,2
36cf148c-d259-47fc-b27f-89b00d290ddd,19,3,94,0,0,0,0,0,1
dc121852-778a-4285-a553-913b945f275f,27,1,60,0,0,0,0,0,0
45af574a-3d0b-4327-9ae1-7c3d6db949e1,48,3,154,0,1,0,1,2,2
e93b7d8c-0226-47f6-830f-73398d47fe59,43,1,44,0,0,0,1,1,2
2b85322e-92aa-4922-a976-399c1967c767,34,1,39,0,1,0,1,3,2
7166dd45-6064-4438-a46c-df66c0954a89,37,1,60,0,0,0,0,0,0
c51708f7-68ea-411f-9d81-7c1cdef677ad,32,3,120,1,0,0,1,1,2
a00a8237-b049-469e-86ea-04d0a48907cd,48,3,40,0,1,0,1,2,2
1e32d324-092d-40f5-8abc-a1a714070432,32,1,87,0,1,0,1,1,2
6d047b6c-1f2c-4ef9-8008-f2ef2e29d003,37,2,169,0,0,0,1,3,2
c20bbaf0-8dd4-4a5e-b5df-f8a4c0db892c,46,2,118,1,0,0,0,0,1
6af0b964-22f2-452e-a28a-f19635923aa1,27,0,999,0,0,0,0,0,0
b427d209-14c2-418c-9ddc-ef9c726f4403,50,1,104,0,0,1,1,0,2
6d52968e-ecd4-4663-af6d-c4df7ce8ea7d,19,1,37,0,1,0,1,2,2
f369487c-e0fe-4c9a-9dac-bcbc14b75227,51,2,176,0,1,0,1,4,2
ba16d3ac-f77b-454e-b6dc-8a52a7c34d15,31,3,145,1,0,0,1,0,2
ee4d90f6-3e32-4186-ba6c-bd0e9519776d,32,2,98,1,0,0,1,1,2
77af9127-fd80-4298-bc10-23b44786fd79,18,2,4,0,0,1,1,2,2
29a6ecd4-a0f3-4272-8578-b9090102cb09,30,1,100,0,1,0,0,1,2
27efdd4c-339d-4a64-8e88-4a550724b102,24,2,138,0,0,0,0,0,1
4713f74f-a5ed-4704-93f0-9c085aabd7f0,28,1,3,0,1,0,1,2,2
1b8be338-46f4-403f-bd0c-a4f360c5ffd7,33,0,999,0,0,0,0,0,0
73193f78-93ae-4905-8e96-987f6a4dd699,44,2,60,1,0,0,0,0,1
22c05757-3828-4f99-8e3a-59fcb2a08409,37,1,123,0,1,0,0,3,2
bfe9dce4-4c17-4f9c-9792-db6d5fc64eae,38,2,114,0,0,1,1,0,2
80cb531f-b2d2-46ff-abbf-f40e4209dde1,24,4,11,1,0,0,0,0,1
cb89cb66-e6e7-42da-9f7a-ce909d8d3585,26,1,48,0,0,0,1,3,2
46e7a156-326a-44b0-a775-135909811400,52,5,110,0,1,1,1,2,2
71e67011-b693-4aaa-b5be-9b16965fa12b,27,3,27,1,0,0,1,1,2
f9e81b66-638d-4202-8a36-0d02aa510841,51,0,999,0,0,0,0,0,0
08835f63-ed57-46eb-8f3a-256957be3945,32,1,5,0,0,0,1,0,1
0edd3285-c894-4bf4-af19-35a163615a35,35,1,160,0,0,0,0,0,0
25e1447c-d79e-4d73-882a-a6c1a7ae6cce,45,1,174,0,1,0,1,2,2
ed0aed3f-e138-4691-804a-5258eeba356b,47,3,151,0,1,0,0,1,2
774c11fd-2a71-48f5-808b-a68dc4bc78bf,33,0,999,0,0,0,0,0,0
5ba61c69-7358-4f3e-9b3d-18fe8f075f92,31,0,999,0,0,0,0,0,0
cf239f14-576d-4840-b3e1-39e5809ab71b,34,1,15,0,0,0,0,0,1
8d548e2c-ed7e-4b08-8f7a-d182f074d085,38,3,79,1,0,0,0,0,1
dca9ccf0-7874-4417-b783-1a076c4776c0,43,5,15,0,1,0,0,1,2
9ffae69e-4b75-435a-abf6-b56b6a0b2333,35,3,115,1,0,0,1,2,2
155a7df9-5277-44a5-b601-33a4dabd58b2,41,2,114,1,1,0,1,2,2
2348ebe3-46a1-445d-94a8-a81377c8e801,51,1,83,0,0,0,0,0,0
79008c14-70d4-4e49-96e7-e4e24161cb5c,38,5,141,0,0,0,1,1,2
4e8120b3-f027-4766-9107-74faf81b246c,38,0,999,0,0,0,0,1,2
d3b5456d-071a-4768-b3c5-b115e701531e,19,2,58,1,0,0,0,1,2
18529017-0f38-4b81-acff-39112ef90943,18,2,146,0,0,1,0,0,2
6645abe0-8ab9-4a51-aa13-c03c682e503e,38,4,25,0,1,0,1,2,2
53b005ac-f030-4fdf-ae46-35116b38819e,34,4,176,1,0,0,0,0,1
607f29bc-7120-4913-8dba-1a65233f0958,29,1,18,0,0,0,1,0,1
d37e2d92-eb4e-40b2-8484-1f4e6acf752c,37,4,123,0,0,0,1,0,1
6ac12a99-7396-4daa-bc2a-d5af6985a2a1,34,0,999,0,0,0,0,0,0
a96d39c2-dc0d-49ae-acee-57fbf284e40a,46,2,48,0,0,0,0,0,1
c508b525-ad36-449f-987f-d1290575d8c9,35,3,29,1,1,0,0,1,2
f762c1b8-c441-4160-ba23-7af6d116cda2,27,2,56,0,0,0,0,0,1
55ca69db-516f-41a7-a817-0e53e560a703,44,3,84,0,0,0,0,0,1
c868b7f0-73c9-4433-b881-3f471bd5040e,32,2,35,0,0,0,1,2,2
a47b4fff-aa45-4787-87d8-2d83144df7e9,40,4,167,1,0,0,0,0,1
510b0251-e28a-46fb-a01d-74750cab4749,30,3,27,0,0,0,1,1,2
241f784e-154b-4e89-8fcd-f874c2ce56e7,28,3,96,1,0,0,0,0,1
6608f2af-3038-4dd0-87d1-1d2c8cf8b4dc,35,2,173,1,1,0,1,5,2
85737a0a-1956-4956-9639-3d2edb83143f,35,1,31,0,0,1,1,2,2
8d1cd63d-5c67-4bc0-bee6-107afce1c3dd,39,7,86,0,0,0,0,0,1
8cbfa56f-d089-46b3-85fd-c76e6c5e0b49,32,1,75,0,0,1,0,0,2
9faeca81-00ea-4c10-9428-cc3837844466,18,0,999,0,0,0,0,0,0
09e7d674-98c0-470b-8bf0-3a1431b06a32,30,0,999,0,0,0,0,0,0
9be03813-6046-4df1-9a16-73d8c916732d,42,2,86,1,1,0,0,1,2
8edec833-dac9-4426-8120-8cee6f3f4424,32,0,999,0,0,0,0,0,0
69deaca5-6445-40a4-b7ad-35523f2d2ae6,32,3,109,0,1,0,1,3,2
a533e528-c12a-484a-bdc4-5a6028e96fde,44,1,78,0,0,0,1,0,1
2991fc20-62f7-482a-80a6-ca5e6a2292f0,27,2,31,1,0,0,1,0,2
d20a4798-198c-4269-b083-a5759f288b6e,19,1,63,0,1,0,1,3,2
f0a0ec89-4382-4d23-8af0-66427d346b12,33,2,76,0,1,0,1,3,2
309236d1-f333-4265-914d-b2046203c41c,30,2,126,1,0,0,1,0,2
05d83abd-4e24-4f71-82b0-fb4a937aaf90,25,4,155,1,0,0,1,0,2
63f970a5-a173-4132-80ba-823db2d661fe,33,1,114,0,0,0,0,0,0
6161a757-af0b-41cc-b2d1-bb16147ad929,39,2,96,0,0,0,1,0,1
66e58be8-0855-4cc7-9157-a96d6f9e8bf1,34,2,118,1,1,0,1,4,2
39441a7c-9f6a-4fce-91fd-288215673afb,38,3,38,0,0,0,1,0,1
1511ce67-21a3-46a1-b0ea-e85af2bdf026,53,0,999,0,0,0,0,0,0
cd082f47-07c8-4bff-83e3-3ec2f598c78a,31,3,140,1,0,0,1,1,2
200bf12f-3ae2-473c-9131-7bf21526fd15,37,3,147,1,0,0,1,0,2
06943635-6663-4152-b88c-267550beeac1,29,1,57,0,0,0,1,1,2
8c5d4a93-b45a-4db0-a56a-08591b4e2c4f,26,2,146,0,0,0,1,1,2
e94be4fa-4101-4d4e-b811-f63e93723b68,29,1,90,0,0,0,1,2,2
d449a99c-30f7-4c23-8078-5781e03fe3c9,30,0,999,0,0,0,0,0,0
1330676c-392b-450f-bc3c-c75720bcaf3e,38,3,76,1,0,0,1,1,2
542c6999-324b-4815-97af-5f430820ffc5,58,3,146,1,1,0,0,2,2
d7cef626-d5fe-4a4a-a343-6c69a7ca5ae4,27,0,999,0,0,0,0,0,0
04fa1577-9ef5-4a9b-86db-54b486be79f2,30,2,118,1,0,0,1,0,2
63491635-47ae-4709-86a9-cdb1977139be,34,2,105,0,1,0,1,3,2
fa639977-691d-4676-b4bf-ce8ca047128e,38,5,38,0,1,0,1,4,2
7c97c2aa-4801-4f54-9638-ff72e3bcf498,37,2,144,0,0,0,0,0,1
29f7f035-6b05-443a-927d-df9fba0dc9bd,47,0,999,0,0,0,0,0,0
db9817c9-0b33-40be-90c5-dd1d449043a1,18,0,999,0,0,0,0,0,0
0db4ffaa-f2c0-479a-ade4-55dc9b1612bb,18,2,129,0,0,0,0,0,1
a136c1f7-0bbb-470f-94fe-3ab09fbe475f,30,2,49,1,0,0,0,1,2
acd1dbc9-681c-4bac-a40c-deca0781cef9,45,2,66,0,0,0,0,1,2
a9d8aa85-3711-45ff-ae12-23ae26389f25,19,3,147,1,0,0,0,0,0
ad38c583-0b25-4b26-844d-38c2e83a2657,18,1,0,0,1,0,0,2,2
96cfff81-afcc-4fa4-9f71-6cc5cabd4066,40,1,132,0,0,0,0,1,2
e2576798-4bf3-4f76-a7c7-964f74f77270,37,2,96,0,1,0,1,2,2
6cd583ca-785c-48f1-952c-dcc945a3d8fb,24,1,125,0,1,0,1,3,2
1de5c50f-80c4-4730-b9b6-68a57939c57e,25,2,166,0,1,0,1,4,2
32c74231-6108-44d1-92a0-fd4780113bd8,25,4,86,0,0,0,1,1,2
5a8107db-d47f-4b30-b66d-82a298a458dd,36,4,145,0,1,0,0,2,2
a34483c7-4796-40a1-85b0-5e106d3d6929,28,1,67,0,0,0,1,1,2
55f08738-3a42-4e58-9b38-cd502e711ad7,39,3,104,0,0,0,1,0,1
72d88ac2-dd88-44ae-9c30-cf8ac91ee404,18,1,96,0,0,0,1,1,2
6dfa6723-19d1-4e42-9849-24ac1cf315c5,26,2,21,0,1,0,1,2,2
ceeba700-a70f-40ff-8298-9cccb262fa83,23,2,29,0,0,0,0,1,2
d122bdbb-3abd-4179-ba22-22cd23b163b6,32,3,89,0,0,1,1,1,2
69d184a8-d900-419c-8e24-2b03af4de31f,29,1,0,0,1,0,1,3,2
20fcb785-cbef-4aa4-b15b-d4d561b08df0,42,2,69,0,0,0,1,0,1
22e71157-90a8-4d7f-b245-2004400b4090,18,2,80,1,0,0,0,0,1
63e2c55d-b7bf-42c4-820d-9418ea3f3818,35,2,50,0,0,0,1,0,1
3cf6cef5-ec05-467f-bfee-8c63ac6bfac2,40,1,67,0,0,0,0,1,2
260718b0-59be-4409-91a8-8aa502681ef7,53,0,999,0,0,0,0,0,0
25771ec2-21ac-4d30-9b66-67c48423e85d,30,1,175,0,0,0,1,1,2
d401cc89-22d4-46e6-b67c-b2793bfeef41,38,2,52,0,0,0,0,1,2
0732aba0-11b4-4f72-b35c-3b0b0d0aeb93,18,1,102,0,1,0,1,4,2
e6c593cb-4d31-49f0-8eb1-89c9a2299d22,18,3,33,0,0,0,0,0,1
18c0a949-74b6-4264-aaf0-3627886ec5be,43,1,85,0,1,1,1,2,2
b43ea744-b819-4d38-a6a7-0983057fed8c,34,4,134,1,0,0,0,0,1
ad5339e0-b04e-4035-a0dc-b7be2c21adb2,46,2,38,0,1,0,0,1,2
39016a51-bf94-45a5-967b-28e2eeaed5b1,21,2,36,0,0,0,0,0,1
c5fc60f2-24fc-4028-a66b-8a9ea7416c39,40,0,999,0,0,0,0,1,2
34282252-9977-4450-8ed4-b99e87120a3b,53,2,14,0,0,0,0,0,1
fea50ced-9e0f-458d-8aaf-9ecd3a9edf18,39,6,73,0,0,0,1,0,1
de9b0dab-1484-46df-b362-009eec38c560,37,2,100,1,0,0,1,1,2
8f78e42d-5ea0-4f97-9691-0c010cd8469a,35,2,127,1,0,1,1,0,2
5cb50720-b305-48ab-b63d-1511dcad5d7d,19,0,999,0,0,0,0,0,0
15f9f160-7de7-4cc9-b29c-c9ecee8fc64e,48,4,113,1,1,0,0,5,2
5142b871-8ebe-4cfb-b6aa-42cf254b75ae,28,1,67,0,0,0,1,0,1
9c5e9a5a-27ea-44e3-b6c3-c72c3a64c25f,40,1,109,0,1,0,0,3,2
1f41d4c4-3988-47a3-8d54-8eb99db1d9d8,19,3,177,1,1,0,1,2,2
51b75943-753c-4512-8a4c-48dcf8378c92,23,2,168,1,1,0,1,3,2
710d60d8-fc95-4b2d-8235-0c9019719058,49,4,60,1,0,0,1,3,2
6d15dcb3-cefb-4010-808c-a1e431728058,31,1,24,0,0,0,0,0,0
56f95ab8-6f19-4f9b-96d1-4f84253c0d86,49,1,155,0,0,0,0,1,2
b68f9d93-63b6-425d-91f1-f2203ea63120,34,4,34,0,0,0,1,0,1
3a3c0a8c-a581-48a1-af63-117bc060c9b5,18,4,82,1,0,0,0,0,1
e7444c72-fc81-46cb-8852-ecb7568b7ed9,43,5,166,0,0,0,1,2,2
9d5e4712-deff-431a-85f2-c3dc071ebf29,29,1,58,0,0,0,1,1,2
54c7b6e3-1302-47ca-8f20-53fe2571f313,41,0,999,0,0,0,0,0,0
9a7965fc-71d4-4188-8562-5abae00bc703,35,4,110,0,0,0,0,0,1
7cd6eeb7-175e-4985-a508-b7c264ee097e,19,2,128,1,0,0,1,3,2
89303fcd-ff5c-4779-83f3-e41d6b194cf1,36,1,119,0,0,0,1,0,1
fe51b5d2-8df7-4285-9005-19c175fec588,56,4,44,1,0,0,1,2,2
fb5163b3-5d4a-4c79-a32d-2b54adc02a79,39,0,999,0,0,0,0,1,2
13905bfb-2e5d-4e3c-9349-3309930679f7,34,3,175,1,1,1,0,1,2
6dca0e29-f111-4858-a15a-1db8f9aea514,45,1,176,0,1,0,1,2,2
99897c71-9d1d-405f-899a-4a53569644bd,37,2,13,1,1,0,1,4,2
e5db8009-c7d9-4219-96b9-f4f7e3c2e288,37,1,66,0,0,1,1,2,2
64677275-0977-454e-aeb6-26a95eaddc65,24,4,157,0,0,0,1,1,2
1da3a579-249b-47dd-9d37-96c6dd3188dc,37,1,115,0,1,0,0,1,2
63e6acd4-0217-4839-b964-fc493e71b31e,45,4,68,0,1,0,1,2,2
467bdf39-9793-44fe-a165-5ae34794fea1,26,0,999,0,0,0,0,0,0
8c50fbcc-f349-45c2-8b0a-7ed1312fc841,49,3,83,0,1,0,0,1,2
bae11609-63cc-443f-8ea7-e9099b7b05f2,34,1,45,0,0,0,1,1,2
bbe0dd16-ac00-46fa-88f7-fa93d81acd82,26,2,41,0,1,0,0,1,0
a91f50da-6e43-4e83-9ecb-9de64e2533ef,44,0,999,0,0,0,0,0,0
c655b5a4-1ffa-4e0f-8c01-62076e3f8bab,32,1,153,0,0,0,1,1,2
f1b0fe4a-8c38-4e31-9532-8c962ed28010,42,2,32,0,0,0,0,0,2
adb3c236-5be0-4d01-90f5-4d5245ecab24,32,1,51,0,0,0,0,0,0
4252c183-68a1-404e-a581-ef13f3b7004f,34,1,102,0,0,0,1,1,2
c41ca827-3c55-4ef4-b3b8-32c964f5673c,39,1,31,0,0,1,1,1,2
ea9ec458-d617-4bea-a91d-5c7b7e432b99,37,2,53,0,0,0,1,0,1
9bf277e5-e2e8-496f-9c97-374c08deab4b,18,1,128,0,0,0,1,1,2
ef2d3ff7-54e4-4aa6-8464-0dc5d3d80752,23,0,999,0,0,0,0,0,0
549bef52-f524-41a5-abf1-de11fe2f835c,44,3,149,1,0,0,1,0,2
0732a8e6-b0bd-4778-95a0-6983627110e1,33,2,105,0,1,0,1,3,2
8d9eabd2-f301-4ef1-9a96-2a137979198b,29,1,120,0,0,0,1,0,1
fe5c64f7-9621-488e-b873-7f47005d5f9e,21,2,132,1,0,0,0,0,1
c673ba8e-0b9b-400d-b6ef-5a2fcd9309ad,24,1,7,0,0,0,1,0,1
53810f50-fb0c-4abd-8fcb-bf66f99deb53,18,2,69,1,0,0,0,0,1
155aa550-2952-4904-8aa3-7915c4cfaec1,33,0,999,0,0,0,0,1,2
50abac10-ac4a-4b37-bd5a-e135497c07a7,29,3,9,0,0,0,1,1,2
0fb0440a-90e9-4711-add9-9bcd2685883d,25,2,39,0,0,0,0,0,1
ab7b61d1-cbc6-4e93-add6-d9676c4e9c42,34,1,101,0,0,0,1,1,2
8eabf832-83de-45cf-bbe5-82be9729f69d,38,3,174,1,0,0,0,0,1
c421d244-67a1-4f15-90d5-3a4884a85732,55,3,79,0,0,0,1,0,1
7943258e-7f63-49bf-8b95-87c4303d7a67,19,2,55,0,1,0,0,3,2
07c09e23-3e4e-44fe-b50a-e1122ba86255,46,2,27,1,0,0,1,2,2
cdd19f07-a23a-425f-b168-b47b5192ee6b,44,2,55,0,1,1,0,2,2
5bb52523-0627-4530-a46e-09ae9418fa9f,27,2,0,0,1,0,0,1,2
74749029-0c2a-42f0-9e52-7beb280db13f,37,3,51,1,1,0,1,2,2
b064aee6-4b1b-4086-8a1a-8acfc96a7093,30,2,61,1,1,0,1,4,2
e9fc03e1-7d07-46b7-8d54-8684a4366b5f,36,1,107,0,0,0,1,2,2
847d593e-8211-4763-87ab-79b28bad4bfb,50,2,169,1,0,0,0,0,1
4d4fc935-1b27-4abc-812f-d2a00bcd4e96,41,3,174,0,1,0,1,5,2
5c7f7196-0002-4b81-8294-28919745c70b,40,2,117,1,0,1,1,2,2
b60efd12-0bd2-4111-8195-0a305bc803a4,30,2,102,0,0,0,0,0,1
30e5ea62-d5c1-4ae2-91dd-46f651815ea2,20,2,36,1,0,1,1,0,2
5ccd07a6-8596-4c10-8a24-2ccf7776865d,32,3,138,1,1,0,1,3,2
2e1ac3c7-c25b-4cf6-ae3f-a6c439c4dd38,47,2,28,1,0,0,1,2,2
10f10303-4ea8-48bc-bdd5-1f832741747d,19,4,3,0,0,0,1,0,1
bff400b9-c2e8-4365-83c2-a2771ee8b9cb,24,2,138,0,1,0,1,4,1
047128bb-5557-4fc9-a77f-2e99c1f862c5,36,1,29,0,0,0,0,1,2
9825c84b-d034-4e59-a1ea-bf8ca444f536,25,2,78,0,0,0,0,0,1
4fe53562-734c-4d6d-8c40-2bae5ff1fc60,27,2,78,0,0,0,1,2,2
f6e06982-af23-4f3e-b43f-ecb3ac5f0cfd,30,2,159,0,0,0,0,0,1
7b0b8324-8e40-4eda-bffd-a2c983ee591b,21,2,156,0,0,0,0,0,1
711d7893-f0ae-412d-937c-68c86bbc841c,25,3,112,0,0,0,1,0,1
04d6cbd5-343d-4851-9f9c-66a9213f0696,42,1,42,0,1,0,1,2,2
9f84b4d9-6db9-40e3-9a25-79b9cecf2c76,21,3,84,0,1,0,0,1,2
aa59f892-c1c2-441d-bd15-33e275212ef5,19,3,38,0,0,0,1,0,1
bbf744e2-0577-4805-b472-9f5cce886e43,28,3,138,1,1,0,1,3,2
23b8af32-a12e-49bf-a972-3686770f7f81,42,2,95,0,0,0,1,2,2
d4dc85c1-8f24-4f9c-bd46-fbe4a180e665,33,3,154,0,0,0,1,0,1
a2c1eb0a-e09a-42e2-bf6c-c390f8035ad6,30,2,23,1,1,0,1,4,2
58d3bed6-5c92-4774-9c10-6c674640bfe7,35,3,36,0,0,0,1,0,1
878617d8-1ca5-4738-915e-8ff4266df60f,18,1,64,0,1,0,1,2,2
cf4d4122-e1de-44e0-a099-e43851b7ea5e,39,1,31,0,0,1,0,0,2
08ba6f27-bb09-4240-81fa-31b9291981c8,38,2,52,0,0,0,1,0,1
4f1268f4-f4d9-4889-8f5a-4e682caa731f,30,2,128,1,0,0,1,0,2
09f5b78d-8e70-42d3-b37a-f1326bea948d,45,3,108,0,0,0,1,2,2
3969380c-56db-4b9a-b4d0-5b882ebe10ca,23,3,161,1,0,0,0,0,1
c0c47588-a21e-4f8a-ae2d-84fa2b7c6d22,46,3,156,1,0,0,1,0,2
663a3745-be98-4e43-bec1-cec66c33be46,36,2,5,0,0,0,1,0,1
8a6cf69c-78a4-4a96-a5f2-4e3a5a00d9ae,31,1,94,0,1,0,0,0,2
9d2f4fbf-08aa-4774-a2b2-91f618ec8199,34,2,13,1,1,0,1,4,2
f62d05e3-253c-4db1-880d-ad11452860b8,33,2,68,1,0,0,1,1,2
dfabe42d-387b-4336-a180-62f9b58bd13f,47,3,85,1,0,0,1,1,2
25f8d9ea-4cd3-4428-aaa7-78ea19ae5c11,24,1,50,0,0,0,1,3,2
c2d581a4-cc27-4cb0-83b1-f898f3a12083,27,2,12,1,1,1,1,4,2
133b8fbd-d19f-4833-8a5e-c34930c79b39,45,1,75,0,0,0,1,0,1
1741a2f8-754a-4a20-a840-aed354afa03e,29,3,104,1,0,0,1,0,2
50fe74a6-e0f5-425c-a0fb-a23a00b3b478,44,1,131,0,1,0,1,3,2
94dffe48-e4e7-4064-9d1b-86c2f68f3b41,51,1,37,0,0,0,0,1,2
b2c4cbf3-04f7-4e26-9902-a0a2b5af7b59,30,6,131,0,0,0,0,1,2
f0973f04-8ed5-49fe-a441-605c94904162,41,2,157,0,0,0,1,0,1
00d58a06-f0c5-46e7-b6d8-0127bdd9b419,23,1,53,0,1,1,1,2,2
bbe6518b-b5a9-4988-a7c6-cbfdcd2cdbd8,42,2,64,1,0,0,1,2,2
dcd50ba0-0fab-483e-89a8-3a3d093c4034,36,2,176,1,1,0,0,1,2
f0026964-1bd3-4451-ab19-2207f0e2302e,39,0,999,0,0,0,0,0,0
f0eb474a-df6e-48e7-9170-2e76beaf9151,28,3,169,0,1,0,0,0,2
9644fa78-a21e-4164-b797-5c2cebdb026d,18,2,177,0,0,1,1,0,2
0ff402f2-3b98-426d-b723-32b0539f0035,40,4,22,0,0,0,1,1,2
1a499383-7624-41bb-82ab-121a53420db3,18,3,59,0,1,0,1,3,2
925feb55-69ca-4c1b-998f-d17f19752e94,31,3,159,1,0,0,1,0,2
0929e34f-806d-4021-aa60-aa16ee1a50fd,44,1,55,0,0,0,1,3,2
66b6745d-f233-4106-9276-8174a81ba758,36,1,99,0,1,0,1,3,2
5c1709fc-8d3f-4e30-a4f4-ee383ddc8700,54,5,86,0,0,0,1,2,2
75c3acf8-e2bb-4289-b466-e01138c3ba5b,45,1,33,0,1,0,1,3,2
90a8df04-ffb0-447b-a1a6-763761e2f97d,28,1,168,0,0,0,1,1,2
920ae2ce-89c6-47dc-840e-2205961f3062,35,3,38,0,0,0,0,0,1
fd6c41d0-f03a-4b73-8250-5bfd8f3a3391,34,2,41,1,0,0,1,2,2
e7a76179-6bb9-4903-9563-6347cb3865b5,19,6,65,1,1,0,1,4,2
c7a4734e-1570-429f-9eeb-059e4b12474e,25,1,147,0,0,0,1,3,1
bce4f8b4-22e5-4f38-b2f3-cefa1d30863d,29,4,13,1,0,0,1,0,2
2a154b9a-e59d-4dd9-ba4a-87d78d19347b,18,1,165,0,0,0,0,0,0
6ab37e59-e1c2-42a1-9dd3-3ca4cb6ea210,35,2,36,0,0,0,0,0,1
45005b92-4020-4a8b-8932-58a27960cb9e,32,1,36,0,0,0,1,1,2
e6433fbc-b4e1-4bb9-947d-01b23cab81a7,18,4,115,1,0,1,0,0,1
2cf20a6d-90b3-426e-a36b-2f228c98dd38,39,0,999,0,0,0,0,0,0
2be5ed74-83b6-47c9-b7ce-f6ab3d02222d,42,1,135,0,0,0,0,0,0
b99c218b-4829-4c02-9d96-63092ae508fc,37,2,148,0,1,0,1,5,2
5a038701-b2f9-4e25-ae00-d916f61eae82,31,0,999,0,0,0,0,1,2
7c2e722f-866c-4f8e-a18c-84ca7fb3e4d2,40,1,175,0,0,0,1,1,2
f5c910f2-d3d3-4bba-a7d3-713dd0e018e3,41,0,999,0,0,0,0,0,0
f2b3f4f8-b5db-4ade-9ec9-88964da3f24a,38,2,111,0,0,0,1,0,1
e7550741-792c-43ec-9db1-d7244f498846,26,2,62,1,0,0,0,0,1
a0b87145-49c2-4b50-a375-9a7b2cfb27b0,37,3,136,0,1,0,1,5,2
b10bb2ac-9785-4b51-9a4e-92cecbb72754,46,2,86,1,0,1,1,2,2
134b484f-fbed-4d30-b229-d1807e4c2675,29,0,999,0,0,0,0,1,2
92d5b46c-a652-4928-9b9e-f33f42b6c299,55,1,85,0,0,0,0,0,0
48456da8-bd79-44ad-a647-9f549350b5d2,29,1,58,0,1,1,0,3,2
4f3ccfaa-cd5d-4783-ad3f-2e8875e3de10,35,4,54,0,1,0,0,3,2
b1a64abd-e5f7-4a10-8ac7-d5e53a9f23fc,28,0,999,0,0,0,0,1,2
ee9028a0-d6e8-44c7-9b9f-a613e40ac597,37,2,162,1,1,0,1,4,2
e605b2f2-a674-4692-8b15-464357c3a695,18,0,999,0,0,0,0,0,0
5869773f-c538-42ad-86aa-4672a4fcfd5b,29,1,45,0,1,0,1,3,2
4505ab20-1e60-440d-b966-e3ec14b8280d,24,1,34,0,0,0,1,1,0
5e084467-9793-4341-a51c-f0f4a92e61c3,36,2,97,0,1,0,1,3,2
1a5fb8b4-025b-4a6b-a45e-358a775922c5,44,3,101,1,0,0,1,0,2
4ae6bb9f-e1a3-473a-90c4-f43a0bb10208,41,1,41,0,0,1,0,0,0
93a5b96b-1604-4a89-bf49-48a11cd665a3,18,2,18,1,0,0,1,2,2
03b880c0-8693-4cf6-abfe-947eb596889b,55,1,172,0,0,0,0,1,2
9cc49d34-595d-41aa-805c-15e60c058b01,37,0,999,0,0,0,0,0,0
fa5ca588-afaa-420d-afdb-69f792832bf4,27,2,168,0,1,0,1,3,2
675bb555-3115-415d-b3ba-6084b0464193,36,5,144,0,0,0,0,0,1
f873bf8a-60f2-4316-83af-64eef8ccb7c5,36,3,10,1,0,0,0,0,1
795b8111-348b-44a8-bd19-767d1cc59749,28,2,126,1,0,0,0,0,1
9468d775-1a29-4030-be09-a72d7d894d36,36,3,108,0,0,0,1,1,2
365601cd-52ed-469f-9c42-d78debdfb5e0,28,0,999,0,0,0,0,0,0
dc860106-9eb4-4d62-b369-12ff7af71fbe,30,3,130,0,1,0,1,4,2
8af09b3b-e6b7-4a7d-884b-969be2a8dce7,28,0,999,0,0,0,0,0,0
ea3dc87a-c2c6-40d2-8359-8cbac4670c8a,20,2,23,1,1,0,0,2,2
3fed1883-1b47-4fa3-89ec-9b9898e00513,36,0,999,0,0,0,0,0,0
a7b7e172-7579-4a08-9d50-d14c147fda53,40,2,122,0,0,0,1,1,2
747bbafb-bcce-45b2-a1a7-17951d8e98c9,40,2,25,0,0,1,0,1,2
41138265-23b8-43ad-b06d-0fa1dc0c3179,43,5,68,0,1,0,0,0,2
6b879e06-904c-4c0f-8902-393bd5ade3d4,38,1,151,0,0,0,1,2,2
51136799-730a-4eec-9806-acfd8b099c0d,29,3,171,1,1,0,1,4,2
818fdd98-8cba-488d-8407-38fdba4cfe23,43,0,999,0,0,0,0,0,0
0fb46c90-65b1-4f04-8dc6-a1afd23796bc,21,0,999,0,0,0,0,2,2
b8648982-aa31-44d4-a113-11868f5a7ec6,25,2,75,0,0,0,1,2,2
c4ca9f7b-0a34-4cd4-ab26-77b1380898f9,25,4,35,1,0,0,1,1,2
8e7fe37c-7d47-45b5-8355-fc7a95bb6240,45,0,999,0,0,0,0,0,0
ac21c789-0b48-462c-a854-7f7c7e4b51af,44,0,999,0,0,0,0,0,0
517cb577-2b16-4678-8770-3725d6bf7f1e,39,1,95,0,0,0,0,0,0
16991a4d-43ab-47cf-a5df-9aa060b274ad,45,2,65,0,1,0,1,5,2
eac94475-bb91-48e3-afa9-ee8b8d6b9959,26,2,112,0,0,0,1,0,1
7f45af4f-6fb5-4e0d-95bf-1a7472d3c4d5,38,0,999,0,0,0,0,0,0
d2b488c3-5bb9-4d6a-89d4-15a4b3f3f454,33,1,38,0,0,1,1,1,2
59f476dd-1209-47e5-a607-0a1b654e8264,43,3,141,1,0,0,0,0,1
13cee9d7-14be-435c-9083-5847f82dcb10,33,2,115,0,0,0,1,0,1
bdc66805-d2e1-4009-a34b-3086b68fe9d9,31,4,174,0,0,0,0,0,1
0f6ad0c9-dca1-4663-a10a-e24638d0089d,40,1,137,0,0,0,0,1,2
89c41ab0-bd99-4c18-8149-6a91b4a38520,43,3,54,1,1,0,1,2,2
f10116b9-f362-4a2e-8fb4-61a0d593bcf3,28,1,151,0,0,0,1,1,2
21d7a4f4-1b0d-46f3-9772-7e0ed1975eb4,34,3,125,1,0,0,1,0,2
6b7db21d-c164-43d8-9c6d-5df188c6a143,24,1,39,0,0,0,1,0,1
342f4876-4292-4344-b33b-a1262c282a2f,18,1,161,0,1,0,0,2,2
2f4931d8-7fda-4a93-bafe-8a017f7d86ee,37,1,123,0,1,0,0,2,2
fd8a0226-8ca0-4586-bb8f-24f7e3f93226,41,3,176,1,1,0,1,1,2
a2332eaf-9b6d-44db-aecd-c5116a5213d4,37,2,62,0,0,0,1,2,2
c4830cd6-ad21-4e22-8777-ef27248ba181,18,2,104,1,0,0,1,1,2
906c1ecb-95f7-4e40-9d4c-e8dafbfdba59,31,2,8,1,0,0,1,1,2
3ce7cc79-c88a-448c-9ffc-7010d8f82bb2,18,1,174,0,0,0,0,0,0
ca805d4c-e4de-42ce-b683-ff8c0d774de1,48,4,172,0,0,0,1,0,1
1e7414fe-c1c9-433f-8f99-8793d26b17c5,24,4,163,0,0,0,1,1,2
cbbd8b62-b4cc-43db-8138-d8670d5c1a2a,47,0,999,0,0,0,0,0,0
8597d74f-9b4d-4596-9d55-fb2c1d07164e,44,2,138,0,1,0,1,4,2
7ec90729-5d13-46f8-ad66-5b432fda89d9,25,2,84,0,0,0,0,2,2
dd82a86d-6051-4885-b116-92bab116af0d,23,4,112,0,0,0,1,1,2
a049cc1d-5c6c-4a36-9745-bfb524fbac48,38,4,23,1,0,0,0,0,1
d41b3ac2-5d5a-4e4c-8b12-f4cb52ad1cc2,26,1,0,0,1,0,0,3,2
03c7ff10-6b54-463f-9116-e6b2e1ef568a,36,3,60,0,0,0,0,0,1
c53551c7-d940-4911-8b99-8c8559c4d74f,30,2,84,1,0,0,1,1,2
1b2f6bae-ce8d-46e7-8426-dca77226e074,18,3,20,0,0,0,1,0,1
a372e617-e8d3-474e-9318-4e670e19d2a5,18,0,999,0,0,0,0,2,2
fc8e18b5-28f4-4aaf-aea2-ce9424ad5567,37,2,99,0,0,0,1,2,2
075be6ce-2b93-43d6-933f-85b805f5ccea,29,2,57,0,0,0,1,1,2
88e1c0f6-68c0-4274-b45e-b00c666fc216,29,4,134,0,1,1,0,2,2
1d2176b3-f376-4e1b-ac12-108bd7867a97,41,0,999,0,0,0,0,2,2
9663442f-1398-4121-b7f7-fc1b5cf2ad04,46,3,76,0,0,0,0,0,1
e4252d74-31a1-4ac9-9934-c64b378d0ec2,32,6,122,1,0,0,0,0,1
7a094690-9cc3-437d-a485-a0835018b95a,31,1,135,0,0,0,1,1,2
63c5470d-dc2c-4bfe-9a76-14d53a38c8ce,40,3,116,0,0,0,0,0,1
baedb8ae-6bc7-4483-b2ef-4ff4ad1291c5,21,1,59,0,1,0,1,3,2
c2ae13a6-246d-4d55-b6cc-46d7ddb69f9d,37,3,161,0,0,0,1,3,2
bc02464d-224c-4478-85fc-cec26999e919,40,1,85,0,1,0,1,4,2
201c0d49-6919-4346-ba98-961f789a3f54,41,3,113,1,0,0,1,1,2
42137b6d-677e-4816-89ce-060a5e17dc8f,18,2,8,1,0,0,1,2,2
03302870-529f-4038-b2ab-cf5c317c7b7b,27,4,72,0,1,0,1,4,2
a48e6ef1-f861-4526-932e-881cac58aa60,26,2,127,0,0,0,1,2,2
e8dc32d8-acf9-4866-b5a9-77364b3a04e5,35,2,172,0,0,0,1,1,2
3015af8d-094f-46f9-8e00-f137454f2111,39,1,81,0,0,1,1,1,2
a2ea7a38-4dcd-4324-ab0c-ba4d396c74da,49,0,999,0,0,0,0,0,0
b7b59d81-e3e3-4ae4-b508-518fc74a5172,30,1,6,0,0,0,0,1,0
d38a0cd0-7b0c-4cc4-8043-0517e2d5b9c8,30,3,102,1,1,0,0,4,2
767bd7e0-8a20-41cb-a115-72ce473b8bd0,46,1,50,0,1,0,0,1,2
c9a32a4a-66cf-46bc-ba90-bee074235612,37,3,143,1,1,0,0,3,2
5517c9c6-14fd-414b-a1eb-1389e0361604,47,2,91,0,0,0,1,0,1
afb23b4a-f4a3-4bf1-8857-b5ec9645ed48,37,2,24,0,1,0,0,0,2
af15759f-f15b-40bd-b94f-1163600b724e,23,3,21,0,1,0,0,2,2
1258648f-94de-4973-856d-f5812072a202,21,3,33,0,0,0,0,0,1
4f0313d8-ec14-40ea-9897-683b802e6bc9,19,3,142,0,0,0,1,1,2
c1ee449b-65fb-4177-b571-2f50494e4658,41,0,999,0,0,0,0,0,0
4271c79b-ab47-4731-94f8-f1a52c7f556f,46,1,15,0,1,1,1,3,2
5347d870-272d-4b5e-a5bb-6db54fe53114,53,0,999,0,0,0,0,0,0
7f2c6fd7-23ef-4f19-80e2-ce3ae29e399e,43,2,85,1,0,0,0,0,1
a5143b2c-0b6c-4133-8930-8febf75ba6d2,46,1,92,0,1,0,0,2,2
5ea756a9-b98a-4b1c-84d8-c8381f99f7e9,29,5,159,0,0,0,0,0,1
bef50aa3-bc95-40cd-9fff-13c8afd5751b,23,3,170,1,0,0,0,0,1
14a9c2fc-af50-4c3f-bb91-61c31ffce587,43,2,87,0,1,0,1,2,2
90cef3c7-618d-4104-975a-a1567731ea7f,39,2,104,0,0,0,0,1,2
11a63238-f0d9-44c1-942f-5085ae833e2c,36,1,49,0,1,0,0,2,2
011a42a5-6b4f-4dcb-938d-58889907f207,38,1,37,0,1,0,1,4,2
b2acb020-f5e0-4c9d-9ce9-77c4814f68b4,38,1,22,0,0,0,0,0,0
7a31a683-eb95-407e-9228-906672278c1a,47,0,999,0,0,0,0,0,0
1d739949-39b8-4059-bf16-11ee7197d2fa,47,3,35,1,0,0,1,1,2
8b52032c-65ef-42b6-b50e-fdb358745e65,40,5,177,1,0,0,1,0,2
431cb948-f907-4deb-ba80-540da0cf8ceb,43,1,97,0,1,1,0,2,2
64c53590-3532-428a-aec5-135afa36a119,40,3,140,1,0,0,0,0,1
14639c76-1fb9-4484-9ec7-f9e866723b3e,30,2,96,0,1,0,0,1,2
d5b4b560-2996-4b8e-a854-6a7ee2e81961,42,2,104,0,0,0,0,0,1
a0dac354-229d-4859-a98f-aa76e72ee632,21,0,999,0,0,0,0,0,0
3471a595-fc81-4041-902d-b6a827783814,45,0,999,0,0,0,0,0,0
edfa7d74-9ec1-471f-a4ab-495fbaee35a3,23,1,116,0,1,0,1,3,2
665cc0e8-6389-4703-9cf8-23b424178c98,37,3,35,1,1,0,0,2,2
fa8c7376-bf3b-4c3e-af3a-2cfcc58aee21,26,3,125,0,0,0,1,0,1
c1df27ee-0a64-467d-b21e-4638f0cedc55,40,2,53,1,1,0,1,2,2
ded0b42b-bbf1-4a94-9e40-4e8937bdb28d,34,2,78,0,0,0,1,1,2
6d001498-34ec-40ac-9c2a-6df4c1ee7d21,19,1,59,0,1,0,1,2,2
e5d88884-2ce7-4eba-a1c9-cd37f6f84c1e,39,3,141,0,0,0,0,0,1
18203a97-aebd-4b12-8829-38ec54282606,29,2,126,0,0,1,1,1,2
f96a6617-9d8b-4592-a450-5b50a556f41f,43,1,59,0,0,0,1,0,1
3a814a92-9fd5-48df-bef3-67b942bb6d52,35,1,59,0,0,0,1,2,2
3aa83f02-a4ce-4c4e-8930-c6b65dd8b8e5,38,2,21,0,0,0,1,0,1
5e219ec5-fc29-4975-9de7-25a969353952,25,5,64,0,0,0,0,0,1
5db815ae-edf7-4d99-a8ee-720f022902bd,29,2,158,1,1,0,0,2,2
e0b34325-bcd0-4117-8d98-4e17e3fccd5a,30,2,118,0,0,0,1,1,2
87e7bad7-8980-42b4-aae3-efd025451c0e,43,2,110,0,0,0,1,0,1
6560a692-2d7f-4530-802f-a05b8897bb2f,51,5,101,0,1,0,1,4,2
9d3030f0-ec55-46d1-8d7c-12427cc3829f,26,0,999,0,0,0,0,0,0
67aec8bd-ba6a-4b65-a43c-bfdeefb61924,45,1,124,0,1,0,1,2,2
d9968563-89e8-4012-8c98-7c07935a44f5,18,1,85,0,0,0,1,3,2
bd3d8452-959e-4c4e-86ff-3e3c3b57384f,23,0,999,0,0,0,0,0,0
e4b30193-576a-4aa6-be7e-3ea34753e651,25,3,113,0,0,0,0,0,1
74d206cf-c367-4255-99b3-5da880643fe7,21,1,103,0,1,1,1,3,2
2f0bbda2-9adb-46d0-ad90-99786ab07031,19,3,6,0,1,0,1,4,2
6a31a83c-fa7b-4bae-8da6-db0bcf4cddb8,39,1,154,0,1,0,0,2,2
d1ae83bc-f7c4-487a-bae9-943b57edf36f,32,2,172,0,0,0,1,1,2
5bb857d5-964b-4520-afbe-20783d5a8251,38,1,98,0,1,0,0,2,2
5534976f-bdd9-4742-92b1-00b494bddbcf,41,5,101,0,1,0,1,5,2
e314c2c0-5b22-4951-b187-d1289121da5d,37,1,166,0,0,0,0,0,0
956cacbb-c004-437d-a2ab-e06c6c1fcd48,41,5,92,1,0,0,0,1,2
9b3bf127-f029-44f3-86a6-9d321862aef3,34,0,999,0,0,0,0,1,2
b54bca6b-bca6-47b5-9477-c77a886e8bf2,23,2,81,0,0,1,1,0,2
daa6a73a-8b4a-4c86-bc04-58f65de32f98,45,1,89,0,0,0,1,1,2
1c003647-5c0c-47e4-a38b-24c0cbd95283,29,2,54,0,1,0,1,5,2
0bae68e8-15e3-4631-a1f9-c9de5a44208c,25,1,1,0,0,1,0,1,2
06662303-0931-4e85-99a8-17c76eaaba33,33,2,94,1,1,0,0,0,2
5a32bdb6-54da-45e2-8c06-e62f36f41b9f,25,2,152,0,0,0,1,1,2
41568759-bac1-4916-8748-ac869a3e2586,30,1,88,0,0,0,1,1,2
6b882f83-3121-4de1-a68b-e5d67b0acfe6,38,2,159,0,0,0,0,0,1
280612d7-9c0c-4024-8f07-8dae9168cc5f,38,5,21,0,1,0,1,3,2
83d57fe1-765e-4ca8-96e2-f2723d935a48,26,6,179,0,0,0,0,1,2
17898e93-93da-45d8-ab82-96e3f23d45dd,30,2,20,0,0,0,1,0,1
d31ae57e-cfac-4717-b9ec-9751bbcfb999,45,3,14,0,0,0,0,0,1
7a9e5443-52dd-44d2-8e45-39ce94ba77e1,39,2,10,1,0,0,1,0,2
507c6740-0980-4648-86e2-af16f939d290,55,4,45,0,1,0,1,4,2
c6e4fe94-f376-4e23-9ac5-e043b0ddbd45,46,4,70,1,0,0,0,0,1
dae6bff4-5c89-4f28-b13d-429e8e2b6313,46,2,126,1,0,0,1,2,2
f0f86c73-69bc-4f08-a09d-a1610d496ac0,21,1,157,0,0,0,0,0,0
a9604079-967f-4d24-87d8-e21f058dba1b,42,2,141,1,0,0,1,4,0
56d871b3-3830-4699-a25b-8edf70ab293e,34,2,39,0,0,0,0,0,1
d971fa17-5ba3-4e7d-9516-2bc57ff74a2b,29,1,118,0,1,0,1,1,2
961573c1-f229-4b07-91c7-5c654f26d853,36,4,69,1,1,0,0,0,2
5e54854e-2e0a-468b-802a-77c1a24e1267,44,2,177,0,0,0,0,0,1
186ff924-a005-425e-9809-5d51c1498e8e,40,0,999,0,0,0,0,1,2
66ffb930-cd4c-4cec-bde3-c40095c31c00,26,3,71,0,1,0,1,4,2
d774de54-d0d8-43c1-b5e6-203037d3e3c0,42,1,35,0,0,0,1,0,1
6758c09e-eb3d-4357-bfa1-e44da7545c48,28,4,55,1,0,0,0,1,2
62993c45-5048-4b43-97b9-a02dcfd67a07,37,2,139,0,1,0,1,1,2
4c98a579-58a1-49f3-bb4d-5ed85722fd5d,31,4,76,0,1,0,1,2,2
6d9f0dcb-2e8d-4de8-931a-cd62b9425f1d,32,5,18,0,0,0,1,2,2
41bbe327-c362-432c-969c-0e49cb34449c,42,2,149,0,1,0,1,4,2
6e0cfcb4-a6da-4043-a61b-6e606c3d88c5,24,0,999,0,0,0,0,0,0
02a81fe6-da9e-4d76-a566-1297c226446d,54,4,31,0,0,0,1,2,2
b982a47e-2ee2-4c73-95f3-bc333a35a027,18,1,37,0,1,0,1,1,2
5bf05724-f448-4f79-af8b-fde0c7921d6d,29,3,37,1,1,0,0,3,2
7e048e9a-bb4c-4f95-a879-9d61cd3bb1b5,38,3,79,0,0,0,1,0,1
ac1ae29c-6f75-443e-af16-005dc547eeda,40,1,11,0,0,0,1,1,2
3ed9811d-7c0f-4d75-b23a-2706ea706ebb,33,4,100,0,1,0,1,3,2
9704ab67-2adc-4f30-8b8f-cc7b7d23a8d2,34,3,45,0,0,0,0,1,2
f7aa5079-98cb-42bd-b568-712957fa529f,39,1,79,0,0,0,1,0,1
9791f851-7c9e-4706-b508-4c7a647976d8,32,1,68,0,0,0,1,0,1
40c15f96-15ca-4c0d-86ae-71ae582581e9,48,4,70,0,0,0,0,0,2
d1ce7647-cdc0-4b69-9d87-1048dace4e5f,43,0,999,0,0,0,0,0,0
15d36da5-4bb1-421f-96c4-9f8c78e4cfda,43,2,76,0,0,0,1,0,1
227450e5-6931-4976-930f-1e0603824473,25,1,45,0,0,0,1,0,1
e3a059f6-e9b3-4f5c-b4c5-ed6bd362310e,34,1,144,0,1,0,0,2,2
0c398e95-8d1f-4d0f-974c-3bc5b04b3389,31,3,125,0,1,0,0,2,2
a36a835f-7729-4145-b60e-8fbebdb58881,24,4,134,1,0,1,1,1,2
f9bfb296-1caf-4b14-bf25-b02f383a2a52,38,1,105,0,0,0,1,1,2
61798f56-0b73-4a27-b15b-a353da93d9e7,29,2,63,1,0,0,1,1,2
79eaf2be-eec9-4ad4-858d-38538fbfbf2f,41,0,999,0,0,0,0,0,0
513c3c49-0e23-4419-b010-de4f44dc73da,24,2,108,0,0,0,1,0,1
fc0608cf-6fb4-42a5-b5e7-7216ab010f79,52,2,124,1,0,1,1,1,2
92945293-5131-4189-a9dd-9737040bdaff,26,3,169,0,1,0,1,3,2
3594f873-1061-40bd-a272-4f269d6c6afd,37,1,118,0,1,0,1,4,2
d62f2f5d-a49a-40b5-99c8-680b0b034ed8,42,1,52,0,1,0,0,1,2
f1cb559e-6bc7-42e6-b872-c388bc3a31cf,29,2,141,0,0,0,0,0,1
0f958fff-73e8-4c45-b9f9-132ed676fd63,43,0,999,0,0,0,0,1,2
996d4b66-9a1e-4346-b216-91ace4abdca1,22,1,12,0,0,0,1,2,2
c7c28cc2-a239-4df0-829a-ea6b26097b03,49,5,71,1,0,0,0,0,1
18ab8e56-e17c-4376-8ed6-a8c5ad60a7ed,35,2,51,1,0,0,0,0,1
6e9f3279-6b65-48ce-948a-788a6391c134,29,3,160,1,1,0,1,5,2
72736acf-0bd7-4f77-a180-873ca79fd242,32,3,100,1,0,0,1,2,2
ebf12bbe-e7c7-4b65-bd04-a62b1a969e19,43,3,147,0,0,0,0,1,2
1f8866a3-0368-4131-b7e2-70c266e950d3,29,2,67,1,1,0,0,1,2
f92e0c77-7b6c-415b-b409-23f015fa7def,27,3,128,0,0,0,1,2,2
381c3674-9044-4905-a24d-75b7111e3b7f,32,2,110,0,0,0,0,0,1
f410480d-d47c-4134-95e4-87a92302a984,23,2,74,0,0,0,1,1,2
93c705e7-e1d1-4ed3-8dbb-de34aa8b8d39,53,3,164,0,0,0,1,1,2
346bee8d-023f-45ea-b2ce-a614e3ae91c5,29,0,999,0,0,0,0,0,0
60b270da-44af-4f73-a392-ba18422e60ec,43,0,999,0,0,0,0,1,2
835f7ce9-1e18-47e0-b908-c6f699eeddd4,37,3,147,0,0,1,0,0,0
2621faef-a8fc-4c59-9fca-9347b334a8e5,25,1,34,0,0,1,1,1,2
7487fbeb-7a05-4960-86e8-8e9de6666a08,34,2,167,1,0,0,1,3,2
9fa4aabe-e756-41a4-8d90-db81555fe573,42,2,78,1,0,0,1,1,2
bb25628b-3e72-4201-888a-23c99eb594af,33,4,140,1,0,1,0,1,2
86034031-c3a5-495b-9bb2-5fe2143d876c,46,2,89,1,1,0,0,1,2
0156b3f3-285c-4242-881b-8be8f6be0133,45,1,150,0,1,0,0,3,2
08b32dfc-3ac6-4165-83f8-bb3e77cd9fd3,44,1,12,0,0,0,1,1,2
4188aa72-09f3-44fd-ad98-1968892f7080,30,0,999,0,0,0,0,0,0
327bf579-5a9e-42dd-9692-98a632110f54,24,0,999,0,0,0,0,1,1
6de2f7c6-bb71-480c-b0b8-28479e6dc108,28,0,999,0,0,0,0,1,2
ee9b2d30-efcd-4664-bca4-92308cd5d0e1,36,1,77,0,0,0,0,0,0
40e6dccc-651e-41d6-b610-3cbeaa34b304,40,0,999,0,0,0,0,1,2
f44c9233-0b49-4b5d-a108-bb6796076642,18,2,97,1,0,0,1,0,2
64ae76fd-00a2-408d-8b50-9cc88ac871d2,34,1,115,0,1,0,1,5,2
4a6ffce1-4fd7-4f16-968d-2163f2d41ba0,36,2,92,0,0,0,1,1,2
6b78b022-b462-4b5b-afdf-5fd272993b6f,32,4,26,1,0,0,0,0,1
9d8fcaaf-bcad-49d3-9b34-23c9d6008b1c,47,1,165,0,0,0,1,0,1
8d37b306-0246-4c3a-8dfc-2b1e7c375d11,39,3,76,1,0,0,0,0,1
ae7e7fac-9fa2-43bc-b0d3-89f9782edbd5,48,2,66,0,1,0,1,2,2
1df45230-8126-436c-844b-d450b684fecc,32,4,102,0,0,0,0,2,2
ad719b6f-86ec-4ad9-a493-447cb376f821,44,4,101,1,0,0,1,1,2
784dbde0-d1e0-4c21-87a7-8f30d7ad961c,51,4,58,1,0,1,1,3,2
39447c9a-024f-48dd-b5ca-974ed42c563a,48,2,79,0,0,0,1,2,2
c5aa5827-4117-4985-b0d5-2134c5eb3145,24,3,158,0,0,0,0,0,1
d552bc1b-6b70-4900-ac38-80d167ba2a4d,32,2,85,1,1,0,0,1,0
451ea088-f444-4c7f-9189-fa7c49571727,31,0,999,0,0,0,0,1,2
203fd51d-acaa-40de-9030-80f14e841e8b,39,2,68,1,1,0,1,3,2
a53cc048-3f54-4465-a486-fe44a47e0e78,41,2,78,0,1,0,0,3,2
5b75c47f-2bff-40e8-825b-ab23e02ac104,26,4,14,0,0,0,1,1,2
4dd6d127-ee8f-40d6-a33e-ad3d8ef308ab,35,3,154,1,0,0,1,1,2
d9c4ed60-494a-494a-be4c-81c6a5f8f916,18,0,999,0,0,0,0,1,2
c4970a4a-6319-4ff2-8b0b-14b3fc24dd66,49,1,145,0,0,0,1,2,2
37fa6600-fb17-4654-a0d0-78e5bc4bc62a,29,2,9,1,0,0,1,0,2
07530d8f-d2ac-4764-8d7e-a42b58ec66aa,35,3,159,1,1,0,0,3,2
a3f16171-a6da-4d90-a250-8767babce989,31,3,127,1,0,0,0,0,1
55e78fda-114c-4660-be1f-d8e7d6466e0a,46,2,157,0,0,0,0,0,1
d06e5ba6-41d2-48d3-97ca-919ba6904afb,18,1,179,0,0,0,1,1,2
d17f1be6-5cc9-43a5-96a1-855c00abbedd,34,1,56,0,1,0,0,2,2
68b770a9-94ef-46af-af70-5a35082d7475,33,2,173,0,0,0,1,1,2
6381f613-d1d5-4ee9-b667-4a13c017d3dd,30,3,2,0,0,0,1,1,2
6b55cc12-1c3d-472e-9e9b-29c313c706b7,52,1,62,0,0,0,1,1,2
4937febd-03bd-4845-8c6c-ea5cee278880,26,1,171,0,1,0,1,3,2
0fe889a5-706c-4948-bd33-504639829dcf,42,0,999,0,0,0,0,0,0
15c446b5-6361-4f8d-bcdf-6fb85efff453,38,2,97,1,0,0,0,0,1
7fee04ca-3c15-4b1e-b7ee-0284f5eb70fb,47,5,124,0,0,0,1,2,2
b31df05d-3d5a-44c9-b12f-eff476edaa66,28,1,54,0,0,0,0,0,0
15b97b0a-4999-49b6-bee5-b72582bec67b,27,2,57,0,0,0,1,0,1
3b58a578-f08a-4c88-b5e1-d8b020e7f0b7,45,1,61,0,1,0,1,3,2
aff09cc4-58a6-4d0a-9e48-10e54eb6df3d,39,1,6,0,0,0,1,0,1
5114fc0f-3a41-432e-a712-60ce38fb6b77,19,1,18,0,1,0,0,2,2
612bf0f0-0a58-4ed2-ad60-5f761ba82579,29,2,117,0,1,0,0,4,2
8793402f-dafa-4273-9e1b-7918bcde5c74,38,2,18,1,0,0,0,1,2
8335fe19-78c9-4914-8f7c-8eddcb4d5614,43,1,80,0,1,0,0,2,2
99e0d167-57fe-4e69-9e31-49261a616a3d,28,0,999,0,0,0,0,0,0
89b5013c-af6d-4073-bdf5-dc4d2eb76235,18,0,999,0,0,0,0,0,0
b41cd141-ca70-4484-a811-ae6a17f8294b,40,4,106,0,0,0,1,1,2
3004a83b-9027-4808-b3e3-5c3f0c8fe3e5,22,3,0,1,1,0,1,2,2
8b72466c-4a4c-4593-9fad-1a5f966b04d8,18,3,81,1,0,0,1,0,2
a8bb0af8-b211-48dc-bad5-608d43227504,18,2,23,0,1,0,1,3,2
7d9c2ebc-006b-454d-850f-8c43d54e2f31,43,1,157,0,1,0,0,0,2
fa572a69-1655-4ba4-a5e9-9c44ffc15466,36,3,154,0,0,0,0,0,1
48cea547-617d-4067-951a-bd97be512184,32,2,179,0,1,0,0,4,2
ca386f45-37d6-4197-8f2b-72421bcf0b5c,48,2,26,0,0,0,0,0,1
db76649a-09aa-4aad-a1a5-0aec4ce38787,41,3,66,0,0,1,0,0,2
81c7422c-4e05-4140-846b-8c673f77a3fc,51,2,116,1,1,0,1,2,2
c49b077b-7ce4-452e-93fa-ee9204c4609c,21,0,999,0,0,0,0,1,2
d15ee29d-56f0-490a-acf8-eb4ee92cdae5,34,3,172,0,0,0,1,0,1
4bd9221d-df05-49cc-8219-729d03f7203a,18,3,127,0,0,1,1,1,2
da9c4ff5-c9b9-4774-9dc3-c598efc1737f,32,2,128,1,0,0,1,1,2
f4192191-905f-4ca5-9e61-0783ce1453a7,32,4,43,1,0,0,1,1,2
1cc50e11-0984-498f-9404-b8bc4c96b6f4,41,0,999,0,0,0,0,0,0
36dd5b36-d0d6-41a3-9d82-359de99d5f1e,35,2,89,0,0,0,1,2,2
141135bd-b27a-421c-b826-b7d3a08776d2,41,2,102,1,1,0,0,1,2
ab2fbc6d-082e-4251-8882-526b053d9c32,42,2,3,0,1,0,1,4,2
fcfb697d-397d-4300-bb17-3d3622dfe33f,56,3,160,0,0,0,0,0,1
dd40a28a-1759-4112-9241-c858e839bcd2,31,0,999,0,0,0,0,0,0
bc4f12df-a264-4e6b-a930-9a2c1130d75f,25,0,999,0,0,0,0,0,0
10d308ba-1d6b-4f1f-b588-cc251c3e756f,37,0,999,0,0,0,0,0,0
8724d865-9fac-4392-aa74-a87a14c7a56b,26,2,51,1,0,0,1,2,2
d7074c1b-8747-457c-b96a-df5075853e39,49,1,10,0,0,0,1,3,2
b4bd1b8c-04eb-42c5-b637-f9e58f27c235,32,1,130,0,1,1,1,2,2
3319c988-8419-4d33-9c66-6f7bd70b3d55,29,2,17,0,0,0,1,1,2
ebef465d-0c53-426d-9b46-8c4b0dbef0a0,30,5,29,1,0,1,1,0,2
8ebf16d8-a940-4df8-a8af-772e3453635b,42,4,173,0,0,1,1,1,2
46ffd44c-230e-406c-b012-05fb62a5bfb4,33,3,93,0,1,0,0,3,2
dc95d9fc-4605-40d8-8953-0f78b28ffee6,28,1,144,0,0,0,0,0,1
96f5c1a5-ccc5-4c16-8aa7-556e5f2cc1a9,51,1,166,0,0,0,1,0,1
0ba08bdc-84c4-4457-8c86-2d191a4fcf9a,26,1,79,0,1,1,1,4,2
5bd304f9-8a9c-4120-b6d6-30ead009e7b1,35,3,32,0,1,0,1,3,2
6b380f81-d2f1-48f9-98cb-5041a6270b68,41,1,110,0,0,1,1,1,2
710ddd8e-790e-4c42-8b48-0af2dea18613,18,0,999,0,0,0,0,0,0
85942888-ac68-4083-98fe-0bbd54525c6c,39,5,132,1,0,0,1,1,2
83949dad-532c-44be-8dfa-5187d468ad5c,24,1,163,0,0,0,1,3,2
6b4a1068-c47e-4983-8e03-a98abcb46f5d,43,2,2,1,0,0,0,0,1
d6135a8e-7b35-47d7-8d0e-26c3ade537ab,25,1,103,0,0,1,1,2,2
c01a8d10-60ea-487a-a9d5-fe3357ebeee4,41,0,999,0,0,0,0,0,0
efc82531-3388-4131-8b96-004524632dcf,46,0,999,0,0,0,0,0,0
c51e30f0-e718-44d7-8753-057bb405aece,43,0,999,0,0,0,0,1,2
506895eb-68a9-4082-b7b4-6509007a971e,37,2,165,0,0,1,0,0,2
d615a01a-53bb-490e-8d2d-58bb9c48d1bb,32,2,132,0,1,0,1,4,2
8c226c27-9787-4188-abe4-f5d51145c33c,29,2,173,0,0,0,1,2,2
f482144b-f398-4d5e-8eb5-5352f48e09a9,49,2,59,0,0,0,1,0,1
fcdccc95-3bb7-4384-ab84-07790cbdca59,28,1,82,0,0,0,1,2,2
829407b0-af63-4fd5-bb46-6d91ce0c0940,24,3,74,0,0,0,0,0,1
4b3731be-b8a2-4e45-8330-022ecedae0cc,41,2,6,0,0,0,0,0,1
e884ed98-6488-4105-88b6-e8352aa859c5,27,4,140,0,0,0,1,3,2
5bf7f3b2-08ed-48d1-8e70-85be59af0218,25,3,114,0,0,0,1,2,2
b344e18a-3323-4741-9d44-39e8e73724f1,20,1,152,0,0,0,0,0,0
a2cedf45-bc49-4bcc-8fc7-f6ceecae9d3f,30,1,111,0,0,0,1,2,2
7988308b-cac5-4ef6-bdcd-fea3d408612d,34,2,139,0,0,0,1,0,1
0e728bb4-ba10-47aa-b5e1-dbdeb0ef5d69,37,3,30,0,0,0,1,0,1
11ea513f-4169-47c8-b7ba-41f8b8f0229b,44,3,14,0,1,0,0,1,2
378bebac-a919-4c46-9ce9-315f327dfcc8,40,2,96,1,0,0,1,0,2
9a633657-c5e6-4614-98f8-2ae88cc69a65,33,0,999,0,0,0,0,0,0
391211a6-0da4-4c55-a938-bccc264110d5,33,1,102,0,0,0,1,1,2
6280041f-91ca-44a2-bf5d-50a163c40652,40,3,159,1,0,0,1,1,2
51741985-93f1-4569-b4e6-486627609d08,47,4,8,1,0,0,1,1,2
a26195de-3fcd-4a0d-a114-cd5ea3842335,36,2,51,0,0,0,1,1,2
eb696492-f496-4dba-82e8-e6ccc841f771,30,4,168,1,0,0,1,0,2
a5927ca3-047c-49dd-aca8-73a9810348a5,25,3,139,1,1,0,0,1,2
5117e3ef-b9ec-43e2-8866-b864b6cfb0cb,20,1,82,0,0,0,0,0,0
2dc57cc5-cba1-4671-a60f-8ca69478dea7,41,2,11,1,1,0,0,1,2
f842b002-6a2e-49a3-b0fc-c590f3be3b80,40,3,87,1,1,0,1,4,2
03cc151c-cf93-47f6-a43d-9bc3c13be3e2,40,2,72,1,0,0,1,1,2
c644b8fd-8af9-417d-b455-46dd18429e17,33,2,139,0,0,0,1,1,2
06c4ee1f-3dc0-46b4-b626-a375347b3b41,49,2,108,0,0,0,1,0,1
b7593e38-14c8-49b1-baf2-78bdba0b651c,30,1,36,0,0,0,0,0,0
f4f32f44-f4a3-467b-a3d2-d36e47041887,44,3,132,0,0,0,0,1,2
14204c7c-a8dd-452a-8810-508280f28b1b,34,4,8,1,0,0,0,2,2
3f69e693-8b19-4940-8f65-602892f2cd56,28,1,147,0,0,0,0,0,0
ccb0c438-52f6-4425-8f13-6464889a58f2,40,1,69,0,0,0,1,0,1
3e7692c8-4112-4b2e-bab8-79d7edeccc5d,39,1,113,0,1,0,1,3,2
abb2c3d8-bc2c-434c-b431-1055f5008cd5,38,2,125,0,0,1,0,0,2
7589cb6f-c3de-4282-8e64-e8be787519e0,35,3,140,0,1,0,0,4,2
b30d61f5-619d-4ea0-82a6-90d8b3e454ca,34,2,79,1,0,0,1,0,2
0d63a9de-e7a4-42dc-a06c-5be785c29ca2,58,4,132,1,0,0,0,1,2
c4c5a0a6-436a-4ab2-83c8-f339f8cc61b5,46,2,117,0,1,0,1,1,2
c4a55f85-7fbe-4341-bdea-761edcaa9bc5,42,1,170,0,0,0,1,2,2
297d1e35-99f6-4e17-8b3b-6946b708114f,36,4,80,1,1,0,1,4,2
a6f49325-362d-43a1-b4c7-1566d6de5d0a,45,1,61,0,0,0,1,1,2
d8c3b1d6-afb4-4e64-9e43-94f70a12ed05,40,2,9,0,1,0,0,2,2
03fb6b7d-d862-42a0-bf40-d9b63eca58df,35,5,157,1,1,1,0,3,2
3cae88ab-d601-4ff2-baf9-5b1ff2387f79,31,0,999,0,0,0,0,0,0
ae287cab-442a-411f-a990-4ca61e223c22,34,2,138,1,0,0,0,0,1
d2e04202-b649-4c4a-86cf-2dc1755dc1f1,18,2,50,0,0,1,1,1,2
28adb83f-3e54-4b77-a70c-db6ba55b89b2,37,1,63,0,1,0,0,0,2
a787c000-01cd-473f-ba66-dfc31cd6ba4f,30,4,30,0,0,0,0,0,1
d9755821-1c23-44ec-9cca-9e9b6a94a84d,50,7,111,0,1,0,0,2,2
a59aaf59-8843-4223-9b5d-0fdcff9dd723,35,5,0,0,0,0,0,0,1
4f4bc00e-1fe3-436a-a5fd-cfba6466e5ad,23,2,88,0,1,0,1,4,2
f7fdcea7-dda6-4d5b-80a2-24841bdade0c,34,4,91,0,0,0,0,0,1
2d49f8bd-97b1-4f62-88a0-229f514b1b73,24,3,50,1,0,0,1,1,2
d42c3fa7-d476-4ca7-bc21-0aab2dbe428f,39,2,92,0,0,0,1,1,2
10a281e5-90a1-45f2-b0b6-0616ca597556,37,2,149,1,0,0,1,0,2
25a5c9cb-e84a-4d69-92f1-94fd9214743f,44,1,45,0,0,0,1,1,2
17a73fdb-e627-4278-a00d-37cfeb9413ea,27,2,144,1,1,0,0,2,2
4f0b2432-85dc-4c3d-bf78-c7a30715c35f,35,5,12,0,1,0,0,1,2
a9dd052d-1aef-455b-9d89-fec4034d085b,21,0,999,0,0,0,0,0,0
025359ba-cf98-4730-b0d3-fe53ba7f3afe,42,0,999,0,0,0,0,0,0
f2eee67b-0681-4842-8248-2101253e84ea,40,3,114,1,0,0,0,1,2
5bf6bb51-790b-46f3-bbe9-8cf38d4089e1,39,2,75,1,0,0,1,0,2
5d9c4a8b-0ec0-4790-8f39-d9fdf7e06f87,35,2,112,1,1,1,0,3,2
aef5e622-4aa1-4bcf-afa7-c579bd15a852,39,4,38,0,0,0,0,0,1
b9d386e8-9910-4ecc-9bd2-e82f91e5131a,51,2,18,0,0,0,1,1,2
cbd318d7-06d2-45b9-83ee-d420c4e0abf9,32,1,60,0,0,0,0,1,2
ec945ab5-c752-4bd3-b7c9-e0ca353c2539,36,4,95,0,1,0,1,2,2
cc445ffd-5309-4dfd-9fe9-7ddc0f98f8c0,24,0,999,0,0,0,0,0,0
54af1026-a4ef-4e8f-94c1-6ebdf33fc0bd,26,3,56,1,0,0,0,1,2
d73614b5-82b6-431e-88b3-5c5b3478204f,35,1,46,0,0,1,1,0,2
7f527a5b-495f-4bfe-b0ba-a26757d07e2d,46,3,78,0,0,0,0,0,1
adda2289-bc72-4b80-a4ef-abd7d5e7c080,32,2,159,1,1,0,1,3,2
5517d62a-7a98-44ba-83d0-8f45973557d6,32,2,0,0,0,0,1,2,2
9e44a0fc-cedb-442a-b9db-2513a62e754b,30,2,34,1,1,0,1,3,2
94dd00fc-0c2a-4d66-acf6-373bd136defa,29,2,158,0,0,0,0,1,2
124c27c9-9200-4509-978f-23199ce38a8a,37,0,999,0,0,0,0,1,2
031242be-12d8-4094-bf2a-b572c9e2fe03,20,2,46,0,0,0,0,0,1
bf7f1291-c066-4ee9-b843-547431e3a23c,47,2,23,1,1,0,0,2,2
416c97a3-890a-4e9f-ae5b-36d31ae95538,28,2,39,0,1,1,0,2,2
f403cc7c-4024-44bc-b60e-141ca682a556,42,0,999,0,0,0,0,0,0
6011b2ec-69d8-4a45-93ed-5642d90286b7,22,2,77,0,0,0,1,1,2
6b8b68ef-ccd4-4c66-b301-6012c961d6e7,41,3,125,1,1,0,0,0,2
c26962ec-9ed2-4716-b948-e4e75aba4a4e,41,2,92,0,1,0,1,4,2
53d677c6-50b3-47ad-b3be-93935bb00905,38,1,119,0,0,0,1,1,2
a1936de3-294b-45e3-9709-269485c95349,25,0,999,0,0,0,0,1,2
6b8cccd4-a262-4a2c-9771-38bfd143afcd,37,0,999,0,0,0,0,0,0
a2a0559e-69fc-47ec-a825-ea3eb42bf804,23,1,1,0,0,0,0,0,1
39e2c52e-7274-412e-9fc4-9edb9e03f2a8,32,2,22,0,1,1,1,2,2
8a357bac-79ad-4455-92b5-dbcceedf34f5,45,1,81,0,0,0,1,3,2
3a382cd2-e21b-4b54-97a8-6649f5fe4ac2,42,0,999,0,0,0,0,1,2
b69e0c5f-b6f8-4a25-90a4-d4763e856701,35,1,100,0,1,0,1,4,2
da9fffb4-2517-4d00-b3d3-164a6a83b4fa,25,3,124,0,1,0,1,4,2
851ad17d-63d2-4643-824e-2dd71b8f3c04,41,0,999,0,0,0,0,0,0
c0995d4d-d8d5-495b-9ae1-8712f3eb7cf6,35,1,96,0,0,0,1,0,1
6ee684b0-1c39-4d57-806d-e2ba24a8db02,18,1,62,0,0,0,1,1,2
1f38707d-0e18-45d9-af2e-ffdf7f87f046,42,2,35,0,0,0,0,0,1
be256f9b-0dc7-4e76-a07f-0666c33ed314,34,2,88,0,1,1,0,2,2
351d32dd-b1f3-4b74-9662-989b259dab70,47,1,22,0,0,0,1,1,2
eba239cb-0d9a-4758-93bf-64d1019eba58,24,1,62,0,1,0,1,2,2
abf797ed-602a-4d26-a94e-2ef3d467b52d,18,2,32,0,0,0,0,1,2
1b22fc4d-a881-4210-b980-a21384342451,37,2,174,0,0,0,0,1,2
8fd66d81-d504-450c-b7f8-da06e0d549fa,37,0,999,0,0,0,0,0,0
b02d2ddb-9877-482e-b426-a99bba12051d,18,3,161,0,0,0,1,3,2
a54df283-ffa3-46a3-b401-c0ab7d105e05,25,3,22,0,0,0,0,0,1
40eb6c33-2e32-4a9d-971a-96ec8fc97d98,62,3,109,0,0,0,1,0,1
0303c5be-5758-4d82-8c9d-e67b58cd88f5,31,1,85,0,1,0,1,2,2
2b61c6ce-42cf-4877-b14a-fa47faa5d24d,42,1,3,0,0,0,0,0,1
718b610b-3c77-485d-923f-19ba56e0987e,28,1,96,0,0,0,1,1,2
1fc9c7d5-62fe-4440-90dc-42fedf9394d6,18,3,83,0,1,0,1,3,2
08bb6d73-78ab-429a-b255-2c738de40ded,33,0,999,0,0,0,0,0,0
36d05a93-6758-421a-a295-86b41b2712af,32,1,95,0,0,0,0,3,2
2a8eaead-5239-4405-a8ff-fab5572d7f73,31,2,111,1,0,0,1,1,2
3be8a36a-2cc3-475a-9263-439e63a799f0,33,4,142,0,0,0,0,0,1
53017d18-66ba-41d5-991c-00e63fcb3e51,37,4,120,1,0,0,1,1,2
5ce1f115-5a0c-49f8-b9c0-228b89af8a40,33,0,999,0,0,0,0,0,0
3f127702-1b63-4336-ae97-2544dfe867a7,22,9,149,1,0,0,0,0,1
8eafb060-d3e0-4b29-bd4c-182535027595,39,0,999,0,0,0,0,0,0
8941bbb8-f7ba-46de-87f1-91d0bec26f6f,18,0,999,0,0,0,0,0,0
24f542a6-e29e-4815-9ca8-7c6ea32496b2,18,0,999,0,0,0,0,0,0
e7a0abad-abbf-46ba-b7d0-ea0e0eb24b1f,42,0,999,0,0,0,0,0,0
0f5ceedc-9297-4eca-bdc4-5d1c1046a43a,40,0,999,0,0,0,0,0,0
0ae882e9-03b0-4a01-833a-35e1218aed4e,34,4,49,1,1,0,1,2,2
87608c49-adfd-4e96-93db-4411eed276ba,21,1,29,0,1,0,0,3,2
c8256507-9bd0-49f2-8bcb-9f7b986ac1c4,27,2,21,1,0,0,1,0,2
13de84c0-7db7-43c3-82d5-feec2285e128,32,2,82,0,1,0,0,1,0
a327e0f6-d00a-4098-b222-ede14938ce57,19,1,101,0,0,0,0,0,0
fbbcc41f-6e2d-4dd7-b226-569b6a142405,27,3,3,0,0,0,1,0,1
fa7a7fe3-2d79-442a-b167-fcfe0a73006b,41,1,71,0,1,0,1,3,2
902a2972-673a-4aca-9466-f86e67296a94,49,0,999,0,0,0,0,1,2
2e3f41ea-8171-42eb-8ff9-5cfc613c7204,30,3,115,1,0,0,1,2,2
e7a5fd9c-4da0-46de-9e8d-7f1b94b3ac8d,42,4,73,1,1,0,1,4,2
db09861c-84b5-40e6-8979-fd0dcb95ecaf,18,1,113,0,0,0,1,1,2
b8ccec90-9617-434e-b08f-3da23aefeaf3,41,2,27,1,0,0,1,0,2
ce42316b-f26a-4498-a5b5-a1d4f021cf9d,26,2,84,1,0,0,1,0,2
6a12cf0c-6040-452b-af3b-d46b63551fd5,38,2,64,1,0,0,1,1,2
33937518-7ec8-4519-b9cf-2731759055b3,32,0,999,0,0,0,0,0,0
eadae4ea-b2e8-40d3-9dcf-a08fc299f035,48,2,97,1,0,0,0,1,2
daf128cd-6c22-4260-b5fa-9d31f08f7b5d,26,0,999,0,0,0,0,0,0
c0d8aca0-51b2-4c65-b69c-b0f825a0b9bb,41,2,143,0,1,0,1,4,2
1fb5efcf-886c-4154-b6d6-3ebc5cb0fe41,32,4,94,1,0,0,1,0,0
e36e5c8c-404a-47f1-9862-3ca8a5d76985,33,1,171,0,0,0,0,0,0
211b8f29-943c-4c1e-a957-642ad8a95d48,33,1,170,0,0,0,1,1,2
44b2a6b4-27bb-4233-92ad-f9fdaa697e12,26,1,154,0,1,0,1,3,2
2b199229-e21c-4883-833f-f3a13eaa1c05,34,2,80,1,1,0,1,2,2
68a04025-02d5-4648-8ff6-263b93ef37e6,34,3,79,0,0,1,0,0,2
be05d2f4-2bee-4ce8-bacf-4be198abc51d,37,1,0,0,1,0,1,0,2
dfc75d93-1a29-4d69-8ab6-d9798b00a371,35,3,29,1,1,0,0,4,1
8ad011de-b8f8-4c9a-b6e4-e442863a26b2,42,4,122,0,0,0,1,0,1
d2ab6258-d3c2-49bf-9f3a-04befc4f5fb9,44,1,164,0,0,0,0,0,0
0a564344-b5b4-4a63-acd9-51cd9a5a5dbb,24,2,150,1,0,0,0,0,1
3c9e1c0b-b137-4c1b-8e3d-ffc4903df687,43,3,26,0,0,0,1,1,2
70944d13-1c58-4f42-ba2b-fcb842561ca8,23,3,100,0,0,0,1,1,2
056d5613-a372-4dc7-a6a4-30e2f0028337,40,0,999,0,0,0,0,0,0
4d072329-2dbd-473d-aa8f-0d1596ebed14,41,2,87,1,0,1,0,0,2
3b8f31ff-ce0f-48bc-a2f7-fcdc530ea0b7,18,3,155,0,0,0,1,1,2
5babfa9c-f164-439d-bb27-97a1157bdf5a,35,4,157,0,0,0,1,0,1
97c10d73-9958-41e8-8821-8ed338d7405a,30,2,87,1,1,0,0,3,2
b06cef7a-f40c-42b3-829d-e4236bf2655b,27,1,94,0,1,0,1,2,2
be8e7347-b948-4051-9166-c12d4dd49af4,48,3,178,1,1,0,0,1,2
a00a7978-f4e0-47a1-bef1-79d911b159af,28,2,129,0,1,0,1,3,2
acf15cc7-085e-4d15-94b3-bd3b2f37c6cb,26,1,70,0,0,0,0,0,0
da28c52a-060b-4734-85ff-66618cde156f,35,4,111,1,0,0,0,0,1
07c96a85-757f-4227-b599-b14ec84250a8,41,5,86,0,0,0,1,1,2
b0a074c7-7300-4904-89cd-1401f1dbfe8d,33,2,92,1,0,0,0,0,1
2903b02a-5b4c-48a0-b8e4-4030e179f078,46,1,34,0,0,0,1,0,1
59000ccc-6366-495e-94b1-f6fd1d475758,40,3,93,0,0,0,1,1,2
4797c354-6959-451f-a914-069db3fdb9b0,18,3,156,0,1,0,1,4,2
8e0d1183-7f38-4786-a8ae-d4fa4a776973,29,2,158,1,0,1,0,0,2
b5726f91-3d6b-41c6-b7a1-0f152d3b119d,29,3,113,0,0,0,0,0,1
cc8cb693-f4b5-4b0f-9880-0f5771a00488,39,0,999,0,0,0,0,0,1
7ff3164b-74c6-4c45-a4fc-c187c9c969f8,18,4,178,1,0,0,1,0,2
d75192f1-034d-4bae-818a-184c77b908f9,60,1,78,0,0,0,1,0,1
329b3b76-f760-4759-8571-05c621c0b110,40,0,999,0,0,0,0,1,0
33ba85a7-1d2a-42e3-bf75-fc39ed241777,36,2,7,0,0,1,1,0,2
479be7c2-353c-4a97-a945-d85d8595e257,46,2,60,1,0,0,1,1,2
22c1db63-2d4c-452e-b04c-3e96b571f4c0,58,0,999,0,0,0,0,0,0
923b3e48-8814-4dfc-9040-5b7aa2116c48,43,3,39,0,0,0,1,1,2
cefacb5d-368f-4f6c-9ba4-c4f3126d5072,44,4,84,1,1,1,0,3,2
6255cfad-2c77-4f7f-ad63-bedf0da0898a,36,2,177,0,1,0,1,3,2
58b58e1b-5dc6-4a45-ae0e-053e4ea67659,33,0,999,0,0,0,0,0,0
1f099364-bd97-4360-9ce0-4fd4418869cb,30,2,84,0,0,0,0,0,1
1ca81252-bd33-45f7-99f3-6727dead760a,26,3,159,1,1,0,0,1,2
9351a8ee-82dd-4377-b23d-1e8e0561b0a0,28,2,155,0,1,0,1,2,2
a0b7d5e2-d537-40cc-bf60-55ca9cf43604,21,2,123,0,0,0,0,0,1
dff71b4c-f66f-4fd9-a363-d9ff705c39d7,34,3,118,1,0,0,0,0,1
44300894-67f3-4efe-8d76-99fc13b025b2,18,2,28,0,0,0,1,1,2
4670111b-5048-4246-a4e5-c2b233c7448e,36,1,176,0,0,0,1,0,1
0118c548-a4f6-4efd-a404-ac3bb8971459,34,1,163,0,0,0,0,0,0
10a315c7-e9c4-46cd-a0e4-303b7341a74c,36,3,124,0,1,0,1,3,2
11d7ed67-7b02-421e-a6d7-885a23144227,29,1,118,0,1,0,0,1,2
f310ddc1-6fc8-4da7-bffb-3e83224085fa,65,4,23,0,1,1,1,2,2
0fd2050b-278c-441d-ac7f-761f5df9a635,48,1,84,0,0,0,1,2,2
cc12e550-ca11-48c3-97ca-2740fc0bab94,22,3,127,0,0,0,0,0,1
ecca9137-33a0-4ccf-8af3-e1060610d681,37,2,166,0,0,0,1,1,2
223a36d1-0adf-41a3-bb48-049d97d962f9,28,3,177,0,0,0,1,3,2
00fe7fc2-77b8-4916-a9b9-301e5f25886e,24,1,135,0,0,0,1,0,1
f41f16a8-1b3f-4781-82de-de0f353c0818,21,1,81,0,0,0,1,0,1
597c3844-8e35-450f-a15d-608f4a78e678,39,4,146,0,0,0,1,1,2
ab61dd33-6d43-47de-abfa-84d219b91e1a,28,1,165,0,1,0,1,3,2
a72d541d-7fc3-41e1-af9b-dd63ffb6fab2,44,1,171,0,0,0,0,0,0
0bb858c2-fe65-49ba-ad5d-fcd08ca72e63,44,3,25,0,0,0,1,0,1
8d0ad577-eab2-4e15-9e79-b6c71e7302ef,48,0,999,0,0,0,0,0,0
c10ba417-c957-4045-8f21-f3afa643c38b,26,2,176,1,1,0,1,4,2
3ae6fde4-f1e5-4d15-95ef-b2dfde879014,39,1,25,0,0,0,0,2,2
1b429b56-619e-451a-8d6e-85cbded2a5cf,41,3,91,1,0,0,1,0,2
c6f0d04a-521f-494f-bd9c-d10d37975915,30,1,159,0,1,0,1,3,2
9acf27d2-6a7c-4c20-941b-b551922a24a0,27,1,161,0,0,0,1,0,1
7165fb1a-c57f-446f-b054-0e2d020a5431,51,3,172,1,1,0,1,3,2
958a2978-c9b6-45e0-9b1f-80201a51b8ba,37,1,36,0,0,0,1,1,2
23ae910c-9a23-4ba4-9c1a-072f0aa54469,41,3,88,1,0,0,0,0,1
63066145-d847-4013-ab1a-fc73b8604ca3,26,3,94,1,0,0,0,0,1
7a42c036-8d28-434a-917d-0cf6ff099581,22,4,5,1,0,0,1,0,2
fbd6a8cf-82c7-49d1-9c14-8730ad4e6915,29,3,158,0,1,0,1,2,2
529220fd-6ef6-4969-b5eb-dcc7818fdbb2,33,3,64,0,0,0,0,1,2
2b101a87-dc8f-4c11-8e6e-991308a1a759,24,0,999,0,0,0,0,1,2
1e3663f2-6ce7-43b8-887a-38aabfbfbd3d,34,3,136,1,0,1,1,2,2
73b6a251-5db0-4e02-8729-21501b0bc6a6,18,2,148,0,1,0,0,2,2
4e590240-89d1-4ae9-86c7-015093caf7bf,23,4,66,0,1,0,1,4,2
89eab5ce-554d-4975-a5b4-2db4a88f001b,41,1,169,0,0,0,1,0,1
8f1d11b8-f126-4225-bef8-2e32498665b1,41,1,173,0,1,0,0,3,2
b486a93e-c62a-400f-a738-46ff8e2fc9ab,31,0,999,0,0,0,0,0,0
dcbf8cb3-4499-480b-8c64-81f7e1060582,24,2,36,1,0,0,0,0,1
b3417200-b80a-4e19-ae2d-714e0f8ff892,24,0,999,0,0,0,0,0,0
48dd68b0-5283-482a-b1bf-790c808105d0,31,2,28,0,0,0,0,0,1
61b3fce7-1381-42e8-9bec-9e3ec0806968,41,2,91,0,1,0,0,2,2
e6ed2143-d786-47cf-9ded-d289234eb73d,44,1,48,0,0,0,0,0,0
c9bf1460-95da-42a3-9b66-50c83e5cc441,30,0,999,0,0,0,0,1,2
ae974df6-3cec-4c13-8158-a266c97d275d,23,4,137,0,1,0,1,4,2
da34fe8b-3456-4fa8-81b8-59f80a255be7,37,3,97,0,0,0,1,0,1
3f8e00d8-3e34-445a-8c0e-935998d835b5,26,2,14,0,0,0,1,1,2
aa2f595f-1ba5-4470-805a-b85bbe1b82dc,29,0,999,0,0,0,0,0,0
b5799d00-87a2-4ee4-bda1-73456674e7ec,48,1,54,0,0,0,0,0,0
39a75411-d8e0-4e9b-8cad-efd1dc3a7906,43,0,999,0,0,0,0,0,0
1e00720a-fa3e-4ad2-aca2-3bf6c4718235,36,3,141,0,0,0,0,0,1
c118ff78-2d91-433e-8d39-705ef3b52746,22,2,110,0,1,0,0,1,2
f20aaaac-5b56-4c2b-aaa1-9ac631de2493,37,0,999,0,0,0,0,0,0
ea1ae167-fd19-4745-81be-73807af57201,45,1,4,0,1,0,1,4,2
7d774b8d-404e-41df-bf30-e675baee5918,31,3,5,0,0,0,0,0,1
e51962f4-8d78-4793-8826-42b1ffa7cfda,48,1,140,0,0,0,1,0,1
a5111b9f-ae1a-449b-9d47-3e0c2fdc176b,47,2,167,0,0,0,0,0,1
e203e574-b6de-4563-a063-a0eb50f73fc8,51,1,12,0,0,0,1,3,2
5fcbf256-240f-4280-94d1-a8ca7311bc66,38,2,45,0,0,0,1,2,2
50a56678-75b6-462c-a886-06f54fdfc6dc,40,3,96,0,1,0,1,5,2
5e23f255-b294-4c14-9ef8-67a4a3b0be1d,49,1,127,0,0,0,1,1,2
08c277a1-d2f9-4745-8287-9499597fdc90,39,2,150,0,0,0,1,1,2
1105a39c-3b7e-432a-98c3-57ff6f44bda8,29,1,148,0,1,1,0,1,2
0ea95216-2610-47df-b636-89c79af32708,30,2,71,0,1,0,1,4,2
4ba763fb-033e-49f3-aa8b-a401c250aebf,37,2,33,1,1,0,1,2,2
3a7af8df-5a28-4d87-9ee0-c61b74ce9823,22,3,52,0,1,0,1,3,2
af350fcf-c03f-4c16-86e6-f2dd4ca4f648,33,1,30,0,1,0,1,2,2
8db8c36d-f9c5-47a4-8d2a-46a3793a1feb,45,0,999,0,0,0,0,0,0
47f89ae8-9571-42e0-af87-a0798de0e043,18,2,87,1,1,0,1,4,2
38f8257c-492b-4849-8fe2-0fbd835cbc18,50,4,126,0,0,0,0,0,1
084ade53-639a-4478-8387-1226f98bf3e9,46,2,74,1,0,0,1,1,2
6ecf7759-f160-46f8-a8cf-7d1c3680a0b0,30,2,153,0,1,0,0,1,2
6abb708d-3210-452f-901a-a6bd45de0580,40,2,141,0,0,0,1,1,2
b8abe705-43a4-4481-b302-a250b4d57953,35,2,83,1,0,0,0,0,1
4c5c7f31-d118-4bf5-ae39-99c52c83f7c0,47,1,99,0,0,0,1,4,2
f0f16f07-cbcf-4925-a5ff-7937f15c7e7c,44,0,999,0,0,0,0,0,0
ff8c0cbc-fdf1-48c5-ad7a-818df0044e84,20,0,999,0,0,0,0,0,0
c2dd51ea-c5b3-4eb0-b6e1-16dff35939d5,40,2,73,1,1,0,0,1,2
d0bddda4-3b0a-49af-b13f-6347cd134a30,32,2,68,0,0,0,0,0,1
ba7c8152-0fda-4133-b519-d96555249635,35,1,67,0,1,0,1,5,2
0cb8678e-d8c0-4b2a-93d6-283855f4d22c,27,0,999,0,0,0,0,0,0
f7fd9bcb-887b-45bf-a17d-db96d36b9105,52,1,147,0,0,0,1,3,2
d0e3ba60-6150-4a55-8d79-d303f27a704f,45,2,125,0,1,0,1,2,2
461b13e2-7582-4246-9b8c-cc932dbf6e7c,27,3,42,0,0,0,1,2,2
8c477d62-34a1-42ce-bd6b-6daafc303dcc,21,1,132,0,0,0,0,0,0
5fe41726-2409-40e4-a70e-277249c0e384,31,4,92,0,0,0,1,1,2
e7744d80-c9d6-4b38-b3ce-5b418c554e53,39,1,109,0,0,0,1,1,2
f1e00110-c812-4a60-8c02-d77d69ed22d4,37,3,159,0,0,0,1,1,2
6e5b0248-429f-4ea6-8461-17f72c447af7,47,1,85,0,0,0,0,0,0
c241e1b0-3c31-4227-8758-e1bd34a0fbde,42,2,44,1,0,0,0,0,1
066030b1-bdea-4238-8f43-75c66722fce6,44,1,170,0,0,0,0,0,0
367d8d83-741b-4935-9a2a-e83e11ce14cd,38,3,107,0,1,0,1,2,2
c1427daa-b337-40e7-9ee6-0e17fdaa6702,21,1,70,0,0,0,1,1,2
f5d4c975-911f-46ec-981c-0169e5c2076f,33,3,149,0,1,0,1,5,2
e3819c2a-7658-40c9-ae3c-62da9f1f3f8b,45,0,999,0,0,0,0,0,0
834eff94-b2a7-4739-9c70-e44fbbbd0459,34,0,999,0,0,0,0,0,0
56297378-7a77-4d6e-8419-dc94b1981c0e,40,3,27,0,0,0,0,0,1
d6d9334d-cd37-4405-bd97-c73b792f0222,31,2,54,1,0,0,1,0,2
262c6230-8fc2-490b-b154-76f702e816b1,24,2,50,0,0,0,1,1,2
b4dd85d1-abb0-4ff6-8520-baab02a2a608,33,4,35,0,0,0,1,1,2
550cdb09-dcb3-4903-afd8-4342d59b83eb,38,1,170,0,1,0,0,4,2
f0cbdf8a-c6d7-4a68-acd9-a7236029ed34,28,3,5,0,0,0,0,0,1
e70bfd33-1c2c-4c72-b7ea-1564b618ce89,32,2,50,0,0,0,1,2,2
34885f2d-780e-4e13-b904-879a210e8039,25,6,121,0,1,0,0,4,2
6951e1d9-6e8c-4b28-9127-eb55c9b3a251,46,2,52,0,0,1,1,0,2
3676a064-348d-46a2-a36c-a65b5bbf5b88,32,1,138,0,0,0,1,0,1
936143af-3d76-42fa-bca6-8ea7185ad134,49,1,177,0,0,0,1,3,2
c0c2cbd4-f27d-4dc4-b098-01999b92d9a6,50,1,144,0,0,0,1,1,2
ca011b27-5665-4a8e-ab02-a7bb524698b1,34,4,45,1,0,0,1,2,2
115f9758-6d08-4d2f-b0f8-1543213c9446,24,2,81,0,1,0,0,3,2
32fdf500-0f96-46e1-a5f5-bccde8ce6f4a,18,4,173,1,0,0,0,0,1
cc791bf3-6282-4a54-8fd7-d4646b8afd57,20,4,76,0,0,0,0,0,1
7bc8b719-d3f6-4fb1-ba5a-3c9867eab007,21,0,999,0,0,0,0,0,0
19d02977-34f4-4793-8325-c4d0ce805dfb,48,1,50,0,1,0,1,3,2
b713e9ff-fef3-4778-a2b3-56ad918b2e98,36,1,10,0,0,0,1,1,2
93570337-171e-4b19-a678-a298edeb8463,38,3,50,0,0,0,1,1,0
8b1ddb10-583a-413c-a6c2-caef5237609b,18,2,26,1,0,0,0,0,1
90c833af-035b-4dec-9a66-3f54dbeed121,23,4,48,1,1,0,0,0,2
1604618e-e72f-4c95-a9f0-f0535e4b1366,43,1,15,0,1,0,1,4,2
b2e72343-8a58-48ee-ae8a-bfa2e10bfcef,37,1,49,0,0,0,1,0,1
aa5fbcf3-19f0-4049-802a-ec0f7781b6f7,33,4,142,0,1,1,0,3,2
7a1affb3-1597-45d6-9da4-aacdda5dce12,40,5,13,1,0,0,1,0,2
c9e7ab82-79c2-4366-b490-ef5761a1df26,51,2,25,0,1,0,1,3,2
1617754b-2a05-4812-919c-beebea58bc22,32,2,39,0,1,0,0,2,2
6005ccaf-e867-4eb5-b90b-118b262c44d3,35,2,17,0,1,0,0,2,2
ddcefb44-b342-4363-b98c-38a4ab3bb8c2,36,1,153,0,1,0,1,4,2
6cc69d66-129e-49cd-aba5-9050446104bf,58,4,109,1,0,0,1,1,2
54fc4b25-8afe-41e6-b00d-404017f4742f,18,2,145,0,0,0,1,1,2
c7e416c1-bcb8-42f8-aa2f-dd5d3bd40415,41,1,0,0,0,1,0,0,2
33e545be-7327-4880-b939-adf09f593b29,33,3,15,0,1,0,1,4,2
b28edabd-545e-4785-ac3b-565b1f75df29,40,1,100,0,1,0,1,2,2
d37ca03b-eed2-494d-bf16-ef8e760cf0e1,28,1,148,0,0,0,1,1,2
1c44b881-fc63-4c00-850c-5cad38bb6c19,34,3,118,0,0,0,0,0,1
ab45e05a-66dc-4309-9dd3-b76c232ec8a2,42,1,130,0,0,0,1,1,2
d0dc305f-394c-45fa-b86b-5f5eb48a6e46,66,0,999,0,0,0,0,0,0
14f44665-a64d-427b-8f85-c99a25ff6710,43,1,98,0,0,0,1,0,1
18c42fb5-4ef4-4443-bc91-1cd51b433d8a,26,4,17,0,1,0,1,1,2
83ce665c-03ed-4983-9fcb-3f0770417d8d,30,2,89,1,0,0,1,1,2
f94df344-b06f-4a90-83a3-74799db38fba,30,0,999,0,0,0,0,0,0
6c2ca298-0507-4658-bff7-2e8e2f04b07e,18,3,17,0,0,0,1,2,2
52f22aaa-f72b-45a2-a06a-3fe3de88ba5e,31,3,23,0,1,0,1,5,2
e95f199f-9389-4102-95fc-7f1858ab3d44,42,4,68,0,1,0,0,3,2
8c0003ee-fcea-454d-a830-d744f3819325,22,2,153,1,0,0,1,1,2
31fda9a4-670f-489c-bed5-17fb04d88933,45,2,73,1,0,0,1,1,2
1a1a5dff-6f0b-4681-9067-f0a16c2a1d7b,39,3,10,0,0,0,0,0,1
bfbfaae7-cab7-416d-86a0-f6c3719e86d4,27,1,3,0,1,1,0,1,2
7de720ca-9013-4b07-b10f-644ead1331cb,33,3,9,0,1,0,1,4,2
2f79a960-34f8-4493-a4a6-888c01e489fd,50,1,100,0,1,0,1,3,2
c685566a-34ac-4a92-8206-df118b2440ef,42,2,11,1,0,0,1,2,2
3c278b06-f506-4487-b33f-4a988f5bf5fe,35,3,73,0,0,0,0,0,1
0f92e2d0-6ca4-49f3-9512-18c1a5e6084a,32,3,139,0,0,0,0,0,1
771e7487-ef2e-4316-8424-27b99e9217d8,35,0,999,0,0,0,0,0,0
02c55873-61dd-4d81-a07d-9797f972cf42,29,2,90,0,1,0,0,2,2
a8bd19bb-4ed8-48bc-a5a3-f79e0c1ae1fa,18,2,4,0,0,1,0,0,2
ac9ce256-27d0-4ef9-ac5b-77d9f526f09f,55,2,22,1,0,0,0,0,1
ecef40b8-183d-45ee-8592-e334544dea4c,36,1,45,0,0,0,0,0,0
34189c89-e721-4c0c-8b76-df65b066e2cd,38,1,129,0,1,0,0,2,2
9ed6e3f2-a560-40b5-8063-c480433e8d32,34,0,999,0,0,0,0,0,1
710e6f82-705b-447c-af03-e216c84ddc42,27,1,93,0,0,0,0,1,2
7506c593-9576-4b7c-877b-7d8b545721fb,33,4,73,1,0,0,1,1,2
1b1d6547-8b0c-42b2-990e-ff667b0044a6,19,3,0,1,0,0,0,0,1
8408b254-03fb-4ab5-92a7-296a09908814,57,3,140,0,0,1,1,2,2
d615a149-2c7f-490c-bb81-8455162e1e03,22,4,35,0,1,0,1,1,2
61b9a350-3ca3-4d99-9d68-bbd58685427e,24,1,61,0,1,0,1,2,2
b11357ba-7177-4277-8e49-f692210471ad,30,4,62,1,1,0,1,2,2
6fd1222b-fee3-48d9-a77e-11340c4a300e,47,1,66,0,1,0,0,2,2
c5c5f7df-f851-4866-8d64-dc432b14d82a,35,2,107,0,1,0,1,1,2
a5f20214-3515-4a94-86fb-30aa3d9e96a8,22,2,15,1,0,1,1,0,2
a7dcfae4-3a21-42b6-89d5-f9f00a610162,47,0,999,0,0,0,0,0,0
bc2af9ad-f6e4-4914-b767-2fb63b1bb489,42,2,47,0,0,1,1,0,2
b28841ab-1f9d-4514-8734-b6e592fd60ad,40,2,110,1,0,0,0,0,1
41d2fe03-0de4-4e54-9a88-cebb5721ab31,42,2,173,0,0,0,1,1,2
7a621662-fe37-4557-84ba-625aae7ad192,58,1,4,0,0,0,1,0,1
020a0731-3111-4b0f-b030-a445431701e8,56,4,152,1,1,0,0,1,2
56a6ccbf-2d7d-4406-bb45-dddbef2b3f26,28,3,37,0,0,0,1,1,2
cc703bc9-a09d-471f-b42c-262d56d827e0,51,3,80,0,0,0,1,1,0
2f8e2680-5814-4d1b-9fc9-224778a4b0f5,38,3,81,1,0,0,0,0,1
daa6e549-1e16-4740-8e80-47e0b246cd4b,39,4,172,0,1,0,1,4,2
06bf51c9-0f31-4336-b656-054aa5a46d5d,18,0,999,0,0,0,0,0,0
b839833a-94c2-4c79-8719-561894ebc099,33,3,166,0,1,0,1,1,2
1a0b17e1-f231-455c-908e-b1887d31aa3c,26,2,155,1,0,0,1,3,2
a8d85ed2-a301-489d-9ae6-45eec572e49b,43,4,52,0,0,0,0,0,2
587470c0-5a2c-412f-94c1-19f84e360a2b,45,1,53,0,0,0,0,1,2
66008102-2986-428e-b78e-b643267eecd3,18,1,95,0,1,0,1,3,2
55d4a045-71db-4aee-8dda-931fcd7569fa,34,1,19,0,1,0,0,3,2
43eb2e8e-a9c7-4438-9430-bc434dc8bb0f,46,2,54,0,1,0,0,1,2
c106f3d5-e62a-4bce-acd2-499626985332,33,3,21,0,0,0,1,2,2
0ad019e7-a2e4-4297-9632-6550936cbe58,42,2,50,0,1,1,0,0,2
5b43caac-9e10-49bc-b821-2e2863826a3a,38,1,139,0,0,1,0,0,2
d686c0fa-5e67-4543-b7d7-15765b4638b4,38,1,53,0,0,1,1,1,2
bb934e15-6b09-4bd1-839e-d4afbb375e83,32,0,999,0,0,0,0,0,0
bd06534e-224c-4978-9f39-53372882cade,22,3,87,0,0,0,0,0,1
65ab8304-d6dd-440d-af8e-49099630b084,23,5,37,1,1,0,1,3,2
3599872b-4373-47e6-8927-6f84913accf2,42,1,102,0,0,0,1,2,0
36ce3015-7d16-422b-bb4a-9964d3a27f95,35,3,91,0,0,0,1,2,2
08419bbb-a086-4003-8fb7-9c0c88526ff9,33,2,139,0,0,0,1,1,2
7ef9cdb1-e043-4fb2-9aed-a2aa2b92b572,30,0,999,0,0,0,0,0,0
abd31cc6-3803-41fe-a79d-4f8b4257e8d5,31,3,91,1,1,0,1,3,2
25f7005c-2840-438c-b82d-6503ceeae85f,45,2,85,0,0,0,1,1,2
8bef7e9d-e484-40fa-835f-cd619d635bae,31,1,6,0,0,0,1,2,2
f714c3fc-74e6-4389-892e-f0dfba880970,21,1,67,0,0,0,1,1,2
951d46b9-29ca-4d06-9148-ec9159f8b297,42,2,156,1,0,0,1,2,2
b99d269c-5922-488c-b909-81066da72e2e,32,3,126,0,0,0,1,0,1
647e12f3-727e-46c4-96d1-69ca4acc266b,35,2,124,1,0,0,1,2,2
b419371d-c434-4a83-ad8e-603bceee5c5d,51,1,119,0,0,0,1,1,1
baa5702a-7ab5-4fea-ba0f-601dc18f27b2,34,4,44,1,0,0,1,1,2
1885f8d5-50b6-40db-abad-4b39ed262f1f,37,1,137,0,1,0,0,1,2
a3097c8d-5a96-4dab-a945-6b6158971fda,23,5,105,0,0,0,1,0,1
278f6c52-6313-4cfc-b79e-1bf08f58c236,32,2,131,0,1,0,0,2,2
ea925b26-05eb-4341-ac73-912f641ca7a4,41,0,999,0,0,0,0,1,2
4d2dbf41-f599-46e4-b509-6df11c0776b3,19,1,84,0,0,0,0,0,0
7d84156a-9a01-4943-9b82-541452ee4721,37,2,81,0,1,0,1,4,2
7bb32b84-cc15-4321-8e19-2092d4c16304,36,3,153,0,0,0,0,1,2
918a136a-9476-4aca-87c7-29752f34d394,35,2,71,0,0,0,1,0,1
f5114e58-5682-41db-a229-520ce95df18a,45,0,999,0,0,0,0,0,0
e2245245-15b7-4451-934d-b3d8a0afb4a1,38,0,999,0,0,0,0,0,0
a47ffb71-cc93-4e8b-9c10-f8b5f0af6975,49,2,24,1,0,0,1,1,2
960cbf0c-0884-474e-887e-f93367e66b53,25,1,31,0,0,0,1,0,1
6793710d-16c4-4652-a460-7580fd31286b,36,2,134,0,0,0,1,1,2
cabf20c3-1801-4002-bcb2-c0209529ecfd,35,2,96,1,0,0,1,0,2
83ab5ddd-6db5-4d64-b54e-81245895dc22,24,2,61,1,1,0,0,1,2
5c03f93c-59f6-4a49-b8a7-ccf0bdc6ccf3,44,0,999,0,0,0,0,0,0
a36c8bc2-56e2-4ede-86bf-ed97e9e514a0,58,0,999,0,0,0,0,0,0
9de5b345-1ce7-4330-8f4c-dbcb69085843,34,2,85,1,0,0,0,0,1
325a5f14-04bf-468e-8083-ad9d4266e6fb,40,2,57,0,0,0,1,0,1
84432233-5e6e-4825-8318-c5b46d396d06,35,2,28,1,0,0,0,0,1
30be8d02-25ba-44bb-8994-4afdb3e76271,27,3,55,1,1,0,0,1,2
889d315f-e7fd-40b1-8037-4ea44a9cf70a,18,1,116,0,0,0,1,1,2
ef131b5c-fc93-4dcc-8624-0306d6a397f6,27,4,114,1,1,1,1,4,2
b82d9d41-05b3-4a5d-94bf-07b2473b8312,21,1,62,0,0,0,0,0,0
63208717-fb28-4812-9381-aca97ea0002d,52,0,999,0,0,0,0,1,2
89f04289-7a94-41f5-8bff-0dd9fdd283c5,33,3,73,1,0,1,1,2,2
1d140df3-11e9-4e61-a114-b211c3fd0781,31,1,14,0,1,0,0,3,2
4addf8b7-89e0-48b2-97ce-bd5ab1b0f462,43,4,119,1,0,0,0,0,1
cff8ee68-8c28-44ba-8263-50ec2f7f85e8,23,2,56,0,0,1,1,1,2
5428c32b-b1e8-458a-89e5-0be8f68d16a4,27,2,134,1,1,0,0,2,2
e674886a-8644-41ef-9373-d9b09a8f57c7,35,3,101,1,1,0,1,3,2
13cc7564-4db7-4c57-b582-21307b21a1c3,45,1,17,0,0,0,1,0,1
0db636e0-1f13-4efa-b9af-3d8ce8d72b95,40,3,81,1,0,0,1,1,2
d54a35b8-57bb-42a5-9e80-351d76262d10,37,0,999,0,0,0,0,0,0
6c507475-64ce-41e5-a57e-477449abed38,35,2,42,0,1,0,1,2,2
328454ed-baee-4144-b5e4-ac9731d6d326,39,0,999,0,0,0,0,0,0
00a5226e-5ac2-4665-872f-1b0ebb64cbfd,37,0,999,0,0,0,0,0,0
c4acf9be-5551-4e17-a01c-360e62d744ea,24,1,50,0,1,0,0,2,2
6b164e16-7ae3-4d38-9dfb-036b815150ce,35,1,60,0,0,0,1,1,2
f223464d-0ef2-4a67-b616-ca0295786e62,24,1,93,0,0,0,0,0,0
ad226f75-fb17-4074-9773-c10c9435cdd2,35,2,18,0,0,0,0,0,1
80db2c6b-1e8e-481e-876a-28b9aae7ba02,30,1,120,0,1,0,1,2,2
60164ffc-a58e-4693-8d6b-1e7af4f72367,60,2,20,1,0,0,0,0,1
65d4576b-bf0f-489a-987e-89310b6dd6e5,34,1,79,0,0,0,0,0,0
e89624cb-4638-488f-be60-fca91c080f63,20,1,162,0,0,0,0,0,0
a620b21d-5b06-45a2-a76d-e38e333421e6,33,2,70,1,0,1,1,0,2
c65a5e3a-4621-428d-be84-bd6743901f90,40,1,53,0,0,0,1,1,2
fc6c0adb-06dd-4292-9aed-7bd48359cf07,51,1,105,0,0,0,1,1,2
7bac7738-9f08-4852-ba52-580a0cf3d9b8,29,3,82,0,1,0,0,3,2
cd96990c-ec54-463c-83ae-6c2219e0de6e,19,1,25,0,0,0,0,0,0
71652fb2-3b1b-4131-8015-43ea8fd039bd,43,3,168,0,0,1,1,3,2
b94ddc5a-da81-48c5-bbad-af81f934d0bc,21,1,139,0,0,0,1,0,1
298ec2b3-7c49-4902-a345-fc5e34664bc1,30,2,4,1,0,0,1,0,2
6cd5bd28-ed68-47a1-9089-e89e8f0ae4c9,32,0,999,0,0,0,0,0,2
2c81c3af-e6ce-4e53-b30f-e847d6a614cb,34,1,132,0,1,0,0,3,2
cbce52e2-4539-4361-9b04-1857dddae612,41,2,165,1,0,0,1,1,2
2ef150f3-0dfc-4659-a14c-936893928464,28,1,81,0,0,0,1,0,1
778fbd28-8210-45e8-a418-801f300c74c9,32,0,999,0,0,0,0,1,2
1b3c829f-70e1-4ca4-a7d7-8277cfd85375,34,2,0,1,0,0,0,0,1
4cfd9d10-6f84-410a-9b40-7045864de533,36,2,74,0,0,0,0,0,1
f97f4d72-cbe9-4a60-84da-35efef7fd13d,35,3,125,1,0,1,0,0,2
ed89b510-8734-4ff9-9e29-7979e4235294,39,1,79,0,0,0,1,0,1
fd978ead-c464-43b3-acbb-7ed0aea3f7bc,43,1,89,0,1,0,1,2,2
b7143853-9e72-4ddd-b9ce-ec04454f75a1,38,2,166,0,1,0,1,2,2
c4a8faa5-09d2-4e73-a520-2ffeed44ef94,39,2,48,0,0,1,1,2,2
82c5bc8c-12dc-4942-a975-4e1a02345a10,19,2,81,0,0,0,0,0,1
de6325f6-bcb9-4af8-92c7-2427178a4a22,35,2,36,1,1,1,1,4,2
39d851e6-894f-4c8d-9c13-da5ee10b7753,39,3,89,0,0,0,0,0,1
faa0ce28-b586-4be2-80bb-69460b268909,42,3,0,0,0,0,1,1,2
e70d3ca1-40ef-4ece-846a-70f4afbb3e1a,28,1,36,0,0,0,0,0,0
cbdab090-9fa8-4aec-b577-653033dc3a23,28,1,18,0,0,0,1,1,2
3145163f-a962-477b-aef5-e395b6379eb0,29,3,164,0,0,0,1,2,2
8906358a-da2f-413d-8cdd-a204630929c5,40,3,113,0,0,0,0,0,1
774f8764-7f23-4f97-8eea-1058783ec8c0,45,2,55,0,0,0,1,2,2
eed16114-067f-4a1d-ba3c-9aab57452721,30,2,66,1,1,0,0,0,2
d78df503-da4b-4b1a-a272-b687095641c9,44,3,34,0,0,0,0,0,1
a4d73e46-d3dc-4cd4-8d9d-d8ede55dbe66,36,2,83,1,0,0,1,0,2
0aca9c51-f5f3-4d44-b6b6-9ee763f362c3,33,2,25,0,0,0,1,1,2
4a2be1b7-6e25-477c-870f-f90ddf41f8e5,32,3,173,0,0,0,1,1,2
5a37725d-0241-41c8-ae3c-1ace41a3e98e,42,1,162,0,0,1,1,1,2
97659db2-7764-45e0-8463-8337f880943a,38,3,21,0,0,0,1,0,1
e3b68566-997d-47e0-822a-85a7d288a9ad,57,0,999,0,0,0,0,0,0
ab39d72a-1be5-4ea4-af2d-eb0e58079265,26,3,156,0,0,0,1,1,2
93187b86-fefa-43f7-b4a0-79b4e8722d38,40,1,158,0,1,0,0,2,2
ef6aa252-0fc9-4c36-81f2-5ab061567ad5,29,4,16,0,0,0,0,1,2
7b10b3be-5d55-480b-980e-c189b9567b5d,26,2,150,1,0,0,0,0,1
49c36275-2ad7-44fe-89a0-85a47198f3dd,34,3,58,1,1,0,1,1,2
2894c4f1-8a88-49cb-98da-dc5335ad8a81,36,2,163,1,1,0,1,2,2
e57d930d-a929-432b-91fa-e4f95cdfed22,64,1,88,0,1,0,1,3,2
4941ece6-5eeb-4173-95a8-28d06f89c7d6,33,2,58,0,1,0,1,4,2
2cfcbd82-7fb5-41c4-917f-b7838ad13fa3,23,3,79,0,0,0,0,0,1
d50bbd50-6dcd-4237-be97-a0ec27b0183f,37,3,129,0,0,0,0,1,2
d918eb9a-e8d1-4f9b-862e-51799edb2588,18,1,89,0,1,0,0,1,2
391df1ad-0c35-491a-bb85-15053b887d8a,34,1,121,0,0,0,1,0,1
0e64717f-6f60-4ef6-8371-6dc4e4b968fa,35,1,11,0,0,0,0,0,1
778ecb81-136d-4791-969e-10848e2b9b0b,42,6,9,0,0,0,0,0,1
8b69c386-74ff-4710-a6b2-a1ebf25d9326,44,3,119,0,0,0,0,0,1
582fa573-1b6c-4be0-a6cd-ca2c80f059cf,29,2,1,1,0,0,0,0,1
6ad03d5e-60c9-4b31-ab41-b32340678063,33,1,15,0,0,0,0,0,1
13f06459-0a79-4274-9eea-19f4f0ded2b1,27,0,999,0,0,0,0,0,0
c3e12bd1-3275-4bdd-9d71-3c462cb4dbb1,23,2,105,1,1,0,0,0,2
c9d5c08a-c6a0-4b3f-95e3-059eebdb72d2,38,0,999,0,0,0,0,1,1
91680d6f-5404-46a5-8fab-23feae2539d9,22,2,176,0,0,0,1,1,2
b555e537-1cc2-4af4-93b2-735588b580cd,30,0,999,0,0,0,0,1,2
c6c19dc8-2d6f-4047-992f-ce11754e102f,25,2,133,0,0,0,1,2,2
2dbf80b9-cfdd-4b84-b0b7-b46c2c5f554a,40,1,104,0,0,0,0,1,2
f83c9981-213b-46de-9553-e84e16201c25,53,2,100,0,0,0,1,0,1
5631918e-2eb9-4240-8a0b-2bdb7795705e,21,3,94,0,0,0,1,1,2
0115012f-8631-4159-bb61-32ab00864761,18,3,104,1,0,0,1,1,2
f5bcd723-35ae-4b50-90b3-bcec292a9bc4,33,1,129,0,0,0,0,0,0
cdccd5a1-06bb-44e8-9dcb-2eac52187c58,35,3,155,0,0,0,1,0,1
687eec01-9a17-410c-97db-4c2bcfed2e8e,37,2,134,0,1,0,1,4,2
487823ca-2f66-4c6c-80da-9f8912f1d657,30,3,20,1,0,0,1,0,2
08b4612d-0541-473f-a91a-23bc50ad7b3d,32,1,107,0,0,0,0,0,0
ca745b3b-a110-4940-92ac-073d1d1aec29,38,1,168,0,1,0,0,2,2
86e5545e-72ff-4b3e-943e-83b8012af0f1,45,3,42,0,1,0,0,3,2
4c72f956-70ea-410b-a6da-190f880e0e36,18,2,76,0,0,0,1,2,2
3763254a-fc96-4bac-ac0c-2668fa2d9612,31,5,135,0,0,0,0,0,1
81c04ac3-0261-4fba-bf96-c92c81989566,37,4,116,1,0,0,1,0,2
3683b6b0-7989-4d8f-90b0-ed9d7194e38b,25,1,141,0,0,1,1,3,2
c607976d-9bce-4962-a0c5-21e022616c3d,52,1,76,0,0,0,0,1,2
793ed461-5414-48bb-aa23-37c2aa1e3f6a,28,1,10,0,0,0,1,0,1
451e121d-483e-4438-85d5-9362676f3227,34,0,999,0,0,0,0,0,0
46f1aa72-0da9-4e0e-8a04-718799e0e50b,40,2,156,0,0,1,0,1,2
760f700b-630a-4521-a289-8c4140c852f4,29,1,54,0,1,0,0,1,2
7a6ff52f-5204-4b60-96a0-7851ae2e31c5,18,0,999,0,0,0,0,0,0
6ac71a54-a3f7-4acc-93d5-8b185a27bcc7,30,2,0,1,0,0,1,0,2
20e03bdd-4ea4-445b-908a-9c368c824b6a,45,2,46,0,0,0,1,0,1
47d0811d-94a3-452e-a76a-25fa1f0e36ce,31,4,90,0,0,0,0,1,2
cd7e2352-ae5e-441c-936b-add248723c2a,26,1,82,0,0,0,0,0,0
e40270f8-e81f-4ffc-8310-846b2786d7b8,44,2,17,0,0,0,1,0,1
8497b61f-32b0-4771-8f31-1a1c7579d576,31,0,999,0,0,0,0,1,2
f68c354e-0f15-42c6-827d-3d642df8598d,29,2,120,1,0,0,1,1,2
2be3976d-d924-41b4-82cb-378e7e095211,36,2,61,0,0,0,1,1,2
088fc40c-134d-484d-9206-b117d7ea900a,42,2,24,0,0,0,0,1,2
7a460b18-92c3-4a4c-b5b2-5453b73cc9c7,58,3,106,1,0,1,0,0,2
a6d0345b-8529-432d-a1be-8891af148550,43,2,156,1,0,0,0,1,2
d847cfab-9be3-4cc9-b1bd-4c303cebedea,46,1,114,0,0,0,1,1,2
a825d30c-f0b3-42d2-9d51-0b161ed9b389,29,0,999,0,0,0,0,0,0
4c4cc3c0-1add-4569-aad7-d5d0653b8700,24,2,146,1,0,1,0,0,2
36131861-2c45-470c-abfc-671b1873d1b7,35,2,116,1,0,0,0,2,0
659bfeb4-1416-4d37-8a08-8622f4f3403f,36,1,68,0,1,0,0,2,2
30522675-c579-4e54-a63f-2725f0d81ca3,24,0,999,0,0,0,0,0,0
36f56621-2698-41f1-9110-7735113f287e,33,4,9,0,0,0,1,0,1
21159443-dd00-4630-9e60-ebc88a50b617,38,1,107,0,0,0,1,1,2
b6628fb0-c688-48d4-bd2b-19bd95108d23,38,1,24,0,1,1,1,3,0
66c2aec0-475c-4e83-a08e-2fc8f8f8daae,40,2,114,1,0,0,0,0,1
828fcc7d-ac74-44d2-a1f5-a3d73073498e,37,2,26,0,0,0,1,0,1
84a95f9f-f0d1-4bf3-a585-40f2df90b99a,29,0,999,0,0,0,0,1,2
964f7c58-250b-491d-aad2-e4dbb3280306,29,1,163,0,0,0,1,1,2
66366053-9dab-42e9-aea4-0076d3e34493,23,0,999,0,0,0,0,0,0
0dba45a7-12d9-4f50-a11c-8a74368968d0,52,2,134,1,0,0,1,0,2
3f9c5e83-39ee-481f-8da2-50c58f4c3b07,35,3,14,1,0,0,1,0,2
06de7d9c-adf9-4817-9362-baff580dbf68,32,3,113,1,0,0,1,1,2
77bfdc8e-5813-4658-a212-6b253c5aa871,25,2,140,0,0,0,1,0,1
7dbcbf60-11ad-4ce5-86d4-e44ac812dbc0,64,2,32,1,0,0,1,2,2
ef8618eb-38cd-4ab9-9a49-d789425e1512,24,2,98,1,0,1,0,0,2
6aec7928-0d7c-4ab6-86c7-7d9f17db9079,30,4,103,0,1,0,1,4,2
09527531-4a47-4b56-868a-6639b1e6c5e2,39,1,10,0,1,0,1,4,2
12de15b0-8857-49f8-8b1e-aba507b7edb2,41,2,148,1,0,0,0,1,2
7fde4755-967a-40e5-924b-0b9322f60898,44,1,150,0,0,1,1,1,2
f9e378ab-4ca6-4131-8d87-e26e6ea72cf5,53,0,999,0,0,0,0,0,0
c20587b4-616d-4ac5-b8d5-daef1c9262a7,40,2,69,1,0,0,1,1,2
ad7b6bd8-9737-42cc-9ff2-a220f82f2634,24,4,163,0,1,0,1,2,2
54768091-58ad-4799-b662-849a86f7cb26,32,0,999,0,0,0,0,0,0
d86b8db1-4e96-4474-a778-82b37cde6625,38,3,169,0,1,0,1,2,2
0290b8d1-1628-4785-b1f3-638e7be9be8d,55,2,100,0,0,0,1,3,2
36f475aa-4e89-4c59-964c-916a180727ae,21,3,179,1,0,0,1,0,2
85b9bb49-04ac-4dca-bd00-3f6fd1c15b10,47,3,128,0,0,0,1,0,1
f243dd2d-380a-450c-915a-8f2ba5a65a0d,36,3,157,0,0,0,1,0,1
fa7d1256-0171-40e1-9354-f2382b7a9e7b,43,3,128,1,1,1,1,3,2
97770851-5b52-449c-aa73-be6b650dd9dd,33,2,175,0,1,1,0,1,2
ab6a89b3-ee20-4b53-a35f-98ac40760ad8,26,0,999,0,0,0,0,0,0
2545b08d-620a-4bb7-99cc-af40d30a2b88,42,4,158,1,0,0,0,0,1
7578405d-6108-42b5-8a00-2bfcddbf1309,41,0,999,0,0,0,0,0,0
79f3d44a-9571-42d3-9525-de58fc099e64,44,3,158,0,0,0,1,0,1
ee35438e-ac6e-4028-8d18-67ff01269fb6,34,2,120,0,1,0,0,2,2
58411e6a-8de2-40f2-a9a0-14f070e2f481,29,2,134,1,0,0,1,1,2
562de147-00ac-4097-aaef-6aed8b3f2123,19,2,147,0,0,0,1,0,1
e9979d80-01e0-4169-96bd-09469390f5cd,43,1,83,0,1,0,0,3,2
7fd68dee-5640-41a2-9394-34622aa3728c,39,3,158,0,1,1,1,5,2
e54705f1-3678-40cd-8dd9-d408b09ee849,25,3,8,1,1,0,0,2,2
2e24b679-f2f8-4f0a-a88a-c1af00335735,29,3,10,0,0,0,0,0,1
90d7a54c-e534-412d-a926-7dc10d87d6fa,30,2,5,0,1,0,1,2,2
d7576c32-d89e-4ea1-9cc4-a979d14f3d32,20,0,999,0,0,0,0,0,0
aef8d7b0-cd73-46bb-95e7-cbb11b4b48f2,26,0,999,0,0,0,0,1,2
c08bb11f-1a5f-4fad-955d-e26e640a37e2,23,4,109,0,0,0,1,4,2
79472fdc-c1b7-4f06-af1a-666f51487e04,30,4,17,1,1,0,1,4,2
8c3066b8-dbbc-484b-9d10-209a7ef7bde8,27,4,126,0,0,0,1,0,1
d2917dca-05f0-4285-bb2a-5efaaaa61a1e,18,4,28,0,0,1,1,2,2
a09d2953-6c11-4e6b-917d-b537b0a8f0bd,55,3,128,0,0,0,0,0,1
ed0c394c-9264-4ca4-b4e2-b29092fe54ce,47,2,117,0,1,0,1,3,2
4d20bff4-a3f4-4c2e-bf79-e75eef58bda6,27,3,43,0,0,1,0,0,2
13872409-57f4-49a9-95e0-fbcd1218e77a,37,2,160,0,0,0,1,0,1
e2600f1c-6aa4-48d4-b83b-4092e4ff4c9a,39,1,66,0,0,0,1,1,2
afd73d48-8c5f-418e-bb5e-6fa70e461a5c,46,2,37,1,0,0,1,1,2
1edae119-fd40-49f2-a68d-c409621fe0da,26,3,100,1,0,0,1,1,2
bd3a4cd5-f761-495e-9933-1f74941701d9,45,2,168,0,1,0,0,3,2
3c1a6837-b359-4181-b083-5cf2ebeb9d33,29,2,15,0,0,0,0,2,2
fb32400b-6678-4a34-8b68-b3ef7ad8bd66,21,1,37,0,0,0,0,0,0
ed6d2151-39d8-4333-86de-f57965cf4d80,42,3,62,1,0,0,0,1,2
2522bda1-05e1-4c4e-b971-77b8b8515a38,47,1,89,0,0,0,1,1,2
eaf57ec9-c01f-43cc-af4e-9147408e9c51,60,0,999,0,0,0,0,1,2
92e84622-d5d1-4b8b-b9e8-9f16ee724d4b,23,2,8,0,1,0,0,3,2
3a6dbfa1-2bb4-4096-856d-d0567067ac62,41,4,154,1,0,0,1,1,2
4a181722-02dc-463c-a53a-d03f5eb62697,30,0,999,0,0,0,0,0,0
821ec9cc-4dc1-4dbb-b127-05c29a6a13a4,42,1,142,0,0,0,0,0,0
90c7a629-60ca-48ea-86a0-18ff2a2371ad,20,1,156,0,0,0,1,0,1
33cdf7f6-6272-43c2-bc22-7186963615b8,22,2,8,1,0,0,1,1,2
af97e235-3460-4423-9e46-9451f12a1f6f,27,3,43,0,1,0,0,5,2
48f6350f-ad00-4d39-9cbf-c1677d6c34b2,35,2,100,0,0,0,0,1,2
f46858fa-c607-4fdd-8c09-303cbd89324d,28,2,77,0,0,0,1,0,1
22c21f6b-0fb7-46a3-b2be-b86479304fc9,41,0,999,0,0,0,0,1,2
1845aa68-ce88-4ab0-b8b7-3dc9d5fe1919,45,0,999,0,0,0,0,0,0
c6aa0465-941e-4457-95c8-4c54e95e6017,40,1,39,0,0,0,1,0,1
2b128bea-077c-4751-bdbd-80fbff88b777,51,3,62,0,0,0,1,2,2
cdc82b26-fb9d-49b0-acd0-ba0921db9092,39,1,133,0,0,0,0,1,2
11d625a1-4932-491a-9db2-2a17d90fc2c0,22,2,37,0,1,0,0,3,2
ca7827fd-5a02-4c1b-9af3-7336d9780983,48,1,159,0,0,1,1,1,2
fb441781-ac79-4e0d-bd3b-e381559580c8,28,1,5,0,0,0,1,0,1
c96760b5-420f-419b-937f-4131ab891922,44,2,114,0,1,0,1,4,2
34949746-b994-486d-ae89-bce993b868e0,50,2,53,0,0,1,1,3,2
a3a314b8-e6d3-47f2-8e06-e043c295cb77,39,2,50,1,0,0,0,0,1
49954a5e-a703-46ce-b948-17d408fb9d6d,20,0,999,0,0,0,0,0,0
17a33fe9-f91d-42d2-afae-2f5331c8b87f,25,2,97,1,0,0,1,2,2
56526d81-ff3b-4202-9b4c-98c77da03af2,48,0,999,0,0,0,0,1,2
1be99a00-e07f-4ec2-ad1a-78f26aaeca47,33,3,75,0,0,0,0,0,2
c6187933-bb36-4ba2-9e27-a7f314fb5580,35,1,136,0,0,0,0,0,0
bc894618-9761-4187-b141-877209764f2c,42,1,132,0,1,0,0,2,2
45c69ecf-5496-4dc2-b8b3-2b4cf37a36a8,41,3,80,0,0,1,1,1,2
249061a9-e0f6-4797-9154-f2b67ff20e24,37,3,113,1,0,0,1,2,2
202f0562-af85-4f28-ba4b-80f68f1d5561,32,1,60,0,0,0,0,0,0
5b8ca0f7-c0c5-4bf3-97f4-86a2e937378a,31,1,133,0,1,0,1,2,2
34de4723-a1b4-425f-ad27-1afa77fc8691,43,1,177,0,1,0,1,4,2
14a0c409-04d2-42e8-b011-331e69d4df93,40,1,31,0,0,1,0,0,2
ea5ce232-4e5e-415b-bd4b-5ff1620241b9,32,2,146,0,0,0,1,0,1
7f02d529-fd12-4ff0-92f6-fa71c687dc44,45,3,115,0,1,0,1,4,2
e176ecc3-6883-4acd-8856-2b00f646fde9,33,3,57,1,0,0,0,1,2
daab0129-81e0-422e-b0f2-860909eca0d7,26,1,47,0,0,0,1,1,2
9f71a22f-87f9-4187-b4b8-efd1592508df,27,4,108,1,0,0,1,0,2
503d165d-dab8-4ff6-8aa6-b4edbf20e1c5,25,3,16,1,1,0,0,1,2
65780127-e222-4549-bcf6-eae795d342f7,32,2,59,1,1,0,1,2,2
5c238731-8a77-45cd-be20-edf8573bb5cd,47,2,137,1,1,0,1,3,2
e295a7d3-cb21-405a-9a61-abb595cd1a47,26,4,49,0,1,0,1,4,2
5736abfe-50af-4392-a453-0404330a7455,36,4,102,0,1,0,1,3,2
f2586eb6-a737-44a0-a181-e529c921ea0b,28,0,999,0,0,0,0,0,0
c197ac0a-a25e-4242-8809-2f0e939e7368,32,4,111,0,0,0,1,1,2
a828dc33-9528-4c3f-b2ca-0a7efd30324a,19,2,167,1,1,0,1,4,2
a135455a-d283-4bf7-a349-52f469c8cb08,32,2,130,1,0,0,1,1,2
25e155b1-ecb9-4a1e-ad0d-d1b0a74c828a,33,2,78,0,1,0,1,2,2
ad534a0a-83b2-48d8-86c3-6f8bfd19e30c,40,1,90,0,1,0,1,1,2
ec6a6c91-c7b6-46c9-af8e-f5747a2e567a,37,2,30,0,0,0,1,0,1
f2d693bd-0ce3-4265-8786-9bdf431291da,23,1,15,0,0,0,1,1,2
965a59ca-daf4-4cff-a4d6-5d6e136967eb,45,1,27,0,0,0,1,0,1
ae58e6a6-4350-436f-bd7b-530153219944,37,2,172,0,0,0,0,0,1
3e89b09e-a41f-4a9f-8061-beb1c7788533,36,0,999,0,0,0,0,0,0
ac04bd12-1368-42bc-b4a7-9cfa18f0268a,34,2,164,1,0,0,0,1,2
c2af1be9-a409-4db4-8851-8773ea18c5c0,29,4,170,0,1,0,1,3,2
2e05194a-427e-4569-9e5b-841a9b2286dc,37,2,72,0,0,0,1,2,2
246d6dad-e6ef-417d-b44e-8270688b534c,39,1,72,0,1,0,0,3,2
e0731c96-bd9c-4f41-a293-436a4a0425fc,18,1,155,0,0,0,1,0,1
d5e5526b-c80b-47e5-a58f-89fcb9df3f08,29,3,70,1,0,0,0,0,2
1b3479c9-54b6-4af3-9c1b-ed7a8c939903,32,1,59,0,0,0,1,0,1
d6c5a1c3-00ad-49d0-a5f1-a74a854c737b,37,0,999,0,0,0,0,0,0
e3ffd765-6d45-4cca-a369-d52af775a661,46,1,59,0,0,0,1,0,1
d9a270c8-bf13-4531-82db-c39632993e0f,27,4,98,1,1,0,0,1,0
219b78d3-68aa-4160-b17b-62a2c3053fe9,30,4,35,1,0,0,0,0,1
75c458d7-4abd-4d3e-bf03-1a7b4dfe0c65,29,4,174,1,0,0,0,0,1
c1e37ab6-e62c-4eab-9104-90a1e97eb249,26,3,165,1,1,0,1,3,2
2efebf27-c8a5-431e-ad53-ed04ff42de62,31,2,33,0,1,0,0,1,2
85a3f3d3-c05e-49ea-8d65-483e6638c308,42,3,149,0,0,0,1,0,1
ed67965e-9b13-43b6-8be1-e684c3023f71,24,3,93,1,0,0,0,1,2
a90fcfc1-7f48-4fdb-aa50-d6176b8e5e7c,39,2,178,0,0,0,0,0,1
f9995171-a73d-4f0b-b9a9-a196f7645248,18,1,44,0,0,0,1,1,2
0409ee51-1b7e-4995-948a-7074391d05f5,29,1,70,0,0,0,0,1,2
ec9298d8-518b-43c6-8231-275aa1fc5228,31,2,1,1,0,0,1,0,0
00597cac-247c-4056-9758-a121fd55ede1,51,5,93,1,0,0,0,0,1
0a9f23e4-40c6-4c15-a9a5-c07aa62ac84f,32,1,139,0,0,0,1,0,1
f606d679-0a47-4221-b82f-840d48ff53aa,18,2,99,0,0,0,0,0,1
8586aa2a-250c-4af2-975a-2f00cf757244,18,1,101,0,0,0,1,1,2
18467cc8-32cc-4f58-b248-59088e2dd170,35,1,26,0,0,0,1,0,1
30030372-3c1a-4566-9d6e-6f8c7d5d9c3f,41,3,97,0,0,0,1,2,2
13559b45-381e-4890-ad15-2363ac9fb137,38,4,165,0,0,0,1,1,2
e903252c-f10c-4658-bc3c-3c7b07e1f6fa,36,1,74,0,0,1,1,0,2
1f94d00c-30ad-4062-adac-bf909f5cbccf,46,1,147,0,1,0,1,2,2
b5f0e3f9-b236-4818-ba57-947a6f9836cc,29,1,170,0,0,0,1,1,2
4f18d453-4bb1-4f7b-a995-cbd2ec118e61,43,3,31,1,1,0,0,2,2
b5a41905-7cca-43c2-b250-3ce3fa542b3c,18,1,150,0,0,0,1,1,2
fa078d35-5a58-40af-bd17-e269e0bacba9,25,0,999,0,0,0,0,0,0
a9cd23c5-d2bc-4e30-b58c-fc3451845eae,18,2,87,0,0,0,0,0,1
259181da-1f06-4342-a29f-b4a23e24f41c,32,3,1,0,0,0,0,0,1
7ba55feb-37c1-4f15-84b6-146c31da1e4e,34,0,999,0,0,0,0,0,0
b532ce3b-da23-493c-98c7-c06c8eda4e80,36,4,119,1,0,0,1,1,2
ab3022fb-6c71-4e80-9158-eec82b2a9922,35,1,52,0,0,0,0,0,0
ec8661a2-6fa2-4330-aafc-31a0479828aa,25,2,56,1,0,0,0,0,1
6d00016f-6f15-4cc4-83b1-c0de74b4909b,33,0,999,0,0,0,0,0,0
fb54aa39-cfaf-4f34-a8af-6e6b42ea6f42,20,4,133,1,0,0,1,1,2
6ffe5fff-f648-4dec-af4e-c9fdde874dcf,48,3,143,1,1,0,1,4,2
ec375df2-6d20-4e3b-8fb1-0c12a55711c5,31,2,138,0,0,0,1,1,2
daa37e95-d172-4044-9d4d-db4086a7821c,30,2,108,1,0,0,1,1,2
81cfb326-a4a3-483d-9774-c8812da58b44,50,0,999,0,0,0,0,1,2
55a0fb89-0e26-4fed-a3ab-f35a304b605b,22,0,999,0,0,0,0,0,0
5cb7a0ae-dae3-4ece-8091-29baa71da8d6,23,4,56,1,1,0,1,2,2
6576f618-575b-4b6f-b72d-09db60f05211,24,1,6,0,0,0,0,0,1
056852c6-7576-42be-8865-f78a2df9cd74,34,4,51,1,0,0,0,0,1
044b943d-8c7e-4cde-a06e-41ceb8801efd,39,2,179,0,0,0,0,0,1
47d14d3a-c275-46c5-9abd-91c841dc9e9e,42,0,999,0,0,0,0,0,0
a022dabf-bd7d-4992-96f6-a77613a03415,60,0,999,0,0,0,0,1,2
9711d5c0-9838-4994-805e-250ec48a505f,18,2,149,1,0,0,0,0,1
4a2d352a-b13b-47ee-9401-82f22a73cc52,41,1,3,0,0,0,1,0,1
3c2e7166-c160-4838-97f4-9e5cc44fb4ce,29,2,4,1,0,0,1,1,2
db823abc-c000-4de3-beb5-86564e5f490d,29,1,149,0,0,0,1,3,2
090acee2-1381-487d-8379-6c3ba6c5e9b6,28,3,67,0,1,0,0,2,1
08d5ac21-2ce0-4b29-a3a6-7b01713093b8,25,1,103,0,0,0,1,1,2
640e55f2-9aa0-460c-9f3e-38ec5f82e85e,51,2,131,0,1,0,1,4,2
5b40c68e-3215-475a-b57d-b02b8e9f7e9d,43,2,170,1,0,0,1,0,2
c6ec241f-2ee3-4e96-b424-ed138ba2a411,35,2,108,0,0,0,1,0,1
bb3fccfd-3b82-4dd4-af57-0657c7d3dc53,48,1,14,0,0,1,1,4,2
c91a8d6c-8200-4f5a-a9c8-aab8abced323,19,1,123,0,1,0,1,1,2
d7afe41e-b852-407c-bf06-63c4d717c8c3,21,3,143,0,1,0,0,0,2
ffbcc093-56f1-4533-bbab-3cffbdf2d6e5,18,2,83,0,0,0,0,0,1
33854ef6-f305-4162-881d-f8d674789f9b,28,2,32,0,0,0,1,0,1
c6ce92a4-87f4-4139-a3a7-95cc4d409d65,36,3,94,1,0,0,1,0,2
f60f3e6a-9e9b-489e-a58c-2f19d853cdd2,36,1,24,0,0,0,0,1,2
28afca54-c703-4a92-b61a-2fd9912ab310,36,3,36,0,0,0,0,1,2
448e5f00-4e1a-4ba2-840d-8e2287bf2275,20,1,17,0,1,0,0,3,2
e3d1c1d0-5600-42c4-a20a-a38f3acbbeae,43,1,24,0,0,0,1,3,2
77942627-7e22-4155-995b-b17ff298fa4f,37,2,119,0,1,0,1,2,2
2b587541-aa2c-44a6-b9a2-7b9ff4fc2e22,42,1,142,0,0,1,1,0,2
8eb7823c-7874-4c22-8bf5-7e4295481c61,18,3,34,1,1,0,1,2,2
9caae7d8-faf1-4a56-b233-e4b05db0ccaf,38,1,67,0,0,0,1,1,2
b7fb0f9e-6340-4b1c-be4c-1fd9c8531e47,23,2,169,1,0,0,1,1,2
0b5b622f-04d5-450a-96e3-3502d1f12f60,31,1,124,0,0,0,0,1,2
29dbb836-eefe-4b05-8cb4-27ea7f44fb1c,40,1,83,0,0,0,1,1,2
2f434793-f6bb-4582-b5ef-5a5dc90f16f0,35,3,11,0,0,0,0,0,1
3d417250-b09c-4fec-be60-1692b67e46f4,26,4,93,0,1,0,0,4,2
eaf02dd6-6d04-4ba6-9f71-071af4cabd27,35,2,104,0,1,1,0,0,2
031162c9-1221-4f4f-8422-36110078ac4c,19,3,149,0,0,0,0,0,1
279801c7-370c-407c-9737-e384b14c9c47,46,3,163,0,0,0,1,2,2
0ee4f466-ee11-4f3a-bd08-e6705b274743,32,2,161,1,1,0,0,0,2
cfb2cd00-4e7e-447d-a16f-697623094ce9,46,2,152,1,0,0,1,0,2
0be42e7d-d2a7-4467-ab72-013d9bc38975,29,3,166,0,1,0,1,4,2
559e309d-02f6-4a4d-bb2a-c8e8dec3c1f0,29,2,58,0,0,0,1,2,2
262370d1-5296-4bea-ba60-8160563d0916,27,1,177,0,1,0,0,2,2
d687cc2f-38bc-42ca-a310-594f0542ef76,43,6,60,0,0,1,1,0,2
89be2cc2-40ed-48a0-8bda-dc4013fcfe6d,27,2,160,0,0,0,1,2,2
f061f2bc-6de4-4c3f-b92b-063d866ef426,41,2,134,0,0,1,0,0,2
17134cb1-b53c-4eb2-887f-168e2d7e8102,31,1,146,0,1,0,1,3,2
074a3646-09e7-4be3-ba43-080cdd42927b,18,0,999,0,0,0,0,0,0
1914f006-aa3b-4acd-9641-1794d89f8610,29,2,132,0,1,0,1,4,2
21d4c1f8-e978-48d0-a5bd-55778ad21210,23,2,114,1,0,0,1,2,2
ac983251-1839-49e4-92b1-33a0d48ed579,35,2,6,0,1,0,0,1,2
7e0ab2a3-908f-4b65-975c-143eb6ee9578,23,2,147,0,0,0,1,1,2
83dc9d52-0421-4496-bb94-a76eb90e17d2,44,1,174,0,0,0,0,0,0
cbe602b8-e9cf-4a9b-b085-2b635cefa944,34,7,97,0,1,0,1,2,2
6c6196a0-df38-403b-9d27-dddce4951e68,33,4,134,0,1,1,0,1,2
b299896b-4d6d-4977-b601-d87c31d203e7,41,3,83,1,0,0,1,0,2
7fca61dd-63c1-48ad-87e9-1fd62ad3fa74,44,4,63,0,1,0,1,3,2
ab9f2f08-c88f-43ab-8381-f02bc5f2fa14,34,2,65,1,0,0,1,0,2
312cce82-9487-4aa1-9c56-4c0bbd662bf4,27,2,6,0,0,0,0,0,1
5b149935-30bb-4e34-8fe1-a87b6205381c,18,0,999,0,0,0,0,0,0
a6107edd-7cc9-4b52-9ea5-32290ba60545,28,5,14,1,0,0,1,3,2
7ff99625-6ebe-4650-a551-be65adc3bcfa,28,1,82,0,0,0,1,2,2
a2876d1c-460e-4c37-9b78-93292590f39a,36,3,33,1,0,0,1,0,2
4498c274-ea48-4ac5-93ee-c40d60ffa72c,31,3,65,1,0,0,1,1,2
8f2ec21f-b6c3-421e-a1cb-9ecbad1c5c0b,41,1,155,0,0,0,0,1,2
955fb1f8-6a10-430d-96ba-d6df4ac9bb64,28,0,999,0,0,0,0,0,0
486dae1a-fd0c-4b5f-908e-beb51366c5a1,34,1,150,0,0,0,1,0,1
1c0e98af-5985-423b-9415-db4de7ee04e5,46,0,999,0,0,0,0,1,2
0d35df92-d3b9-4ca1-a5fc-118ffb2be4ed,38,2,151,0,0,1,0,0,2
ebfbc0ff-04e2-41bb-a5ef-639e8b9ca6d7,34,0,999,0,0,0,0,0,0
d25e8083-0359-4b28-a5f3-f71ffb309fcb,28,0,999,0,0,0,0,0,0
fab8968f-411f-4b86-8748-6d9b6ce55faa,28,3,108,1,1,0,1,5,2
6d5a92cb-f557-411a-8a6b-9b8e92b55a5c,26,2,11,0,0,0,0,0,1
9f505d0b-9337-4861-9833-cee679401583,29,2,120,0,0,0,0,0,1
87e21dcb-255d-4b71-b9dd-85d849bac54f,42,2,118,0,0,0,0,0,1
e09c11a9-7443-469c-bdc9-34375e74ca9b,32,3,4,1,0,0,0,1,2
090094b1-a0c9-423f-9231-fb031c81582a,21,1,18,0,1,0,1,4,2
adc87993-d726-4fdd-991e-ad1819b10b84,52,2,71,1,0,0,1,0,2
814fcb52-59be-4038-b872-85c2a3e4c96c,38,0,999,0,0,0,0,1,2
6c413110-dfaf-4910-90ee-7ebf4549169a,20,0,999,0,0,0,0,0,0
5211055d-e3da-4942-8ec0-2cd0a8192f95,30,5,43,1,0,0,1,3,2
e7420768-ceed-431b-bb38-40475351dd30,36,2,170,1,1,0,1,3,2
24cd307d-2a92-4192-acf0-0d7344de7d8d,52,1,71,0,0,0,1,1,2
1f5b5ffc-92f9-41be-ab6d-fd0f83b5a9fc,23,1,119,0,0,0,0,0,0
256fd6cd-5470-4bf2-aac8-8ef5f88d519f,44,0,999,0,0,0,0,0,2
0aeb5429-5f38-4001-8731-e6954a9d718a,48,2,98,0,0,0,0,0,1
cbb6aa83-5705-457c-b12f-c54859c07b85,28,1,133,0,0,0,1,1,2
d2e58816-4dc2-4a04-9fa2-f6f27d740e80,32,1,68,0,0,0,1,0,1
5a99788e-8e64-474f-8d2d-7696e73872c6,24,4,116,1,0,0,0,0,1
915afcd5-864c-470f-8d24-64f5da2dba50,32,2,127,0,0,0,0,0,1
b63cdfd7-8651-44bd-8f45-a040844fd7ae,34,1,11,0,0,0,1,0,1
218759f6-560c-4feb-a2d0-6035bef4ec7b,41,1,116,0,1,0,0,0,2
3ec85259-738e-4a77-b4c4-b70d96a2caae,45,1,142,0,1,0,1,3,2
4cf27ace-538f-4e87-8d86-ff6805f524b4,27,3,86,1,0,0,1,0,2
4e5e6408-1085-49c6-9bc6-8d6e96853aca,18,3,62,0,0,0,1,1,2
26cc0684-d030-4bdc-b6fc-7472b4195b59,34,0,999,0,0,0,0,0,0
d79fc0f6-6baf-4a46-8f88-e0f8864d6c86,37,2,163,0,0,0,1,0,1
11032d14-95bf-4bcb-b281-ea87e7dd1f72,37,2,6,0,0,0,1,0,1
ab615843-9e31-49f0-810b-e6d4489047a6,31,1,0,0,1,1,1,5,1
a2cb3f62-60d5-444a-aee2-e7e2e07b6b48,36,1,71,0,0,0,0,0,0
33c3776b-6d3b-48f9-9d4a-007135f63592,50,0,999,0,0,0,0,1,2
9e74e1cd-1088-4420-80ff-b3c31f79c5e8,38,0,999,0,0,0,0,0,0
8ee985af-3442-41ec-b6c4-4add66cc528d,31,2,51,0,0,0,1,2,2
2395c801-c9da-4695-b85e-e04bbea56fa3,29,3,94,0,1,0,0,1,2
51ee3423-b778-4915-ac93-8975d38f893d,33,1,42,0,0,0,0,0,0
8843484f-7a22-4edf-a485-82f4ac36bc3c,51,2,38,1,1,0,0,1,2
d3e18ee0-5203-4a5d-88c5-a5679f7d0167,33,2,170,0,0,0,1,4,2
f176a471-3c4e-4b9e-a092-033a52006b35,34,2,148,0,0,0,0,0,1
70d865aa-1092-4b26-a088-4b896e0256a3,30,1,116,0,1,0,1,3,2
4111c1a4-bbff-4ca3-aea1-1e11b4f422b1,45,3,14,1,0,0,1,0,2
eae971cd-2d3e-47ca-95da-5e2a65512b96,54,0,999,0,0,0,0,0,0
9e74bf9c-7fb5-4663-8171-ad36a3c78c4c,39,3,165,1,0,0,0,0,1
b8c16add-995b-4aa1-ad4b-bdcb53a73e58,35,2,122,0,0,1,0,0,2
069e78e2-88a7-4276-bbc7-ca7842fb2ed6,35,1,22,0,0,1,0,0,2
6d48195c-ce75-4910-b249-ad99b18d0553,18,1,90,0,1,0,0,4,2
061b7f80-b923-4351-a29f-ce9adea42449,42,2,79,0,1,0,1,4,2
5f1d12d3-8989-4ab1-84e6-22439b6baa73,36,1,50,0,0,0,1,2,2
93c4ed1a-6a7f-422b-bc0f-adf33ab9e01e,39,2,22,1,0,0,1,3,2
1c2b8eb2-f531-4e57-9d54-36d38c91f75c,27,3,178,0,0,0,1,2,2
5a5c071e-1399-410c-a0fb-d9e1a952d4e0,31,1,113,0,1,0,0,1,2
c01cd026-8cf5-4bb6-b9d4-0d0c74e5c12f,30,2,45,0,0,0,1,0,1
97d7faea-40d2-43e6-8fb2-23d2191aceda,45,3,93,1,0,0,1,0,2
21fd7dd7-7ba6-4f44-ae53-802ab7f87edc,31,3,60,0,0,0,1,1,2
d324f510-d70c-48da-a35c-1206f9249958,55,4,143,0,1,1,1,4,2
aba6fbd4-7d00-4943-bf90-c731f614d5ca,39,1,113,0,0,0,1,0,1
e8a419ba-09c7-446c-8c1a-3b67beca7d82,22,2,59,0,0,0,0,0,1
c37a8a7d-51f0-43e2-ac88-fbd56247ecee,33,3,159,0,0,0,0,0,1
fcf1781e-0676-403c-8a7b-0bb6b0bd87ec,28,1,168,0,0,1,1,1,2
cda8f4b0-d842-42b8-a4fa-685ec27316bf,18,0,999,0,0,0,0,0,0
0a2a112c-071d-4dcc-a6b6-8d06fcaf573d,50,0,999,0,0,0,0,0,0
22ed8738-2b9d-47e2-822b-97468185a6d6,42,0,999,0,0,0,0,0,0
59fa029a-1c45-4734-ad6e-22a425cdd715,40,0,999,0,0,0,0,1,2
650a7036-58ae-400b-bdec-5ecd8d48c575,36,4,171,1,0,0,1,2,2
fe2e11cb-62dd-4425-bd65-85e8267ab7f5,21,1,43,0,0,0,0,0,0
34a8f7fc-c687-48ee-8c98-d630a4e9192a,30,2,139,1,0,0,0,0,1
f8eff958-795d-4746-b527-a3ad969e57dc,43,0,999,0,0,0,0,1,2
28ab67fb-8232-4cde-a4df-52406362eee5,24,3,161,1,0,0,1,2,2
e8c08948-d890-4ff6-b2b8-096cb0d0e0ac,18,0,999,0,0,0,0,0,0
293f707c-b2d2-42b5-9d33-e7a3e53dc3ec,32,1,80,0,0,0,0,0,0
678a3e85-0b8b-4c8b-a71d-fff602a98625,33,0,999,0,0,0,0,0,0
aad05dba-7e3e-42a2-89e9-850d023c560f,36,0,999,0,0,0,0,0,0
092c47b5-769f-440b-aad9-55597980161d,42,1,20,0,0,0,1,1,2
c75a62d7-edb5-45d2-a095-88e74f131aa2,41,3,139,0,0,0,0,0,2
985251b0-863d-4838-bbfc-174de73f29e0,37,0,999,0,0,0,0,1,2
caa433fd-7fb3-46dd-b922-1836825d420f,46,1,87,0,0,0,1,0,1
8941b5b1-09ad-4239-972a-ca349978159d,19,2,139,0,0,0,1,2,2
ebdce136-a39e-49e5-a53a-0c33b8519dfb,40,6,51,1,1,0,0,1,2
3f027d29-49d8-467b-9ff0-12145a3cfa46,41,2,13,0,0,0,1,0,1
25e16df6-bed8-4b9d-8e0e-acc59391ae1a,22,2,145,1,0,0,0,0,1
f17e4374-a06c-431b-ad24-72ca6abb6ee2,19,2,151,1,0,0,1,1,2
7cb8d9a1-2e8b-4457-ab02-c1b990132773,27,2,153,1,0,0,0,0,1
95fc7982-df72-45fc-8797-bfc845d23a68,28,2,63,1,0,0,1,2,2
bb055ae8-901b-4fff-9910-cd350f322e96,42,4,167,0,1,0,1,2,2
6aa1a354-1622-46c7-aa52-f07b1e3aa4e3,28,2,156,0,0,0,0,0,1
8c59b2f0-d6c2-4268-928e-14b6ddad8f0f,26,1,145,0,0,0,0,0,0
be62063e-68f5-4439-8cc3-2664220957dd,28,1,58,0,1,0,1,2,2
9d04d42b-cc58-477e-8bdb-c7644d96bc97,46,3,122,0,0,0,0,1,2
55c8eb49-95e0-42cc-8415-d6733ddf3779,35,1,96,0,0,0,1,2,2
f7316074-4f6e-487e-ba9a-0ef0c450c0db,33,3,108,0,0,0,0,0,1
0023869a-7d3b-419a-9166-0afe141547ce,33,3,65,1,0,0,1,2,2
f420aaf8-6809-4d77-9b12-0d66ed92a425,47,1,114,0,1,0,1,3,2
0c1e2ce1-4a8e-4eaf-a2e7-a2445f82792f,27,0,999,0,0,0,0,0,0
81ae3792-9372-42f0-9db4-df3bb4a6fd9f,48,2,21,1,1,0,1,1,2
c4cec7b9-ddab-4bc1-8d81-3b77600d6557,37,3,153,1,1,0,1,3,2
7a22fb0c-b633-43ec-99a1-4db6504483db,33,0,999,0,0,0,0,1,2
29f2a05c-2277-4947-970a-b5db88563443,60,2,8,1,0,0,0,0,1
e7243806-5d82-4f98-8f8a-80dc7429214e,24,2,6,0,0,0,0,0,1
5a1a8207-47c0-4f88-872e-6dd7e5b7c417,31,4,104,0,1,0,0,1,2
0c00ed85-4bdf-4e5d-b52c-6438450d3d47,22,0,999,0,0,0,0,0,0
2f25b37b-10f5-431b-a71f-330dbec59dde,44,2,19,0,0,0,1,1,2
cea1d0aa-bc59-4fd8-9d3e-9702a4b249f3,51,2,78,0,1,0,0,4,2
31838239-7a44-4e0a-92e2-119ea4f0dca8,51,2,170,0,0,0,0,0,1
946ce6d5-a642-4ad7-ada4-5bd703b1cb57,47,2,113,0,0,0,1,2,2
1f58cb6e-46de-47d2-bef1-f12a7c025d39,33,1,97,0,0,0,1,0,1
37e844e8-a0e9-43a8-8333-908928045aea,31,0,999,0,0,0,0,1,2
793a0309-d3c7-4cec-a6a7-081e76a9b425,18,1,114,0,0,0,0,0,0
951a4dc3-d60c-4c77-af40-f64a36f90c1e,55,2,19,0,1,0,0,1,2
7753b4eb-8333-44c0-9d28-3be828a316fc,39,0,999,0,0,0,0,0,0
2e3b8a2e-3d38-4cd1-8ce3-ca6ff8eada04,30,1,24,0,0,0,1,3,2
ff727007-ffda-4f1b-be72-6ff63d7bdaf1,48,3,120,0,0,0,1,3,2
2258fef1-0fb2-4f8b-a81b-f65151fee426,25,2,35,0,1,0,1,5,2
7fa3de26-ea76-467d-acb1-854260230d01,39,1,2,0,1,0,1,4,2
588eecec-8b50-48eb-8fae-446eae5ff479,33,2,46,1,0,1,1,2,2
67b26002-4292-4cfb-b4bb-0bba971adfeb,41,0,999,0,0,0,0,0,0
ae6b5e0b-c2ad-4507-a050-072bb297b07a,34,5,27,1,1,0,0,4,2
f8e83843-3377-44a8-8136-7b171437e359,20,2,74,0,0,0,0,0,1
bd90eab3-1fd8-40c2-83f3-4e48e0ba0a2c,35,1,80,0,0,0,1,0,1
ff3bcbf8-1de9-42ff-bf3c-e7377849c639,45,2,141,0,0,0,1,0,1
e925a061-671c-49dc-8205-7d6589869e4d,34,1,30,0,0,0,1,2,2
3dd4ea19-7f9b-4507-8cbd-5378860478a3,42,3,110,0,0,0,1,4,2
9df72dec-02a3-42fa-9240-65fb9dee32c1,24,5,59,0,1,0,0,1,2
569ee86b-15f2-47f5-8348-b53edc1fd563,34,5,102,0,0,1,0,0,2
46b06cd1-0fbd-4323-9962-70dba5baeba4,28,5,76,1,0,0,1,2,2
51a0340c-b482-4b16-b73e-b18f9a25fb10,42,1,19,0,0,0,1,2,2
1519e2b6-c4a4-45df-8e9e-4c59aecd26cb,35,5,10,0,0,0,1,1,2
cc81f3f3-6122-41af-a1a0-d2131a3b7fe1,41,2,105,1,0,0,0,1,2
cc91452b-b100-4521-aa61-6dd66ce311cd,45,3,131,1,0,0,0,0,1
4faabdbd-05ef-45bf-ab50-43b1669bc230,41,2,179,0,0,0,0,0,1
f7bf5d07-328f-4d83-a622-53f6513bdf94,37,2,46,0,0,0,1,1,2
62884d1c-3b36-4de0-9a2b-09495882e6ee,25,1,121,0,0,0,0,1,2
02ed7772-12b5-42cf-897e-4ad8c0c2005d,34,1,138,0,1,0,1,4,2
5436e220-8f6e-41c2-aad1-7a8cb8987311,29,2,115,1,0,0,1,1,2
298d0228-6cd6-4683-ab00-f32b00d381f5,31,0,999,0,0,0,0,0,0
6231159a-7372-40db-a241-97398933f843,31,6,150,1,0,0,1,0,2
99174747-aa2c-49f1-92c3-750a617f4c1e,25,4,52,1,0,0,1,1,2
8746f155-8189-44c5-96a3-0228f6cc25a7,18,0,999,0,0,0,0,0,0
493ea8f9-6a3e-4eae-a7d2-3921374a6cf7,28,1,141,0,0,0,0,3,2
8397460b-a724-4093-9b3b-429c8c588a39,36,0,999,0,0,0,0,2,2
45559e2d-f50d-41c0-be5a-9d75e278054f,21,0,999,0,0,0,0,0,0
1fc30d8a-bb31-4f7e-979e-a1a36bd37bcb,35,3,66,0,0,0,0,1,2
5858cd36-f19a-430d-8f43-ee043cb23654,54,4,108,1,0,0,0,1,2
1d5d5bf7-877e-404c-a539-b87f5252522a,45,3,102,1,0,0,0,1,2
9decf933-f923-4825-90f9-bb65b3ee5b43,51,0,999,0,0,0,0,0,0
39572edf-f99a-406f-a2bf-fd6e776df49a,38,1,94,0,0,0,1,1,2
78c868ca-4f8a-42d7-8f57-f67c46e072ac,46,1,87,0,1,0,1,4,2
4cf466a5-ecb7-42cf-a016-ff7716c3e277,27,2,49,1,0,0,1,1,2
559226e6-0ca7-4d97-8bad-d70b33be077d,28,4,144,1,0,0,1,2,2
44267488-463a-443b-8b09-623317831211,18,0,999,0,0,0,0,0,0
df273885-f3ed-4ce5-ba97-4df5a9ecc8cc,46,1,53,0,0,0,1,1,2
07132b57-086c-450a-979b-2745608837a0,50,1,90,0,0,0,1,1,2
e7a472df-fb56-4fc0-ade1-0d5a6b927fff,29,1,8,0,1,1,1,4,2
0ce41c8a-c54e-4c9f-91d2-7d0206d26b5f,32,0,999,0,0,0,0,0,0
d9cb8841-6c69-420d-aed3-043974bb5459,27,4,21,1,0,0,0,0,1
4920101f-a5d0-4e7e-bd6a-2038daf8cb88,38,3,39,1,0,1,0,1,2
4620aa37-6b2c-4d50-92a8-d8e67359b9fe,46,2,77,0,0,0,1,1,2
ea9d29f3-36c4-4a36-81a7-df4be48521bd,18,2,100,0,1,0,1,5,2
d636e114-e91a-4c50-9df7-3caba5fe76e9,39,3,51,1,0,0,1,0,2
f65669e9-6145-4fda-8583-23b4f21f3344,32,2,155,0,0,0,1,2,2
c7f1f706-2b21-47e9-8def-d3d9c6a0d2f2,36,2,171,1,0,0,0,0,1
7d16c9f8-15b5-46b3-82d1-950b2a470d02,39,5,103,0,0,0,1,0,2
cce52763-e1cf-4903-820f-1ed403c4ab11,33,2,47,0,0,0,1,1,2
02aa72e4-e540-40ef-b7c9-134a021285e6,33,2,21,1,1,0,0,1,2
aac5d5cf-4548-4a0d-9fe8-e82485f121b1,32,3,103,0,1,0,1,1,2
2b35d23b-796a-4c87-b9cd-da70c2ed0400,44,1,162,0,0,0,0,0,2
555b1be4-6ac7-443b-a5d2-e10b935c950e,39,1,44,0,0,0,0,0,1
c2ec2a4b-368e-4061-a24f-2d1bde40e45d,37,3,27,0,0,0,1,1,2
515547a5-039d-4006-a0ba-1710f2a1a329,22,0,999,0,0,0,0,1,2
eb57a796-211f-4fef-aded-ceb1c1889121,31,1,85,0,0,0,0,0,0
e9aabbce-867a-4e3a-92a8-1b2665b05049,43,4,37,1,1,0,1,4,2
f8cb5a9c-cb0a-498c-9d52-625d8331d4f9,35,3,102,1,0,0,1,1,2
734ed811-0ae9-42cc-99b8-73e01684a105,41,2,86,0,1,0,0,3,2
23588ddd-39d8-4275-a7dc-c2424a6c1f93,52,4,5,0,0,0,1,0,1
3d3c78b8-78e7-4000-a195-39a8660b23ea,45,2,141,1,1,0,1,4,2
efac0d7f-263c-44ef-b925-74480e2470f5,35,1,35,0,0,0,1,0,1
c8a38f47-a3ec-491d-8174-29aec852290f,29,2,50,1,1,0,1,1,2
57b3b504-2062-41b4-92ea-9601f3193cd5,18,2,86,0,0,0,0,0,1
b62e1b46-7da6-4399-9e9c-991836b7838d,33,1,76,0,1,0,1,3,2
c65432b2-31ec-4cef-a318-a9a00c63b885,31,6,43,0,1,0,1,2,2
99bb317f-af57-4402-8e40-c68c1969d31b,38,2,44,0,1,0,1,3,2
af04cc6d-532c-42a8-8fbb-6a0975b3451b,33,4,114,0,0,0,0,0,1
d57ef1b0-ef66-4ccd-911b-877ec4510e5f,31,3,111,1,0,1,1,2,2
957a546c-016d-4007-a0db-25583ee8866c,18,4,168,0,0,0,1,1,2
051ce336-518d-4b85-85b0-9c9d5894c4c2,25,1,5,0,0,0,1,0,1
921ce5e4-711f-42c1-bfbc-4c7064d47ced,39,4,109,0,1,0,1,4,2
61b354de-313a-4a09-b3f8-40494569ffd9,52,1,91,0,0,0,0,1,2
647bb3ac-2f69-4d50-b4e5-f9e280d4260c,34,1,134,0,0,0,0,0,0
ac4ed5f0-38ed-4c90-bbb2-8b41572a9ee2,38,0,999,0,0,0,0,0,0
41922993-8089-4956-84c4-8c2117572ca4,44,1,92,0,0,0,1,2,2
12d3cf95-5fe2-44a6-a2b3-66195ca5e3af,26,3,46,1,0,0,1,1,2
3a1a4ca7-a5f6-4251-b9c2-d7ac8f0865bc,38,0,999,0,0,0,0,0,0
3bb906b0-d31a-431a-9652-cfcbd570b3ab,27,3,106,0,0,0,0,0,1
afeca08e-f833-46a2-bde7-3a1328d99519,43,0,999,0,0,0,0,0,0
50d9507d-d5b9-406f-9615-fc47ac944980,36,2,66,1,0,0,1,1,2
0dad456e-9935-47f8-9be0-65f066961f20,37,3,103,1,1,0,0,1,2
d65ba728-74b4-4140-b85d-27744be5c287,27,5,12,1,1,0,1,3,2
aaf1405d-3f31-4bda-ab4f-97030d004519,42,2,55,1,0,0,1,2,2
f383d1ea-aab9-4381-9729-47b31a57a01e,55,1,76,0,0,0,1,0,1
c1a949b1-de8b-4690-bbfd-14bd08d9172e,24,5,11,0,0,0,0,0,1
79079e92-5cdb-4087-a4c1-1b305032c0ec,31,1,4,0,1,0,0,2,2
54935867-314a-43dc-b495-8f99ae27b91f,37,5,126,1,0,0,1,1,2
47b9f1e0-19be-4be0-9dee-bf33134fcd27,42,3,75,1,0,0,1,1,2
16574925-b58b-4430-a87c-9f48e672fe42,29,0,999,0,0,0,0,0,0
c1556ccc-447a-40f8-bd7d-3c50fcb8703d,18,0,999,0,0,0,0,0,0
19b1a4cf-0cfa-406b-a415-e0107a4549a3,48,2,65,0,1,0,1,2,2
afd81afd-2440-4e75-8e36-e137e24daeaa,42,3,37,0,1,0,1,2,2
cd4f795e-6453-419f-9a40-b43481a526d2,18,2,97,0,1,1,1,1,2
9b5c878b-cf69-442f-88ce-e723c054d1bd,28,0,999,0,0,0,0,0,0
4114c6b0-ed85-4534-b23e-e6be1164bb47,50,1,46,0,0,0,0,0,0
e3e2bfc0-0980-49e1-8275-a3b9743f168c,49,3,103,1,1,0,0,1,2
8fe3d996-b0c9-47f5-98a1-45ffb4043201,44,2,13,0,1,0,0,2,2
6de416a4-23a3-4ab9-8389-ce23b6dce497,33,5,142,1,0,0,1,2,2
3d2388cc-4119-4d07-b93f-279cfffe53dd,35,4,162,0,0,0,0,0,1
56d2f9bc-161b-4e67-a001-870e7f582838,33,1,158,0,0,0,0,0,0
ee143014-cd0e-46a3-af36-a04eb9da0cd1,46,2,161,0,0,0,1,2,2
604a35e8-3e93-499c-9fe8-6393d6e91e3b,26,2,6,1,1,0,1,2,2
c753b62e-5355-469c-8b5f-7a19e88d7701,26,3,37,0,0,0,1,2,2
60a4a52c-49a8-4478-9a74-288835305ef8,45,1,126,0,1,0,1,2,2
8961068d-1113-4a62-a5cc-246653af676f,34,2,128,1,0,0,0,0,1
a4e85c13-2f1a-4c6a-a98a-f8a6076ae4ba,48,3,13,0,0,0,0,0,1
0ef8016e-9dcd-46d4-b2bc-844380a0b9ce,28,0,999,0,0,0,0,0,0
6f9ed622-3336-467d-b455-675f95e0211e,34,2,116,0,0,1,1,2,2
fd0df649-88eb-4c79-99f4-7c8a40bf235f,25,2,135,0,1,0,1,4,2
8a020831-0021-4d96-ab27-53072b58601c,35,2,167,1,0,0,0,0,1
67881b67-5580-45bd-a521-2eece3fed042,20,1,5,0,1,0,1,4,2
41d8ee05-b467-4206-9ad1-c557f2f57926,30,1,78,0,0,0,1,1,2
1e310d4b-577b-4fa5-b0f6-bbb2635516fc,20,4,19,0,0,0,0,0,1
38af6d56-8356-4005-87ab-4b0fe5752fbd,41,1,80,0,1,0,1,3,2
48f294f3-aa85-4a08-9837-e46ee159e60f,42,2,95,0,0,0,0,0,1
8612d5ee-7b03-480d-87ba-44065e1af38f,18,0,999,0,0,0,0,0,0
44646434-3072-46be-b305-2b7be6ddea2b,48,1,166,0,1,1,1,3,2
2beea73c-f5da-4790-8ac8-5575044103d1,59,1,137,0,0,0,0,0,0
0821d993-c031-43d5-9dfb-7618357ca551,35,1,136,0,0,0,1,0,1
c8a604b2-fa2f-47ae-bdcf-670d34e512f2,28,0,999,0,0,0,0,2,2
a4619a8f-c1c2-4acc-82dd-95baf6d4ad3f,63,1,54,0,0,0,1,1,2
0ad16a86-e152-4f64-9eeb-6d02a2f19c87,21,2,74,1,0,0,0,0,1
9b4bc837-61e8-4544-9d46-bb01284e4138,35,0,999,0,0,0,0,0,0
4b55e14f-6c09-4c9d-b256-ae6438562bbd,36,1,93,0,1,0,0,2,2
86c1d057-83b6-44de-9ed5-1fa575f7a845,48,2,58,0,0,0,1,1,2
b82091d9-ebfd-419d-9e23-22eccc15075c,38,2,109,0,0,0,1,0,1
5c631963-0b11-4556-ad11-e22fbad2e3ba,30,1,116,0,0,0,0,0,0
e2b305a1-bd66-49a5-aed4-0b505731adeb,25,4,10,1,0,0,0,2,2
2e4f6eba-e870-4ad1-bd89-44fcfff69d61,31,2,12,0,1,0,1,4,2
239d39f5-0572-4821-b040-8490ca3c1c74,24,4,61,0,0,0,1,0,1
3ccddb69-3c09-462c-90b9-193eb9c27057,35,1,113,0,1,0,1,3,2
600ea844-9d2f-475b-8826-edb5b7ec8589,29,2,70,0,0,0,1,0,1
d7a31545-4a18-4e93-9642-68c977bd6432,20,4,94,0,0,0,1,1,2
d3339c67-aa63-43aa-a280-e8f042c93e45,47,2,106,0,1,0,0,4,2
2777928c-0df9-483c-a35b-23a161bf1e0e,30,5,21,1,1,0,0,1,2
de9dc26e-7b08-43aa-a8f2-abdcf748a6ae,22,2,37,1,1,0,1,3,2
aab62957-a6ad-4bd9-871e-5cb3cb2ea299,33,1,141,0,0,0,1,2,2
5a8c29f7-a334-412d-9db1-805ddb499c23,35,1,5,0,0,0,1,0,1
84c0b865-4da7-4038-9ba0-f00bbd7d193c,18,1,30,0,0,0,1,1,2
8b455752-7e23-4753-8ea8-631f85e9574f,38,2,124,1,0,0,1,1,2
610253a4-05bf-45f2-8512-30da94e7ca82,24,1,50,0,0,0,1,1,2
fbc7661c-a5c5-4231-9f00-b6b77ef907a5,52,2,130,0,1,0,0,2,2
8525ed34-5285-4f92-b663-2d84539642c9,40,4,144,0,0,0,0,0,1
2a7283da-b380-4e11-8334-932c5509a8aa,31,2,19,1,0,0,1,1,2
04a0aade-ec29-40d3-974a-6f35e20f71c0,27,5,134,1,0,0,0,0,1
5053b682-9dc3-436b-b1d4-082d672e7a97,33,3,144,0,0,0,0,0,1
d7601d14-ccd2-4704-9411-1bad809917cb,41,4,57,1,0,0,1,2,2
b6927e97-a6db-444e-9b2b-1e2dd8e70d70,34,1,116,0,1,0,1,2,2
d2b90cdf-f889-4a80-a341-e749eeadfe26,32,1,154,0,1,0,0,2,2
f80d0be5-8c79-470d-8a6c-033efe44fd21,35,2,12,0,0,0,1,2,2
c7da764c-5794-4061-98fb-1fc5eb4a5226,28,1,4,0,0,0,0,0,1
ec375074-1b11-4d28-b5d8-61452a388ce1,31,3,64,0,1,0,1,4,2
f8f6b397-1441-4606-8f2f-d40307e911b4,18,2,144,0,0,0,1,1,2
040fe1f6-6830-4485-9e91-6f953dfabb63,44,0,999,0,0,0,0,0,0
48fea433-b72e-40a8-aab7-b6be93b100e4,37,0,999,0,0,0,0,0,0
39da5c8e-32d1-4022-abb1-9ea609f56c9d,27,0,999,0,0,0,0,0,0
645c4923-6727-4f47-a47c-72b7e538f133,53,2,91,1,1,0,1,1,2
7f4fd609-7d04-4733-ad75-0ca16692b34e,35,2,2,0,1,0,0,4,2
91079a42-92dc-4437-a4f3-5f55a4b88628,24,1,145,0,0,0,0,0,0
e41bd4c2-b291-46ca-8c8a-a1533bc2b25a,43,3,168,0,0,0,1,1,2
045d87b7-da2c-4ff7-b36a-ea3d92924a81,38,1,127,0,0,0,1,0,1
93826895-5cfb-45a6-bed1-c69ae7b05a1f,38,2,77,0,0,0,1,0,1
59d49c4a-bdcc-4903-88e8-9cc2fd42d115,30,1,16,0,1,0,0,3,2
5d60a544-a3d8-423f-890c-1cc8a036f635,39,2,82,0,0,0,1,1,2
e3e30054-4e19-40e5-9e04-08769f3fc782,32,2,60,0,0,0,1,1,2
a5e383b4-9567-4298-b7e0-323c67487340,40,1,174,0,0,0,1,1,2
b7e0ed72-3794-42ff-b6bf-6423b15b8927,18,2,71,0,0,0,1,1,2
78aebbe1-4b55-4819-b736-9317f29ab865,30,0,999,0,0,0,0,1,2
1b29854c-c421-4ce5-81c8-94eb0d7c5027,52,3,151,0,0,0,0,0,1
a1057f22-3e7c-44da-922f-5ce920605e7f,27,1,92,0,1,0,0,3,2
253435b3-6c75-465a-94df-92877c6d5329,28,3,174,0,0,0,1,0,1
76177c88-8136-4649-b361-1cebb024f841,30,4,55,1,0,0,0,1,2
a71bd22c-6647-40d1-8081-9e74635f4b45,22,1,126,0,1,0,1,4,2
5d7c4fcf-d89b-45cc-afa3-5a08efb5cf48,18,5,74,0,1,0,1,3,1
e91126f4-94d7-49ee-ad88-406ea23196a6,32,0,999,0,0,0,0,0,0
270427cc-4f0a-4437-9cd5-2fb05d4770b3,36,3,141,0,0,0,1,0,1
4408074e-2af2-41a9-beb3-47e560d2c48d,34,3,70,0,1,0,1,5,2
e246b4b7-5e40-4679-9f10-328e7aeed83e,33,2,66,0,0,0,0,0,1
a9f1dcd5-22e9-40f4-8b90-15c2a4144e2b,35,1,138,0,1,0,0,2,2
8ef1a434-c194-4ea8-b53a-552200133bbc,45,0,999,0,0,0,0,0,0
814f31e3-a8a1-42b7-87b2-71cc76418090,33,5,16,0,1,0,0,2,2
0aed0681-2144-4a46-883d-8551abf79040,29,0,999,0,0,0,0,0,0
6e595d5a-586d-4dc6-9b0f-dcee45ca6d7f,32,0,999,0,0,0,0,1,2
f0977241-9b32-4a84-8002-3ecf9a9dce30,40,1,124,0,0,0,1,1,2
20f2566a-5f2e-4a4c-a311-43d212faaf98,49,2,22,1,0,0,0,0,1
7f6fc0e1-3f37-4bfa-a4bd-29f3b4a98ed0,28,1,32,0,0,1,1,1,2
4234d4cf-c1c1-437f-98bc-3899cee5a2a6,35,5,44,1,0,0,1,2,2
bb545174-fe9a-47eb-b320-c73f2bf2344b,38,1,77,0,1,0,0,2,2
61ac5df2-739a-4785-9b42-90fca6955489,25,2,48,1,0,0,1,1,2
24ee1132-c2ae-443f-8e3c-d347761f7e72,35,3,105,0,0,0,0,0,1
b2ea3fdd-5dac-47c1-b2b2-8ea8aa3e6d39,20,1,19,0,0,0,0,0,0
9b3472fb-abfb-4917-84ce-2e768cc29a5d,18,1,110,0,0,0,0,0,0
910d4d79-5622-4749-82a1-87b700cfbc7a,38,1,144,0,0,0,0,0,0
8c45f8e6-eea9-4d42-84c8-49f4bbde6234,31,2,108,1,0,0,1,1,2
407d4e95-a794-4196-9040-a3b8d308aee9,37,1,135,0,0,0,1,0,1
72695b5d-ddc2-453e-9b6c-be8a2a40b573,34,2,6,0,1,0,0,2,2
2493fc08-e8cc-445e-b8d7-3012302584b5,25,2,164,0,1,1,0,3,2
404479ff-bf60-493b-b555-5933b6a3cee9,34,4,48,0,1,0,1,5,2
7fa1eeff-c18f-42a6-b485-15bdfbee0f4e,22,1,29,0,0,0,1,1,2
48579160-966d-4187-8a84-f317569cda87,48,3,51,0,1,0,0,3,2
485e2bda-2eac-4711-88e1-60741f89e70f,21,3,53,1,0,0,0,0,1
15c00ee0-7ea3-44cb-8c33-26ad7eae6bcb,33,3,51,0,0,0,1,2,2
cc06b85f-2aa0-49a6-bd44-ebaf3370ead2,24,3,84,1,0,0,0,0,1
1fd4bd72-dc06-4f05-97d5-88c605795cb8,40,0,999,0,0,0,0,2,2
bfe0ccbe-6999-4682-8326-9bc54f80a4f7,31,0,999,0,0,0,0,0,0
129f9781-eb59-4782-bc9b-ce091d5e2f4a,29,2,154,0,0,0,1,1,2
9403d933-a8b5-4cf4-90bb-a106032044e1,43,2,2,1,1,0,1,5,2
b7c47f0a-8623-4a02-b8ec-1ae4a58fed64,35,0,999,0,0,0,0,0,0
54178875-ba35-48a7-8556-59e57180fcd6,40,1,15,0,0,0,0,1,2
1549c537-efc1-44dd-83af-646b7b492d2d,25,0,999,0,0,0,0,2,2
32af6f2b-3912-466e-b179-4528dac7fdd8,20,1,116,0,0,0,0,0,0
f5d84a7c-11df-4e7d-aa56-f7e044944645,36,1,97,0,1,0,1,3,2
dfeb9a49-248a-4113-a5e6-99d1d3243727,31,0,999,0,0,0,0,0,0
3ef811c1-e5fd-46ef-b087-d4095e4d3849,41,1,121,0,0,1,1,3,2
4e7fc6e2-5586-447e-bc1c-85ace802f850,34,2,108,0,0,0,1,2,2
58b6c7fa-0172-4740-9b2e-7c5319ba1cd1,37,5,32,1,0,0,1,0,2
85824c6b-4e71-4256-9eb1-ba96ee5690bd,18,0,999,0,0,0,0,0,0
bf110c07-96b2-469b-956d-059af2a94f1f,53,0,999,0,0,0,0,1,2
8a6cf8a0-a20b-41c9-b259-61e1e1150674,33,3,94,1,0,0,1,0,2
3a34a9fd-36cb-47a4-ad6b-438a643bafcd,41,6,90,0,0,0,0,1,2
2c228969-859b-4e96-af59-61697235c79e,26,2,102,0,0,0,1,0,1
e5717ae4-4f3e-462b-9e43-02aaed5b1392,38,1,61,0,0,0,0,0,0
7b5ca3ea-eb18-419a-812f-d77bbf3032b3,21,1,7,0,0,0,0,0,1
2707a7f7-c9fe-41df-9731-3affe01d6769,39,1,42,0,1,1,1,2,2
46842563-9f67-48a6-b32d-c3ee5dfbd22a,31,2,112,1,0,0,1,0,2
e10cfe43-4a06-4e0c-8c54-df8c2f6e405b,35,2,174,1,0,0,1,0,2
66b63d46-7f71-4bdc-8abb-d86312893a2a,41,1,11,0,1,0,1,2,2
1784e5dc-1617-46f1-bb74-0b103ce66064,22,0,999,0,0,0,0,0,0
e186f1a9-9f5e-4e36-92ba-780ae87f3f00,28,2,39,0,0,1,1,2,2
b18729d0-bbff-46ee-a645-63c8c8dcf99c,39,5,4,0,0,0,0,0,1
34dcac07-59fc-4928-92c0-fcf28b9f3f1a,55,4,56,0,1,0,0,0,2
efe5aa3f-7c26-467e-b95a-b32c144703c3,33,1,109,0,0,0,0,0,0
a2f73147-98ec-4585-8c07-6a07d96ad0b0,40,3,109,0,0,0,1,2,2
c5636abf-bf25-4599-bf51-f4d9af67a7e0,33,2,0,0,0,0,0,1,2
5903e3aa-7589-4d97-9bc8-9e8d9b03ea7a,54,2,160,0,0,1,0,1,2
40884204-a4d4-4a3e-aee8-9ea1a38ad664,18,3,72,1,0,0,1,1,2
8ba4681e-088e-4d35-9712-000d5b6a293e,35,1,104,0,0,0,1,1,2
a0f0fb22-a57a-47ca-ab6c-64f5c9ed7b1f,18,6,33,1,0,0,1,0,0
0c780d1b-9029-4889-8d11-b145309691ec,18,5,71,0,1,1,1,2,2
301254c9-f6d4-45c2-b172-24462aec1781,37,2,32,0,1,0,1,4,2
f90dfe4f-c6b5-4f32-b606-3762d2a95b8f,36,3,55,1,0,0,1,2,2
1ba60f6a-809f-467c-ab3f-1f87a6c45ee1,32,2,75,0,1,0,0,2,2
8a502658-6749-4222-a198-93f25d948403,33,0,999,0,0,0,0,0,0
c82ef108-16ed-415e-bc8f-dd31dc9b401c,65,0,999,0,0,0,0,0,0
d5a7a397-e657-492b-bbdf-e12b9d1b7ed6,32,1,148,0,0,0,0,0,0
442856bf-d23e-48d3-8328-1e68b2a183b9,40,3,131,0,0,0,0,0,1
3f8feae4-14f3-4445-930f-e5630f7d9b96,28,2,176,1,0,0,1,0,2
2f581133-af83-451b-b2bc-136e2ec3bb04,37,2,10,0,0,0,1,1,2
d391cacb-f973-4d79-8dc5-1d4f4f0b96ae,32,4,122,0,1,0,1,1,2
47bcb255-f727-4f75-b965-a980ef5a09c0,30,0,999,0,0,0,0,0,0
cf3c9888-948b-4156-a47f-4c7df371be93,53,2,59,0,0,0,1,0,1
29773917-ada0-4089-9051-ef6698f2958a,46,0,999,0,0,0,0,0,0
13ce8522-bde4-4c30-9b1e-c1aea38dc8f6,36,7,65,0,0,0,1,0,1
5536f1b3-2f5f-41a8-a281-9276e611b879,18,1,104,0,0,0,0,0,0
dddf384a-c65a-4eab-9dc5-b6523e144377,31,1,143,0,0,0,1,0,1
0d98dfbf-ad0b-4ab2-9d77-5de470771bf8,62,4,75,0,1,1,1,3,2
f92e5b34-ac19-46b3-8674-7f168742d93e,32,3,89,1,0,0,0,1,2
86f1ac79-d24a-4891-a05f-e6c365962165,46,2,11,0,0,0,0,0,1
3d3b5a04-f77e-45c3-ad56-cda62b3b677d,49,1,25,0,0,0,0,0,0
2c606cf2-f79b-4a5b-a688-3eb9f522710a,37,1,67,0,0,0,1,3,2
d3eec330-0049-4bc5-8c4d-90dd3219827d,26,2,26,1,1,0,1,4,2
7c3785bc-80b8-4a77-834d-934461b691f4,18,1,52,0,0,0,0,1,2
393b58e9-3843-4447-92d4-7c5719c15e0e,41,3,86,0,1,0,1,2,2
13d327d3-6d78-4df8-b89c-dd9f7f12b8be,26,2,84,0,0,0,1,0,1
09af2a58-2db4-4468-91db-62f8ea962318,36,0,999,0,0,0,0,2,2
44af0f40-5848-4f62-9d9d-6ea2ed40ceb1,22,2,36,0,1,0,1,2,2
a940e096-4056-498d-80cf-cda5a95500e7,32,2,44,0,0,0,1,0,1
87302b28-b791-45da-acd9-5e82f623f737,35,3,130,1,1,0,1,2,2
141a7f5e-36fe-496d-9220-c8719ad5477b,37,1,133,0,0,1,1,0,2
5971a2de-adab-46ad-923f-0fdabb39515c,23,5,133,1,1,0,1,4,2
85943f5f-6c85-44f8-85f6-370f72eee267,46,2,76,0,1,0,0,2,2
b7a1a9e7-7d82-42a2-84d1-029061caf90c,29,1,156,0,1,0,1,4,2
d061d4ab-411d-4d14-a292-dc6e192f8d79,18,2,160,1,1,0,1,2,2
c2dd2ec8-e2e6-42de-9c49-4aaff434d284,33,2,16,0,0,0,1,2,2
0b89c66f-d237-4029-b6a4-0bfd9fcc2ab1,35,2,10,1,0,0,0,0,1
c60ded8c-6f4e-4a4d-b589-c5f5f49b8660,36,1,122,0,1,0,0,2,2
de773f96-15d0-41d5-94cd-b89819ef6059,48,1,65,0,0,0,0,0,0
b551757c-8024-49a5-84d5-f8e8d9e15cb9,32,2,33,0,0,0,0,0,1
b6c63d52-b46a-4260-b391-ae97db180dbe,33,3,143,1,0,0,1,1,2
74931283-3eb4-4908-bd10-4fe9c058d07b,23,4,168,0,0,0,1,0,1
29b220c1-eff5-4c0b-bf84-4610a57354f6,43,1,123,0,0,0,0,1,2
26f7c047-1e93-499a-9b90-81f9fff8917f,36,1,36,0,1,0,1,3,2
55595103-5dd3-4b54-aa35-1bf3ec31961c,30,2,149,1,0,0,0,2,2
98bcd5e2-6b89-4736-81d3-ade6762dfc17,18,0,999,0,0,0,0,0,0
7a70b7e7-2163-4180-b756-35b8f2faec65,49,3,34,1,0,0,0,0,1
e4a8a8b0-c25d-428a-a31a-d43ee00e0cfa,22,4,134,1,1,0,1,4,2
f68ece6b-97c2-40b4-9b60-58468a251862,29,2,49,0,0,0,0,0,1
872132a5-f0d6-422b-9b9d-94001e43e799,38,2,116,0,1,0,0,2,2
138130e6-ce0e-45ef-b13d-8f727678fe13,23,4,14,0,0,0,1,1,2
22ffacf6-a008-4561-959f-9b917df4c067,20,0,999,0,0,0,0,0,0
1653ee68-7340-4d6d-a989-dbbb1ecabf3e,18,2,87,1,1,0,1,3,2
bfe1b9b0-a968-4ed8-a688-ec1fa19dae78,42,1,12,0,1,0,1,3,2
8e2f65c2-f4df-4cee-a8c2-fe36ea87d02c,29,1,28,0,1,0,0,0,2
f1e1dfd4-1b5a-4fbb-8a2d-6705973135a1,64,0,999,0,0,0,0,0,0
0bd68b12-9a73-45da-bf2e-c13c7245122c,25,2,15,0,1,1,0,1,2
0503dbdf-365e-4b98-bfc1-43a0a2b79db8,25,4,0,0,0,0,1,1,2
57eea0ba-8f78-4f80-b3f0-8f07df741853,29,2,33,0,0,0,0,0,1
1d1aa85f-a9af-494e-b9b2-c023f7db33f4,37,2,97,0,0,0,1,0,1
8105b087-0903-49d9-b6da-9f33329cb191,30,0,999,0,0,0,0,1,2
34666c56-8e87-407c-99b2-06e6ea327a97,41,3,32,0,1,0,0,3,1
edc57650-4ad6-49e1-8990-e3b4aa26af1f,25,1,142,0,0,1,0,0,2
cf72d051-a2b0-437d-8488-07e48b9df68d,21,3,80,1,0,0,1,0,2
bebd5f08-4462-4df1-90d3-bed1be53603d,18,6,34,0,0,0,1,1,2
16710b48-faa4-4373-a45a-50dd42feecaa,18,4,156,1,0,0,0,0,1
066b3fc1-5085-4004-82a8-e7545e437666,29,0,999,0,0,0,0,1,2
1c06e296-d40b-4c3d-a7ed-4a3f2944661c,31,1,57,0,0,1,0,0,2
833fe12c-9d0e-481f-8c1d-407c461bb946,28,1,76,0,1,0,0,4,2
e953d465-8faf-4478-a656-417dca95ca5c,47,2,148,0,1,0,1,3,2
b8052f31-de06-44e4-b15a-29b12d78e854,47,3,38,0,0,0,1,1,2
a6fc1678-4c67-400e-843a-44c6d092ba32,31,0,999,0,0,0,0,0,0
7fca3136-a393-44a1-885e-aa217c647f15,18,5,48,1,0,0,1,0,2
ffa35047-9e54-42c7-b3ef-c88e93443c96,29,0,999,0,0,0,0,0,0
f7aad9a4-6073-40fd-8ce8-e5dbd988dc11,29,6,42,0,1,0,0,3,2
cecc4554-e4d5-4bc7-9337-a38a5486428e,28,0,999,0,0,0,0,1,2
e058bb04-0ffb-41ed-bbf3-b616d656c99b,28,2,87,1,0,0,1,1,2
6446e234-de6a-48aa-9b90-658c8933e4a8,28,4,87,1,0,1,1,0,2
f8f67881-e331-4deb-b561-2ea039f552b6,31,3,76,1,0,0,1,2,2
f0d6fc5a-9bdd-4764-8e81-33e41f1fbcac,28,1,99,0,0,0,1,1,2
ad6930b6-8cd6-4d4a-9451-0fe6a5693bf1,37,3,132,1,0,0,1,1,2
60015190-275f-4392-8190-2ddf09f2d9e0,38,3,77,0,0,1,0,0,2
2a44d5a0-aab6-4db3-8dce-b5e65fc18b75,25,2,69,1,0,0,0,0,1
701469b5-9227-4853-8e85-40528104d1dd,47,3,129,0,1,0,1,3,2
43e3ad7c-0d90-4cc3-9c6e-80f3c27bcef4,25,1,108,0,1,1,0,2,2
b97166dc-a770-4fb8-bec9-dfe3d5d2fb4c,18,1,67,0,1,0,0,3,2
9ed67ba9-a004-4df0-85c5-9260cde9b77c,38,2,62,1,1,0,1,3,2
9ae94da1-731b-4a00-865d-78b2c8db04a3,26,0,999,0,0,0,0,0,0
71f5c944-219a-4d79-b313-e476f733434f,38,3,99,1,0,0,0,1,2
ed5c7a59-f420-4c68-812a-b86bda7bca79,18,1,84,0,0,1,1,2,2
086f110f-76ec-41f1-858c-f3028861d313,48,4,80,0,0,0,1,1,2
e7753cf8-9ccf-4adc-8675-e275a322fb3e,41,2,66,1,0,0,1,1,2
88592ebf-1f16-42cd-8c18-745a1e34815a,19,4,87,1,0,0,1,3,2
34efce8c-bf6c-4309-92d5-4559dc0120ee,20,1,82,0,0,0,1,0,1
4af4b224-457f-410d-be7d-b137f38c8696,51,0,999,0,0,0,0,1,2
b48ef481-4641-48eb-b2d8-ff3df266ee07,27,1,2,0,0,0,1,1,2
600953ee-1c1a-4af4-b2f2-a285b1fbe174,26,3,166,1,0,0,0,0,1
ff377bd0-1f7a-4910-ac95-ca033384358c,18,2,10,1,1,0,1,3,2
33b52c5a-2e42-4f82-9908-b143f4fed070,31,3,110,0,1,0,0,3,2
4a246220-49d5-4698-a9b6-43848e49fccb,32,2,29,0,1,0,1,3,2
f4f0f17b-3e9e-46f7-9616-8b60909f3a21,42,0,999,0,0,0,0,0,0
a4c137e5-534a-4ac9-a7f8-827bfb9d4305,21,2,66,1,0,1,0,1,2
099f167e-d9c4-4c48-953c-ca78c4a72cf0,19,1,175,0,0,0,1,1,2
42efddb2-2182-42ed-8ac2-0b9392d6bc4e,39,1,103,0,1,0,1,3,2
17ad4f88-c9ef-4b6c-ba66-a019d149b052,45,2,39,0,0,0,1,0,1
b0d2085d-8066-498f-996f-781cc1dd8b98,19,2,15,0,0,0,1,0,1
111f75f2-f676-41d2-947e-1b17993ffd2b,45,0,999,0,0,0,0,0,0
e1d56f5e-3e26-473f-be62-8a400470c248,35,3,99,0,1,1,1,4,2
4eb5c660-e62a-4187-b3f4-347ce8aed682,45,1,101,0,0,0,1,0,1
fac734e1-2b7a-490b-877d-ae8dd6b0fe8b,34,2,39,0,1,0,1,2,2
2c0f7afb-4da9-4879-9017-2fbc948e81aa,18,2,65,1,0,0,0,0,2
036b3264-e1bb-4fe5-8783-d9787dccb705,33,2,103,0,0,0,0,0,1
bd644052-c003-45f1-a56d-41398d111e40,45,1,138,0,0,0,0,0,0
ad5ab43a-69c6-4cd9-8e5d-c4f06b6347b6,26,2,133,0,1,0,1,3,2
13a9d88f-447e-40db-9e08-514769399076,31,4,136,1,0,1,0,0,2
6fd80ebc-a575-4fee-862a-7fae881c00a2,33,2,146,1,1,0,0,4,2
41d01546-504d-4e17-b1a6-5f5db6c17bfc,18,5,152,0,0,0,0,0,1
23ce12b9-f82e-44d6-a37b-df8199d6c71f,51,3,132,0,0,0,0,0,1
28863b32-970f-4c51-a58a-2dcb4ceee9f3,25,2,4,0,0,1,1,1,2
1feaf25a-6c01-40ae-9017-103a93431998,40,2,53,1,0,0,1,3,2
d5366adf-a4d3-4c2f-b230-f595b278b237,34,2,11,0,0,0,1,1,2
49932e91-5335-4485-8766-a286cbb29fd5,47,5,133,0,0,0,0,0,1
bd8ef87c-a3fd-4f89-bb94-4c0954451804,39,2,90,0,1,0,1,3,2
a1883cc3-b7b4-44dc-a125-5cded15bfe39,32,0,999,0,0,0,0,0,0
fc17df3a-4098-4606-bfdf-f23f674e591f,26,7,86,1,0,0,0,0,1
4545a54f-8744-485e-9b91-aa09e33955c1,42,4,112,0,0,0,1,1,2
07856d45-23d4-4a5e-b9e1-895e0a3e4e10,18,1,37,0,0,0,1,1,2
1e654c06-636c-4063-af02-5c37972ea32a,41,5,157,0,0,0,1,0,1
e0d48444-be46-44af-8e8c-1b9b6de0db2e,24,0,999,0,0,0,0,1,2
e3bdbc93-bdc2-4fcd-9e5d-0cf023a2cf8f,47,3,152,0,0,0,1,2,2
da77db2c-20b4-44eb-a6e9-b2b27d3caa17,36,0,999,0,0,0,0,1,2
b1d5c898-901b-4336-926b-9b83a530f7b8,41,4,59,1,1,0,1,3,2
dc632e5d-4d3d-422f-8aa9-c718a11e0e6d,35,2,141,0,0,0,1,1,2
cfadbc06-76de-4eaf-b7c3-06bc0b58c331,18,4,66,0,1,1,0,2,2
e9f43287-3971-412e-8358-4d2cb43f1b79,26,0,999,0,0,0,0,0,0
dd49e616-1524-4656-9eb3-87e4b96c7f26,41,1,67,0,0,0,0,0,0
16f1747d-1b43-4b94-b861-6906218b6f8a,36,1,163,0,1,0,1,2,2
7276b184-380d-49fb-81aa-e82534c09d95,46,1,24,0,0,0,1,0,1
90e6862d-39da-478c-b64e-1f29fc07d233,39,2,7,1,0,0,1,1,2
9e1e33a4-4ffd-4754-8206-9d03822ab11a,25,4,24,1,0,1,1,1,2
837e9e90-5c12-4179-9ad9-9e74d3647222,27,4,163,1,1,0,1,2,2
09fac604-bfe9-4d16-b4ef-b24b5ac018f2,36,0,999,0,0,0,0,0,0
e0bf48c9-11f9-4cd7-94f7-5c69006da835,18,2,114,0,0,0,0,0,1
1f025d52-201d-46fd-a613-11a4086b0706,51,3,78,0,1,0,1,4,2
b76bda5c-eee8-4590-a140-a8fdfc073d16,39,1,44,0,1,0,1,4,0
105d7faf-784d-4c25-b950-cfc394e9929b,47,0,999,0,0,0,0,0,0
2e37bf20-3f57-467c-8e2e-faca6d455b7d,19,0,999,0,0,0,0,0,0
cce24871-4c3f-496c-8ac5-5a8f295711a1,47,0,999,0,0,0,0,0,0
004796a6-8f1d-42d9-bc41-7c5dd320bc4a,57,2,41,1,0,0,1,1,2
7606c03c-efc8-45df-96c2-f9ef8e39d122,21,1,177,0,0,0,1,0,1
ff860def-8b55-48e9-a555-2b66ca12d468,42,1,6,0,1,0,0,3,2
1affe80a-f53a-4fb9-92d4-6c36ca7de213,35,1,3,0,1,0,1,1,1
4415f77f-b790-4f5e-8e18-5cd3bd0af2a5,19,1,53,0,0,0,0,0,0
d6adde79-9662-4369-8a1c-c7bd21020536,39,4,104,1,1,0,0,0,2
8c7adec4-bf05-45fd-89cf-da8fd548ebce,43,1,172,0,1,0,1,1,2
0598d3d6-601b-43d5-a8c1-de7a189b0f6c,28,1,30,0,0,0,1,0,1
3b06d231-8576-4918-a4b1-e3e330f36102,46,1,79,0,0,0,1,0,1
885384a6-03b5-42ac-9086-498cc22e1567,18,1,60,0,0,0,1,2,2
de8f0d97-fcf9-4e1c-98a8-a3bb5197fd3e,20,3,172,1,0,0,0,1,2
a81b303c-5c09-4c73-a171-b5d311273a47,36,2,121,1,0,1,1,0,2
af06beb2-f80c-4fe7-8cdb-3b5ddaeb3e8a,35,2,130,1,0,1,1,0,2
d0dabf26-add2-4c76-82f2-6b2f583d6992,27,3,174,1,1,0,0,3,2
de7053c6-c23e-45db-b9f4-cc781942822a,43,2,176,0,0,1,1,0,2
203edc4d-9ce2-4b0e-a171-d2bfb8a99b77,40,1,2,0,0,1,0,0,2
380cc5e9-abce-4436-a449-7dd43a3679a0,43,3,2,0,1,0,1,5,2
33a149c1-cb84-4fed-b3fa-cd7b41156ea6,33,0,999,0,0,0,0,1,2
0f8ffd53-d19a-42cf-bd6b-3ec2cb2a4a53,41,4,3,1,1,0,1,3,1
3d486661-06a1-439c-920d-de3f48b33146,30,3,58,0,0,0,1,1,2
865d8716-a03e-442d-b1b1-5c3960d6520a,55,3,34,0,0,1,0,1,2
b3167692-cc07-44a8-9f5a-1e0023970050,26,1,52,0,0,0,1,1,2
59015595-4c7f-4997-a094-301dd20682bd,56,2,143,0,0,0,0,0,1
8421ad5e-1876-4b7a-a387-dfc2a41b78e9,35,4,119,1,0,1,1,1,2
a5f15e27-df3b-476d-9c06-8f07af51184e,21,3,178,1,0,0,1,1,2
2e4db817-2a16-4174-9d86-717c8ff79b4c,48,1,153,0,1,0,1,3,0
0bdc8cc3-c210-4f5d-8e01-e21d8ed19ac6,36,0,999,0,0,0,0,0,0
97ec4606-ac3c-4152-badc-ca68475eb6f0,43,1,112,0,0,0,1,0,1
f2380555-14b9-47c5-a7e1-8f39553fdb7d,47,0,999,0,0,0,0,1,2
54503f5c-428a-44a7-9230-ec814de36012,38,5,112,1,0,0,1,1,2
9068949d-d97c-4658-a5f9-e8734bd6c59e,29,2,161,0,0,0,1,0,0
b090cc7c-d7aa-4989-bb22-e0a9879edfc7,44,2,20,1,1,0,1,2,2
e956d25f-18f6-46e3-8437-88162b397d45,35,2,168,1,0,0,1,0,2
0533fb17-0d5f-4569-8c19-c5fc39f2acbb,41,0,999,0,0,0,0,0,0
90a73ece-da0e-462f-b745-3413f803ff91,18,1,2,0,0,0,0,0,1
fc9c50d7-6645-4333-ba37-2c776c14fd94,39,0,999,0,0,0,0,1,2
9306311a-f096-47bc-ba1f-c3a0c6caed85,28,2,145,1,1,0,0,3,2
bf321f63-3559-400f-86e0-5d822407f800,51,5,83,1,0,0,1,0,2
a816da87-d834-444a-ae4e-b525c5041d96,41,1,14,0,0,1,1,0,2
1c36d51d-4480-4147-ae79-1e9edbdb96c0,37,1,29,0,0,0,0,0,0
7b13c44a-f8e0-4f5f-a3a2-507ba2b62662,39,3,166,1,1,0,1,2,2
5d2c73fa-1be3-497b-9ac4-3a47d89ebf91,25,1,63,0,0,0,0,0,0
70be4878-14de-400b-b97a-61bb09305214,51,1,62,0,1,1,1,2,2
bee3d327-fca5-4a28-aed1-459b7bd6188d,54,1,6,0,1,1,0,3,2
26da317f-ea9c-4425-8a30-241dfe09b778,38,2,85,0,0,0,1,0,1
776412ce-3b1b-4e91-a65c-5a44bb879f9b,50,3,71,1,0,0,0,0,1
73a8bf2f-bc30-4d9f-b472-78b7daec1a2a,29,2,22,1,0,0,0,1,2
d7eaaf5e-ad00-4a89-a677-f2eac0fbbdc4,27,2,75,0,0,0,0,1,2
c4b1f601-896c-4549-90b4-a243ade5ea4a,35,3,5,1,1,1,1,4,2
c1bd2462-c746-4af9-b558-f66fda52abe9,39,2,13,1,0,0,1,1,2
e9db376c-ff2e-421e-a1e2-46a8682473df,31,2,27,0,0,0,0,0,1
58414af0-643c-4e15-befe-d38324c82e3e,40,4,4,1,0,0,0,0,1
8bcd58e0-19a7-4210-ba43-5023e7009c5b,38,1,55,0,0,0,0,0,0
246cc91b-f608-4e01-967e-9d6c50aa5b3d,25,3,120,1,0,0,1,2,2
9c8a37c7-a2e4-484e-89b5-a4e11457363c,40,4,152,1,0,0,0,0,1
4e5b8d64-d6c2-422b-9a7a-30c34eaca535,43,2,154,1,0,0,1,1,2
8a0ae804-eeb4-4d14-b26b-235866939916,36,3,131,0,0,0,0,0,1
02e88c37-0fa6-4d70-8f1a-cdd4663a8e4e,46,2,28,1,0,0,1,1,2
6281e8b3-3926-45a8-802d-4c23c50ee412,22,2,110,0,1,0,0,1,2
e44efdef-aa15-425a-bb10-01ad35d4aa90,39,3,113,1,1,0,1,3,2
58e92dbe-84b1-4fa2-906f-6802a038ea53,23,3,6,1,0,0,1,3,2
0da10908-311a-4361-b40e-52d6c98fc0de,23,4,159,0,1,0,1,5,2
8a82acc1-5c80-4381-ba7b-0ce57b317f15,28,2,147,0,0,1,1,0,2
957b0075-689b-4e6c-8a14-716a0a1a386b,25,1,63,0,0,0,1,1,2
d80591b5-68a4-4e32-a6a5-c8822d6e8bbd,29,3,111,0,0,0,0,0,1
4350d848-919e-4827-907a-3b2cb0a0f540,32,1,42,0,0,0,0,0,0
70e83706-03fe-43a2-bf1d-3646d7725158,43,1,99,0,1,0,1,5,2
227ccb24-5b0c-4ea4-a402-6af1a9099465,31,1,157,0,0,1,1,0,2
6890f02f-fc58-433a-86af-f244347300bd,19,3,59,0,0,0,1,3,2
8d5673e5-ebf9-4eec-8092-28d6f02602f0,46,2,155,1,0,0,1,0,2
4f1e1d8a-068a-48e1-97e5-4f20d632db5d,26,1,39,0,1,0,1,3,2
0f588575-f42d-43e2-9f8b-bae541fb32a6,34,0,999,0,0,0,0,0,0
de845b33-16ef-4d1d-86a8-a2ee64ebcaec,39,0,999,0,0,0,0,0,0
841d03be-890d-46c6-985f-06962ff09692,36,2,98,0,1,0,1,4,2
65ea881f-c6ae-4703-b7df-0b0a7a60c9eb,45,1,58,0,0,0,0,0,0
8a11595e-8ae8-4b38-8382-1261aad63306,39,2,19,0,1,0,1,4,2
d818c3b2-8ef8-4a0b-b4ee-016975242d92,26,2,162,1,1,0,1,3,0
b4a18ae5-1b22-4a2f-a640-9b455e1c7c35,56,1,57,0,0,0,1,0,1
f494d528-a2d4-428b-af21-c504021e4fff,36,5,120,0,0,0,0,1,2
3cb9d299-4073-496d-a065-7b9682be78af,33,0,999,0,0,0,0,0,0
8bf14b1f-82e2-43d5-b6df-059d7f1c9cd7,44,4,58,0,0,0,1,0,1
b0c7ee24-10d5-466f-a643-704a826eef9b,37,3,116,1,0,0,1,2,2
03b3594d-88f1-414d-b9a1-18c76b47c780,38,3,148,1,1,0,0,3,2
ded4f34c-bf9d-4a35-99b5-d1b2ccafdd56,59,0,999,0,0,0,0,1,2
40058107-1df1-42da-a2fb-d730041a268c,32,5,42,0,0,0,0,0,1
b96f7245-b0d8-48ba-9c2c-019363b927a2,31,2,102,0,1,0,1,2,2
1eef6a52-d5b9-4c18-abd8-488dadf53f6b,36,0,999,0,0,0,0,0,0
67b61c42-b0a7-413e-bff2-d41cacc1413d,45,1,173,0,1,1,1,5,2
721cf333-956b-41d4-b8b5-f1703c3ff31c,19,4,126,1,0,0,0,1,2
a6ea5403-0422-4b38-918a-c50f6a8c4e60,18,2,106,1,1,0,1,3,1
281c72f8-62e6-4f3c-b045-962445685e07,29,5,158,0,0,0,0,0,1
176a0c8a-b77f-444b-990b-f62118b09e8f,18,5,62,0,0,0,0,1,2
e39f2c9c-aaca-4487-b174-a13e9bf1052c,30,2,173,0,0,0,0,0,1
565a6cac-48e4-4fbf-84d0-94a9d7c6f5f9,40,2,150,1,0,0,0,0,1
eb7ede68-aa3c-4210-a34f-45d1a52a9cd0,26,2,17,1,0,0,0,0,1
3d999444-69e0-446f-99e0-a2a10a630928,20,3,26,1,0,0,1,1,2
66271506-a9e5-4a5b-9918-d29e0b7948bd,35,2,43,1,1,0,1,3,2
f13abf3a-3155-40e6-9430-ca57c9cf56cc,43,0,999,0,0,0,0,0,0
f141424f-5aec-44f7-876b-8a7592150912,18,1,60,0,0,1,1,2,2
d00514d1-bef4-4f9a-9be4-11ea9cd4d076,43,2,139,0,0,0,1,0,1
b7c38ed1-521e-45e7-85b8-102994bb0f63,43,2,104,1,1,0,0,2,2
a974ee05-a4d7-4573-b181-6c5b2c3cc52f,44,1,15,0,0,0,0,0,1
aee1d196-f664-4ed6-8c8e-9ea9a7de0e9f,47,5,148,1,1,0,1,3,2
3f839c43-71ac-40c9-aeee-f6d8eee8112f,57,0,999,0,0,0,0,0,0
99648a06-5665-49be-a0ae-f27128f8a357,31,2,116,1,0,0,0,0,1
5b2bc1ee-3802-4979-ae34-fe0c9fd9559f,36,1,122,0,0,0,1,0,1
f68cd728-4df1-4650-a8c0-be7397a941c6,30,2,12,0,0,0,1,1,2
2c23b9fe-ccc8-4e76-bede-0f9818bb5e64,35,1,177,0,0,1,1,0,2
980b2dbe-9842-4640-af7d-87d52b93f448,50,3,127,0,1,0,1,4,2
15d109ac-7b2b-47e5-97fd-aac545bb988d,21,3,7,0,0,0,1,2,2
43d942b8-e46a-4a4e-a5b4-804d9078f437,26,0,999,0,0,0,0,2,2
1f821d37-86f2-4c1e-a6c9-32c04d0a04f6,48,1,172,0,0,0,0,0,0
5c122e1d-355e-4489-bbc1-598506e0d584,45,1,97,0,0,0,1,1,2
57f027a5-8b56-44a8-a788-c0ff9c25fd64,31,2,151,1,0,0,1,0,2
efc9e79a-dc6f-473f-a6b9-8dce39c5ff05,43,7,117,0,0,0,0,0,1
c9d4ed7f-81af-46a3-b8c2-4c10dbb6d4d4,38,2,20,1,0,0,1,0,0
e5ff461a-62a5-4aa0-839b-d376b0e4d908,50,3,140,1,0,0,0,1,2
ad5de43b-34f3-413a-850d-d5798d0aa399,35,3,49,0,0,0,1,1,2
180c6f4e-6066-4efd-806a-246c2f0f99cc,45,1,178,0,0,0,0,0,0
c6c5c48d-5584-44ac-9369-347123ab163d,61,0,999,0,0,0,0,0,0
5f5a13f8-b6d8-4b69-bbd2-3e799587f199,40,1,125,0,0,0,0,1,2
f8c1d2fe-9b63-46c3-90d4-c2a9783c0d17,35,1,148,0,0,0,1,2,2
792c7f2d-c346-4f04-a1fe-d0501970a5cb,42,1,161,0,0,0,1,0,1
079ca849-17a7-4688-9323-a42b9bf8a7d8,31,1,72,0,0,1,0,0,2
44c75840-c078-472a-947a-93b20e5e91a3,58,5,152,1,0,0,0,0,1
0cdfb119-d547-407d-8c83-6876f96dbd7a,36,5,104,0,1,0,1,3,2
6b7f4f01-f685-4289-af12-0f4fe564a883,32,2,84,0,0,0,1,2,2
f4ce4c91-ce0a-47c6-b421-d3478e1d0c4c,26,3,131,0,0,0,1,1,2
1cb0ee90-946c-46eb-b66c-d7f2e3abf585,45,3,63,1,0,1,1,0,2
e3cb8e1d-31ae-4ade-b62d-510806de76a6,43,2,79,0,0,1,1,0,2
b8488105-fdae-4d1e-a266-c2423c4c94e2,30,0,999,0,0,0,0,1,2
3895d940-1375-442f-ab64-279d4cad69d2,40,2,167,0,0,0,1,1,2
e5f7b46f-491e-4232-b863-b91d8654bcbf,19,2,6,1,0,0,1,2,2
a503b0fb-fb44-4699-8de5-d81e3e188401,36,2,125,1,1,0,0,1,2
9344cd92-001a-4ab0-b238-71d0f34c376c,39,2,172,0,0,0,0,0,1
c1ca8455-7f5b-4023-8c38-5e7836307b1b,52,3,4,0,0,0,1,2,2
5a519583-9a18-48de-b91b-50a8944c8637,27,2,39,1,0,0,0,0,1
a6a0bb6d-d321-4ac6-a817-2f804d4a2329,22,3,20,0,0,0,0,0,1
2e814915-38ad-455f-bde3-47ca90fa67d6,26,1,161,0,1,0,1,3,2
b84ef3f7-d6fa-4b70-a843-e1e5e37c8662,21,2,175,1,0,1,0,0,2
aafa0efa-bad0-4107-8d1c-dcab5062d907,48,5,149,1,0,0,1,0,2
b8d7cfc7-242a-45d6-8163-eca793291f28,50,0,999,0,0,0,0,0,0
f15266fb-3a8e-4cdb-b737-b6238211e770,38,1,60,0,0,0,0,0,0
7b72ca12-0046-4bf5-86a2-320daf9a0332,47,3,78,0,1,0,0,1,2
a021e28a-d8f9-482d-b28b-84e19da4a0a8,36,1,118,0,0,0,1,0,1
087d5bf8-1aa4-4273-848b-2c98c72e5a21,34,2,130,0,0,1,0,1,2
e742fb23-1d2e-43d9-9e37-cad5f5369304,31,3,110,0,0,0,0,1,2
4b4aff62-2d5c-4aba-9840-29fb5a337362,31,1,55,0,0,0,1,1,2
5f5fb7e9-286d-463f-8d4b-c730fc4a74c2,19,2,110,1,0,0,0,0,1
4bf0c680-c863-49ce-ac8d-1996527ba53c,37,5,72,0,1,0,0,2,2
5843f82b-4fbc-4a99-b885-46ea91b2c864,34,3,166,0,0,0,0,0,1
4a213cab-d89c-4e88-ad37-2c064071a5ae,42,1,25,0,0,0,1,1,2
098fad16-b68e-4b7f-a371-fb4968f0fe99,35,3,17,0,0,0,1,0,1
296a55d4-d24b-4a30-abcf-4baa3b41791d,33,4,71,0,0,0,1,2,2
06889bab-706f-47c3-98b8-03cc3e928fd7,26,3,14,1,0,0,1,0,2
08d122e8-45dc-4031-9931-b6faf0563283,35,2,45,1,0,0,0,0,1
b5d0078b-652e-45e2-9905-66fcfe2b174e,42,4,21,0,0,0,1,1,2
83d0c59a-ba16-4f38-87ac-ad59741eec65,23,3,165,0,1,0,1,3,2
0f68112f-d67c-4a44-8312-d9ef43697d4f,35,0,999,0,0,0,0,0,0
44d83281-10a2-46f6-a504-fd11c8e08bf8,37,2,3,0,1,0,1,3,2
b3bd6ce8-b454-4697-9efb-2e1b7c1d1e39,27,1,20,0,0,0,1,1,2
390c2c86-d9a5-404c-ac42-51d24978bc52,29,3,45,0,0,1,1,0,2
6ff2ac8b-acbd-4d8c-a6c6-411d090b6c49,37,1,88,0,0,0,1,1,2
a1152475-9678-416c-9ebb-549c336c5639,23,1,22,0,1,1,0,1,2
cdbfdef9-d800-4d73-b2be-da8265160bee,38,1,16,0,0,0,1,0,1
4baa9369-4adc-451d-b1b4-81aa91ccd835,26,0,999,0,0,0,0,0,0
47d79ec8-2bcb-4799-a012-da72d33af4a1,45,0,999,0,0,0,0,0,0
423e5bb0-0828-4e02-87c5-4debb34cccc4,58,2,128,0,0,0,1,1,2
a21bdc88-b985-4057-a106-45c39965b6ed,26,3,176,1,1,0,1,1,2
dce2b47f-c73c-4624-b2e7-89e042a94a42,40,1,34,0,0,0,1,1,2
f20154ab-23d9-4cae-aa6d-0ecd328f119f,27,3,59,0,0,0,0,0,1
d0a419b5-9a2f-47e8-ad88-9b8be9c6d544,45,3,5,0,0,0,1,0,1
f178e6e4-f199-4c54-97fd-b5ef02ba5cbd,22,1,117,0,0,0,0,0,0
365959b3-e99e-40c5-873a-a8a2c9bfd431,39,3,168,0,1,0,0,0,2
989da205-95a4-4fec-9c64-5c436741f665,26,1,83,0,1,0,1,4,2
48b2768c-a69d-4d43-8fb0-c12f2ec73936,32,2,176,1,0,0,1,1,2
fb5e79f5-9d76-41be-846e-646c24b1a110,24,3,25,0,0,0,0,0,1
38f3c914-6d66-4869-8553-6e27318448ed,43,1,161,0,0,0,1,1,2
c0cf247c-c04a-4bdf-a6f9-d658f156213e,26,6,73,0,0,0,1,3,2
8d120781-11a2-41d2-9d70-71c5a0063c07,40,5,3,1,0,1,1,1,2
cc9655c1-526f-41d9-9f31-5b92dead421f,31,2,102,1,0,0,0,0,1
5a9aa831-20e2-459d-aa73-a0ff3b732d33,33,1,8,0,0,0,1,4,2
9b5887d5-3a65-438c-b4ab-44162e171286,36,1,68,0,1,0,1,2,1
9609c433-2dea-4ce8-ba4e-8c0ab0a1dd05,27,1,8,0,0,0,1,1,2
43fd04af-2daf-4095-85be-d666bd466765,37,0,999,0,0,0,0,0,0
f705e257-5f8a-47b6-b0a2-b2645cfcdc3a,50,2,39,0,1,0,1,1,2
07501069-a937-424d-baf1-b150e73eca57,27,1,24,0,0,0,1,0,1
bbf4f6b9-ace1-4f71-b15c-9e6f7b75f772,46,1,50,0,1,0,1,4,2
a5ac513d-f9dc-4506-89b3-639a0a1185cb,49,3,120,0,0,0,1,2,2
d31ca00d-0f8a-4db1-9644-587a1d3c40ef,26,1,145,0,1,0,0,1,2
2e83ca13-6081-4096-b959-0ca6e421b281,20,4,86,1,1,0,0,2,2
13e7898b-0536-4f88-bad0-04e950d8e137,38,2,161,0,0,0,1,1,2
3045fdde-6709-4b59-9315-4f7dfdcabd4d,29,1,52,0,0,0,0,0,0
176154d7-54e3-4a99-93f8-a91d1a5e2e1b,53,0,999,0,0,0,0,0,0
9abd791b-f06e-4752-80bc-d895db863e83,35,2,151,1,0,0,1,0,2
2c18d71a-ab13-43e7-93f8-1f9982b8723c,26,0,999,0,0,0,0,1,2
9dc67d9e-5b89-448b-a382-5df8322ed229,23,2,56,0,0,0,0,0,1
a2640f8e-f333-4695-94c9-6de09b6a280f,45,1,76,0,0,0,1,2,2
fd69a26a-7eb0-44b7-97c3-3a3a23d83e64,29,0,999,0,0,0,0,0,2
8456a177-ee66-4544-b1d1-09350329c8a0,35,1,70,0,0,0,1,1,2
944a077b-e423-4f88-82df-a30f00ffd252,44,1,114,0,0,0,0,0,0
5f8bb52c-f018-4ff9-8ca9-b3d75c27f8e2,30,2,161,0,0,0,1,0,1
29704279-a3e9-4d92-bf11-b2a1329cfa92,34,2,53,0,1,0,1,3,2
8e44e999-5b55-41ac-9af7-d3fed594f5bc,34,0,999,0,0,0,0,0,0
360506d9-f935-4dc4-bbe4-266c9ad0413e,41,1,178,0,0,0,0,0,0
3219c78c-c658-4510-9204-13746fa1c57f,40,4,116,0,1,0,1,4,2
44a19793-9506-41b7-89e3-0d736d49f1d1,32,1,40,0,0,0,1,0,1
b1cb3066-9eeb-4020-b25c-b1a9aee0af66,35,0,999,0,0,0,0,0,0
10b83fc9-6d05-4a02-950b-53e10422fd26,31,2,152,0,0,0,1,1,2
454dabe1-5218-4c70-a871-8bcc5518d44a,20,3,51,1,0,0,0,0,1
e3f49c5d-0d8f-4bc5-a162-cac20b0bc071,37,5,80,0,0,0,0,0,1
491410a3-d706-45a4-8ffd-d56a810d747e,53,3,70,0,1,0,1,4,2
627bf284-d33a-4e69-bbd0-524034a9e4a3,26,2,143,0,1,0,1,3,2
a0ef3618-4b21-40df-896f-94dcba2e978e,27,4,20,1,0,0,0,0,1
6e7f4655-f5aa-4772-9f42-449e4424de00,26,0,999,0,0,0,0,0,0
84236e18-7953-4b50-9e0e-35bc7f42cfbd,42,0,999,0,0,0,0,0,0
f1687451-6834-4385-8cdb-5a842583666c,39,0,999,0,0,0,0,1,2
01949119-576a-44f2-a111-b8aa7ee6fcb3,33,1,72,0,0,0,0,0,0
0194874d-f086-463b-9989-a4f5e365a925,25,0,999,0,0,0,0,1,2
9939bf01-fbad-4001-8b9c-4e34bbdedc2a,35,4,18,1,0,0,1,1,2
b64e390a-a7c2-4352-96eb-87b8b65eb4cf,19,2,5,0,0,0,1,0,1
6c74b9ca-26c2-4175-8421-61ce5604c6bc,36,4,62,0,0,0,1,0,1
2ead4dbd-66e1-4952-8a86-b8464eebe240,43,4,154,1,0,1,1,1,2
0e5f9fb3-8b60-4c4e-b289-816692a62519,22,0,999,0,0,0,0,0,0
32fcdf96-12d2-4757-b560-b676eaad8fbf,19,1,148,0,0,0,1,1,2
32a6014c-e1c6-4cca-a09a-0b2ebb63f3d6,50,1,13,0,0,0,0,0,1
a9cf42de-b773-4065-ab2d-54a94ba0003c,28,3,1,0,1,0,0,2,2
1dbaf958-9efc-41e1-a8f4-ae450cacb42f,46,1,145,0,0,1,1,1,2
d459627a-43a4-4e27-98d3-3c34e69a6a18,33,3,17,1,0,0,0,1,2
ee4fa217-caae-46d3-a3a6-7c5a13f60e0b,33,2,34,0,0,0,0,0,1
92438ef5-54a8-446c-9045-b46bf8536ef8,39,2,81,0,0,0,0,0,1
54191aeb-4b79-4152-b412-32d6f4366831,26,1,82,0,0,0,0,0,0
7ba12fa2-1714-4939-ad86-1e105a02367b,36,0,999,0,0,0,0,0,0
511e491d-fb3d-46af-b9cb-522e8dfab336,31,1,134,0,1,1,1,4,2
f7b4f471-9e0b-4e4b-b05f-1dbdeb03f6a5,21,1,130,0,0,0,1,1,2
387152ba-0e58-4d83-8d83-d2936a3fc070,38,1,56,0,0,0,0,1,2
fcddeac7-ae03-4735-9dcd-e3a925d3b204,32,7,53,1,0,1,0,1,2
c0086129-b53a-4476-a14a-b9212afa8b0f,33,2,15,1,1,0,0,2,2
b7ec97e5-7ef5-424b-815e-3980564c0ebb,22,3,147,1,0,0,1,1,2
b80be00b-ecc2-4aaf-956a-1eebbceb1fa1,50,4,132,1,1,0,1,2,0
1fe815dc-a981-4c75-aedb-0bacf200f162,43,2,60,0,0,1,0,1,2
6aac7b21-5358-4b23-9463-2cb78bd8fb47,44,1,158,0,0,0,0,0,0
cfb7fc6d-38e9-461a-8e06-eb03fd627cb8,31,0,999,0,0,0,0,0,0
155db64a-4498-4b24-a88f-08b580b94eac,18,2,127,0,0,1,0,0,2
65665c33-5705-428c-82f8-32b7f4d16b04,54,2,62,1,0,0,0,0,1
56eb2b44-4ed1-44be-aad6-1e6bf3a0c59b,34,2,172,1,0,0,0,0,1
385e5508-9d97-4753-ae50-44507f73f590,27,6,171,0,0,0,0,0,1
12f39225-ecd5-4a30-9657-964374d74d1b,39,1,87,0,1,0,1,4,2
f437c583-d33c-42fa-bcca-d9770e79e24e,46,4,124,1,0,0,1,0,2
17e2e4c5-ca55-49c1-a800-f5743b6c8cf9,34,2,79,1,0,0,1,1,2
19f9259a-bd10-41dc-b3e9-4e5ef87dc144,47,0,999,0,0,0,0,1,2
ce934fd4-23ab-4111-89ba-5a1dea11776d,45,4,166,0,0,0,0,0,1
39ab1c5d-f087-42dd-bfce-8e798237fc81,24,2,27,0,1,0,0,2,2
0a4f3f8f-ea28-467e-951d-603ec5bc34af,28,2,123,1,1,0,0,0,2
d4b3bc8a-7ff7-4ba6-a73c-bf6daa813ac9,44,3,122,1,0,0,1,3,2
43a06012-b2dd-4628-abde-67f46b47dd7a,18,1,4,0,1,0,1,1,2
b4006265-e1cf-44e3-9031-df0635aa6f23,33,0,999,0,0,0,0,0,0
af1f2277-085a-4319-b3f1-39ceb6a2921d,20,0,999,0,0,0,0,0,0
1e57a6b1-c148-4580-a010-42cade7b7d92,30,4,48,1,0,0,1,2,2
6fb94fa2-2a3c-40bf-871f-e0cb27099fee,32,3,3,1,0,0,1,3,2
184cbc4c-ad6e-426b-8e6a-b91f230050a5,31,1,13,0,1,0,1,3,2
4a8345d0-8289-483a-8a99-7288dbe701f7,29,0,999,0,0,0,0,0,2
0218261f-27d4-4d75-91ed-18f74fef3ac9,24,0,999,0,0,0,0,0,0
8bdb88bd-8194-4b39-b62c-17eabdfd322a,57,1,124,0,1,0,1,4,2
d888da7a-7833-4a3c-b092-dde6b5c81c8b,53,0,999,0,0,0,0,0,0
881d1886-ab31-4a61-a4cb-a57d86697145,23,2,43,0,0,0,0,1,2
c63c48b6-df0c-4123-9836-1d0da0b578dd,50,1,76,0,0,0,1,1,2
e2b88a08-800c-4b95-8b9f-e0b3d40777ba,31,3,163,1,1,0,0,2,2
8e77d12f-b293-4926-a93d-9925329c1b6f,36,3,127,1,1,0,1,3,2
2732164e-d658-4b99-b9ca-6ead9c602aac,34,0,999,0,0,0,0,1,2
fdd89725-5c42-4c72-9c1e-2a35e43fe740,28,3,108,0,1,0,0,3,2
50f0782d-b8c6-489a-8df6-3b3ba5c6e843,44,2,64,0,1,0,0,3,2
31fc34c8-fed9-4f21-8632-dcc774a92356,36,2,3,1,0,0,0,0,1
a553fc86-a93b-458d-ac46-93bda40ea3dd,30,2,125,0,0,0,1,2,2
04c7ea11-b6cb-4573-b767-2a1382475e64,21,5,0,0,0,1,0,0,2
103d5dea-8aed-444f-ad85-1d6774e4d574,26,4,123,1,0,0,1,0,2
d5645a26-bce2-47ca-ba83-a89231ab641d,18,2,76,1,1,0,0,2,2
98652cc2-d0c0-48ff-aebd-d821d14ba4a4,35,5,20,0,1,1,1,4,2
d4a9b9fc-ec4f-47de-a14f-fafe554f04f7,23,1,78,0,0,0,0,0,0
273a3d48-9354-4a0d-8abb-40ec5eb074a6,32,1,168,0,1,0,0,2,2
2528fc62-8e67-4acd-8a71-178a62472566,48,2,40,1,0,0,0,0,1
bab5f20e-fbf8-4f9a-aacb-e964b927e655,46,2,9,0,0,0,1,0,1
7bb595ec-d12c-419d-8e02-65d65ce28a50,34,0,999,0,0,0,0,0,0
0c4247e3-b4d6-4b56-9e3a-0614768c6ea0,34,2,131,1,1,0,0,3,2
b019ddbb-3415-4f05-a6e9-2f09379e995a,53,1,171,0,1,0,0,1,2
c9b0dce1-2196-4277-9dca-5bf0eee32ed9,40,2,165,0,0,0,1,2,2
b5d670ab-1596-48a2-833b-ee3c008e57ef,31,0,999,0,0,0,0,0,0
e92c8866-b06b-4b79-8adc-759bc9971bcf,20,3,151,1,1,0,0,2,2
3278b900-8ef0-444e-91f4-ef2d8f525dd1,38,3,18,1,0,0,1,0,2
0f5ffe2a-25fd-4a7c-b68a-0581d7064ae3,43,2,83,0,0,0,1,2,2
29c916dd-a6c8-40f0-9eb7-1ea4df319f76,28,0,999,0,0,0,0,0,0
76e7321a-ab8c-4da7-a328-b470d997b0a3,37,1,170,0,0,0,1,1,2
e30023b2-9563-4cc2-888d-3d8db3a5aff6,31,3,74,0,0,0,0,0,1
975690fd-3f4b-4dd1-94e8-af92bf834feb,33,1,122,0,0,1,0,0,2
2479d745-d074-4696-a3d9-6b8c76c4dcef,18,4,86,1,1,0,1,2,2
99e73d71-97ce-4991-b5aa-f9532ec13a82,32,1,78,0,1,0,1,4,2
317538ce-06e9-486f-9144-c4b46f46dd2c,44,1,84,0,0,0,0,0,0
9bc2aea2-fe3e-4c57-ac0b-7e2036addee7,28,2,99,1,1,0,1,3,2
09f2f904-d137-4c1b-8e04-ab83cf821525,35,2,126,0,0,0,1,0,1
ea7b454b-5cc9-4162-9375-9ff16fa0633d,27,2,140,0,0,0,1,1,2
9fda05c4-af11-4325-8a8a-35a42fa89934,38,3,31,0,1,0,1,3,2
32a7333a-4855-4439-a05f-94d9cc23965c,32,3,9,0,0,0,1,0,1
84aee463-b997-4eae-bf4f-27cc0c9cf0b2,25,2,58,1,0,0,0,0,1
a60dd296-6cd1-4b50-b630-7a2ee8f9624a,48,2,45,0,0,0,1,0,1
fcd92ebb-340d-4436-a660-711b1bf40c7f,44,1,100,0,0,0,0,0,0
ceda726e-2ba5-40d1-889d-5e068ac0039b,28,1,122,0,0,0,0,0,0
37d063dc-5e10-4edc-a253-c09bf0086959,39,1,31,0,0,0,1,2,2
bdff9a73-4d58-43d3-8604-89991335f985,40,0,999,0,0,0,0,1,2
4e9c7f75-0873-4be1-a092-87cbc1d0ce7c,41,2,83,0,0,0,1,0,1
2b766aa6-c16b-416e-b947-61f614d14805,18,3,38,1,0,1,0,0,2
df7ada19-d07c-4c2d-aea1-756b9f5c81b4,45,3,178,1,1,1,0,1,2
fd7603b1-e28f-41f8-b4fb-d18c17a999d0,29,4,143,1,1,0,0,2,2
f7fe42cd-c333-4887-bec3-5d4a4864b8dd,31,4,38,0,0,0,1,3,2
4b35c18d-89b4-4735-b85e-1a7a5c9b5c15,61,1,59,0,0,0,1,0,1
8f685c96-473b-482b-a6c5-9872b588a9c9,38,6,132,0,1,0,0,1,2
dac019d6-ab5e-48dd-a220-8fdc823fb563,31,3,80,0,0,0,1,1,2
1a712f1c-b21f-43f3-87c7-663754eb6ca2,18,1,175,0,0,0,1,2,2
d2d3550e-e926-4575-93fc-e1e319c04ff7,48,2,25,0,0,0,1,2,2
8f42f436-084e-4958-9f96-05a925eb9b33,21,4,50,0,0,1,1,1,2
6cd02593-14bb-46e1-9ee6-2f97a4b18567,24,2,67,0,0,0,1,2,2
4e007f0b-e03c-41bb-9fce-36f312e25b37,31,2,101,0,0,0,1,1,2
227c2acf-918c-4291-b744-ff7ab213912f,49,1,109,0,0,0,1,1,2
6c40e25e-081a-40b8-9d82-e54530aad39b,42,0,999,0,0,0,0,0,0
fc55dd70-6fb6-4593-9992-c6dc04fce3c8,33,1,19,0,1,0,1,4,2
b3a0d194-b2c9-497c-8bc7-d214644a818d,38,1,70,0,1,0,1,3,2
5c50732a-a922-4045-9480-03bf5ad1ed17,28,5,151,0,0,0,1,2,2
883299b4-79e0-4f15-ab1b-cb5e88ea891d,36,1,66,0,0,0,0,0,0
33836159-5d8e-4715-be31-277d5d4e8575,35,2,49,1,1,0,0,1,2
2213e24a-6694-4471-aed9-332e4a9b7319,44,1,117,0,0,0,1,1,2
64f79f90-1004-49f6-ac5a-0b09083660d5,44,4,15,0,1,0,1,2,2
9a5f51c1-f562-4265-8ec3-653248d07c28,39,2,160,0,0,0,0,1,2
757fab36-c17f-4c3e-bcdf-f8c83b4897a5,31,1,177,0,0,0,1,1,2
dff79498-371e-43f5-bb34-411cd5de712f,42,1,115,0,0,0,1,0,1
1dc8e203-cdb7-4d4b-9063-1a43d2ef9c11,34,1,88,0,1,0,1,4,2
ffb9c8e6-ff44-410c-8c97-c7881119c56c,24,4,118,0,0,0,1,1,2
657532fa-86e0-4db5-a7c0-b2452727abc0,30,3,114,1,1,0,1,2,2
f4099573-b29b-4c80-9bb2-b3e7aa0d6b88,35,0,999,0,0,0,0,0,0
ab5f04ff-b969-4db2-8d80-37ef21bdf57e,44,0,999,0,0,0,0,0,0
c6eedb65-2154-4ecf-a792-0b67c2e3ef81,33,0,999,0,0,0,0,0,0
abf01db0-703a-4012-86af-03c1d5a4f7a5,22,1,61,0,0,0,0,0,0
b97415a8-f119-4a4a-b600-41b357559275,35,1,83,0,0,0,0,0,0
ee1f5712-d318-4f48-95e6-df53c19cbc49,36,3,129,1,0,0,0,1,2
88449f30-3d4d-4b7d-b3ec-c0d2018bca74,36,3,6,0,0,1,1,0,2
3ddf1f89-e144-434b-b571-dc3d51218fb8,44,2,125,1,0,0,1,1,2
9f8aafbb-3fba-4dc1-ba8b-baa093c2ac98,45,4,117,1,1,0,1,2,2
c006fb3e-7d32-4611-8179-e8538e912333,29,1,135,0,1,1,0,2,2
bed3aa7b-649b-496c-9706-faa102327fc4,28,2,2,0,0,0,1,1,2
dad53776-f417-4f91-94ca-9b6828ab9405,24,0,999,0,0,0,0,0,0
431d3022-8c95-4d79-94a8-6e4b869418ec,41,1,86,0,0,0,1,1,2
cf02ec43-6bdf-43aa-ba66-0524ba2cb4a1,49,1,71,0,0,0,0,0,0
a10a7c15-a1e0-4dce-a2ef-2e82361f9665,31,2,32,0,0,0,0,0,1
2889646a-22e0-4354-b10e-4c7125d8c1fb,32,2,154,0,0,0,1,0,1
80d1b6cb-b5ae-45be-98a1-7d89eaae5e1d,49,3,10,0,1,0,1,3,2
3c85ed06-820f-4f18-9aa1-f068e949f01d,40,2,96,0,1,0,1,5,2
d15d12fc-3783-4b75-850b-9da1e5fbcd7c,39,1,10,0,0,0,0,1,2
067a0ccf-2ba3-48ce-be11-50582b24f08d,23,2,106,1,1,0,1,2,2
325e37a5-6cb9-4b96-989c-a113d9e0e751,41,2,17,0,0,1,0,0,2
ba71cf22-d775-4e5d-a801-f2a93906f511,25,2,91,1,0,0,0,1,2
9eb9af74-cf6a-43ca-a878-cac47d29c440,23,2,89,0,1,0,0,2,1
b5e19c59-03aa-4ee6-b3d5-445e18812d35,31,1,93,0,0,1,1,0,2
7b418e71-0de5-4683-b3f5-9f51292e1b5c,29,0,999,0,0,0,0,0,1
919e6da1-86e2-4875-a7f5-aed256b16b91,32,0,999,0,0,0,0,0,0
ed67be08-6084-4cd1-aee4-83d405bb289e,20,2,169,1,0,1,1,2,2
ab959a65-f11a-41ae-bfa2-9d97dfbb6b2a,44,3,2,0,0,0,1,1,2
1b54e138-540d-4e1a-833e-f3f0255bfaa3,46,2,31,0,1,0,1,2,2
cbcacfb8-4983-4070-abd3-03198f2417f9,18,2,35,1,0,0,1,2,2
f8b26e95-6444-4c58-aa3e-7b1bb46a9d63,44,5,137,0,0,0,1,1,2
551d49ad-200c-440b-a933-299dd8c11ccb,26,2,114,0,1,0,1,2,2
67a83361-a058-4a4f-9021-25a419e6b1f1,43,2,54,0,1,0,1,3,2
20b096b0-71f1-44e6-abea-c5eea26dd814,34,2,116,0,1,0,0,3,2
e96c4a86-e45b-41a0-bd1e-f123e9d92ee8,35,3,24,0,0,0,1,0,1
874ca1d3-db31-4b87-b626-1c02516d0011,33,2,161,0,0,1,1,1,2
e0d0abb3-2d63-4c3d-a073-5b2218a8c854,47,2,152,1,0,0,1,1,2
b86e9cac-ce06-4075-8c99-fff3343803eb,22,4,7,1,0,0,1,0,2
c50e730b-ba06-49dd-b821-28ccc02d9d86,41,2,52,1,1,0,1,2,2
a14b3a80-a9d7-43f3-9b2f-6c95f6ec0a8a,46,1,9,0,1,0,1,3,2
11387b94-a644-4659-9477-1a0beace1121,42,3,77,0,1,0,1,3,2
2165e977-5443-4342-915e-8a51a96cb408,58,1,92,0,0,0,1,1,2
433401c4-1d14-43de-bcc0-c9897a5eb692,29,2,128,0,0,0,0,0,1
bdae1d33-9e6a-43c7-81f2-a48eaff74ef6,44,1,146,0,1,0,1,4,2
3b194739-886a-4b8c-9ed0-8075d38cdc66,33,2,19,1,1,0,1,3,2
376056b6-9530-4835-962b-04745bda0c12,47,1,47,0,1,0,1,2,2
54e4100f-e6bd-4c5f-8ad7-1c82ff89c755,34,3,71,1,0,0,0,2,2
7c27d782-bc19-4fce-af26-0867d7e1ecb6,31,2,57,0,1,0,0,2,2
9c41b7e7-27da-4a14-98f6-4e0fed642c3a,48,2,37,1,0,0,1,1,2
904df350-5617-467c-ac22-2fc319c6dfef,30,2,169,0,0,0,1,0,1
c1e1082d-5b1c-42d6-a620-6f203f2e3838,20,1,87,0,0,0,1,2,2
8c102827-464b-4759-8dad-3d987b825f98,29,3,6,0,1,1,1,1,2
c3b6ea3e-85a9-42c0-9d67-c1c78ca77c3f,41,2,19,1,0,0,1,0,2
57bcdd1d-3a42-45c9-9a6b-658d8d294674,48,2,179,1,0,0,0,0,1
c3641de1-df9a-40cf-8d58-fcbc0dfc9995,36,2,25,0,0,0,1,2,0
b9a2517b-6a53-4a96-bd83-35693a01ed23,48,0,999,0,0,0,0,0,0
a1359cdf-3ffe-4bd6-91b3-cbf08bdb4277,21,2,83,1,0,0,0,0,1
a5bc18cf-448c-4f5b-8b5d-7a8c80dd4f46,30,3,55,1,0,0,1,2,2
5d5e0c42-e3a7-41f5-b283-75f8978c21bd,32,2,61,1,0,0,1,0,2
d0344ccf-1762-4470-b5c4-674fe50b2aab,33,4,127,1,0,0,0,0,1
a8a1adf6-108d-42d8-8f51-b27ed8365850,35,2,35,1,0,0,1,2,2
9c606d56-e756-46eb-9dcc-72a444b3a780,41,2,19,1,0,1,0,0,2
00ad92d8-862e-4fa3-9e34-22f15ebc8397,30,4,145,0,0,0,0,0,1
eed0c29c-14ca-4661-800f-89eea03602a0,36,1,26,0,0,0,0,0,0
4a0c6209-304b-47b0-9e90-1743ca41d4cc,34,2,132,1,0,0,0,1,2
78f1bf91-02a7-490d-abba-a6a8b1db492d,25,1,94,0,0,0,0,0,0
392ae833-c9e2-4035-bc8f-44ebe2114d58,33,2,173,0,1,0,0,1,2
f6ecb5f0-03e7-43b3-874e-b49806749705,33,3,40,0,0,0,0,0,1
42f2ba1c-9a72-4ca7-bc93-1b03e946cdf3,33,2,84,1,1,0,1,4,2
4ecf0fe1-7ed5-4e16-8645-dce23165f378,35,2,51,0,0,0,1,2,2
9311d4f9-b260-47e7-b06f-260e8886285a,35,2,130,1,0,0,1,1,2
3742fbd5-7500-4669-87e2-14982dac34d1,30,2,57,1,0,0,1,1,2
67321a69-822d-42eb-9318-af9e06657618,47,2,89,0,0,0,1,0,1
86ffdcda-434e-4aa7-be0c-bb604566577b,23,0,999,0,0,0,0,0,2
9b0ef40b-666f-4102-bdd4-24f70fd6b4ac,27,4,119,1,1,0,0,1,2
06b24a20-7aba-418b-9cb3-74f55783fd88,62,0,999,0,0,0,0,1,2
664a163a-6cc5-4f22-95cb-21263271a005,24,2,40,0,1,0,1,4,2
17c81bf3-55b7-427e-8043-c84709f99f25,21,1,32,0,1,0,1,3,2
b758516f-1e71-49de-b319-795c6e814e08,42,0,999,0,0,0,0,0,0
a21e2d2b-8552-471f-8fe9-6a019d6846b3,18,1,145,0,0,0,1,1,2
37ee398d-7969-4bae-bc84-c3289fd3d322,32,3,48,1,1,1,1,2,2
27834644-6143-455c-b87a-d5aef0e2409b,56,1,60,0,1,0,1,4,2
257550b6-6b33-40d9-a13c-567a71d446a2,19,1,15,0,0,0,1,0,1
eb449cf8-f6ec-4945-bacb-1a6b7ed5f189,18,4,84,0,0,0,0,0,1
2f445024-1582-4bfc-9b1b-ed313fc09f92,20,1,43,0,0,0,1,2,2
f0247c5f-f1f2-4b30-a924-d98773fecf81,43,3,30,1,0,1,1,0,2
01b964f8-f2f8-4e4e-b2a8-98c86d9d95be,46,3,94,0,1,0,1,4,2
5f02a8f5-27cd-4fdb-94e1-01ff49872521,29,3,154,0,0,0,0,0,1
40d1eed2-2aa3-4d07-8ab7-3c70b7cc5043,41,3,168,1,1,0,1,5,2
a847792b-4ae9-40fd-8e53-8a4090152769,48,1,113,0,1,1,1,2,2
4efaedb3-45e9-4ead-bd67-864c175c7518,52,1,2,0,0,0,0,0,1
ad960949-4226-4191-80b5-838fe397c209,32,0,999,0,0,0,0,0,0
dd1bc50b-d485-4df4-abe8-aa3fbf524bf4,18,1,161,0,0,0,1,2,2
44a6fb21-4668-4706-bb5a-208c955879e1,26,1,137,0,1,0,1,4,2
8f47607b-e939-450e-84c8-c477cba18063,30,1,56,0,0,0,0,0,0
65fb3b5d-e212-41d4-8b00-2bc2d00c1308,32,4,156,0,0,0,1,1,2
6fb384a8-01d5-4a5b-9c72-e82763b805f9,33,0,999,0,0,0,0,1,2
c0b307f8-4e68-45ac-9bc2-af06c3105740,46,2,100,0,1,0,1,2,2
3649091c-348c-4b13-86ea-8bf4a9dfcf75,47,6,114,0,0,0,0,0,1
6479594b-5cb3-4894-84c6-0c0ee602aa34,33,3,5,0,0,1,1,2,2
09607757-fef0-47c8-931f-46070fa25e3c,45,0,999,0,0,0,0,0,0
6b3a12e1-c2bf-4057-b4cb-5468d138a9a3,38,2,131,1,0,0,1,1,2
72ee51ac-68b5-4cba-ab74-2df0ad7d9dd4,35,2,172,0,0,0,0,0,1
4170a7fe-b517-4ffb-860a-4dc0c22703be,44,2,38,1,1,0,0,2,2
10c967a2-d314-442a-af35-4d1e91ab1c0e,35,3,53,0,0,0,0,0,1
98bd172e-0f94-4186-80cc-157b6bacd819,55,0,999,0,0,0,0,1,2
1794cf98-3605-40ed-b393-3ac8db9b7416,20,5,28,0,1,0,0,2,2
1e4fe490-8397-4d8f-8af2-173ebd8ac3b6,29,5,61,1,0,0,1,2,2
680ba858-4063-47ed-86cf-2974f11193b3,33,0,999,0,0,0,0,0,0
8af9f63d-e258-46d9-81e0-a75e60473845,39,2,166,0,1,0,1,2,2
b7feba8c-d10f-412d-b8ae-ff7eb29d8eca,47,1,145,0,0,0,1,1,2
f0bbd45b-c58d-497c-8888-7af208a94d8d,34,5,21,0,0,0,0,1,2
9c9e40de-7345-4331-a9eb-438325a15dd5,20,5,145,1,0,0,1,0,2
3ebdb7c1-9cfa-48d4-aa72-038ee3137cf7,43,3,164,0,0,0,1,2,2
c5397adc-f826-4e40-b965-0de225a3a425,42,4,110,0,0,0,1,2,2
5ef58a95-be02-4103-8ced-eaba045fa06c,18,1,160,0,0,0,1,2,2
04cf36fa-1c55-4070-92a1-c4a37e92234d,34,0,999,0,0,0,0,0,0
ffe4387e-2dca-40b2-9222-15ad8d35125a,19,3,47,0,0,0,0,1,2
0a127961-4869-4ac1-b33c-b0c1de0ed1e0,28,4,129,0,0,0,1,0,1
aab1f12a-6bfa-473d-a0fb-7411d2838d1b,25,1,25,0,0,0,0,0,0
65540369-ef20-4e6b-bdda-67820d796406,43,2,144,0,0,0,0,0,1
6907930e-0065-44e0-b803-6283e754564b,36,3,3,1,0,0,1,1,2
f695f029-b8da-4f68-b98b-54bdeb0a80d7,22,0,999,0,0,0,0,0,0
0f7e4209-b513-48a7-9735-1e5fe8461878,43,1,9,0,0,1,0,1,2
bb03fc5c-a492-47f1-83db-03db1f81c3f4,20,1,68,0,0,0,0,1,2
3372adfd-1c5f-4337-9e16-db85d891d329,38,1,165,0,1,0,1,2,2
65317c6c-0578-45ea-b5a8-7b678f08f607,26,3,48,0,0,0,1,1,2
3658209f-40cb-45a4-bffb-015e5b77cdbe,31,4,39,1,1,0,1,4,2
7d4a9961-ca5a-4957-ac0f-a926b3d30fe1,40,2,176,0,0,0,0,1,2
06356b68-c398-4d2c-be03-b4d14fe6e9d1,40,1,18,0,0,1,1,2,2
19f05589-e810-4acf-be24-f65e35ffdb18,48,4,36,1,0,0,1,0,2
9080c0a1-f8b6-4c95-8d96-a88af8698fed,34,5,48,0,0,0,0,0,1
6eadb3e0-9f09-42bc-a065-de7af9322c68,38,2,133,0,0,0,1,2,2
016cf9aa-b242-42f7-a370-a22378ae6f8f,30,1,63,0,0,0,1,2,2
1e42b575-81f7-47e2-834a-8e25814d2a58,36,2,150,0,1,0,1,1,2
f2eadc9c-126f-4e07-b1f0-e3aa7fa06159,39,1,30,0,1,0,1,3,2
39a1612a-47b8-44c5-b112-8e909d25e19e,34,1,52,0,0,0,1,1,2
3201d93f-7062-4f85-8df5-5c364c601808,18,0,999,0,0,0,0,1,2
5451a608-13f9-4ff3-8487-064460df41f5,38,2,16,0,0,0,0,0,1
ace8abe8-91a0-4bac-9467-c87b05729344,38,2,64,0,0,0,1,1,2
3b4c25f6-cb32-440d-9096-e937bebb3eb9,28,1,66,0,0,0,1,1,2
602beffb-4c53-459c-9ea7-106a566c9660,22,2,172,0,0,0,1,0,1
db6592a7-d61b-4297-8351-ac35d7d729c1,49,2,87,0,1,0,0,3,2
9d458827-390b-4331-8937-8256078a45b0,39,4,36,0,0,1,1,3,2
f9107b63-c625-4b1d-8b9b-4d81bea6cdd1,32,2,91,0,1,1,1,3,2
20e0abad-7b3b-4106-8b02-2fc4e3cedbb5,23,6,26,0,1,0,1,3,2
bf0843e4-2df6-4157-a90b-7ec3edb5e86b,26,2,147,1,0,0,1,1,2
d6bb19de-4414-4a27-bfee-3f0dbad547ee,48,0,999,0,0,0,0,0,0
c73048a4-ba8b-47bf-a2df-b290afdbf944,36,1,152,0,1,0,0,1,2
a2f96f7f-7151-41e7-84d4-d39ee8d5c55d,29,3,107,0,0,0,0,0,1
33b2c18c-b3f3-4afd-9515-84846d39cc31,40,0,999,0,0,0,0,0,0
48d58cd1-99f6-4685-90ec-8fac4afbd4d0,26,0,999,0,0,0,0,0,0
b0b7b348-2a88-499c-89cd-3c6d8f18b66a,50,2,109,0,0,0,1,1,2
c9d88706-5012-4700-9ece-29a14bc0ddfa,48,1,166,0,0,0,1,1,2
c106b1b0-13ee-4b05-be18-0a98d8c012b9,30,2,120,1,0,0,0,0,1
3b39eef1-c26a-4994-a4e6-43bb4f80ae66,28,3,105,0,1,0,1,2,2
288a943b-7e28-4638-afa3-bce66cf3b55a,18,2,29,1,1,0,1,4,2
f202a164-79ea-406e-87ed-0ef9048796d0,20,0,999,0,0,0,0,1,2
f4a264ea-c162-471f-ae4a-916f078a151f,21,2,174,0,0,1,0,1,2
9ebcb7a6-ae80-4a5a-b5cd-d1623f717ca7,36,2,49,1,1,1,1,2,2
c1dd9bbb-9ef6-433f-8672-3dbe13ab6c77,31,1,27,0,0,0,0,0,0
a1e0e1f9-af05-4b9f-ab2d-88f7db8cb1b8,21,0,999,0,0,0,0,1,2
de4059b5-7fe6-473d-a5ab-c0e5b80a8994,32,1,47,0,0,0,1,2,2
64b0584e-7c5f-4150-a044-295bd9448861,40,1,59,0,1,0,0,3,2
92a79e45-87a0-4717-a63c-772dc3b155ee,40,0,999,0,0,0,0,0,0
8eebb8bd-b7d4-48fc-8eca-a2d881064e1c,18,1,172,0,0,0,0,1,2
b8105a25-2da7-4e2a-b781-87a657719ace,33,4,128,1,0,0,1,0,2
ab793947-288b-4736-bd27-3994e27d8826,21,4,118,1,0,0,1,1,2
c04f19b3-b8f0-48b0-bf35-784722eaf72f,44,2,99,1,1,0,1,3,2
90c3f607-5f4e-4585-9dc0-b74c51adeefb,42,5,22,0,0,0,1,2,2
29dff083-9fca-4d09-a045-393e9fafdac3,26,1,147,0,0,0,0,1,2
fe141c8e-cc37-4223-9a9c-c6f17566fb36,27,3,160,1,0,0,1,1,2
664386e8-a5dc-414e-b2a9-bba498b7dd32,30,3,93,0,0,1,1,0,2
65311e47-c0cf-4e4e-847b-cdeb0c835ab4,18,3,88,1,0,0,1,2,2
fc5bb73a-c358-4a5c-a6ed-9081b3622460,38,1,47,0,0,0,1,1,1
9ec1a5f0-6cb0-481d-ba6c-196dcd8d6d3a,32,0,999,0,0,0,0,1,2
51c933f9-0d31-4542-a69e-c70daaa36939,44,3,101,0,0,1,0,1,2
a1629ff1-59b3-44fc-bfde-977ea1c88dc5,24,2,166,1,1,0,0,2,2
94f42f0b-fe2b-497f-b740-41973b2be8b1,28,2,134,0,0,0,1,2,2
d7f40295-107e-4bd0-b4bb-227537505ad9,19,2,61,0,0,0,1,3,2
407b21f4-fe7a-4e03-8b92-6cef1b191ed8,24,3,171,1,1,0,1,4,2
62eea04f-4565-4a62-b028-baf536e16b9e,23,0,999,0,0,0,0,1,0
4c89549d-ae49-448e-843a-9c27805270e1,44,2,80,0,0,0,0,0,1
e36c4c77-2cf9-42a6-bf62-50753acac2aa,28,2,176,1,0,0,1,0,2
58390483-0519-4473-a8fa-2c99e7f28238,36,3,103,0,0,0,0,1,2
8616cd65-1efa-4d5c-af39-41611e051099,31,2,3,1,0,0,1,3,2
fc119421-7a35-4be4-af00-a9c65a2ca201,22,3,12,1,1,0,0,0,2
3b4f014a-8646-4fd4-a1a8-3664dd5aabeb,33,0,999,0,0,0,0,1,2
0d31782c-5bba-4494-97e4-b4f058bdc1ac,40,2,140,0,1,0,0,3,2
5e35d8b7-8714-4f06-9e0a-017be294fbd9,22,3,95,0,0,0,1,1,2
b0d70447-4baa-4a70-a883-6c0d5563d296,43,3,170,0,0,0,1,1,2
968c7ddf-17cd-451b-b7bd-b57767e829bb,26,1,139,0,1,0,1,3,0
016e21a7-d3e0-4449-acbf-8f022a29ddb8,30,2,119,0,0,0,1,1,2
9ceb7b60-726c-4132-9b82-583086e231c2,40,1,84,0,0,0,0,0,0
b8cbb9aa-92f3-44ee-aa54-9ec2caf9670d,28,2,32,1,0,0,1,2,2
bdbc6682-99b6-45ee-8372-19fe12345de5,35,2,66,0,0,1,1,2,2
37dc402e-b681-4975-ad46-feff422bcc91,31,1,6,0,1,0,1,4,2
e290576b-b0c4-4f80-9ec4-e8234b5646b8,36,0,999,0,0,0,0,0,0
09bd1c42-ea99-49d8-b126-c58db23ec985,18,1,42,0,0,0,0,0,0
c608d5b0-c084-4181-abeb-7bbe97091be5,18,3,175,0,1,0,0,3,2
7be0fdb4-6ec7-49a6-a6d2-112f7713debe,41,2,153,0,0,0,1,0,1
72461a3f-4193-41c3-b52a-fd6d42ce0de3,45,3,75,1,0,0,0,0,1
9efd643d-7ad1-4412-96bc-68bd7f6ea4d2,25,0,999,0,0,0,0,0,0
0ddbf3ed-ce57-40b6-919f-b70e27ed7366,32,3,167,0,0,0,1,0,1
c9f29751-f15a-49d7-833a-a691b5ba6ae1,37,2,108,1,0,0,1,1,2
7bc428ae-80e0-405a-bbf8-141323b45bb9,41,2,65,1,1,0,1,2,2
b5873324-3a49-4208-a4e5-52e74fdf0dd1,18,0,999,0,0,0,0,0,0
dd7da6ef-1f72-41db-8f8c-7801f6f42d91,26,0,999,0,0,0,0,0,0
5aab0bc0-88bf-4d3f-8a66-c72c83c51052,31,1,43,0,0,0,1,2,2
1b43ca51-ee75-4aa8-8208-e5cbe2244904,42,2,100,0,1,0,0,0,2
6b452449-3962-4421-a518-dda84dba3cd1,59,3,161,0,0,0,0,0,1
2d9bb286-adf6-47e0-9aeb-3d42ee762a34,32,2,139,0,0,0,1,0,1
384a4179-4764-436d-8566-fa8330f55643,20,0,999,0,0,0,0,0,0
40925578-a9ee-4c30-832a-e6976d6d1985,39,2,122,0,0,0,1,1,2
33dae45c-cd7c-490b-b7cd-5ae8801cd723,48,1,99,0,0,0,1,1,2
bce96f30-e014-4ed6-b8e8-df4c39ec31fc,36,3,137,0,0,0,1,0,1
74119ba5-38e8-4133-93f6-0c4b39b6df12,25,1,79,0,0,0,1,1,2
c36c334e-fb55-4970-aa7c-e09c0da7fe45,44,4,124,1,1,0,1,2,2
a287ae76-c3df-4e0e-858c-26ad060adc76,41,3,152,1,0,0,0,0,1
bc5e5584-136f-4fee-bad7-e4789680b4d5,24,2,39,1,0,0,0,0,1
1ac5517e-90fd-49a9-a120-a72927590736,38,1,175,0,0,1,1,0,2
e16b59ca-2cd8-458f-b90d-ae5dc90d6b82,44,0,999,0,0,0,0,0,0
7971c8ad-ab24-428f-8a39-53105f03299a,46,6,59,0,0,0,1,0,1
376e6bce-9136-435f-91a7-b586743a979c,34,5,107,1,0,0,0,1,2
75238b79-51e4-45e3-b0cf-c9b3d732a7dc,31,1,134,0,0,1,1,0,1
fb1e46e6-f3e3-45cb-a700-2fc9f78db3ef,47,2,112,1,1,0,1,1,2
f343dace-3146-4c43-a361-4bd006b37370,22,3,174,1,1,0,1,3,2
0fd1636a-2348-4d40-a35d-f136de050d7f,39,3,123,0,0,0,1,2,2
6d0add48-88c9-4e1d-a29d-2497558425dd,21,8,13,1,0,0,1,1,2
0e735427-22bd-46e7-8112-ffa9a6866c92,45,2,100,0,0,0,1,0,1
550b945e-8955-46f3-90cb-1a014e5e35cc,32,3,129,0,0,0,1,1,2
31434043-813f-4370-aff6-1b3d7fd9af74,47,2,36,1,0,0,1,0,2
e85c0d5c-74ad-46a5-bb5a-994ed4e3fcfe,39,1,68,0,1,0,0,1,2
05c144c8-0a42-4429-bdae-5177f59e8680,22,2,101,1,0,1,0,0,2
79c85249-606a-47c3-b5d2-327517e9bd64,49,1,21,0,1,0,0,2,2
93be4a2f-1f16-473d-8e6f-68a25f164ff5,50,0,999,0,0,0,0,0,0
71c533eb-ea72-4b4f-a6d5-6f388e03c8e7,43,2,44,1,0,0,1,0,2
6ca68788-d512-4417-9db8-1fdb931101fb,27,4,6,0,0,0,0,0,1
132057b1-bc11-4d9b-af28-479ad9fa3140,31,1,4,0,0,0,0,0,1
de4657cd-b075-4de6-bc82-1f29e019c991,36,1,153,0,0,0,1,2,2
72e4829b-9715-4cd1-aaa1-d9f249f7258d,27,1,91,0,0,0,0,0,0
744d04ef-98d3-4922-960b-96e2f33496cf,51,6,46,1,0,0,0,0,1
1900c041-b75d-44da-bfa9-f6250fb43a79,36,1,86,0,0,0,1,1,2
cb8f8365-c37f-465c-8c6a-c90ba355fd40,18,1,65,0,0,0,1,3,2
e4f21517-aeaa-4756-8ce9-8790d6c6cbbd,38,1,148,0,0,1,0,0,2
4dbf4a6f-3aeb-460f-905f-350fb52a9991,31,3,120,1,1,0,1,2,2
f6034393-aeb0-4397-8ca4-146c4eee4d03,34,3,65,0,0,0,1,2,2
49ef0c3d-b94b-491d-8969-f741cebaadef,31,5,1,1,0,0,0,0,2
a794faae-c11f-40c9-93a5-7e827d661be1,43,2,17,0,0,0,1,1,2
c3e14661-2113-477b-a405-adc2a393dac1,46,1,45,0,0,0,1,2,2
fbfbd635-bd15-463b-b67a-d16683e527b4,37,2,8,0,1,0,0,1,2
ce368eff-8e2a-4cf4-9f3b-5a200f6de12a,31,5,141,1,0,0,1,3,2
7a89a268-bfaa-415a-8121-aaf447bf0659,34,5,67,0,1,0,0,2,1
a3475b4f-b713-4b2f-881f-dd76facc9ad5,35,3,39,0,0,0,0,1,2
a5899d18-170d-4090-aa45-fac399881698,26,2,149,0,1,0,1,2,2
c7077a3d-45b0-4793-82f8-4ce4b3799fc9,40,6,14,0,1,0,1,4,2
fc867a70-e446-4c7a-8544-1a9aa04ab8f0,39,3,152,0,0,0,1,0,1
fe471a49-e0f8-4207-afd5-04aafe9fb4e2,50,1,63,0,1,1,1,3,2
0c89ad9e-b7bf-46ef-922c-9cae321a7852,47,3,178,1,1,0,1,3,2
ccac40e1-2e3a-4b76-b92e-c8f9bff3c636,28,1,159,0,0,0,0,0,0
9e824d69-aeb6-4d58-bc76-861f0d2afce5,43,3,169,0,0,0,0,1,2
b7360906-5656-4997-baf9-a9f616e2931b,25,1,144,0,0,0,1,0,1
edbf65cc-a561-4ebe-ac37-9110b4180ba6,41,4,125,1,1,0,0,3,2
3ff74d34-5d90-4442-af26-f63bd0e56a6a,29,1,161,0,0,0,1,1,2
f8ea1240-6e59-44a7-9e34-1554f6886b8d,24,0,999,0,0,0,0,0,0
e13cad29-8b41-44fc-894a-ef2dd93ed20e,37,3,169,1,0,0,0,0,1
6fff8193-1b3c-414f-ab0e-ff9eced85dfd,18,1,93,0,0,0,1,3,2
161cd6f7-02a6-4a81-bb17-7e2e24650f2e,18,0,999,0,0,0,0,0,0
a28320ac-444e-4b77-b23a-2f1569981c93,33,3,108,1,0,0,1,1,2
17744bf3-a188-4a8d-910e-aa07f0a461ac,35,1,13,0,0,0,1,1,2
b6ad0c48-568b-46c4-b3ae-f14d7986ff91,31,1,66,0,1,0,1,3,2
37848ea9-530e-42bb-9cb6-072d132d5624,19,2,19,1,0,0,1,1,2
47c8f3d1-9c64-45bd-8259-6e5bdfb495eb,26,2,150,0,0,0,1,1,2
d2ddcfb8-1de2-4373-9e82-1ad3089e636a,38,3,22,1,0,0,1,2,2
784718ca-46c9-4d51-9d1c-48a670d5f5bb,40,1,148,0,0,0,0,2,2
5e25b8ef-13a2-4f1a-a2d1-d1d2deab0bcb,34,1,171,0,1,0,0,4,2
fb9f8a10-f5d5-4d16-bc0f-99e1cc8343fc,46,3,132,1,0,0,1,0,2
9fef6516-d571-4758-aab2-f70f42b76bbf,38,3,51,0,1,0,1,3,2
a183582a-0ece-4c16-9bf1-e229fc7913a3,27,1,166,0,1,0,0,2,2
4c9c3d6a-357b-4843-84fc-4ceb6fd2ee93,32,2,21,0,0,0,1,0,1
37c2836d-9364-4796-baee-52b8acf430b2,20,2,68,0,1,0,0,3,2
3722886c-a732-4b15-aac0-3b0d8331fdb5,33,0,999,0,0,0,0,1,2
5ab222ea-20ed-4d90-87bc-c5e7cc79c906,46,1,132,0,0,0,0,0,0
f0cbc04a-a9d2-40de-b19e-356f958ca8a3,41,2,76,0,0,0,1,0,1
f40b5586-4ac7-45c5-83f0-6b5b6aefad0a,49,2,123,0,0,0,0,1,2
82b739d9-2f2a-4800-938c-33d2b2fbc9b1,31,1,10,0,0,0,0,0,1
23a88f46-bd4b-48ef-9d1a-f1324c045cac,48,3,66,0,0,0,1,1,2
69c28319-2869-467e-b901-3f954e4b6ec7,33,4,67,0,0,0,0,0,1
ae260db2-c507-4cfb-90fc-1760338d91c5,49,0,999,0,0,0,0,0,0
1bc634c7-ce6c-42b0-9c18-b0a5969745ec,34,3,136,1,0,0,1,1,2
65f25c08-f786-41ee-83ad-76d2a27b50f8,42,2,93,0,0,0,1,0,1
673fb5a7-5bd3-410c-b819-2ad5cfae2c10,49,2,50,1,0,0,1,0,2
6ccaef4b-5230-45a8-9655-b6b34e7331e9,33,4,59,1,0,0,1,0,2
60f25d39-d388-407a-a390-7adaff75a73d,37,0,999,0,0,0,0,0,0
6e00f0c3-069d-41c4-a379-913e03ffb1cd,47,3,57,1,0,0,0,0,2
e1d03711-8d15-4c69-a024-db8ce69066ce,33,1,75,0,0,0,1,1,2
f076d147-b544-4088-a3ce-ebd9b0d1a420,21,1,48,0,0,1,0,0,2
9f39ffc8-454d-4296-bab1-c18d39e1f5b8,56,2,140,0,0,0,1,1,2
2e56398a-bd63-41c2-b7e3-7e0ed8a143e4,30,2,148,1,0,0,1,2,2
f8ef5632-b8e1-428e-88c2-4571c36c4c98,36,1,20,0,0,0,1,1,2
dc5f3163-a404-451c-b238-681aa992db95,46,0,999,0,0,0,0,0,0
ced37577-231a-422b-8017-4994c7aa2d50,28,3,68,1,0,0,1,2,2
7098a766-32a0-47d5-b051-dde39674e45b,24,5,80,1,0,0,1,1,2
aa16353e-f2cc-4975-a12a-dc5f64b6e301,37,0,999,0,0,0,0,0,0
77608069-1873-45a7-b13c-7f79b2bbeb62,18,1,84,0,1,0,0,4,2
bd84008b-26f0-4e82-b822-0771a6c015a1,32,0,999,0,0,0,0,0,0
c3df7381-9147-4fc1-b5f1-de4672af981e,37,1,149,0,1,0,1,3,2
0fe2b374-4d1c-4dd6-a841-19fc0c56adb9,32,3,86,0,1,0,1,2,2
174c2000-04fe-4d02-b9d6-47c5f43b855e,19,0,999,0,0,0,0,0,0
071c452d-779a-4a4b-a9d4-6c81f0226686,50,1,127,0,0,0,0,0,0
6e08f775-85fa-4555-bf05-07ac282003cc,36,3,176,0,0,0,1,0,1
34ea7cca-b3e2-4652-b850-c8664e278341,49,1,71,0,0,0,0,1,2
c25d86f6-0ef0-4fb5-bc75-09050c37afb4,32,1,45,0,0,0,1,2,2
ec6ace33-0790-47fc-b48a-6ab59f7cf1c5,26,3,48,0,0,0,1,3,2
1af711a4-6018-496c-83fe-49080269e26c,37,1,104,0,0,1,1,0,2
39fd62a3-ea7f-4f37-a81d-8c4e1a3f96b6,32,2,101,1,1,0,1,4,2
fe1719bc-68bd-4ec5-a259-e431de3313ca,23,3,65,0,1,0,1,3,2
e58a2327-32db-4be7-b159-13cc1490aa3b,49,3,61,0,0,0,0,0,1
57664f02-576b-47e5-aaf7-c3bfd7bffe65,28,2,119,0,0,0,0,0,1
6ebeb7fe-e5eb-4ba8-a446-83a7f539188e,18,4,120,0,1,0,1,2,2
6129fe90-6fb6-40dd-a6d3-76f7934f08f9,48,1,159,0,0,1,1,0,2
a8f4b872-90c5-4326-96dc-c04266e768ff,29,0,999,0,0,0,0,0,0
79cc0b4f-c96f-4b2f-9441-4d8233024129,28,3,169,1,1,0,1,0,2
5121b287-5bc1-4a09-a4c9-80e1a1c9f895,18,2,9,0,0,0,0,0,1
9e183f6b-2cbe-452e-9a40-0b09e290ceae,52,4,174,1,0,0,0,0,1
275cd590-7cf7-4d1a-875b-f90d4d713023,22,1,57,0,1,0,1,3,2
29321283-0533-4c4e-abe9-b3dd44a1583b,35,1,24,0,0,1,1,2,2
fff39285-20b8-421f-9a5e-34b91dd7c693,44,2,70,0,0,0,0,1,2
2502c1cf-7685-4f1f-88d9-94d8bfff657a,39,1,123,0,0,0,1,1,2
6c659c29-07c8-4b6c-be50-67cb769cdc5e,34,3,61,1,0,0,1,1,2
f7935952-d4eb-499e-af25-bafe542ae6b4,18,2,60,0,1,0,1,3,2
cf4e47c4-5cf7-45c2-8b86-c67db6733ab5,26,4,172,1,0,0,0,0,1
75a526c8-7f0f-4bac-9837-c888c9809c22,36,1,26,0,0,0,1,3,2
3770a078-ae71-48f3-9f87-863cddac5f6e,27,1,51,0,1,0,1,1,2
1c2bda98-aa74-4a4a-bc3d-ea4a31b8e9d3,37,3,42,1,0,0,1,1,2
ba05c601-2446-486b-ad23-17df1bc6224c,41,3,27,1,0,0,1,1,2
02344c10-ab14-41a8-9423-b483aad64c0e,44,0,999,0,0,0,0,0,0
69c60340-96ff-4c60-91a4-1195bbddd04a,22,2,161,0,0,0,1,0,1
65118aff-721e-40dd-a41d-84ab87afd16f,56,3,84,1,0,0,1,2,2
e36785ed-d051-4050-85b8-aab1340ea1e1,42,2,46,0,0,1,1,1,2
d38a73ed-c555-498d-9fd2-ce4e84d7ae71,34,0,999,0,0,0,0,0,0
80a347ed-243e-4d06-9e96-50fd41475685,45,2,14,0,0,0,1,1,2
d6929bbf-8ce0-4bca-b572-e7825e8b95bd,58,2,4,1,0,0,1,0,2
5f37d3c6-8aa4-470a-88b7-e4db7a01e6df,20,4,63,1,0,0,0,1,2
141601c3-7c31-4021-b8cd-2a52f6003f19,32,1,16,0,0,0,0,0,0
086309aa-9bd6-4637-8631-07b5409e0e15,18,2,135,0,0,0,0,0,1
471d8767-219b-4099-8958-a503a50a63c8,36,1,56,0,1,0,0,0,2
eda07e68-677f-4734-a497-bb678a0f7c97,38,6,56,1,0,0,1,1,2
1df64941-0580-4d66-adef-9fc44ed39edf,34,0,999,0,0,0,0,1,2
c73e5cfc-9031-4d1a-8145-6bf192d629d6,28,2,87,1,1,1,0,2,2
8e7d69ad-557f-48ef-9deb-191b469dbf18,18,3,127,1,0,0,1,1,2
fc769bd1-1f27-429d-aa42-4f09a44e9aab,38,1,145,0,0,0,1,1,2
c9241412-0295-4690-b11c-d8d549916d4d,49,3,41,1,0,0,1,1,2
7a222bc1-7361-44d6-8728-f6afc6cda191,29,1,53,0,0,0,1,1,2
93265e99-7291-4dc6-afb4-63670ff26c52,39,1,143,0,0,0,1,0,1
023a9389-d894-4970-a853-628cbdc9d85c,19,2,84,0,1,0,1,1,2
828c7c4f-dc8e-4ea2-9d72-a048f83173e9,39,1,144,0,0,0,1,1,2
64fb1082-35fb-4ca5-aae6-5842a58ced87,31,3,171,0,0,0,0,0,1
2f0f920c-994f-4255-bd12-3dad0218bb6b,27,2,32,0,1,0,0,3,2
6ccb9b4e-f8ba-4f07-8f82-dd43a4abcf27,27,2,138,1,1,0,1,3,2
b32089fb-2522-4f78-89ae-163d3693c98a,31,0,999,0,0,0,0,0,0
975be45f-48f8-4c29-abd8-b6648c33066e,38,2,164,0,0,0,1,1,2
60062646-32a9-427d-8876-642f8a0c733d,21,4,74,0,0,0,1,0,1
ef7c194e-c4b3-45e1-be0c-01a886e56f43,31,2,27,0,0,0,1,3,2
e632957b-95c3-4101-9c29-415c35ddf464,34,2,106,1,0,0,0,0,1
d19ac09c-c47f-450a-8c2f-7deba93ecfc6,24,2,157,1,0,1,1,0,2
49eed6d0-532f-40c7-8c52-6f815272d7a0,52,3,173,1,0,0,1,4,2
e985b736-7ec9-46db-9282-79d74ff1987d,26,4,77,1,0,0,0,0,1
7256cb7e-790a-4a8c-b450-a7dcf1057bff,28,4,114,0,1,0,1,3,2
52ff0637-fb62-47e1-a55b-07ed81efb241,25,1,170,0,1,0,1,1,2
5e7348a2-4d6c-4c03-80cc-1cb2037baec1,52,2,84,0,0,0,0,0,1
c03a88d2-bd3f-46aa-aec9-1a7b5e3edcb0,40,6,90,0,0,0,1,1,2
834b3bf6-536a-4677-b3aa-80e0abd54b0c,25,6,97,1,0,0,0,0,1
24660acf-0080-4707-b45b-5f80035a35d0,46,2,7,1,0,0,1,2,2
e217a120-4ba4-42d7-be51-57b1276a4b06,37,4,42,0,0,0,0,0,1
af58e6cd-bfbd-41be-a2d7-cdbfbf793e68,37,2,32,0,0,0,1,1,2
09cc905d-43d0-496f-b6bf-765d862349be,31,0,999,0,0,0,0,0,0
3ecabd73-d75c-483c-9a0f-067b1e581a1b,27,0,999,0,0,0,0,0,0
a405b25f-6f37-48ff-be6c-b708df480f9b,38,5,20,1,0,0,0,0,1
332f0ba2-4a05-4a09-b709-4add82faa7af,29,1,174,0,0,0,1,1,2
ec7b119c-f0f9-4261-8a38-a7c4e55ea14b,53,2,50,1,0,0,0,0,1
30432803-3871-4420-947c-6ce06e40ad29,22,0,999,0,0,0,0,0,0
97f688e3-7b60-4038-841e-c64f823db748,50,1,15,0,0,0,1,1,2
c2d046c7-e629-4301-ac11-808f4dadf316,33,2,67,1,1,0,0,3,2
305a5344-c34b-4f41-bf75-3fc7c3f81e95,37,0,999,0,0,0,0,0,0
0cea4a0b-36e7-4d0c-bd07-f69f618ef209,43,4,68,1,0,0,1,0,2
8cf78370-bc4d-4128-ba83-8c9807c75b16,28,1,146,0,1,1,1,3,2
8b113286-fe47-449f-a8c3-06d05051536b,43,2,106,0,0,0,1,3,2
b026d98c-1507-4ecc-8dd3-dd6ddba5aa02,18,1,166,0,0,0,0,0,0
b3325362-4236-4da6-b27b-1ecb322fa165,27,2,69,0,0,0,1,0,1
b2cea314-900d-4c32-a406-47180b10bcf0,25,2,29,0,0,0,1,1,2
69bd36ca-4d18-46c8-ab7d-fe9cd03515af,22,3,27,0,1,0,0,4,2
7bd5ae92-4ef0-4c20-b2da-27a64b38ba63,32,1,12,0,0,0,1,0,1
2fb58ba0-74aa-4f78-abb5-3b90217330d3,38,2,66,1,1,0,1,3,2
223167ef-dafd-4317-bdf2-b58438e9c6cb,42,0,999,0,0,0,0,0,0
16103092-e3df-436e-b52a-c0afa23f243c,37,1,57,0,0,0,1,0,1
aab9b4d8-bb0f-4f35-97c3-3b0938a28a42,28,0,999,0,0,0,0,0,0
2f9d5b9e-c1ac-4afa-9537-11590acffee2,38,4,9,1,0,0,1,1,2
ae13c7a9-6f76-4007-bda3-9c306d6b996e,36,2,178,1,1,0,0,2,2
56985c5f-c9e3-4c34-9a64-6ad85a190cfc,44,1,69,0,1,0,1,4,2
eb608a64-8ab6-461f-a815-d9bff011ff31,42,5,0,1,0,0,1,1,2
811a202f-b509-4942-adcb-8bb58ea20653,35,1,0,0,0,0,0,0,1
9609db38-86e3-4e67-acf0-4a36f592e6cb,26,3,134,1,0,1,1,1,2
251f6dc4-001b-4589-81b2-d3a3767a5424,28,2,79,0,1,1,1,2,2
0c287a43-3e56-4ed8-9763-555b6de11745,29,1,127,0,0,0,0,0,0
9725a3e5-0c43-4de1-ba32-d23f4da39397,31,1,3,0,0,0,1,3,2
57efd93d-143d-4a33-b994-1cebb4c7e19b,37,3,15,1,0,0,0,0,1
afefd857-134d-4a96-8eb6-e1997b40422e,42,2,113,1,0,0,1,3,2
10eb7598-4d3b-499c-8443-3b0db2b2f752,34,0,999,0,0,0,0,0,0
fe0a48b0-f529-47dd-904e-499c48ed58f5,35,1,142,0,1,0,1,2,2
a9afacc1-9de2-43b3-b416-31c95d66ec34,36,0,999,0,0,0,0,1,2
f9acb80b-ebf0-4061-87fa-b4698238068c,29,2,10,0,1,0,0,2,2
2c248f00-faaf-4408-90f8-fc1dda13f5ca,25,2,52,1,0,0,1,1,2
18a27a7a-e052-473b-89ab-3203e38f4ccf,18,2,38,0,0,0,0,0,0
e65d734e-4be5-468d-955c-4912523fc5a5,28,3,130,1,0,0,0,0,1
f7591449-925e-4fcb-bc2f-994c1e0f7577,39,4,2,0,1,0,1,5,2
94187bef-51d7-4ff6-aa64-d677667f23bf,27,2,139,1,0,0,0,0,1
609ed5b3-8384-482f-b258-ca44f1c3d21f,32,2,2,1,1,0,1,3,2
e5fff5b3-49a1-4df4-b709-53b450dd3efc,39,3,70,1,1,1,1,4,2
a35b4af1-4067-4433-b6f9-5df22fe817ea,40,3,22,0,0,0,0,0,1
c197aae2-0332-4134-908a-ec84e0b82048,24,1,165,0,1,0,0,3,2
81139600-b60e-499d-9fe0-c7c0468cafcc,44,0,999,0,0,0,0,0,0
d967d594-4e6b-4732-bcb9-8fb62c24bf61,46,2,41,1,1,0,0,4,0
066867e3-76d6-4cbb-85b3-ba41b89310a3,23,3,132,1,1,0,0,2,2
a84bab37-31f2-475e-bee1-f4db8163343d,26,1,40,0,1,0,0,1,2
b224bbf5-03e5-499a-9314-19f3c010c451,46,2,112,0,0,0,0,0,1
98d9c670-4dae-462f-9b72-dc690aa34e14,33,5,61,0,1,0,1,4,2
7eeba69a-df54-4edf-a358-9014b1403541,18,5,82,0,0,1,0,0,2
9c46dda5-91f2-4402-8c8c-5ff7008fa36f,21,3,125,0,0,0,1,0,1
856b6617-5ed6-4400-946f-890a46896bab,32,4,151,1,0,0,1,1,2
5daa9107-e3a4-4f4f-844b-0ac9542becdb,23,3,27,0,1,0,1,1,2
ab70c42a-43f5-4f23-9625-12b92ddfa552,30,4,80,1,0,0,1,1,2
f5fcf396-8da0-4a77-a4d9-16c9c8fb7613,35,4,8,1,0,0,1,1,2
e045ea56-5900-480d-bd3e-1c8497f6758e,49,7,144,0,0,0,1,0,1
52f8ca1d-0024-4237-9ec6-82df981d5574,32,1,64,0,1,1,0,3,2
c6bf10c2-5d49-4ab0-a160-2fadd56af9b3,45,2,103,0,0,0,0,0,1
87c04941-c8f5-46ff-a997-efdd57c1c798,49,3,136,0,1,0,1,0,2
a36814f0-5f13-42a4-901f-0bc341bc1adb,49,0,999,0,0,0,0,0,0
c32ee054-c446-4950-a188-1b813f9760d0,37,3,110,0,1,0,0,0,1
1eb2f64b-0404-4072-b207-7287cdb7a5ff,18,2,5,0,0,0,1,1,2
3062c061-db6a-48c3-86d9-d9d942a89fbc,39,2,116,0,0,0,1,0,2
5271a5e7-8599-4db4-ba9b-191f7e4cbdb4,45,1,145,0,0,0,1,1,2
cc6573ae-b7c8-40a4-ad74-d833719876d5,34,0,999,0,0,0,0,0,0
ca11b559-9e61-49af-bd68-737ea8ab2ac7,52,2,113,0,0,1,1,0,2
a64a9ed4-a84a-409c-a2e4-1bc380b259d8,43,2,113,0,1,0,1,1,1
e1444914-b2cd-4a1b-91b8-9b77a1c4d19b,40,2,57,0,1,0,1,3,2
9f83dd25-1346-4089-81b1-1768599879db,45,2,91,0,0,0,1,0,1
7bb192cb-6b94-4ed1-9f2f-3bb8479f8d92,38,2,22,0,1,0,0,0,2
853d1d84-e577-42c2-9950-eb9a12400a54,18,4,26,1,1,0,1,4,2
8bdbcea7-80a1-454b-84cb-ba2af7d2d9fd,30,2,76,0,0,0,1,2,2
b5cf17cc-7123-4c51-ba70-a74fc14e0271,46,3,74,0,0,0,1,0,1
38618736-a472-4391-93d9-53964af2bfd6,26,2,125,1,0,0,1,1,2
ec7ae7ee-978e-4361-85ad-727bb92877bd,32,3,14,0,0,0,0,2,2
22df1f04-8bb4-497a-9f8e-c62d25a68553,24,1,157,0,1,0,1,3,2
c6faea89-55cb-4500-9c68-ccd140d9ae70,52,5,133,1,0,0,1,1,2
2db9529a-c751-4ff3-8fad-1af1fc5c6277,51,2,24,0,0,0,1,1,2
bca0c8e1-9380-41cc-9984-61bdd5525f39,26,1,30,0,1,1,1,3,2
da39ac5f-7b81-4c18-bed0-373007501797,36,5,10,1,1,0,1,1,2
b5b1fa31-8ce2-4c49-aad8-68b2d422a53d,28,3,67,0,0,0,1,2,2
a8bf1afe-e1eb-40f5-a024-6a58646f2cb6,41,2,111,0,0,0,1,0,1
f9cb0809-5798-4136-abbd-c68b9718261f,40,2,23,0,0,0,1,0,1
ebb3d374-6986-4c65-b96b-79a207ab3d0f,43,2,13,0,1,0,0,0,2
b056f4f2-0739-4967-a076-69d35b4300f9,38,2,23,1,1,0,1,3,2
36dd1e17-acd1-4388-a194-6aa61d8846e3,64,3,86,0,0,0,1,1,2
f2d574e1-db5b-492d-b482-0fdfd89a3b8a,24,1,68,0,0,0,1,2,2
f6532e59-0398-4a89-b1fd-8070276dc245,18,1,110,0,0,1,1,1,2
e9fbaa59-9ea5-4620-8968-7e4a398c5905,31,2,153,1,1,0,1,0,2
da10be95-1f54-493a-847e-53af20241d62,19,2,93,1,0,0,1,2,2
1d57252e-6385-4062-b2b1-dd2857147e53,20,0,999,0,0,0,0,1,2
fb712375-d869-46de-bb3d-0580045a9c6f,24,3,101,0,0,0,1,0,1
2a70adc1-8b48-4631-9c17-44d1d36e69fb,25,0,999,0,0,0,0,0,0
5cc123ab-8ddc-45f4-8a73-7350b7aeaa4f,25,0,999,0,0,0,0,0,0
55f581d6-9cb2-4b01-a96c-1c05dc17a7ea,40,2,50,0,0,0,1,1,2
9498363d-d632-445c-8d19-f0a04bd49e98,29,3,115,0,0,0,1,2,2
816b76dd-c357-4371-9037-ec438488084f,33,0,999,0,0,0,0,0,0
76610051-2b2d-4aa7-853c-1296dd09c8da,43,1,85,0,0,1,0,0,2
b9244546-ac3c-4a79-a181-eb2de80e3fff,27,3,27,0,0,0,0,0,1
269303fb-66db-41c8-8e9e-51c8d1de6e8b,32,1,29,0,0,0,0,1,2
3a4eaca6-867d-4a02-acfd-5cb4245074f4,38,3,1,0,0,0,1,1,2
e6cc77f2-da75-4acc-a594-e97b13eb1934,18,1,35,0,0,0,0,0,0
1d230489-448f-412e-a9fb-e4f7a8ac021a,18,1,20,0,1,0,1,3,2
a11d4264-c61a-4abf-b3f6-653100c77ea8,38,2,61,0,1,0,1,3,2
82ba72a7-6711-44f9-b01b-56a39f354944,39,3,27,0,0,0,1,2,2
80ccb5ab-2ce3-4b44-94b7-a6d7ce5c35a5,55,0,999,0,0,0,0,0,0
b05356b4-c0d5-4c3e-b0d6-d4eb94e37fd2,36,1,69,0,1,0,1,3,2
cee06eab-8c9f-473b-9456-beb7cae705d0,43,3,124,0,0,0,0,2,2
8d0540af-5b8d-4074-84b3-9893831e3820,33,1,150,0,0,0,0,0,0
6e767814-b712-48f6-945a-0a778fe3e2b6,37,5,69,0,0,0,0,0,1
4186d40f-fa73-43cb-b5d5-c4543bbe1ab0,51,1,123,0,0,0,0,0,0
5f3b3c98-88c7-47cf-9345-139b31e1297e,18,1,158,0,0,0,1,1,2
7e9f49f7-4e98-474b-8bfd-45036177c7d3,39,5,18,1,1,0,0,1,2
b2c4e6c2-e803-401b-97c3-c28f66e9c1a6,56,2,7,1,0,1,1,0,2
40ed7e7f-ccff-48be-b4b3-2764b6b1c9d3,37,1,63,0,1,0,1,5,2
f7c7faa2-9724-4c3d-99b3-be5e56765aef,51,2,125,1,1,1,1,2,2
4113e00b-d8d8-4164-a550-081d63765dcb,28,1,123,0,1,0,1,4,2
d10132ba-de8f-45c7-93dc-53227e5b902c,34,1,40,0,0,0,1,2,2
6c1840c3-7705-458e-833b-fd13372789b9,35,3,116,1,0,0,0,0,1
c49fafcc-552d-4d19-8020-95757388e84c,18,3,178,1,0,0,1,3,2
9d6c7b3f-a8b3-4160-b8b7-2de2ba1e1672,23,3,6,0,0,1,0,0,2
f0ce67b5-b14c-4a10-9aed-0d523e0b84ae,24,1,179,0,1,0,0,4,2
47625a80-c7c9-413a-87fd-77150628bb0e,43,2,71,1,0,0,0,2,2
d1501545-9563-4c2a-911d-db88f1830c70,43,3,2,1,1,0,0,1,2
3cfd193f-eacf-4300-a924-2321146c6012,38,2,144,0,0,0,0,0,1
6994e3bb-40d4-46d1-b99e-fa40c0a9cc3e,43,0,999,0,0,0,0,0,0
341522f7-0f18-4748-8e16-70e434a0f9d4,33,1,72,0,0,0,1,1,2
1faa2da1-c1ff-4cdf-a12f-7ed150fe613e,47,1,114,0,0,0,1,1,2
d5a613c3-3f67-4dea-9efb-d86fbc897456,35,1,69,0,1,0,1,4,2
6fb5f3c7-d878-4841-a024-11cea16c245b,35,3,135,0,0,0,1,2,2
7aebe703-c0aa-4ae5-b1d8-d1ccdb6de8d6,32,1,171,0,0,0,0,0,0
26ff149a-f992-4eb0-8a33-0eb1375ff04f,41,0,999,0,0,0,0,0,0
e5be4065-95c6-4de8-b216-fde6c952cf1d,30,3,175,0,0,0,1,2,2
130aa0c0-55b0-4a69-9953-96a68da7a0c2,44,2,83,0,0,0,1,0,1
7ba6adfd-4737-4470-941e-2731557d4f46,23,3,25,1,0,0,1,1,2
3f593eda-8db0-4d79-b7a8-e96cd5010eb6,24,2,57,1,0,1,1,0,2
128a2ed0-4ae3-4543-9f1a-aaf2e0d88607,41,2,117,1,1,0,1,2,2
fc4c3b86-9971-4e06-9bbe-0e7575dbbdd4,34,2,24,0,0,0,1,2,2
3e6a9036-90ba-429a-8bb8-c697895bedeb,30,5,14,0,1,1,0,2,2
8decef4e-95c1-4cbe-a7b6-5bdb78410dd9,43,0,999,0,0,0,0,0,0
60c34f43-3545-4645-a063-eea000737ca1,28,2,95,0,1,0,1,4,2
ebce20b2-a32a-4486-b19e-093449594a89,32,2,5,0,0,0,0,1,2
2d5107bf-a52f-4cc4-a18e-d175601ae4db,48,2,1,0,0,0,1,0,1
ee7b6ca4-7032-4ee4-aa21-5749c2879173,50,2,22,1,0,0,1,3,2
3e35463e-d0e1-4d79-b377-ce6d66816ace,50,0,999,0,0,0,0,1,2
024da8fe-cd47-4b4e-bed9-ebafc35f29fc,32,3,6,0,1,0,1,2,2
2430770b-1042-4b85-90c2-7a527eb69eb7,47,1,29,0,1,0,0,4,2
ca06373f-2879-456e-9306-408c4439f0de,25,0,999,0,0,0,0,0,1
a1705d98-8ee9-48c5-a803-bc1f47477eb8,25,3,0,0,1,0,0,1,2
f9eeaa5f-bf35-44e4-a7d1-ff45c5929097,18,1,163,0,0,0,1,0,0
672c4868-a547-4185-be41-25abafa1a130,51,1,0,0,0,0,1,1,2
049c7f4c-3010-4451-8c44-a648e96994eb,26,4,149,0,1,0,0,2,2
9b317647-608b-440b-9d35-12eaf3d3d466,33,1,100,0,0,0,1,0,1
0cd4f897-0f78-4439-b7fa-fdf374ec31dc,25,4,61,1,0,0,0,0,1
83794e0a-0c00-412f-970a-5695239ce352,41,2,79,0,0,1,1,1,2
ae3b3a1c-e1d8-4aa1-8a8b-5b8cf4360127,31,2,43,1,0,0,1,1,1
4ecbee8e-1740-47cc-ae92-f57d5355137f,21,1,8,0,0,0,0,1,2
7bb1004a-f972-41b7-9d41-5288eb926114,39,2,88,0,0,0,1,3,2
18d276b4-8ce8-47ee-b318-dbe4ae766b82,20,0,999,0,0,0,0,1,2
71d60e2a-92af-49f6-8d69-870269052af2,26,1,21,0,0,0,1,1,2
a7dfa749-c524-4590-9501-2a1291d54d9f,18,7,168,0,0,0,1,1,2
0fb8fbd7-7897-466c-bd25-fe8baec4f4d8,20,4,1,0,1,1,1,3,2
54d2c225-f4ee-4007-93d5-977741a8ea6c,36,2,128,0,0,0,1,2,2
1ce4e0f2-0908-4f51-87e3-ee0da6bd10cd,18,0,999,0,0,0,0,1,2
976130f1-2183-4598-bdc2-4f65f6874017,20,4,98,0,1,0,0,3,2
6b9c40a5-4ad1-4496-a47b-cf26b764dbec,34,2,87,0,1,0,1,2,2
bfdc9b92-72a5-4f38-a70a-1e2184f4ed1f,29,2,177,1,0,0,1,2,2
bd4fc292-4064-4c88-a924-6c2aed9db759,54,1,151,0,1,1,1,1,2
d880e33b-92ef-40c1-9128-4c210f438d1a,53,3,174,0,1,0,1,2,2
2454d90e-ee49-489a-a6e8-499d008827c6,26,3,173,0,0,0,1,2,2
bbb4cc00-91d0-486a-b564-de1b18d67702,40,1,101,0,0,1,1,1,2
dbb41399-e285-4cb8-a573-2b59f0fba37a,42,2,147,1,0,0,1,1,2
14f2c912-a559-437f-b4af-20d36346eaeb,29,1,115,0,0,0,0,0,2
fe439455-ccaa-4f83-a2e9-e55f5384024f,20,0,999,0,0,0,0,0,0
393bb3cd-83f5-4d96-b141-f1b0dfad3017,34,4,22,1,1,1,1,2,2
66ff83a6-a423-4323-b41b-a017d85b14a5,33,1,72,0,0,0,1,0,1
60121828-93a1-422c-a60b-27c18b928ef5,30,4,61,1,0,1,0,0,2
3e896826-c4e9-42f7-a238-3910064f27a6,39,3,131,0,0,0,0,0,1
a6aaecc9-ddbc-43ce-922d-9e426e1296c0,27,1,154,0,0,0,0,2,2
97265b7b-5cb1-42e4-9da4-71f847c96f32,23,3,56,0,0,0,0,0,1
c432d64a-a2b1-4e15-a99b-740eb1153746,36,1,67,0,0,0,0,0,0
6a31d2e1-f034-4145-8942-649f58ba68f7,38,0,999,0,0,0,0,0,0
23d92c45-11b5-48d2-aa6c-3c85ef33b868,23,2,56,1,1,0,1,3,2
86dd7ac0-b42e-4247-a4e3-ceb4f036d109,44,0,999,0,0,0,0,1,2
45c5b59f-a51c-40a3-b3b3-6dd5ac356e40,18,3,175,0,0,0,1,2,2
30edea4c-a190-4d1d-b356-72affd8a8ce3,29,2,169,1,0,0,1,0,1
0484bfaa-1012-47f5-85f7-2926b46cf9e1,32,2,11,0,1,0,1,5,2
6c7da3eb-269e-41e5-b1ed-63814cdd16af,28,2,90,0,0,0,1,2,2
0684ff69-355b-46bb-9f2c-cf2977fd2b93,29,4,85,0,0,0,0,0,0
39846520-5b26-4ff4-9a98-130a6568d201,53,0,999,0,0,0,0,0,0
c7c09de1-bd90-4331-b1f9-9064c9590eca,26,0,999,0,0,0,0,2,2
f6a614ef-89cb-43cb-b713-6c08b9d06b7d,59,2,34,0,0,0,1,2,2
c0753db5-aa90-4e4b-896b-e848ce8826bc,39,3,167,0,0,0,0,0,1
712ee084-30bd-4712-877a-bd0a26efa4c0,35,3,83,0,0,0,1,0,1
7b61c2f4-9fe7-4892-a6fb-71a8b88cc244,39,1,31,0,0,0,1,0,1
68e6bce2-fc42-47e4-8f48-d81919f84e46,60,1,132,0,0,0,0,0,0
85fcc094-ffc9-4e84-b57d-dd35eb87b867,25,0,999,0,0,0,0,0,0
4925eee7-f83a-4be0-95fd-a299563980f4,23,2,89,0,1,0,1,2,2
a0708588-b12d-4299-9f79-ef6125f88480,27,2,10,0,0,0,0,0,1
d2b8fc76-335e-4a57-8192-1454967ce004,35,4,28,0,0,0,0,0,1
cf55db63-184a-42b5-9fa3-8965e232b49d,18,3,123,0,1,0,1,4,2
0283f079-e7f9-451f-98a4-f3d47ae0ae22,35,0,999,0,0,0,0,0,0
a1e568b3-3251-421f-9909-f5c1f2f00bee,51,2,147,1,0,0,1,0,2
c6ccc66f-87f3-4555-80ca-b2bd7622f570,36,2,42,1,0,0,0,2,0
897538f9-1ece-425d-bbf6-1095b17b3b71,32,1,69,0,0,0,1,3,2
0a245d03-d5f0-4acc-9109-1f0f615c8439,28,5,135,1,1,0,0,2,2
df8b1362-7aa7-44aa-8391-3f1760775e88,43,0,999,0,0,0,0,0,0
6e3e2350-ea68-41a8-be7d-26c057ca92a7,26,0,999,0,0,0,0,0,0
5b97b042-7e7d-4d9e-b7ed-4f035ffbeee8,53,3,65,1,0,0,1,3,2
704d7e7e-3370-44e4-a350-b2ac9cf10e6c,54,2,90,0,1,0,0,5,2
cb5855c5-dc49-4185-a6a0-170c9d3d714a,37,3,165,1,0,0,0,0,1
b2ea9259-0358-4526-afd1-c25f9db9bc90,34,3,92,1,0,0,0,0,1
ccb4b013-4cd3-4f1f-a246-b790625e65ae,45,1,14,0,0,0,1,2,2
85d5dcb3-1a41-4e5b-aebe-d5d65d4f3787,45,4,32,1,1,0,0,2,2
3620b077-7d23-4ff5-84f1-ec1c23a93fbc,26,4,10,1,0,0,0,0,1
b7bd5385-c96f-41c0-9435-0853cace452d,29,0,999,0,0,0,0,0,0
ff408490-0c18-4b31-900a-6369e50412e5,21,3,87,0,0,0,0,0,1
60b8c19b-ff6f-47e6-b8ce-13bca9e8c32c,39,5,168,0,1,0,0,2,2
5449a826-5e64-4db7-b64c-990e347774fd,41,2,78,0,0,0,0,0,1
dd3bd784-bc1e-49b4-aeb2-94e58e68e78f,21,0,999,0,0,0,0,0,0
c971c565-4882-4aa2-81e2-2665683e5d79,30,1,131,0,1,1,1,2,2
14b70725-b266-423b-8105-c638cf4e6aea,21,1,164,0,0,0,0,2,2
7db73708-4639-425e-b467-70e6b3bf7705,26,3,114,1,0,0,0,0,1
e67a8c4b-b02c-4bd9-afd4-e7209889c8c6,40,1,12,0,1,0,1,2,2
0c1e5f94-04cf-480f-94ab-38f3e1ad72f5,27,0,999,0,0,0,0,0,0
87ae8e64-871c-4bc5-9e16-114834436d8c,31,2,10,0,0,0,1,3,0
4b966d3f-45eb-45bd-9f0a-7f28b877e866,18,2,13,0,0,0,1,2,2
4748545b-671f-4545-8b1d-136099386fb6,36,0,999,0,0,0,0,0,0
b4a9ab2b-1e48-4c47-9e98-d47e6d9e812b,34,2,140,0,0,1,1,1,2
9654d883-4c27-4575-ac94-3d6670c27797,27,3,68,0,0,0,1,1,2
6bfd9054-6bf3-43cc-ae82-7b94fbe28226,33,0,999,0,0,0,0,0,0
b13bd615-6274-483b-b1e2-2a409636ec3b,36,1,96,0,0,0,1,3,2
cc643a31-aa9a-4bbe-82c5-55c1d70d6c02,26,2,107,1,0,1,1,4,2
c1bd4003-2504-40ba-83db-efc220a00022,20,1,80,0,0,0,0,0,0
b5cb9212-6971-4dbd-94e6-6a10a65de710,53,0,999,0,0,0,0,0,0
eb74363f-962d-4176-beab-b8d355017b75,28,1,178,0,0,0,1,2,2
aefaeba4-f4a5-4469-a41d-99a3f928f37d,34,1,75,0,0,0,0,1,2
b83e9f09-68a1-4ee4-a27e-a239f3796ea4,45,2,24,0,0,0,1,2,2
0e669f1f-19f7-4221-bc63-61c48596ec02,70,1,24,0,1,0,0,2,2
ffd88385-ae26-41ad-b63c-63e6bc7a3dea,22,5,139,1,1,0,1,4,2
69bfaeed-a706-45c7-af11-0a64488cc17b,39,3,10,0,0,0,0,0,1
4f0465e2-e19b-42e1-b170-4130bf73eed5,27,1,93,0,0,0,0,0,1
aedc346a-989c-490b-9fb0-5f39cdd69312,29,2,47,0,1,0,1,3,2
fefe1e63-ade5-4e13-a43b-f1caf0d1790f,27,3,80,1,1,0,0,2,2
84212fc7-316b-4bdf-9f83-e6c65792a1da,23,2,130,1,0,0,1,0,2
b33614c1-a7a1-4e6a-b95e-c21ee07eca14,34,3,74,1,0,0,1,1,2
2f07b32b-955f-4400-9f67-f3c05f586d97,20,3,176,0,0,0,0,1,2
ecebd281-fc26-465a-80c3-8139d2ebed75,44,3,160,1,0,0,0,2,2
e95d2b56-a678-4cb9-ae34-e9089d571d4c,35,2,46,0,1,0,0,1,2
e129b5bc-3815-4361-b223-929026387b49,39,1,72,0,1,0,1,3,2
4c7435bd-da10-431e-95c2-2b0a985f5483,30,2,145,0,0,0,1,2,2
02d0dfad-c3d5-45db-85ca-21604534cfc1,31,0,999,0,0,0,0,0,1
57bde9ba-5fcd-46c2-8396-c6f06cb5ca55,37,2,69,1,0,0,0,0,1
8ca48e7f-0543-4f17-8ec0-86843c836fdf,23,2,132,1,0,1,0,0,2
0e4f99f6-e4d1-433b-9c91-6cd75b60005e,31,1,2,0,0,0,0,1,2
40aeabcf-a84c-4a78-b0ad-b50a1cc2099e,26,2,89,0,0,0,1,1,2
b6447788-b27f-4039-b82f-c29a3c2375c0,26,2,100,0,0,1,0,0,2
3e53e145-65eb-48ef-8ab8-5c24a1bacc25,18,2,10,1,0,0,0,0,1
d53b94b5-0755-4229-b326-aed793336ada,48,4,74,1,1,0,1,1,2
325cceee-c982-42a5-9b4d-e2241e8adddc,28,2,106,0,0,0,1,2,2
4bdc05f6-009b-4efc-b20a-94419ce0f2e7,46,3,39,0,0,0,1,1,2
cb895de9-ae78-46a4-ace8-30b72b3a6b4e,45,1,101,0,0,0,1,1,2
4939a758-8323-4a74-a55c-3b6b28dcc9ff,22,3,63,0,0,0,1,1,2
cb3e3d79-190d-499d-a194-c87153f2e447,24,1,79,0,0,0,1,0,1
8d2b3d62-b172-4688-821f-10cbdc5ee28a,60,2,83,0,0,1,1,1,2
30020434-e75f-41b2-b870-3c111e54a6a3,52,0,999,0,0,0,0,0,0
716165eb-dea7-4685-a87f-ba3f26a2673d,34,2,152,0,1,0,1,4,2
67604129-f0a5-4f65-b6f5-7102ab88664a,37,2,29,1,1,0,0,1,2
dc3ca6b0-4353-43fc-a06f-67f4279d2ce4,28,0,999,0,0,0,0,0,0
d4fc8268-7646-466c-8873-5c7d697602c8,39,2,24,1,0,0,1,1,2
6ba70083-9192-4b03-93e6-3ba1c5800fb5,27,0,999,0,0,0,0,0,0
e101cd41-f09a-44a6-8b2f-64f22453019a,18,2,108,1,0,1,1,1,2
b1c210af-5dc3-431e-a132-c3e7b5a206e2,21,5,56,1,1,0,1,2,2
c7e63b6c-fc4d-4795-95e4-ce6e1b0de32a,35,1,162,0,0,0,1,1,2
c26092d7-9a2e-47d6-81b6-e768e3ad6a2f,23,2,26,0,0,0,0,1,2
9b81d674-22d3-40df-bd4b-00ac37cebb54,34,3,61,1,1,0,1,4,2
d7ed35fc-4fa2-48a1-9f86-d7b9f1cd6986,24,2,156,1,0,0,1,0,2
18abb375-461f-49e7-b931-dd0906761329,27,1,98,0,0,0,1,2,2
83b18957-b539-41dd-adc8-e41899aa5423,43,1,148,0,0,0,1,3,2
364cdf1e-8fef-4a84-ba67-ded13e872187,37,1,168,0,0,0,1,1,0
1a0a7a76-1c86-4517-ae40-2f39374c9d93,34,0,999,0,0,0,0,0,0
7694949c-469f-439d-b1c1-67a6e5165452,43,3,146,0,0,0,1,1,2
7f33087d-a143-489f-b81f-3e0499203d01,39,0,999,0,0,0,0,0,0
c5e5903c-50da-469b-8513-a7f1e0a22fd4,49,1,159,0,0,0,1,1,2
03b3cb89-0182-474b-bbda-924e2a55eedf,30,0,999,0,0,0,0,0,0
c3324029-8a3e-4751-917a-1b4dd3734e0d,30,2,77,0,1,0,0,1,2
74dafed1-6123-4169-9cf8-6edbb71ca746,21,2,64,1,0,0,1,0,2
d80b255c-004d-4d7b-a2bf-c3b018ec1b46,30,1,103,0,1,0,0,1,2
8cdf1362-8a29-42ff-85bd-d7077dc3fb8b,44,2,82,1,0,0,1,0,2
cbc1a5c3-8e04-4c0c-9111-1a7e7bf3b7d9,47,1,47,0,0,0,1,0,1
51194b7e-cd56-4efe-bec6-ca41ae9d8722,44,4,159,0,0,0,0,0,1
d3a800e5-6cc6-4e79-97a3-ed9930ecf618,18,1,124,0,1,0,0,0,1
c8f7c63c-ba56-4262-b39a-cdac11caff45,45,1,7,0,0,0,0,0,1
960c7d2a-4ccf-43a5-8a5a-d71622eff1b5,18,3,132,0,0,0,1,0,1
9011d735-03d9-48dc-b704-4084cccef4b0,43,3,176,0,0,0,0,2,2
c586dc07-d30d-4389-97f5-8e97bc56a8c8,31,4,98,1,0,0,1,1,2
6708235b-bf14-4df4-836a-019cd34f6e7d,42,2,52,0,0,0,0,1,2
ce5b5ef6-1844-4a7f-81ce-3fbd437ebc6f,21,1,126,0,0,0,1,1,2
2a0eeffa-dac0-41b9-b007-9468d2718caf,46,2,115,1,0,0,1,0,2
2467225f-c990-4eac-ad15-191ce5af39bb,20,4,59,1,0,0,1,2,2
386369b7-b26f-4245-9af5-327d1b77d19c,28,0,999,0,0,0,0,0,0
4f0f3edc-5818-430c-800f-6769db348145,25,1,88,0,0,0,0,0,0
2a3eb704-b5db-4143-b486-a978d07d9de6,18,1,50,0,0,0,0,0,0
e4a7d40e-5179-48d2-bdd9-0f53d06400c8,35,2,156,0,0,0,1,1,2
72348a3f-8f04-43c2-96da-a629ce3b0842,53,2,19,1,0,0,1,1,2
3fc9a7a6-7219-4acc-bcee-b704f65b0999,61,4,34,1,1,0,0,1,2
7634a9d8-b60e-4f50-8d20-04e03c37448b,35,2,89,1,1,0,1,3,2
deb99535-0a5c-44f1-bee0-ea2188b257e4,46,1,114,0,0,0,0,1,2
5502b677-c84f-4377-a35e-ba83590006b5,37,1,83,0,0,0,1,1,2
05d86334-f11e-46bf-b559-672f9ac13825,39,2,106,0,0,0,1,0,0
cb609da1-87e1-437b-a6ce-d8273d9d544f,31,1,40,0,1,0,1,4,2
fda3f346-9d44-43fb-b150-cc8250a63f3c,36,5,171,0,1,0,1,2,2
b67a4f30-a1ae-4765-9c3b-c6bb6412cf37,40,2,43,1,0,0,1,0,2
b8b0c1cb-5055-4b13-a6ea-fbfa00750b08,29,2,133,0,1,0,0,2,0
1b51249e-dce7-4577-8c9a-607b80d94518,34,1,144,0,1,0,1,3,2
7233e43e-92ce-453a-b19b-99bddf6bc7ff,34,3,119,1,0,0,1,0,2
4b253f94-eae7-47fa-9efd-ba0920b9ea8b,43,1,113,0,0,0,0,0,0
da5d4c3d-b607-4070-a581-e30302099ab2,24,2,90,1,0,1,0,1,2
a643271e-6fc2-49d2-a4d6-b2c7471f9ea7,34,0,999,0,0,0,0,0,0
e2a65739-97e7-4ca8-bc71-df0f906ac327,54,0,999,0,0,0,0,1,2
10ce27b4-f3fc-45ed-b40a-c454881c8ff1,46,4,37,0,0,0,1,1,2
00f5fb43-4106-4a17-81de-6800d40ce49f,48,0,999,0,0,0,0,0,0
c89ba76f-694b-4780-981f-0571c6f1795a,35,0,999,0,0,0,0,1,2
28521804-9247-4559-983b-a6bc04e88462,38,1,143,0,1,0,1,3,2
ec10f620-b2d9-41ad-b716-483e895525e0,45,2,122,1,0,0,1,0,2
2b49c9f9-f5a4-4e9a-a8ee-9f8ac80c25fd,50,3,130,0,1,0,1,4,2
d012e7f5-42df-4e2b-9609-403581a94b36,18,1,79,0,0,0,1,3,2
c3fd6961-63e2-4bda-b656-f335a9725ea1,21,2,114,0,0,0,1,1,2
8161771e-2de7-48d4-a689-3bea89040dac,48,4,143,0,0,0,1,1,2
5d2d3414-5326-4055-b2cd-af075c4458a3,32,2,67,1,0,1,1,1,2
adb6ab05-c84f-476e-b9c3-0262888bb555,28,1,68,0,0,0,1,1,2
dfb1ddfa-b5f0-48c3-bab6-33056af59921,22,1,86,0,1,0,1,3,2
4771bd72-ebc4-4f30-9694-a6248b39624d,29,1,41,0,0,0,1,1,2
3a7f63b9-61c7-4320-b58f-5db54c1a9127,20,2,125,0,0,1,0,1,2
bf5adfee-3eb1-4341-975a-47fcf9bc1e21,55,2,18,0,0,0,1,0,1
e0aab6b3-cf65-4613-a30e-5b6be60f39e0,34,1,88,0,1,0,1,2,2
fe2208e2-cbb6-4ef4-860c-4fbc241e6e39,34,0,999,0,0,0,0,0,0
3b0d6b85-570c-4157-bc2f-d0de81b13224,40,2,61,0,0,0,1,0,1
01763e30-751a-45ed-ab0d-1a5c5c02efa3,44,2,2,1,1,0,0,1,2
eb35a12f-6c96-4974-ae9c-a06862250fbe,44,2,7,0,1,0,1,2,2
e3469f4c-4be3-4829-96ba-ba72b0545821,45,2,158,0,1,0,1,4,2
e5f0070d-811d-45c6-b68e-13286d802802,28,2,18,1,0,0,0,0,1
e72d3ae3-fbc8-4673-9343-d06e9438e094,32,1,118,0,1,0,1,4,2
dd7cd965-ed4a-41a3-a61d-dfff64be2ca5,42,1,64,0,1,0,1,4,2
b542f1db-c3f5-4339-846d-7a081ceab93e,29,3,52,0,1,0,0,3,2
4febbb73-c8ba-4ad7-ad7a-b2582d64c7f5,34,1,12,0,0,0,0,0,1
d5dd4127-4b6e-4635-979d-7b3e36bfa114,38,2,58,0,0,0,0,1,2
3d7fb6f3-6812-4111-8be2-9fed9bd85ab2,42,2,170,1,0,0,0,0,1
5ce87b2e-6c74-40e5-94c5-cdc2c13f184d,18,2,11,0,0,0,1,0,1
d89a3a37-b81d-4ea1-9636-b37e92c7e5e6,42,5,87,1,0,0,1,1,2
824aacd5-9da7-4fdd-929e-7575cbe5bc25,32,0,999,0,0,0,0,0,0
1d024bbb-e2d1-4b33-b517-dfb60ed5ebd6,42,2,151,1,0,0,0,2,2
dd9763a7-ae8e-40ea-98db-159eaaa6a02b,42,4,169,1,0,0,0,0,0
90894a5c-1776-48bf-af7e-c57956a7944a,51,1,136,0,0,0,1,1,2
ab82c151-2882-43da-96ec-8bc7b9d556c1,48,2,175,1,0,0,1,1,2
d9d91271-58e6-4b40-a412-0714ecc2fae2,48,1,67,0,0,0,0,0,0
87c810c8-25e7-449c-b897-5d8c63d3656f,49,1,175,0,0,0,1,1,2
8b2ecb8f-1712-4741-8573-38ad73415787,37,1,152,0,1,0,1,2,0
87e5a228-e84c-4644-85f6-5a019a0581e0,35,0,999,0,0,0,0,0,0
47457322-48a6-4a5f-9f75-bf185a4783b3,43,0,999,0,0,0,0,1,2
866bea8f-2e3c-45d9-b517-b5c25de6eee6,42,2,22,0,1,0,1,1,1
fef481d1-9e59-4a0e-800c-bbd2413b166e,31,0,999,0,0,0,0,0,0
dcb9a6a9-2ea0-4c84-980c-295e1367ce4f,39,2,61,0,1,0,0,2,2
8111f2c9-38e9-4674-bbea-1d92c67c4cd1,34,1,78,0,1,0,1,2,2
89613fe9-fe91-401b-ad26-bfa7f181008d,26,0,999,0,0,0,0,1,2
aeff3b10-efe3-46ca-8014-438209d0525a,47,6,119,0,0,0,1,0,1
a9e908e5-f979-4de5-9a6e-31a6f9d39e75,35,0,999,0,0,0,0,1,2
3aac39e8-45b4-492f-b5da-f224c107ba17,55,2,9,0,0,0,0,0,1
bccd6132-fced-4e5d-913a-3123b464f1c2,18,2,9,0,0,0,1,1,2
9dcae7d4-53a3-45ec-aa16-e9ce44ccf965,29,2,69,0,0,0,1,1,2
34d153c7-c7c2-45a9-9b4a-cdbf9818fb1b,35,1,68,0,0,0,1,2,2
0addec6e-bf93-4197-98d1-365403bf1bd7,46,2,59,1,0,0,0,1,2
6e55b0f3-212f-42aa-a7e7-9fa573807bcd,38,1,92,0,0,0,0,1,2
7c73f87c-d1e3-48c3-aadd-99aa02da0c54,38,2,64,1,0,0,1,2,2
4a01c90a-264f-45ae-8eba-b5b46c3a5b7b,23,2,56,0,0,0,1,1,2
2ab74785-ba2f-4454-8332-8027c49d121d,23,3,110,0,1,0,1,4,2
7af766a0-bf40-45cf-b59d-de861e1d3900,38,1,13,0,0,0,1,0,1
b28b9e4c-400d-4f7a-88ac-291a1723552d,21,2,35,1,0,0,1,0,2
abbd6b53-35b4-4dfd-bf2d-eb5c9cd7245c,29,1,61,0,0,0,1,2,2
e9595841-d478-48fe-9fd2-a2f9e8244d65,40,2,75,0,0,0,1,1,2
fc696fa7-15f9-45c6-bcd4-b599ee2d9312,25,3,14,1,0,0,1,3,2
132ebc26-aae6-4c21-a1c0-4ff249d8140e,51,3,48,1,0,0,0,1,2
d447d045-74f2-4e96-8c2c-5adf226f63f2,47,0,999,0,0,0,0,1,2
87215bdc-d13d-4c01-bfd2-07414a87d0ed,19,5,142,0,0,0,1,2,2
74a26c30-d205-48f2-aa37-f7e7b3bdf25d,25,4,171,0,0,0,1,1,2
8cd01175-9a9f-452d-babe-e8b79967966c,18,0,999,0,0,0,0,0,0
44609cb4-a6ca-470a-91a3-34c364aaf82e,27,2,129,0,1,0,1,4,2
02db5df7-8ec8-4cea-bac2-213170708280,42,3,118,1,1,0,1,3,2
96d6d354-3aa9-4ef7-b7e9-c8fd1c06aab6,30,1,62,0,0,0,1,0,1
3f575333-d136-488a-9ce8-78a5839e5b3d,39,5,23,0,0,0,1,1,2
d2e12012-4767-4549-aa48-a55364b1e8ec,19,3,1,1,1,0,1,3,2
b3a282f1-e22e-4df8-802f-e9613b8ee032,42,1,81,0,0,0,1,0,1
db52574c-bfa0-4aa6-9ac5-832adb758655,29,1,131,0,0,0,0,1,2
4240272e-897d-4408-8ea2-13b2d133a886,35,2,91,0,0,0,1,2,2
5f5743c6-382e-41fe-b638-9a1a7c30ca9d,34,4,104,0,0,0,0,0,1
68781d2c-0d5c-4706-b95b-461953701a55,22,2,167,0,1,1,1,4,2
7ca502bf-fb4f-426e-bc82-4d01b0f12fb2,23,1,6,0,0,0,0,0,1
e6fc4ed6-05ce-402a-9a30-9761bfcf3c03,44,2,60,0,1,0,1,3,2
9d8404c7-2090-4a22-930c-409647774c90,38,3,171,0,0,0,1,3,2
e1c62586-e3c1-49c8-9112-599d38bc0f02,45,1,108,0,0,0,0,0,0
d0e2880b-1991-4dad-b954-3c2b5e452fc5,38,2,129,1,0,0,1,1,2
13181653-1933-4449-90e6-4fef63acc783,36,5,44,1,1,0,0,1,2
86db641f-2674-4c37-a70e-e3fb67e75de1,18,0,999,0,0,0,0,0,0
51191406-bf59-4c4f-b16b-87373331f4bc,32,2,166,0,0,0,1,0,1
e4a9e3f8-8173-41a7-bc67-f359ee1ac943,34,0,999,0,0,0,0,0,0
36ed9225-7eb2-45b1-a643-a5342d257225,54,0,999,0,0,0,0,0,0
18b8a380-5f73-412a-91a8-c068c1911384,41,0,999,0,0,0,0,0,0
69353e13-3151-4755-8acd-409873345c31,50,2,63,0,0,1,0,0,2
79ceb96a-8b66-4ad2-abc6-f53732e0a72d,40,1,151,0,1,0,1,4,2
56c8da4d-907e-4afa-8ba7-b949d75e6ef2,27,3,66,0,0,0,0,0,1
b635e3b2-b1fb-4cf4-9627-ebd1dc498817,36,2,0,0,0,0,1,2,2
5248a72d-7df9-44e0-8716-315530b9a776,37,2,96,1,0,1,1,2,2
b02f57f2-b508-4854-91c6-c646304cd824,25,2,115,0,0,0,1,3,2
d6310ee8-ca97-4dee-af61-906eb93742b0,31,5,173,0,0,1,0,0,2
5c557ee5-466d-4e17-b684-3baf1f24a67f,32,4,42,1,0,0,1,1,2
2756d002-8947-45d4-83c7-c3535eaf5395,51,4,137,1,0,0,0,0,1
82b03003-9e7f-41ae-9864-4450cd9ab27f,18,1,78,0,1,0,1,2,2
5b367d27-bd2f-48ff-a946-04219db621c0,47,0,999,0,0,0,0,0,0
27c11e4b-78a6-4b00-91f1-859199e43c8d,25,2,127,0,0,1,1,0,2
6458db53-fded-47f9-b4c8-78190b722f6b,21,7,160,1,0,0,1,1,2
c67af250-bb28-4d9c-9ba0-80bb546be1d5,46,1,37,0,0,0,0,0,0
5dcc4814-58a9-40bd-b542-fc8346613030,42,1,147,0,1,0,0,4,2
b99334f5-6f62-433d-b5df-4fcb682ffa1c,47,2,95,0,0,0,1,0,1
f0cbd9bc-af4b-4e2b-b7b9-a6ee5da3b2b5,43,1,52,0,0,0,1,1,2
1a65e14e-e7ec-4156-a595-760a1d8b5d87,55,1,54,0,0,0,1,0,1
ddcfd1dd-8f2d-4c2b-a784-380003c1d1db,40,0,999,0,0,0,0,0,0
d49b4ef1-e9c8-4966-8188-61142bac9ca2,33,1,173,0,0,0,1,0,1
7ce6f98c-d98f-42e4-a0e2-368dc8f73cbe,38,0,999,0,0,0,0,0,0
c0eeb74d-7d20-46b6-aa45-c88fdf281177,47,2,129,0,0,0,0,0,1
62639066-93a7-498c-a72a-26dd3085a500,27,6,97,1,1,0,0,2,2
66b132bc-d1eb-4549-b1ce-9b6ddfa18f1d,28,1,138,0,0,0,0,0,0
d6ac6d76-6213-4734-bc37-dde4d4288f34,31,7,77,0,1,0,1,5,2
5c86a2b6-e5d3-4ba0-86f8-c89e5cb1e58d,18,1,9,0,0,0,1,0,1
4568eae8-d4c2-47e1-86bf-02c7d0b8b348,36,2,22,0,1,0,1,3,2
64557775-4aac-45d3-a84a-bed4a627ce59,18,1,87,0,0,0,0,0,0
5e421b14-d0ef-46e0-974e-38b768253418,35,4,43,0,0,0,1,0,1
0e5b8957-dc93-4954-a655-27eba5cafd35,43,3,104,1,0,0,0,0,1
e060620a-3bc7-4bc5-aa96-286dc0135257,30,2,155,1,0,0,1,0,2
6c41c483-6825-46bf-a552-7e9ca45b9f3a,51,1,26,0,0,0,1,1,2
8b58c72c-b091-4927-a453-a8252a91512e,20,3,175,0,0,0,1,1,2
c2ef88ac-1cf0-4eb9-92b8-eb69103cf518,46,3,117,1,0,1,1,1,2
b1f9ca5d-2a17-4f00-b73a-c1c601bd94fb,41,2,36,0,0,0,0,0,0
6afc7f98-6b94-40a9-8084-d72f6dcbb035,18,2,63,1,0,0,0,0,1
3dda3ea4-1749-49e9-a949-ace94dc62920,62,3,46,1,0,0,1,1,2
58feeb02-d30a-4e46-bdcf-7120e1b7d2ec,34,4,48,1,0,0,1,0,2
d8dc97dd-f399-4e5c-aa0b-d9d72e8080c4,26,3,65,1,0,0,0,1,2
94489885-8426-49d6-bbd2-1fa03725af9f,20,3,44,0,1,0,1,4,2
cca4e0d0-250e-4ec9-b0cf-a60d89eda249,32,4,57,1,0,0,1,2,2
fb32e5b0-2cd8-465c-aeed-4a05d0393f86,33,3,106,0,0,0,1,0,1
4a1e30fc-5524-463d-a9c7-35a618cd9a41,36,2,64,0,0,0,1,1,2
4bd9a67c-e6d6-4bfb-9572-fb5816e53561,32,2,125,0,0,0,0,1,2
4e438096-f5d2-4ff1-ac0d-438176de2645,41,3,67,0,0,1,1,1,2
a7b9bd59-2693-48e8-bf4f-6a87bcfed944,31,2,111,0,1,0,0,2,2
7769704b-8833-422e-a3c2-2cf6296f0eae,18,1,2,0,1,0,1,4,2
d379e05e-ea5c-43c0-99c4-499a4921c23d,33,2,89,1,0,1,0,0,2
068e27e8-d50b-4823-9ba9-a52bd44da832,18,1,70,0,1,0,0,2,2
c85220eb-29f3-4a96-a799-04bcc2e29198,38,0,999,0,0,0,0,0,0
53a8ed18-a983-4408-8c0b-4014718fff25,25,1,9,0,0,0,1,0,1
d7df4925-aff9-4023-a42b-3f4a62d41828,36,1,9,0,1,1,0,1,2
6fde9c86-8f61-4c9f-9d52-3066d1f767ed,48,2,38,0,0,0,0,1,2
b06de21c-28db-449e-9316-e6ec94fc2330,25,5,64,0,0,0,0,1,2
3e6f026d-8662-40c2-87b1-b82f085c825f,45,1,112,0,0,0,0,1,2
d1a635f7-e47a-4915-b0e8-983a4b0e0316,30,2,57,0,0,0,1,1,2
7cfa2c04-ea16-4b12-aef7-684c39d41631,52,1,36,0,0,0,1,3,2
dbf25e2f-30e3-4eb8-ab40-530d5b6d1540,31,4,127,0,0,0,1,0,1
3a1b7108-6c2e-4b1a-b427-500c240a63bd,26,0,999,0,0,0,0,0,0
5eaa7299-d26d-438e-a72e-75bf60c60353,41,1,33,0,0,0,0,0,0
89a01808-735a-400b-874f-7936df922cc4,30,3,122,0,1,0,0,2,2
89cfcc81-15ec-4b2b-a818-0f06364315f6,26,1,137,0,0,0,1,0,1
1b04361d-c956-4b33-b8a5-5112d850e59c,30,1,77,0,1,0,1,5,2
0a1eb44f-b026-46af-af93-a6c28b3d85b1,34,2,37,1,1,0,0,0,2
261d50af-db41-4c1e-a98d-e65471d51bff,48,0,999,0,0,0,0,0,0
0b133cb1-53a0-4fb2-a5c2-7512b4663875,18,1,102,0,1,0,1,2,2
dce0336f-ab26-41d7-892f-d9fc8358dbf2,35,3,73,0,0,0,0,0,1
33a319ee-f062-4601-a88e-6dd07131e2ae,41,3,28,0,0,0,1,1,2
6c704777-bf1e-459b-83e7-59bc428e3216,36,3,177,1,0,0,0,1,2
a8c909bd-66c9-4110-a04e-bbf4fcd83a64,48,1,64,0,1,0,1,3,2
a5347e15-517f-48bd-aa28-ef9c38e7c464,34,3,107,1,0,0,0,0,1
f3c94fbf-58aa-4a09-9395-7c811b657c65,33,0,999,0,0,0,0,0,0
6799d337-df8a-4ac3-a9e3-6caa4a154353,40,3,96,0,0,0,0,0,1
a8e3217b-1bec-4d6b-b42b-81530c77c303,35,3,151,1,0,0,1,1,2
f28a7e6d-b6e3-4311-8e06-67eb342512dc,31,1,168,0,0,0,1,1,2
1894c46c-cebb-4fa7-98b2-9645f7c6e03b,40,1,21,0,0,0,1,0,1
dd0b9785-dd79-4be8-93b1-49c60fd2bdfc,28,4,9,0,0,0,0,0,1
7a760856-3d9a-4d1a-b3fa-61cbca0a3cc3,28,0,999,0,0,0,0,0,0
482e26da-38a5-4f90-b214-6f2a0c6818ed,29,4,153,0,0,0,0,1,2
8af4e1de-f549-43ef-83c2-928a87117346,48,1,141,0,1,0,1,3,2
cb77de84-d530-4a2c-92dd-0773f32974a4,18,3,139,0,0,0,0,0,1
e7fca467-7d31-46af-9e2f-782a6f7972d4,38,1,19,0,1,0,0,4,2
2aa03215-530b-4c37-bdc4-84e01c559885,35,2,34,0,0,0,0,0,1
e331e67f-4ba9-43c1-abee-bf103cd23e43,18,1,108,0,0,0,1,0,1
e24e0f52-f9d8-47b4-8d52-9aa52c9e649e,38,1,62,0,0,0,0,0,0
dc0c3eaa-30da-457b-8134-82b679d95f1c,39,2,144,0,1,0,1,4,2
60ad66b0-ce9f-4d59-a081-83cba6701eff,40,2,155,1,1,0,1,4,2
95e9915d-3c15-4f7f-a006-ba79433054a4,18,1,79,0,0,0,0,1,2
cf2b137b-8a3a-4e0b-8450-5dbf58f5fdd3,48,1,86,0,0,0,0,0,0
975f99fc-6602-45e7-8b47-f6c17cb88a1e,27,4,164,1,1,0,0,2,2
19ef1924-8715-4cb4-ae64-9d94fd907982,41,1,22,0,0,0,0,0,0
8ed34bd2-6095-499d-82b3-5e6b82ce2f04,42,2,142,1,0,0,0,0,1
06efe671-4bc2-4ee1-9cef-e92868625ac6,26,2,140,1,0,0,1,1,2
25b75f91-1760-42fc-aaba-d7e40316a7a6,41,0,999,0,0,0,0,0,0
0a89a81e-8846-4693-abcf-3c0e8ec256f3,31,2,136,0,0,0,0,0,1
c921f38e-8e54-4c5a-8a19-eb744ddb142b,18,0,999,0,0,0,0,0,0
eaee7e53-35c2-448f-b159-3b7e5679282c,46,1,116,0,0,0,1,0,1
48c2534e-e95d-4bb9-9226-2783d60bb2af,27,2,70,0,1,0,1,3,2
ddbbc892-0d62-4edc-bb03-118221860e80,26,3,66,1,0,0,1,0,2
c8373a22-cba6-4c03-bb62-123000e2819d,30,0,999,0,0,0,0,0,0
4357cb73-1139-422b-ba96-9561190adf27,37,1,22,0,0,0,1,3,2
c15b7b1a-04c6-4bb0-9ec1-16da806ad17b,34,2,80,0,0,0,1,0,1
4ca374cc-b7c2-4c93-bc3d-219652d17f4d,40,0,999,0,0,0,0,0,0
79035338-5a4e-4007-a10d-d384c22c6112,21,3,88,0,1,1,0,1,2
540aed69-9322-4c1d-8701-7f154c3e8344,27,1,86,0,0,0,1,2,2
edc5ca3b-aca3-4057-b8d0-a8e9066495b4,33,3,31,0,0,0,1,1,2
23c7210b-877f-4efa-8585-4441095e782b,53,4,116,0,0,0,0,0,1
a1217935-2681-41c8-9691-8c29a0434240,33,3,26,1,0,0,0,0,1
6ee2764e-1c08-42d5-b418-b6dfeea7a1ef,45,1,63,0,0,0,0,0,0
1e5bbb72-8aa6-465c-b287-f3ebe9c7d62c,35,3,72,1,1,0,0,3,2
f47c0608-abb3-4e35-8ec7-108716ca2467,30,1,66,0,0,0,1,0,1
733347a7-b1eb-49e5-ba66-ce5056f66e25,32,1,106,0,0,0,1,0,1
fcab7ab7-f021-402e-88b0-7238e6fbf7e5,33,1,9,0,1,0,1,4,2
f0aa3cce-2c16-4da8-8213-2c30e8ace2dd,41,3,50,0,0,1,1,2,2
2be53c63-0109-4648-95c7-fec6c521a960,48,0,999,0,0,0,0,0,0
ef18d2d5-d222-45ac-9db2-537142186f51,38,2,45,0,0,0,0,0,1
52d38227-168e-4488-805e-cb00ce4469a1,46,0,999,0,0,0,0,0,0
da9b8b2d-8685-4183-a027-b0fa9e4a0281,25,3,137,1,1,0,1,3,2
2743f4b9-317b-4164-8768-02e4c94d7599,30,5,87,0,0,0,0,0,1
b1a91d91-288d-4c00-bd26-ea8d8f70af7d,27,2,82,0,0,0,0,1,2
bfd59716-8bb8-461b-b1df-ad7ad30df666,38,1,116,0,0,0,1,0,1
e7145800-f951-429f-a23e-fbdcfca2c2c5,31,3,70,0,0,0,1,0,1
ca5ed1c2-ce92-48ba-9e72-fa17f7e3a810,42,2,53,1,0,0,1,1,2
e34e4916-b325-44c7-8533-d6d22bbec2a6,25,2,166,1,1,0,1,2,2
4789a757-920c-4e76-ad6a-d80c9301aad1,35,2,28,1,0,1,1,0,2
15697842-7ad7-4dea-84ee-9461585a38bb,41,3,15,0,0,0,1,1,2
f7f8fbd3-6501-411a-bd76-dd3a0a87e579,18,4,171,0,0,0,0,1,2
db54f738-8d9e-496d-ac78-7eac27453ee1,56,1,16,0,0,0,1,0,1
be1efdb0-5f12-42bf-a054-e28efde1ea31,32,1,41,0,0,0,0,0,0
9cf59e6c-bf34-433b-8492-58a8dfdeed4d,18,3,95,1,1,0,1,4,2
e8ef4ea7-71bd-42c3-aa7d-cd9875916b1b,36,0,999,0,0,0,0,0,0
433db780-c79c-4971-838f-767fbff9fffc,35,3,13,0,0,0,1,0,1
fecb3f14-009f-4700-99fa-4b8640ea77ad,34,1,159,0,0,0,1,1,2
314466cd-b495-4de4-9c37-cced91fce0be,44,0,999,0,0,0,0,0,0
b7d517f0-80eb-4b07-aea2-3395695d1f02,42,1,174,0,0,0,0,0,0
8f119830-c26e-43a9-ab7d-583676d30f63,37,0,999,0,0,0,0,0,0
80cd27a1-4535-4d2f-840f-9813a195a580,39,0,999,0,0,0,0,0,0
cdc53b5c-fd61-4180-941b-9bf5b089c3c2,33,2,11,1,0,0,1,0,2
382ce9da-e784-4a45-92f1-5ed087559832,52,2,85,0,0,0,0,0,1
6c9135d9-7221-4dfe-9f4f-90df24ec6a03,20,1,116,0,0,1,1,1,2
c80bad22-6afb-42c3-b0e8-868721f0bab6,36,0,999,0,0,0,0,1,2
0ee47169-83f9-442b-8015-e3dfa62bb3f4,35,4,21,0,0,1,1,0,2
e28c6aa5-7693-4919-a882-a9f5b3e4cf7a,43,1,73,0,0,0,1,1,2
e47f762c-d367-466b-9411-e04593e7c060,26,3,139,0,1,0,1,4,2
b4e1fa6c-058b-4e07-89fe-f0ac0b8768e0,18,1,99,0,0,0,0,0,0
960cb9c4-0039-4693-aa64-25339d8b72c9,36,0,999,0,0,0,0,0,0
633e28c8-e542-4014-a818-52dfa8703c57,37,0,999,0,0,0,0,0,0
54fb85eb-625c-437f-a070-c16502d8d8a9,49,1,19,0,0,0,1,0,1
0c412ac8-8811-44ab-ae3e-9c754be13f2d,22,2,130,0,0,0,0,0,1
e2624a33-fd85-4446-9149-bb707dfde2e8,46,1,22,0,1,0,0,1,2
fe35e65c-5f5b-421b-8530-c250b4d4c191,58,2,98,0,0,0,0,0,1
ca4cea7c-1ccd-4fa2-b134-4eb12e569f0b,31,2,32,0,0,0,1,2,2
1233e73f-1e70-4fa1-8a22-7e9b1ab20151,22,2,114,0,0,0,1,1,2
863834bc-e619-433e-b28b-794931dc8f3b,30,1,45,0,0,0,1,0,1
73a7bd09-245a-4042-b0e9-8440a8ee80ba,35,3,34,0,0,0,1,0,1
02b3278d-6fdc-43f6-a90c-3589ff422a0e,40,1,21,0,0,0,1,1,2
e245ad01-7766-4682-9b59-eba24f93c3c2,29,2,33,0,1,0,1,5,2
1d453628-7e46-49b1-9c8f-bd201dce0a4b,50,0,999,0,0,0,0,0,1
22bad841-cb84-418c-8f59-56d65cf02a08,23,5,100,0,0,0,0,0,1
4803e75a-ac21-4d47-ab03-b681082a62d9,18,3,153,0,0,0,0,0,1
537a5efe-1b1e-4ba6-8a28-4df60dba4165,46,6,40,1,0,0,1,3,2
1babced0-7111-48ec-981c-0da2c409a52b,18,1,9,0,1,0,0,2,2
34918503-83b5-443d-b25a-607c4daedf1c,32,1,100,0,0,0,1,1,2
49b32cb8-3240-49c2-a496-1d934e48d641,66,1,113,0,1,0,1,3,2
5e5eabf8-0163-4d01-8094-303ddfaf4b19,34,0,999,0,0,0,0,0,0
b8743613-cc0e-44f0-9ccd-726af3ddb562,23,4,41,1,0,0,1,1,2
e26aa210-e9ac-4530-9690-384247ee334f,34,0,999,0,0,0,0,0,0
8c3ce076-a36a-4100-aa25-4e62f5e12610,34,2,71,1,1,0,0,2,2
537c64f2-8b19-4236-88d9-fe5399299513,36,4,70,0,0,0,0,0,1
24652586-9a70-4d52-bd4d-28f9254a2e0a,41,3,109,0,0,0,0,0,1
d47cf8ea-a0fb-402f-abd4-9c3ca90d6d32,24,2,106,0,0,0,0,0,1
b8321c1e-671b-4fe2-8f4f-26e6ac55287f,51,1,71,0,1,1,0,0,2
f79c29f1-5fd2-4ed5-b555-99bc1a4b3931,37,2,133,1,0,0,0,0,1
b0dd7428-b06e-4412-b3c0-1e91d537ba28,42,2,45,0,0,0,0,0,1
3e9956a9-4c10-4559-b978-e0b344017118,28,1,132,0,0,0,0,0,2
6406672a-e0b9-4107-a7cc-fad6df124de2,47,2,79,0,0,0,1,1,2
bf0d5d29-e46d-4592-b6d1-0634c6930c27,32,2,172,0,0,0,1,2,2
cc819a6c-04f6-4b3a-971e-b72a1e62d9b7,37,0,999,0,0,0,0,0,0
3fb09f98-4c6f-4f77-9986-75b770c3a5fb,25,0,999,0,0,0,0,0,0
b7f791d1-629f-4f57-8fb2-41510c7e7217,25,5,33,0,0,0,0,0,1
44548afa-4096-415d-a1f3-ef409b436d53,41,1,57,0,1,0,1,3,2
7c148708-5f1b-4960-bb96-1ec852d4d292,30,7,49,1,0,0,0,1,2
88233556-27be-4a9e-a5ca-2f21d60abbd3,26,1,85,0,0,1,1,0,2
da2acdc1-9ec7-4248-be7e-7b381f5677f0,28,4,104,1,0,0,0,1,2
24673022-57ed-45ee-ac0e-a0212757fad5,41,2,126,0,0,1,1,1,2
919d5ad6-5aa6-4eae-aa34-6e7c03a6c368,28,0,999,0,0,0,0,0,0
af9d9030-a2a4-46a9-803a-0a294ee19d05,33,4,12,1,0,0,0,1,2
69853aea-0270-4b4f-a0df-30579b2ef044,35,2,125,0,1,1,1,3,2
eade591c-aa86-40a3-bd6a-309239af0119,18,2,84,0,0,0,0,1,2
78317710-c0d8-4414-9adf-3818995c19df,20,1,92,0,1,0,0,2,2
1152429c-95f6-46eb-be86-28c1ff52fe32,38,0,999,0,0,0,0,0,0
84c45c93-d4b8-4bf9-b1c9-2c6548d78959,27,1,85,0,0,0,1,1,2
d1f7ee11-d223-4bc8-8bc6-6f4ab73023c8,45,3,44,1,0,1,0,0,2
e1287ce0-acb7-47fa-af34-bfd7dd4b6718,44,2,158,1,0,0,1,0,2
caae3f87-a413-45f6-bc75-a91f3597bc39,42,4,168,1,1,1,1,3,2
c625de2f-38f6-4b5f-8060-a7746c912002,53,0,999,0,0,0,0,0,0
8b9db8e1-c8cc-4234-b8b1-5c1d074e1e30,34,0,999,0,0,0,0,0,0
96cea4bb-2324-4e3a-9e8f-46f485502e98,41,3,123,1,0,0,1,2,2
dd81b5b7-df15-4903-a38f-b07ed0d1cad4,29,1,134,0,0,0,0,0,0
bb2502ff-e555-4cd8-8bd5-16e422d971ed,59,4,139,0,1,0,0,2,2
8b8e7474-bf05-479c-a25f-1507a63845bf,54,3,63,1,0,0,1,0,2
3597fcb9-ab3f-4fde-9f0c-aa1305df389d,35,3,42,0,1,0,0,3,2
5dd9be26-c894-4efb-80a5-fe8488624d9e,38,1,50,0,0,0,0,0,0
eb4656c1-b6da-44cb-afe0-1edf344e6068,48,5,82,0,0,0,1,0,1
395ff464-c2f2-4c2c-aeb2-4144be4d83d9,33,1,110,0,0,0,1,1,2
d68be0d6-c64a-47b5-b444-89436a0bd09d,28,1,19,0,0,0,1,1,2
e0bfb744-9f95-452b-bfb4-149075834707,43,2,140,1,0,0,0,0,1
ace568dd-0a14-4c79-95d5-10d3c02bb30d,35,0,999,0,0,0,0,1,2
cc9da39f-d13f-4533-80bf-4425c89afaa8,36,1,153,0,1,0,1,2,2
7fa80ef8-c1e3-46c0-8162-3029717abb39,26,1,57,0,0,0,1,0,1
2ac15f51-f833-42ea-a298-bbf8453aa3ce,18,0,999,0,0,0,0,0,0
9cf02761-d3e0-4784-9720-f799c95d1be9,37,5,58,1,0,0,1,0,2
21dc6e57-8b44-44e3-a311-bc0982d9aa62,44,4,142,0,1,0,1,5,2
557ad572-a0a6-497d-9882-8b3646b5f729,32,0,999,0,0,0,0,0,0
db40915d-aa06-41ce-bdef-f41e60cd6b2a,49,1,46,0,0,0,0,0,0
14b68d58-f272-4bb2-9a48-3dbc4df4ca5e,27,2,81,0,1,0,0,2,2
11621f03-5428-4cc4-8f72-b97a74d1b320,24,3,30,1,1,0,1,2,2
a764a085-0d8f-4bc5-9b42-e7d5390a4c6f,34,3,110,1,0,0,1,0,2
0f424b2e-2ef6-4c09-9c83-a78d8baed386,34,4,97,0,1,0,1,4,2
5ccc0673-a729-4588-b771-51d6d208d06c,42,4,156,1,0,0,1,0,2
7dcb553e-2796-4f6a-901d-133ec1ee19bc,27,2,40,0,0,0,1,1,2
cb85b57c-73ed-4057-91d3-7df12adccfb9,48,1,17,0,0,0,0,0,0
e207ce22-bc6a-484c-826c-b27b2e725bb6,54,5,95,0,0,0,1,0,2
bb823e65-1f06-472a-b81e-af6613b4ad2e,34,1,9,0,0,0,1,1,2
6912446d-a67c-41d6-b1bf-a4716c7ec1e5,47,6,8,0,1,0,1,4,2
23f2702c-8151-4f34-adbf-5273ca6180c1,24,3,179,1,1,0,1,3,2
1fa20df8-2ca5-4dad-b5d1-4c820872e7f1,45,1,115,0,1,0,1,3,2
5c384454-c53a-4943-a848-5b3d92a06c18,45,1,154,0,0,0,0,0,0
20cfdac2-3f14-4142-b620-173f4070e2a7,43,2,25,0,1,0,1,2,2
5e4aaaf3-b40d-4f22-ac1e-a221f58e23f1,34,4,84,0,0,0,0,0,1
b370951d-cbcb-4246-b646-fd82f5b7851d,18,1,28,0,1,0,1,3,2
eeafa7a1-668b-4a80-bc99-b2b465e01b4b,28,1,19,0,0,0,1,1,2
089c5f0e-8c74-4414-b8f2-8576ace9553d,28,4,72,1,1,0,0,1,2
6a733920-8bd3-430a-b1c1-55b1ff977e29,25,0,999,0,0,0,0,1,2
b04d5627-5633-4424-b5e6-1b7833faf1d0,36,1,179,0,1,0,1,4,2
f04be6c8-9e94-49af-a3b8-f4404d6e92b0,30,3,105,0,1,0,0,4,2
174638de-9224-48d6-b533-47a6d8c5547e,26,2,105,1,1,0,0,3,2
95dc6d8a-c441-45b3-88c6-33b812ce4901,24,0,999,0,0,0,0,1,2
a3e42cbf-43a8-4d5f-88ff-4521cd9679e6,27,1,128,0,1,0,1,4,2
376c1df9-26da-424e-9a1a-d5a8ea49d81c,46,2,146,0,1,0,1,4,2
4faf1a65-f12e-402a-8342-58686f625b70,28,1,153,0,0,0,1,2,2
621dc2d7-2a34-4c49-a127-106337aa2ffc,29,0,999,0,0,0,0,1,2
cc970a3e-7fa3-4076-8248-2fea4275db71,30,1,3,0,0,1,1,2,2
0149bb91-f0cf-4695-addf-22557ef3fbfc,38,3,61,0,1,0,0,2,2
d271d5d0-4e3e-47f8-ab53-7ec841bd8292,39,0,999,0,0,0,0,1,2
3848dfb2-28a1-4d4a-9035-fbff743779aa,18,3,34,0,1,0,1,5,2
d76661a4-6a0a-4c2c-a65f-69a8cd50cd6c,45,3,162,0,0,0,1,2,2
8738b5e9-7831-4283-9587-181cbd7e45df,49,2,107,0,0,1,1,0,2
ea5a00b8-1b93-439d-8e6c-67dacffdc2da,24,1,167,0,1,0,1,5,2
ba015692-c709-40a4-b149-1b7ef851a80b,25,4,148,0,0,0,1,1,2
32ceb74e-851c-437c-b0f2-a40990f2067c,30,1,100,0,0,1,0,0,2
155c9177-cd2e-410d-bdd5-fd0d5b760ddd,27,3,154,1,1,0,1,3,2
79063a6f-65e3-45e1-a583-a5602633ae4e,37,1,174,0,0,0,1,1,2
da730b83-6ef8-4613-bc50-d25ea90e9e47,18,3,103,1,0,0,0,0,1
c6ddc856-b4fc-41f1-8b94-f84c86adc2c6,23,2,12,0,1,0,1,2,2
95b4e6ef-9563-470c-965e-1fbd04fcf585,50,2,53,1,1,0,0,0,2
582ec120-0c72-4108-8ec4-c14989080c09,25,3,5,0,0,0,0,0,1
3c0595f3-e1bb-41a3-b0e2-de350acb4187,47,0,999,0,0,0,0,1,2
cee15653-56f4-4646-82e6-13b6f8e1a284,38,2,86,0,0,0,0,2,2
81d9856c-8cb2-4b92-9f12-261a284811cb,18,3,160,0,0,0,0,0,1
a5ab6dac-ec30-43ae-a1b0-1930a191fd15,41,2,136,1,0,0,0,0,2
70cf85b2-3028-4857-81e4-11b6ca44d788,33,4,68,1,0,0,1,0,0
e66bf067-251f-4c75-9c27-9cd8b35f9cdc,30,5,171,0,0,0,0,0,1
850e57c8-5064-4b55-b353-e9a10f4c8afe,37,3,37,0,1,1,1,2,2
e90a7827-3498-4917-92af-c20cc7a5e88f,39,0,999,0,0,0,0,0,0
17f06596-85c3-4039-9dd6-f17caf4106e8,42,0,999,0,0,0,0,0,2
9c3a7d9a-6463-434b-98de-e58ae0d75024,46,1,31,0,0,0,0,0,0
10fdac21-7bff-412e-9c27-e36c6e7af0e4,39,3,130,1,0,0,0,0,1
644e6716-a24e-45f3-8bda-a4e1efe04a2e,21,1,105,0,0,0,0,1,2
1d72844c-8f6f-4b51-8090-626946f50d7a,30,1,58,0,0,0,0,0,0
9d628616-d32a-4173-ba4b-d3e8ce05f259,64,3,139,0,0,0,1,1,2
6e04703a-5c09-485e-8e0b-21aa01d4cb49,42,3,99,0,0,0,1,0,1
71df34ce-516b-4056-98f7-9a53068efe9f,58,0,999,0,0,0,0,0,0
b114c825-38b1-4686-8767-b1f53e732f07,48,2,173,1,1,0,1,2,2
6110238d-ae57-4ed8-ab19-1c76e7b0575a,37,2,159,0,1,0,0,3,2
ab60f104-4322-42e8-a18b-eef3c14997b1,38,3,158,0,0,0,0,0,1
0ff4a2dd-97fc-4790-a545-dea181199310,34,1,140,0,0,0,0,1,2
e96ad01b-5e3c-48b5-8aea-33a74b12dd3d,18,1,48,0,0,0,1,1,2
9282019e-1568-4e49-bc94-0cbd52c18eec,35,1,90,0,1,0,1,3,2
53212cc6-e724-402e-aab7-e8a429278faf,47,1,68,0,0,0,1,1,2
8372967d-f760-434b-a559-0d8338e40f4a,29,4,63,0,0,0,1,3,2
1a45c291-e3d8-40d7-b940-520e2f05e8f5,39,2,153,1,0,1,0,1,2
40ee6830-9f91-4938-bb5a-59d8d3fb7436,43,2,48,0,0,0,1,1,2
bbb0ff03-d824-4bb1-8dd2-682084c96196,25,4,150,1,0,0,0,0,1
85fc0b85-0a21-4903-be68-04fb43b9c71b,30,2,2,0,0,0,1,2,2
028e6407-88fb-44ed-8758-5cdb05c5cab2,24,1,148,0,1,0,1,2,2
e5a42020-e3a3-43ee-bc92-bb0fb35d7d4b,26,1,173,0,1,0,1,3,2
5220378c-7143-4bbd-9b7c-20b72a063ccd,22,8,108,1,0,0,1,3,2
778fd532-89de-43ad-8a96-1cf4b9095f9f,25,0,999,0,0,0,0,0,0
8b84b9d7-9ff9-47f8-9f09-385d5d298b5d,49,3,77,0,0,0,1,0,1
b9fc3c9f-1f3b-44a5-b03b-b6e33737c832,25,4,37,0,0,0,0,0,1
c5d32d91-a5d2-4d79-8d5a-2d33491cd501,36,4,27,0,0,0,1,1,2
aae428f3-27e8-41b5-beb0-9cd5bc21c1c2,29,2,44,1,0,0,1,1,2
ec4e8184-0a14-49d6-9625-7f080f8582c0,46,2,101,1,0,1,1,2,2
eb13923a-0d4f-4f07-a991-505d0f393002,48,2,61,0,0,0,0,1,2
164af8c6-967f-4771-b571-bd4c05ae3ce1,43,4,16,0,0,0,0,0,1
4f99260d-ad28-47a6-8da6-8c3d99e7d76b,38,2,167,0,0,0,1,3,2
73361ab3-7f82-4c1e-82b7-f5fb6a649ce3,32,1,109,0,0,0,0,1,2
42d1aa76-8e56-4507-8815-c72480b56efd,23,2,34,0,0,0,1,1,2
4b7fad20-66ca-4c82-8ded-1488ffd4328a,54,2,24,0,0,0,1,2,2
01a9fa44-6ad7-4f4a-99b1-81012138964b,27,2,14,0,0,0,1,0,0
04c07270-4a4a-484b-9dcc-6ce8857b79d0,41,0,999,0,0,0,0,0,0
6704ddf3-ee19-484e-b52f-f920f5210032,45,1,146,0,0,1,1,1,2
25190ad4-1512-411f-888d-0ec922d3c802,29,7,178,1,1,0,1,3,2
23fa73db-f300-4e91-96bf-861e34707f73,45,1,140,0,0,0,0,0,0
9d3457d8-56d0-4686-9eb0-194c33cd28b1,42,3,95,1,0,0,0,0,1
8994b9c1-ec17-494c-994b-7cd2c8396b71,52,1,94,0,0,0,0,1,2
2d16bf36-0dcb-475c-92f2-007cc0314c2b,30,3,24,0,0,0,0,0,1
9683956b-2854-4604-aba6-3c882a98e2b8,22,5,150,0,0,0,0,0,1
5fbcdcfd-4844-4f90-a7a0-c88f967ed757,29,1,80,0,0,0,1,2,2
d03862a9-a36a-4312-82a9-be050462851b,37,1,58,0,1,0,1,1,1
010e9098-13ed-416f-b5d3-dd99844ba783,35,3,143,0,1,0,1,4,2
c871c32e-47bc-4c7f-8efc-babb4264c1ee,31,3,95,1,0,0,0,0,1
e644a0c1-9553-486f-94ed-71dbc866f2d3,18,3,50,0,1,0,0,1,2
ecb0fad0-5d4d-40ed-abf4-7e4c7b9a403a,39,1,116,0,0,0,1,1,2
55931570-e83c-4af2-a0b5-2181b2f87e4e,54,2,108,0,1,1,1,1,2
146ab15f-7283-4db6-a401-2e43ce109de5,39,4,137,0,0,0,1,0,1
01b48830-d5da-43a9-9a02-3783d0226cda,41,3,121,0,0,0,1,1,2
18340b27-8537-423d-a5c6-a8054eb97169,40,4,44,0,0,0,1,2,2
bfef6ef2-559a-4cfb-a1a1-0b12582bcb99,38,4,24,0,0,0,0,0,1
f200f99f-3c54-411b-a70c-ed0faf4237e0,44,2,90,0,0,0,0,0,1
222cb9a4-43d2-4b92-bf25-31e97017373e,38,1,63,0,0,0,0,0,0
e89b480c-cbed-4408-866d-e2b160eb3a9b,31,2,171,0,0,0,0,0,1
c9357a26-2d58-47d8-9fbe-54e5ea732da0,27,2,151,0,0,0,1,2,2
a0eeebe0-1970-493c-9640-4966c127ee19,32,1,50,0,1,0,1,3,2
3886e851-4e4d-4a75-a4a1-4c5e6d9cdc41,38,2,62,1,0,0,0,0,1
7d780c9b-403a-4274-8924-2ec17a06d479,31,9,151,0,0,0,1,1,2
3556de4d-e20c-4bae-9b8d-1159fbdfea46,38,2,47,0,0,0,0,1,2
a01dc59c-a6be-45cb-8683-d613aa9dc7b0,39,3,19,1,1,0,1,5,2
45d17da4-56bb-4a51-bf84-9869cce1cc52,43,2,31,0,0,0,1,1,2
56b2c28b-a9ee-4b3a-b9be-d9f17c73d8bf,47,1,161,0,0,0,0,0,0
f9b67d1d-ce9b-46ac-b92b-9543ef7f348d,35,1,51,0,1,0,1,3,2
30adf490-9cf6-4d9b-977a-eeece4538425,21,1,37,0,1,0,0,2,2
04b1a169-6709-4094-bb88-4e2919cfad2a,31,2,13,1,0,0,1,0,2
9f1caca4-da98-42cc-93c4-36999451c7e7,35,2,151,0,0,0,1,1,1
8d92e433-7343-4491-ad1d-24b5ec0f10ea,18,1,116,0,0,0,0,1,2
282d8b70-a7f9-4c97-b767-dee04cf7bc3b,48,4,7,1,0,0,1,1,2
9b8b8f78-61cf-403e-b81e-5836ce5b195e,36,0,999,0,0,0,0,0,0
0e5885c4-3ede-47fe-9db6-f6a1ba79a97d,38,1,112,0,0,0,0,1,2
4a5b024b-07b6-4a01-8323-ad552404f8c6,48,4,170,0,0,1,1,1,2
fe6919a4-f169-4990-8573-166e730de04f,28,2,54,0,1,0,1,0,2
6db2c85d-d924-4652-85fe-3a6edb052473,40,2,154,1,0,0,1,1,2
7cac179a-5ee1-4fad-9977-52f3c69388c0,33,2,23,1,0,0,1,0,2
abac50ff-8c69-4d29-b6b7-41e966d993a5,33,4,91,0,0,0,0,1,2
34965a36-2262-4fec-bd09-be7eeeb104c8,27,3,66,1,0,0,1,1,2
fd0c5876-97c8-43a3-ba42-76fea1edf8a6,51,4,5,0,0,0,0,0,2
88c59809-7622-43db-8297-c02aeca7fb4b,31,3,65,0,0,0,0,0,1
abe37f71-db15-45fd-901a-18a8e64c7875,41,1,143,0,0,1,1,2,2
0eefa4ff-b613-4826-beda-d77e1d6384a9,18,1,61,0,0,0,1,1,2
210b23e1-3940-4b3c-98a3-af03e3dc4cde,46,4,145,1,0,0,1,1,2
78641b60-b6b3-49ba-926b-d9339a83a5c3,45,1,112,0,0,0,1,1,2
08504755-d663-4e3c-82a9-f7e210f65b9b,35,0,999,0,0,0,0,0,0
1de2d2fa-58d6-4a0c-b6fb-a8bb3f2c03cf,32,0,999,0,0,0,0,0,0
dcdf6c59-17c8-4071-9eb2-a50adbd89aed,39,4,145,0,0,0,0,0,1
0b1156f1-5d26-4f5a-aa62-311ef14bc002,57,1,13,0,0,0,1,1,2
ef62aa84-2ec0-4f34-902e-c2f32ca80271,18,1,153,0,0,0,0,1,2
fecea38b-862b-4a26-bc18-08a31fa6f879,42,2,69,0,1,0,0,2,2
8db2e27b-ef2e-472d-947d-227b2dacd4d5,25,3,10,0,0,0,1,0,1
e1ee0549-4005-4e30-a525-05f2133af34e,34,3,1,1,0,0,0,0,1
b867d22c-4cb6-42ee-8a38-5674ed4d28aa,32,2,24,1,1,0,0,3,2
76dc87a2-fbae-4e81-9576-1ff879cc17ab,30,3,167,1,1,0,1,2,2
df7426b7-2c93-4cda-96ef-d0f5eed6313b,34,0,999,0,0,0,0,0,0
ca7978ea-c55d-4986-b025-83c33d35f54e,23,1,8,0,0,0,0,0,1
7488da56-2b1a-46fb-bf6a-0331f1bab30c,45,2,157,0,1,0,1,3,2
66e21001-bfee-465d-a89f-db690c1889e7,18,2,148,0,0,0,1,0,1
4f51e986-9d0d-45e9-86e2-ecf6a0023a7d,40,2,85,0,1,1,0,0,2
60cbdcc8-2d3d-4b78-b09d-2affc27bfe62,31,3,44,0,1,0,1,4,2
b366fb73-902e-44e0-8083-7294d06adedc,23,4,139,1,0,0,0,0,1
c8d8417a-0d1b-49b9-8ba9-dff0bd18d61e,37,1,41,0,1,0,0,3,2
b92039d8-a2f2-4bee-ba13-117dce807018,19,2,123,0,0,0,0,1,2
fae5cbb7-a0d5-4698-b97a-96b384584569,35,1,157,0,1,0,1,2,2
42d2dbb8-7643-4a8d-93bd-fd8f6587ccc9,20,5,45,0,0,1,0,0,2
bd5b0f25-79df-4939-a541-a12074357e33,39,1,69,0,0,0,1,2,2
b97c4996-1afd-4b6c-b8c4-0f9727acb12f,25,2,90,0,1,0,1,1,2
d4189d90-c525-4416-ba46-23f095bd2c0e,30,0,999,0,0,0,0,0,0
a1d3365c-6fcf-470f-bf5a-e07703265a12,37,2,120,0,1,0,1,3,2
02084959-b4ea-4d18-b7a2-78e4df2b0b4e,27,0,999,0,0,0,0,0,0
391d1c54-558a-4a5a-aa23-d1282c8776c2,34,3,53,1,0,0,1,2,2
9dc5f377-80bb-40a4-bf10-c592708db59f,19,3,157,0,0,0,1,0,1
ff17e801-9328-458d-aeb0-bc3fe1a980a3,41,1,78,0,1,0,1,4,2
9fec14db-32ef-4f50-831f-6978ed163345,52,4,58,1,0,0,0,0,1
0ae67d5c-599b-4329-a929-8d7edc207bae,62,3,35,1,1,0,1,4,2
f1bd9ea1-3ab3-4478-b9b9-7cfb47c2a742,35,1,57,0,0,0,1,1,2
27dfa9c9-ab4e-4ddb-a247-4531e1ff85bb,42,1,56,0,0,0,0,0,0
dbf03b93-e538-4620-9992-f321194aa8b5,18,2,106,0,1,0,0,3,2
d013092d-4f20-4788-8e3a-54c7438194b0,50,3,92,0,0,0,1,1,2
703f4db8-153f-4fa7-a9a6-49f8b757d8bb,42,4,134,0,0,0,1,2,2
25b7fd13-5409-46b0-83c7-ab41741895b2,30,4,51,0,1,0,1,3,2
a426fcc4-dcaa-46ea-a0e4-ca2153075343,47,6,50,0,0,0,1,0,1
cc69b056-88dd-4a49-a9a1-9e5347f40cdd,32,3,92,0,1,0,0,3,2
f578986b-7f45-49fd-81ab-79a3d7787f8a,30,1,13,0,1,0,1,2,2
5fc7204b-4655-4dae-821f-aa04ff704810,39,1,151,0,0,0,0,1,2
c9ddd3e9-4492-40ae-8ccf-e3f9720745c2,24,3,165,1,1,0,0,4,2
54fb872c-150d-4b21-84d1-94536a8d6d42,45,2,1,0,0,0,1,3,2
fc037291-76a7-480d-a042-e89a192c2e5f,24,3,119,1,0,0,0,1,2
5b193aa2-618f-4ff8-b5cb-43d70952ea55,24,1,116,0,0,0,0,0,0
7bffca19-e42f-47f8-8aa9-cb09a5d99cb9,25,3,34,0,1,0,1,2,2
c7f97c4a-7e60-47f5-9de2-ce5dd10eb62b,42,1,167,0,1,1,1,1,2
ca98906c-879c-4935-82a0-d569e212e1b0,28,1,177,0,0,0,1,1,2
c704d1df-417f-42f5-bc60-106c8f056be0,21,4,153,0,0,0,1,1,2
d860a70e-762a-4abf-ba48-cb36480248af,28,2,95,0,0,0,0,1,2
2da35922-33f3-478b-977a-711772f91cbf,34,0,999,0,0,0,0,0,0
b18c0f15-52ac-4485-b282-64c9394b0fc1,23,0,999,0,0,0,0,0,0
772821a8-8973-4688-b14e-8aca4b84dace,23,3,137,1,0,0,0,0,1
9afaa25d-9b2e-47d6-8c4b-a2f8c3c55a29,56,0,999,0,0,0,0,1,2
194d604d-601c-43bd-b1df-27b3efb7f8f3,26,1,153,0,0,0,1,0,1
bdde58f6-7e5a-47d9-93fe-4c69b5759c08,31,1,145,0,0,0,0,0,0
fe8efafe-fced-4a82-876e-2d8f5ad53fc2,31,4,31,1,0,0,1,1,2
ea864eb2-77c4-4bdc-b5d4-cc0b7370cbd6,30,4,94,0,0,0,0,0,1
fe4054f1-4cfd-4e72-afe7-efd4a63b2172,41,4,105,0,0,0,0,1,2
735b4c42-d86b-497b-971b-df00ceecb7e7,44,1,76,0,1,0,1,4,2
d91a6502-4793-41db-9785-977cffae671b,31,2,58,0,0,0,1,0,1
47cdbb7c-47ec-4cea-a916-dde1dd1de08e,22,2,62,1,0,0,1,2,2
30e96a5c-d65f-4f3f-b4a2-b0e014293102,47,0,999,0,0,0,0,1,2
a8880ad3-6586-41e5-b188-0eaaea596287,34,2,130,0,1,0,1,4,2
c3d7c189-367e-4dc0-a476-2370b3438c9a,52,3,67,1,1,0,0,2,2
b18c253c-712c-4e05-9905-00a1eddff8d7,18,1,143,0,0,0,1,1,2
277eaffe-3edd-4153-97b8-b5d6db7a0ae1,36,3,62,1,1,0,0,2,2
48197870-ac4c-4050-8557-a969f7aed7a5,54,0,999,0,0,0,0,1,2
0231078b-71fb-47bb-83f3-18e4e6d8ea37,31,1,13,0,0,0,1,1,2
6de47009-f0f9-4828-b12e-16791ebb8d42,32,2,178,0,1,0,1,3,2
0a9b55e2-a329-4d83-98fb-770a234355c2,37,1,100,0,0,0,0,0,0
4fbb2ee3-e91d-4d7a-b060-a140e3cc68d7,29,3,82,0,1,0,1,5,2
cf50fcbb-7f88-4cb8-b896-985a6518bea4,31,1,170,0,1,0,1,1,2
ca8a8dfb-101a-4000-9afb-997e92e8b553,31,5,112,1,0,0,1,1,2
a9bbc37d-8d1e-4052-8c2d-dfe78a67fdf4,28,1,93,0,0,0,0,0,0
86512aec-91dd-420a-a621-c9240b19a551,47,0,999,0,0,0,0,0,0
e724d5cf-eee7-4c5b-bafe-7d072c33aa73,39,0,999,0,0,0,0,0,0
b3ac8485-75fe-4b90-be5e-1a8baeb3535b,37,3,99,1,1,0,0,1,2
ff4af598-32ff-4398-8da9-8ebcd99b7789,43,0,999,0,0,0,0,0,0
f3b19cd5-5f91-4609-989a-164f0b917920,32,5,159,0,0,0,1,1,2
9e615b60-5cd2-49d5-9842-c4f058dd67c3,27,0,999,0,0,0,0,0,0
007ef57f-b4a8-4c95-93ca-a1866d246698,28,0,999,0,0,0,0,1,2
0c235b98-8822-4665-948b-83effd5c767f,35,1,33,0,0,0,0,1,2
6e24f46b-aeae-44aa-9ff5-c45f28b8fe4b,24,2,146,1,0,0,0,0,1
b7354483-e6eb-4f13-b5fc-27caa41f153a,29,4,22,0,0,0,0,0,1
93272af6-303c-43a2-865f-797f9293c629,29,1,43,0,1,0,1,1,2
be9cbf57-3d85-4af5-a922-53d5466a881c,56,3,178,0,1,0,1,4,2
b8302703-db21-4db7-98db-9cf649f68d0c,18,3,105,1,1,0,0,3,2
d1a50025-65a5-4085-af52-b1b2123da478,33,1,167,0,0,0,1,1,2
fafaec2c-2319-40b2-bca4-a8ada760fd64,52,0,999,0,0,0,0,0,0
06e8b20c-095e-4f67-bfdb-66c89e380bd5,36,1,136,0,0,0,1,0,1
bab40083-053d-4613-a80c-3b11510fb699,42,3,119,0,0,0,1,1,2
a9add318-5efb-4938-b813-f76716c75148,35,0,999,0,0,0,0,1,2
1ee8f961-6407-43bc-bf39-93e2fead9f67,28,0,999,0,0,0,0,0,0
b6e95c32-fed4-4395-a16a-ad7b73456390,18,1,62,0,0,0,1,1,2
056a29ce-8c22-4dbd-878d-f49eabc242d0,37,3,33,0,0,0,1,1,2
6ce15d30-fd9f-490f-92dd-13cfde849ffe,27,2,159,0,1,0,1,4,2
4447ddae-a8ea-4680-85f4-cbe6d3a2b366,26,1,135,0,0,0,0,0,0
50ded857-2f47-4ad1-a0eb-101b299221a2,30,0,999,0,0,0,0,1,2
1f5c6257-65a8-499e-973e-4f67a8f8157c,52,0,999,0,0,0,0,0,0
9779e71d-4985-4e09-b74d-6abb834832d0,59,2,37,0,0,0,1,1,2
87763e7c-dc8e-42f6-af59-083f6670e3c0,37,2,123,0,0,0,1,0,1
8bfdcd4f-ecec-4e07-8736-ee369163247f,30,1,109,0,1,0,1,3,2
9bbd22a1-1e04-499e-a8e7-1f4441e73101,23,1,21,0,0,0,1,1,2
8916db36-190a-4d54-bd75-749331d6dac7,39,0,999,0,0,0,0,0,0
d97b2b36-20fa-43cb-92db-66629de5401d,52,2,154,1,0,0,0,0,1
bb8836cc-9840-4df0-8839-efe238bb7b22,32,1,179,0,0,0,1,1,2
3cae74f5-b783-4c6b-b0f4-44eb082b5b2e,18,0,999,0,0,0,0,0,2
e8f12bd9-9460-4424-963e-22adcfc7ff8c,41,1,140,0,0,0,0,0,0
48b31549-c925-4e7a-86fb-d4eeb3759155,44,3,116,0,0,0,1,3,2
84aa5771-238e-49b9-843b-42976866adab,19,3,164,1,1,0,0,4,2
3333b293-2282-4726-bf12-e38f120d120a,36,4,169,1,0,0,1,1,2
f63a7857-4d46-4524-a49e-3eafcf8d12a2,39,0,999,0,0,0,0,0,0
b6718103-6d98-485c-9107-84feaace5b54,34,1,125,0,0,0,1,0,1
eb71c9e9-de2a-4ab4-b54e-f5274633bc42,27,2,41,0,0,0,0,0,1
a02b0a28-1463-4190-818f-d7b3412063b0,45,3,103,0,0,0,1,1,2
3fd5e43f-2cbc-4d85-8540-d796792f123d,30,4,161,1,1,0,1,2,2
53b958a3-6233-4b4e-8a51-29dd52fe905a,20,3,161,0,0,0,0,0,1
9577199c-6627-406c-8d86-226311a04700,18,2,117,0,0,0,1,3,2
3f140bcb-b316-4a9b-b983-32a276a2932f,47,6,73,1,1,0,1,4,2
fc1f2140-3861-4726-9674-5800b6bb3df7,41,2,154,0,0,0,0,0,1
b848f1c5-2443-431e-a051-981e494e3f35,35,3,79,1,0,0,0,0,1
d1b3a504-2aa4-4734-98ed-a9b48b212bb8,30,1,105,0,0,0,1,3,2
c8923365-87fc-4085-a637-a8446871490f,29,1,169,0,0,0,0,1,2
c46f2bdf-fc34-4289-8866-c2a1046374d6,24,3,25,0,0,0,0,0,1
b9bd6cab-373b-425c-84d3-70fd0db38efe,30,1,51,0,0,0,1,1,2
2ad68532-6511-4462-8cdd-29323ffdf29f,18,2,154,1,1,0,0,2,2
c95436e4-2d26-4d07-9ee4-dcede4589084,27,2,178,0,0,0,1,2,2
34303e96-70ba-44f2-8035-b6adb3de0587,31,2,60,0,1,0,0,1,2
a558a1f6-dc59-4d91-a375-8363f29764bf,41,5,161,0,0,0,0,0,0
62c33d97-12ea-42cb-abc9-e7a9d5ec55fb,34,1,104,0,0,0,1,0,1
dff2ddd9-0e0c-4000-b436-6a9e0a527e55,42,0,999,0,0,0,0,0,0
aa665da7-1f60-4431-9729-bf304432e967,48,2,152,0,0,0,1,0,1
6580b511-e2cd-46d3-b067-3b73f4b14efd,45,2,152,0,0,0,0,0,1
5d88331a-4b03-4f85-82d7-e46e249165f3,39,1,101,0,1,0,0,2,2
79f3b807-3ccf-4bed-889c-8f96b06c5dab,35,6,121,1,1,0,0,3,2
89c1f612-dadf-4fdb-ba40-2c95de0b58bc,25,3,36,1,0,1,1,1,0
72e6ff4b-9ea6-4146-92e0-681ca2682748,42,2,121,0,0,0,1,1,2
51ccd3c6-4883-4f6e-8dae-f3473ece0a15,51,3,12,1,0,0,1,0,2
c8d74f7c-68f2-4e54-8596-69b9355d4c0e,38,1,81,0,1,0,1,2,2
6e02817d-3a21-48ff-96f1-a97b2b194c73,54,2,142,0,0,0,0,1,2
ab0863e2-5d6b-4452-8b9e-2aee5792e43f,19,3,133,0,0,0,1,1,0
924b05ca-50c0-4367-8f20-c6761690a181,23,3,38,1,0,0,0,0,1
6f0356af-0245-432c-9e75-c58cf2b4d307,43,3,140,1,0,0,1,2,2
2f35f8f4-fbe0-4a73-a157-efaf52e4106d,37,0,999,0,0,0,0,0,0
a8366559-08c5-4d69-aad8-091253fb5515,48,2,121,0,1,0,0,2,2
ee32f0d8-350a-415c-afdf-0d026384648a,34,3,73,0,0,0,0,0,1
95a9d8f2-f4ac-45e1-8503-9bc700151682,26,1,122,0,0,0,1,1,2
173b8538-c63b-460f-9ce1-258380412f71,32,2,153,0,1,0,1,5,2
81411e02-1925-409e-8bc3-3638f1e7c9a9,19,1,154,0,0,0,0,0,0
931ac1a6-85f8-4d47-85d5-9c0c50bced40,23,2,21,1,1,0,1,1,2
8178aa9e-047f-4c18-901e-b3c13537e60c,44,2,96,0,0,0,0,0,1
5ded87d6-07fe-428c-950b-b685a9a9ba7f,43,3,106,0,0,1,1,1,2
996d04d2-4dfb-4faa-83ee-0f960ca96605,38,1,79,0,0,0,1,1,2
039fb6f6-a8ff-4167-8750-d3399b9cf689,18,1,42,0,0,0,1,0,2
4ffb44af-36ea-47e1-a4e6-5521f9569b6b,31,0,999,0,0,0,0,0,0
46dfea55-2608-4e52-a791-a4e3327b53f8,22,2,64,0,0,0,1,0,1
fe1c98f6-457d-4399-983d-76fbe7814b37,46,2,10,0,0,0,0,1,2
5fc84630-c095-4a39-a300-fa95e06ce21e,29,0,999,0,0,0,0,0,0
e9847924-7403-4e0b-96fb-169b02bb3fbd,24,0,999,0,0,0,0,0,0
8a3bc125-91e2-4f38-ace3-0bb374649949,35,0,999,0,0,0,0,0,0
b9ea1a06-1b51-4b90-abc5-2b52341fe539,28,3,33,0,0,0,0,0,1
f894316d-f0ec-4870-b858-8241e347af7e,49,5,66,1,1,0,1,3,2
aa4ae2b6-8448-4d58-bb8c-e86b716bffeb,27,2,57,1,0,0,1,1,2
e9dfbb8d-1c4a-4c07-8d45-f196f597766f,21,4,10,0,0,0,0,0,1
f90c9baf-ef0b-4e77-ad1a-4e9b1ce39072,18,2,49,1,0,0,1,2,2
dbe1b329-fe60-48e9-abbf-467b482f9008,34,1,109,0,1,0,0,1,2
dfb21362-53fd-4d2c-8a7c-3516a74788e0,29,1,100,0,1,0,0,1,2
51599892-4cae-499a-912f-b4714ea68150,20,2,9,0,0,0,0,1,2
b471a5e3-2ffc-4ddf-8868-5883393d485e,46,1,101,0,1,0,0,3,2
1a56856c-52a6-4d85-82f3-e92aa1cabf3c,41,1,7,0,0,0,0,1,2
1fc0d553-b9d4-4cf5-b1e2-62175202acc9,34,2,157,0,0,0,1,1,2
05034ef7-86dd-4f55-bad4-4210eb6527b9,48,3,163,1,1,0,1,3,2
075c13d8-4d37-4756-933f-43932ab1f449,41,2,29,0,0,0,1,1,2
628305ad-da2c-42e4-8d69-1234eda2c997,26,2,94,0,0,0,0,0,2
5a6deaf6-27fd-4673-933a-2f0849001e34,24,1,104,0,0,0,0,0,0
173a487b-4f58-4d4d-adf7-9bb7666461d5,43,2,146,1,1,0,1,4,2
2a1c932e-bbbd-476d-9236-eddc9828f0c5,38,0,999,0,0,0,0,0,0
97a199ce-05b9-4d53-aae9-aa9b8bf48a25,36,2,76,0,0,1,0,1,2
17828f49-c48c-4794-a953-7726ddc267d2,26,6,112,0,0,0,1,1,2
fa8020b4-9a52-495f-b6e1-34ab2be088ad,41,0,999,0,0,0,0,0,0
1c3a3e45-9a7c-4b8d-8104-f8ab45349361,27,1,138,0,0,0,1,0,1
01db5470-e8a1-442c-8255-1d6b15351176,33,2,29,1,1,0,1,4,2
caa38d4a-7c29-41cb-b31f-0cbee0f2af3d,49,2,70,0,0,0,1,2,2
cf858897-e631-462d-b21a-980aab56b68f,28,1,34,0,0,0,0,0,0
3000e3b7-e8b3-4d5e-a522-70bc6c5cdb87,19,6,170,0,1,0,0,3,2
0fa55107-aa32-43b3-b355-cf51195b566c,24,0,999,0,0,0,0,0,0
4e5ef630-4f77-44b2-b396-930952c7ba7c,44,1,45,0,0,0,1,1,2
924566ff-9d6b-4467-ad85-fb5c1f81a8ec,37,1,31,0,0,0,1,3,2
a21f78b4-3293-4381-acd2-63128c07a6b6,33,3,144,0,1,0,1,3,2
a7c4164d-1037-453e-a885-5cd35118cafa,29,1,178,0,0,0,0,0,0
1bb31e7e-0990-44b3-aefe-6a40b855bd08,39,4,155,0,0,0,1,0,1
c5057ce2-1d73-49e5-86a0-676739128047,26,1,84,0,0,0,1,0,1
082a7cce-6dff-46a9-bf22-2a5e0a3eaef8,38,2,50,1,0,0,1,0,2
6ae81c7f-aae3-4c6d-886b-cc944e1c7e90,27,1,18,0,0,0,1,1,2
bbe12076-8739-4ced-8f96-e27431868332,26,0,999,0,0,0,0,1,2
e3c82afb-a8fb-40c0-bfb7-7035825c6ada,28,3,74,0,0,0,1,2,2
21eadef7-8b2b-4ee4-8c7c-ed3ab6da49cc,31,1,134,0,0,1,0,0,2
debfd6fd-2a58-48cb-9f1c-7f1bcc12705c,34,3,135,0,1,0,0,4,2
3be0a948-ab6d-4609-abaf-4ce9fcabaf41,37,2,157,0,0,0,0,0,1
950f735a-03e4-49d8-ba22-882fa7616a7f,18,3,6,1,1,0,1,4,2
044c2b7c-997b-4c12-b3b5-ae373426d6c6,26,2,57,1,0,0,1,0,1
69011d40-62e9-4d08-9c9f-6920e9599de4,31,2,85,1,0,0,0,0,1
bbcbc0fc-6170-4ed9-b2d1-3f12950c8b61,50,0,999,0,0,0,0,0,0
08a9d195-1d45-4191-b66d-94f26fe2fe2d,24,2,39,0,0,0,0,0,1
dadc92ff-aead-4612-b547-ed6b309c1374,36,4,99,1,0,0,1,0,2
9eec5b49-6eaa-482e-b374-b8e67e36af46,49,2,108,0,0,0,1,1,1
bbddb49e-2d98-4ef5-be6d-5977a56b2aa6,21,1,163,0,0,0,1,0,1
27042fee-9794-4169-8a9d-a5a6a6b076f3,38,3,18,0,0,1,0,0,2
3e5850dc-937a-4033-97ed-8c82753033c8,26,3,124,1,0,0,1,0,2
4e7b3524-1147-408e-87cd-20bf6658f3aa,29,2,90,1,0,0,1,0,2
0dac50a3-606f-4b79-9534-4be961e4cc8a,26,2,69,0,0,1,1,0,2
08473732-7c5b-4d2a-8460-765c21d47dca,27,2,79,0,0,0,1,1,2
85fdc71b-ca81-4d2b-b05c-0645e1eed3b9,62,3,23,1,0,0,1,0,2
3f30e763-3794-4e12-ac38-c9eb7cb3e6d7,43,2,151,0,0,0,0,0,1
080f92bc-832e-416b-8beb-f23030b1b437,46,1,157,0,0,0,1,0,1
258f6983-1167-4fbd-aef2-95a74d369405,39,1,166,0,0,0,1,0,1
b2d8c954-e863-4d7c-877f-eb932343b8ab,18,2,172,0,0,0,0,1,2
fb9ec210-24e5-4de6-8de5-29376546b4bf,38,3,98,1,1,0,1,3,2
e2e0feb6-ba46-45f0-a5a3-ee8be03c0d58,45,1,176,0,1,0,1,3,2
7c01858d-47a6-40eb-beee-ae00bb605642,26,2,162,1,0,0,1,2,2
e971dd7c-5c68-4205-8888-30451b2884db,44,3,147,0,0,0,0,0,1
ab57cb3b-508a-4f64-a1ae-55796ccab2f3,42,0,999,0,0,0,0,0,0
e68a6c73-f6b2-4787-8f45-fc0fc38f176a,53,4,113,0,0,0,1,1,2
10042b9d-8b8f-422a-8e31-94c0b0080dd9,30,1,146,0,1,0,0,1,2
8348db19-9f38-4e0f-9d90-2d0bbebb95e5,24,1,167,0,0,0,0,0,0
726b615d-2d02-4557-928c-6102994859ca,31,1,108,0,1,0,0,3,2
f17a42bf-f1be-4035-b6fe-5b28ffe036a4,49,2,88,0,1,0,1,3,0
a24391d2-5e2c-4fb7-b8eb-b16b001a54f0,18,0,999,0,0,0,0,0,0
58acd21b-bd90-4495-9b15-1125670631b0,18,0,999,0,0,0,0,1,2
2f6614d7-349d-409e-9980-d00c6dbbf2f3,35,2,150,0,0,0,1,1,2
12c7d5b0-c31b-41b1-8df5-959cc6505fba,30,2,151,1,0,0,0,0,1
8d1bf5d7-520d-40e7-84dd-cdb847b3f772,35,2,38,1,0,0,0,0,1
30a3e7a4-577b-45d6-9e99-44c7c697c00a,44,2,86,0,1,1,0,2,2
9dae153f-e905-4f46-9178-eb737befd5c4,29,2,37,1,1,0,1,5,2
168560b4-794e-46b1-9507-57712fa99848,18,1,126,0,0,0,1,0,1
a4645d59-628f-4add-a1d1-dbc4b6f195c3,55,2,174,1,1,0,1,3,2
e5dbe882-7669-4b9b-a0c9-e641f8a63195,25,3,134,0,0,0,1,0,1
89f88a0c-8e3a-4a76-92d5-789c97915291,24,2,102,0,0,0,0,0,1
c47b147e-114d-4461-ad71-487d0a312b95,46,5,171,0,0,0,1,0,1
c1abfa19-124f-46a1-9813-6589343fec30,31,2,168,0,0,0,0,0,1
ca0c9030-a143-41e3-9ff2-8e7ffed88876,34,1,106,0,0,0,0,0,0
dbc97e28-f825-4d70-b722-99354c8b12c3,39,4,169,0,0,0,0,1,2
bbd549e9-7b22-4a6e-a4d5-e8f3e4179029,45,4,73,1,0,0,0,0,1
d71bb13b-5858-4a0a-90ea-989c9591ad3d,31,2,47,1,0,0,0,0,1
197dd398-a3f4-4fd8-82ef-d8f5f75d2cc0,50,1,121,0,0,0,0,0,0
a16ae005-e1dd-485a-a748-2decf5dfbfdc,18,3,71,0,0,0,1,1,2
958f4762-1bcf-44d9-aeeb-e9d83f74e9b5,42,3,149,1,0,0,0,2,2
ba181e29-6929-41fa-ad51-8b2724f3b5fb,26,0,999,0,0,0,0,0,0
910464f3-7e66-41ca-ad43-dda8e86a43f3,48,3,161,0,1,0,0,3,2
9955a7b9-c4bf-4bf8-a2de-85c99aed3c10,36,1,22,0,0,0,0,0,0
1a5dda9d-1680-47c5-bf8b-a1670b1b0f74,28,3,27,0,1,0,1,2,2
ca28dc40-0c37-4281-9dee-329f0b089908,41,1,168,0,0,0,1,1,2
727ce9d6-75cd-45a1-85ca-56ba369c4c10,43,3,9,0,0,0,0,0,1
3a877cf5-92a6-430c-835c-d488a9e4c93d,41,2,51,0,0,0,1,2,2
a55f5e0d-3d22-4f10-9ca5-391a10e1cd7e,24,1,106,0,1,0,0,0,2
c330ae03-a6e7-4c10-80da-71eddafd2d79,30,4,55,1,0,0,0,1,2
58a72f26-d1ce-4120-af06-dee0edad1dbc,34,1,150,0,0,0,1,1,2
d9a2238a-2749-41a0-956c-021ed930a13b,34,0,999,0,0,0,0,1,2
59a40f1b-af17-476a-bb5d-0dcf92d38ba8,42,2,28,0,0,0,0,0,1
327500e8-2d24-44c3-b3de-81e116670bca,18,0,999,0,0,0,0,1,2
04cd4430-fb71-40b0-898e-508149ddd9c2,38,1,40,0,1,0,1,2,2
09310323-abe5-4a16-ac93-f098f3fdfacc,32,1,43,0,0,0,1,0,1
a27a3f9b-cebc-40fb-95c9-ed41c8e7f440,26,0,999,0,0,0,0,0,0
8f10fadb-6d4b-457a-9487-bb17f0a26a7f,27,4,115,1,0,0,1,1,2
5654f55a-943e-4b1d-9296-d449913d3bd5,32,3,49,0,0,0,0,0,1
87600658-f9b6-41cf-ab96-176cc8288794,18,1,19,0,0,0,1,1,2
edee43d8-62f6-4817-afd5-5cdd4ef6abb9,27,1,7,0,0,0,1,2,2
5b15effe-a710-4a2d-b1ba-4a0f948130e7,26,2,99,0,0,0,0,0,1
a0c4ce5d-0208-4600-8f45-af129c4f8724,40,1,43,0,1,0,1,4,2
3552c75e-f2a4-48e0-91fb-fa655921c577,26,3,15,0,0,1,1,2,2
103e434c-3f9d-4e6c-89c8-64ba603936c9,32,3,68,0,0,0,1,1,2
05cd9655-5305-4598-b7da-87d13db672a9,50,3,177,1,0,0,0,0,1
5e681a37-8c5c-4e91-9780-e198f5fa293f,44,1,114,0,0,0,0,0,0
712ecd4e-022c-4bfb-bae3-9ce1391e585f,44,4,124,1,0,0,1,2,2
a2e39221-2fa5-4801-99f0-066f80f1b245,30,1,140,0,0,0,0,1,2
cda8e4e3-2a64-4c0b-9a82-2b5e21ae8db9,40,9,71,1,0,0,0,0,1
6b5da0a5-6ba0-455b-bd72-42b1ffc3e4d0,32,0,999,0,0,0,0,0,0
6b0eaf33-d633-4c64-a5ef-f85ab72301aa,33,2,19,0,0,0,0,0,1
77db5e84-4c45-4d9a-819a-fc179a84cf24,39,2,102,1,1,1,0,3,2
123134a6-7c35-4b6e-bdf5-4b345cc93d45,29,3,114,0,0,0,1,1,2
62143e64-59fa-451c-b4c9-fbe62d071f36,49,2,152,1,1,0,1,5,2
791e43b8-eb00-4269-865c-3519aeabd244,33,5,28,0,0,0,1,1,2
9ce17c8f-981e-457f-9966-2d89350e1038,41,2,17,1,0,0,1,1,2
6b9886dd-d787-4c2a-a089-5b5d9abac860,49,4,116,1,1,0,0,1,2
62d41d6c-a096-4c97-b717-aa513953690a,45,0,999,0,0,0,0,0,0
db222610-217a-4187-bc80-0c31d82c496e,20,3,69,0,0,0,0,0,1
39d8c2b3-b8da-41cb-a1d0-a02ddccff36f,39,1,91,0,0,0,0,0,0
171e85d2-32c4-41e5-8b26-9605125c4567,43,1,61,0,1,0,0,2,2
3e98f222-3241-422c-84d4-a6df78b7e67f,43,2,51,0,0,0,1,1,2
4951b31a-ae11-4e1f-89f5-43967f4a820b,23,1,77,0,0,0,0,0,0
653f839b-38ce-413f-95e0-eb78310bc789,28,0,999,0,0,0,0,0,0
e1c2ea63-3636-4bd4-81e3-6d256242944e,44,1,10,0,0,0,0,0,1
582623c7-64bb-4a1b-aad1-f887040dfe29,27,0,999,0,0,0,0,1,2
e6976d79-6624-4734-b6e7-3861bea0a963,32,3,158,1,1,0,1,3,2
54ac84e6-fbaa-4f8e-824a-3330a82af38c,50,1,44,0,1,0,1,4,2
fd49334e-4c95-4b78-9b55-191626af4043,34,2,108,0,1,0,1,1,2
44aadaca-da0b-4284-ae4f-f2e3275c0f41,27,0,999,0,0,0,0,0,0
42030c9e-d80c-4fab-a447-42a6b938c1ee,26,1,161,0,1,0,1,4,2
9576a1de-46ce-47ef-aa10-8be3f3b697e0,38,0,999,0,0,0,0,1,2
d2cc82dc-1bf9-4d6e-a0d7-7eac164e91e1,21,1,99,0,1,0,1,1,2
65bdd853-9364-42b5-86cf-a4463a226fc8,32,1,126,0,1,1,0,2,2
d4bdbb61-263a-4511-b06a-e21b6e265df9,38,2,153,1,0,0,0,0,1
42542b6a-dc5a-438f-bb12-9545aa82b5bd,47,3,47,0,0,0,0,0,1
e0b4d710-6e6c-4a65-828b-534743389b32,41,0,999,0,0,0,0,1,2
72f7f0bb-a57e-4f50-87e6-1de732848953,27,2,126,0,0,1,1,2,2
b30b8c97-3dbe-4baa-8ee0-4243ff1ca219,46,3,83,0,0,0,0,1,2
9d94a4fd-fd3c-4208-a63b-d4a9c6050b0a,32,2,77,0,1,0,0,1,2
3930ca77-7177-4816-831c-7c03599fd78c,22,2,132,0,0,0,0,1,2
69848d7b-77ee-4a84-acb3-263fb60838bb,33,1,139,0,0,0,0,0,0
04115d52-d536-4ade-9566-f38790126c62,49,0,999,0,0,0,0,1,2
9ddf42e6-e632-4dc4-afc7-cd8352d273ed,36,1,90,0,1,0,0,2,2
266cef8d-64d3-4681-95e5-fd8fcd0f8cb1,35,0,999,0,0,0,0,0,0
c7a378c2-3fcb-49ed-bf07-155876c907f6,51,4,178,0,0,1,0,0,2
63b62aad-5e77-43c8-9343-7738e25fa5d9,20,0,999,0,0,0,0,0,0
0092b399-5727-49cc-ad02-aaff59ec262d,22,3,140,0,0,0,0,0,1
49fb84b0-71e9-43f3-bf43-d8942865c81d,18,1,145,0,0,0,0,1,2
10b05e14-7f76-4b0a-8b85-e3d63a108ebc,38,2,75,0,0,0,0,1,2
0a7b90a5-0cb3-43d7-bc91-829c1009ea0a,36,4,146,1,1,0,0,3,2
24acb84d-6819-4497-9179-e1ccc9915593,50,3,80,0,1,1,0,1,2
ffa44f2a-d0bc-4fe6-8ca1-4b4a715848fe,37,1,41,0,0,0,1,0,1
e48eb93b-ac0b-4293-90ec-7557246fadf3,30,0,999,0,0,0,0,0,0
aaf455c5-4359-466d-b63f-1877201fe633,35,5,0,0,1,0,1,3,2
5ca80a63-c0d3-4911-a904-f8ac6c432e49,36,4,141,0,1,0,1,4,2
c9004dbd-2249-4ef3-b475-9e2f0df2ad98,18,5,130,0,1,0,1,2,2
5ec426d5-43cb-4672-ae37-235d6ea7b266,62,1,95,0,1,0,1,3,2
e70306f1-1ac1-4077-a5df-beca1e0e27fc,40,2,8,1,0,0,1,1,2
9bf22642-6621-4ae8-ba3a-eb33932ee512,37,2,10,1,0,1,0,1,2
c0fbbc4a-22dd-4171-bd2b-2c10b729dac4,41,3,150,0,0,0,0,0,1
bf14b219-ad4c-43e2-af5d-053ea5a259b2,42,3,157,0,0,0,1,2,2
e589b1ac-05de-495a-99ab-cc9640ff7ed3,33,4,174,0,1,0,1,2,2
a5f82435-d271-4397-9b3a-a921ef93a002,28,3,118,1,0,0,1,1,1
307c1f89-1ae7-4014-8dba-9f7e0a5ec743,40,1,4,0,0,1,1,0,2
757edcb8-5936-40d4-b1b2-d6720ebd161e,38,1,29,0,0,0,1,0,1
50f911a3-0450-4fde-9e2e-9e45003a80be,26,4,67,0,0,0,0,0,1
5576fb93-518b-4472-b825-3b2a13006c31,49,3,90,1,0,0,1,0,2
35d64b1d-1454-4b75-b03b-261637f77289,37,3,156,1,1,0,1,3,2
20fe0345-b4f3-46b9-9a35-63f7f03ddf18,42,1,172,0,1,0,1,4,2
f6a493c6-90cf-4458-8554-ad0d1c8e2eb6,48,3,101,0,1,0,1,4,2
8d0c6a47-4c84-4e41-9b68-e662cfca6087,35,0,999,0,0,0,0,0,0
ae289410-cbe0-4877-bca4-4493a9a5d9cf,38,1,143,0,1,0,0,2,2
30a91807-f29e-4d3f-a54d-53cae8f2bd90,43,1,71,0,0,0,0,0,0
526545aa-3c31-4451-a994-be4b93d3cd4a,27,4,88,1,0,0,1,0,2
a65f4d6d-b82b-47de-9ac3-af0a35fb2c9c,35,2,168,0,0,0,0,0,1
a1bb2da6-34d5-48f3-9c8b-3c2f66eabe5a,36,4,178,1,1,0,1,4,2
b28284de-5f48-43f1-ba96-dee2f30c7a45,25,2,54,0,0,0,0,0,1
0d70c426-e1ba-4147-a3d0-230a36233913,58,3,178,0,0,1,1,1,2
f6250511-1889-4d05-9c13-cfc0e3d11a9c,20,1,20,0,1,0,1,2,2
86752e2d-f69d-4f1d-97fb-ca7592c02d80,22,1,106,0,0,0,0,0,0
5ee01344-7f8b-4ed2-811a-fccd51c9ec63,48,3,79,0,0,0,0,0,1
7d0cc938-6647-473f-b5e6-5f7a1700670f,42,1,174,0,0,0,0,0,0
483fe871-9558-4a38-bf94-c0e08435cd8c,24,1,138,0,1,0,0,2,2
9c206b7a-c9dc-4b8b-a095-ef050790383c,41,3,98,1,0,0,1,1,2
f24ab9c6-aa99-4cb3-b2e1-ffe413da79f4,49,0,999,0,0,0,0,0,0
dece3962-f7ca-4fbe-a766-6335c07f78c5,34,1,133,0,1,0,1,5,2
41fe7af8-c4b6-4621-a21e-2951a57e2b36,60,0,999,0,0,0,0,0,0
b59f3f04-d2d0-4a4a-9e1a-8d05efb2f135,18,4,169,1,0,0,0,0,1
4c1f200c-3c67-45d6-b7b6-2b692b54e05f,41,0,999,0,0,0,0,0,0
92eb7b4d-ca74-451c-b9c6-7c52d74eaa30,46,0,999,0,0,0,0,0,0
33da5d25-065f-4a87-8f56-ef2f21cd8b69,43,2,167,0,0,0,0,0,1
f383eec8-14ac-4dd7-9c35-8f125ef3b46f,32,2,157,0,1,0,0,1,2
735b56b9-32ac-4f04-813a-b40c17559024,32,3,76,0,1,0,0,2,2
515d7215-28f5-4f26-8b78-c2e81ae90ba7,39,2,98,1,1,0,1,4,2
b0e5f6c6-96c5-4af0-91e7-49211729c93b,43,1,133,0,0,0,1,1,2
095c4116-6928-4c13-a7a2-508b2b568f02,41,4,48,1,0,0,0,0,1
015f53ad-dc4c-4811-89ab-25f6f384de4b,45,3,160,1,0,0,1,0,2
91ac17bd-b7e8-4dce-99ca-3607a0746f5f,24,2,138,0,0,0,0,2,2
de138b0e-d666-46cb-9fb0-f5d066155e71,32,4,64,0,1,0,1,3,2
6e5068d9-5563-42e2-9059-82b52a71a409,25,0,999,0,0,0,0,0,0
5010e414-102d-4487-90e7-8cb808f31a20,31,1,157,0,0,0,0,0,0
fd285d7e-972e-4185-b713-336baf148c4c,45,4,173,1,0,1,1,2,2
67cbdc18-ceda-4e09-a5c0-3667b86311ef,36,4,25,1,0,0,1,0,2
1ac9bc90-ce82-4f74-adab-41cbcef2c0b1,61,1,155,0,0,0,0,0,0
356a43c0-7005-43e1-9dd3-5cff3bff3438,36,1,104,0,1,0,1,3,2
e5663a29-6084-4376-93ff-72f5dc631198,35,3,159,0,0,0,0,0,1
d33a7334-88c9-4d9c-b7e0-a6185c31c249,36,3,11,1,0,1,0,0,0
a28475c4-e75d-4466-904d-39fc28965da4,28,2,118,0,0,0,0,0,1
5427b075-4a36-4469-8868-3a36c263bf64,34,1,85,0,0,0,1,2,0
995dc4d0-9691-4971-a6de-aee3f18e6a26,46,2,143,1,0,0,0,1,1
84b9bc12-2d27-45c1-a0c6-5d1ae20de304,36,4,70,0,0,0,0,0,1
24b171d3-fb16-4c0f-a741-7a77fa00039d,27,2,179,1,0,0,0,0,1
7d3e6052-ef07-4a90-93d6-8b696f9b13f0,25,2,99,0,0,0,0,0,1
212bc679-7dd3-44f1-b6ef-ad79be0f40d2,30,3,129,0,1,0,0,2,2
58b3b791-cbbc-4963-90ad-5180489e26f3,35,2,93,0,0,1,1,3,2
22d48b8c-32bc-410d-a75d-a97b156501a6,46,4,155,1,0,0,1,2,2
3496a938-3138-438c-a114-9dfe43a0056d,21,7,156,0,0,0,1,0,1
84628b42-7eea-434a-b3c1-683661ecac55,31,2,121,1,1,0,1,1,2
500f1bf3-1ff3-4478-9370-9aaaf38a061e,36,1,104,0,0,0,1,0,1
18dbfa6c-fba6-4340-926a-daf20fe3612c,18,2,55,1,0,0,1,0,2
6dfe3fd2-7a24-4d3f-8a6c-6659dbccf19a,26,1,24,0,0,0,0,0,0
6d8fdad1-a20e-46a0-a358-13734c41c29f,28,3,92,0,0,0,1,0,1
8a32e251-4a29-48d7-aff1-d97293914169,27,2,40,1,0,0,1,0,2
ee775420-b976-4e09-8a17-ee06c6111034,36,1,132,0,0,0,0,0,0
005c2263-ea18-4d75-a24f-d5c6075bc016,33,2,116,0,0,0,1,1,2
c9f48ae9-ced5-4d09-9730-d7772e65b5f7,29,4,118,0,1,0,1,3,2
58aab891-331f-4669-b2b0-f436f0f7d46c,39,5,123,1,1,0,1,3,2
6d1d8912-5715-4e57-9387-96c441164389,52,5,104,0,1,0,1,4,2
11e1c11b-a06d-458b-b41c-34904153f86b,51,2,132,0,1,0,1,1,2
e0955d13-21dd-4cd7-984d-a4987a43abca,18,0,999,0,0,0,0,0,0
b05c1f41-fff5-4b4b-9d66-9f3c553cf1f1,40,3,164,0,0,0,1,1,2
b72049ea-c3eb-4a5b-825c-d3a21a3a47d2,33,2,125,1,0,0,0,0,1
8f630da6-e52b-45a4-99e5-be41f6c7778a,36,5,67,1,0,0,1,0,2
49284ae9-b4b8-4530-8207-1073d0665da2,31,1,31,0,0,0,1,1,2
8bfe74d1-fb22-4046-8738-1bdb0e1ed116,36,4,13,1,1,0,1,3,2
d6299c14-ae59-4117-ba87-dc4d164e64a9,36,3,89,1,0,0,1,0,2
46cd77fb-062a-44ff-a88e-72353a794fbf,29,2,123,0,0,1,1,2,2
3d49f1ce-7938-452c-8c48-99824bf08d75,26,4,29,0,0,0,1,1,2
86a2664c-e3c0-4310-a645-659ad532c511,30,1,170,0,0,0,1,0,1
8ec7548f-07cc-44d6-9ba1-21800e59e46e,37,4,52,1,1,0,1,4,2
2542e8b0-5f11-43c5-8b37-1f23d3e1473a,40,3,28,0,0,0,1,2,2
44a154dc-ca84-4e3a-ab5a-97169b69442a,43,0,999,0,0,0,0,0,0
27fe365e-b095-4b44-ab0a-60468b8bdd3b,30,2,123,1,0,0,1,2,2
fe97c7c2-2c04-45b5-a55a-2039e77e77ed,37,1,77,0,1,0,0,1,2
77ddf634-8a1c-4348-b55f-07e812e02458,44,0,999,0,0,0,0,1,2
975fc82a-d404-4d56-98ef-6b97dd795c57,46,3,122,1,0,0,1,1,2
79e21977-e76b-485a-a7df-ca4f186d2f40,34,2,89,1,1,0,1,2,2
f9195f69-3185-4c2f-a8d3-e2da6d5e930a,32,1,163,0,0,0,1,0,1
54f79186-9f22-42b5-a2ee-491a7160f042,36,1,126,0,0,0,1,1,2
c7f22906-5373-404b-afee-0c1394ac113d,23,3,26,0,0,0,1,1,2
6a0fc225-7273-42c3-b97d-65037222146b,33,1,155,0,0,0,1,1,2
386e0e2b-9d69-4961-805e-fcaf937bbf44,42,2,109,0,0,0,0,0,1
6b6f077c-7b2e-43db-82f2-517c6dbbf9c6,41,1,157,0,0,0,0,0,1
e75b1d03-4cbb-491d-8984-1fc1a0758680,32,1,43,0,0,0,1,1,2
3a1d3c1b-13c8-4cbc-bfd2-bda318806ac3,37,1,170,0,1,0,0,2,2
1665ee7f-a40b-40e0-a960-fbe68866c258,26,4,54,0,1,0,1,2,2
18637e9d-e3c4-4e34-ad11-3d90b2ad85b5,42,1,87,0,0,0,1,2,2
d09b3b53-ab48-45ec-b02f-d2eb4cd1ed86,34,1,104,0,1,0,1,4,2
09b8b246-f7f2-4038-bb35-1227a33eb0ce,32,3,154,0,0,0,1,0,1
ba1cc5e9-60b9-4ff7-9022-35b3385556fa,31,3,128,0,0,0,1,0,1
f05664ac-cc1e-44ef-b6b4-f86010dd9206,34,4,9,1,1,0,1,1,2
8c6a612f-3a99-44c7-b939-c55a3314dab7,30,2,125,1,0,0,1,1,2
b4f1ee92-c176-4669-bf57-fad4d6929052,41,0,999,0,0,0,0,0,0
daf48ab5-2548-4fc4-b3d1-6b4310c25b0c,31,2,68,0,1,1,0,2,2
554718ed-0239-4b40-ba83-f3b65974c9fd,50,2,136,1,1,0,1,3,2
f54211ef-8e14-4645-a7e7-1e1909a1472e,49,0,999,0,0,0,0,0,0
2d37ee63-edba-4ecd-b177-a9ca864a9fb7,26,1,28,0,0,1,1,0,2
d6408d78-ccd9-4606-959f-4d7dacb65561,35,2,1,0,0,0,1,1,2
fedf8c1f-d44c-4d3f-b111-31e26158d7c5,28,1,81,0,0,0,0,1,2
1b30f9a6-c58f-4520-9943-55ef846adedb,31,1,123,0,1,0,1,3,2
92c3601c-3108-4686-bd56-a9c387341f72,55,4,13,0,1,0,1,4,2
4f43b043-17f9-451c-8b4a-d61f55151654,31,2,61,1,1,0,1,2,2
358fb3e1-3b96-41e4-8838-26a5daa24025,38,3,54,1,1,0,1,3,2
de3884fc-4106-46fe-8400-ecd510b5862d,40,2,28,0,0,0,0,0,1
1def4084-2462-44cc-82fc-e660ee6f8f43,24,1,4,0,0,0,1,1,2
c9a49a09-353d-4c47-b5c0-e14706d33da7,26,1,119,0,0,0,1,1,2
9a45e09f-5be2-4316-92b7-836efc2fd9d4,22,5,38,0,0,0,0,0,1
c8e563b6-869a-48a5-9a6c-9a2d703a12ad,26,1,150,0,0,0,1,1,2
9067b9a7-01c8-4277-8eca-f019cf637854,18,1,15,0,0,0,0,0,1
1d95cf48-1347-45c4-b209-10217a760a1c,40,2,149,0,0,0,1,1,2
5d3fcc99-6dab-4626-952a-1d96b4000413,55,0,999,0,0,0,0,0,0
d5c09239-70f4-493a-bdef-94313381adec,36,1,139,0,0,0,0,0,0
2cf1c2ec-ae42-416b-ae92-7b0b9bb260aa,20,1,12,0,1,0,1,4,2
4ba128c9-2e60-4d74-82c3-67ebb66cdd22,28,2,121,0,0,0,1,0,1
89a05a23-9a13-4a41-9b23-9e66af7ecbcb,30,4,125,0,1,0,0,3,2
18dbb268-c2a1-4bdd-a465-10e2e4f01824,24,1,135,0,0,0,0,0,2
dabf2ef6-3788-4340-837b-8dd2913f44ff,43,2,109,0,1,0,1,2,2
c6d032b9-5c71-4d36-ad6c-5a2b68863ed9,43,0,999,0,0,0,0,0,0
a430678d-7472-4bc3-8910-f544aa6a395e,23,1,36,0,0,1,0,0,2
73728a65-1704-4d7a-94f6-2a0bc50e0ff3,42,2,90,0,0,0,1,1,2
765d4d0b-230c-40e8-96fd-f1c9473f44d7,50,3,163,0,0,0,0,0,1
aa9a3544-618b-41bc-a4ce-369d7b509448,54,1,72,0,1,0,1,2,2
a412cbcf-6a7f-4e5b-9a90-26628ceb8bd7,63,1,14,0,1,0,0,1,2
61bda87e-a2fb-4b73-ad54-5a53860220c3,25,0,999,0,0,0,0,0,0
05c1f130-ab00-4f71-9fff-379e6e244030,63,1,4,0,0,0,0,0,1
9a38577b-f4ab-4a6e-9b2f-5ad72f21e8f6,31,3,14,0,1,0,1,5,2
eda9fec9-d288-4d4c-b51d-b73c0ba55cd4,29,2,99,0,0,0,1,2,2
6e952945-8efc-4f7d-90f9-96e118df699f,38,2,145,1,0,0,1,1,2
01eabe65-941f-4627-a86a-85926c0cdddb,29,5,132,0,0,0,1,0,1
17732f02-1a84-4057-8d3c-d5fb251471b7,38,2,85,0,0,0,0,1,2
429e4524-c0f5-437c-9d8b-1aea9c279599,21,1,144,0,0,0,0,0,0
9e724ba4-437d-4278-a60a-82ede3c5aaf8,32,0,999,0,0,0,0,0,0
db71cb80-932d-4388-857d-3223879746cd,47,0,999,0,0,0,0,0,0
875fdbfe-4173-44f6-9428-97aac10f0b9d,34,1,109,0,0,0,1,0,1
9afc0b2e-628d-40bf-a63a-e2a0cebcf614,36,4,155,0,0,0,1,1,2
5140bf62-ed0d-49bc-a826-3101ee6084f8,39,3,80,1,1,0,0,1,2
243c33ad-459d-4e50-a20a-8743fe8f94b9,46,3,82,1,0,0,1,2,1
28ad14cc-0075-4648-b9ea-cd7fa2494142,18,2,12,1,0,0,1,2,2
e39e69a1-4605-4919-9e46-930f3c9f2ee0,40,1,44,0,1,0,1,3,2
e1791b5a-ccef-4d1f-8223-54ac64dd62b2,32,1,33,0,0,0,1,1,2
485bbcfd-eb76-4fab-9428-d256168b27d8,36,1,32,0,1,0,1,0,2
a607ab1d-a437-47ce-8743-6cb1608a571a,45,1,110,0,1,0,0,3,2
ae97e006-be06-4bca-a4a8-83237473a807,23,3,143,0,1,0,0,0,2
b740762a-b341-411d-99ed-7ecb512a96c0,24,3,42,0,0,0,0,0,1
633b99f9-27c1-45d9-9728-1c986998eb35,18,3,93,0,0,0,0,0,1
da052874-d929-478f-b8b2-2340f1d9f702,29,3,130,0,1,0,1,3,2
dcf80e14-1ffa-4d96-b295-36fdfc06a609,48,1,90,0,0,0,1,2,2
108d0952-7e90-4714-9ab5-ab950c6a799a,33,3,58,0,0,0,1,1,2
4322e253-82c5-43d8-9453-cce4b128a170,21,3,127,0,0,0,1,3,2
e59c63ae-b415-4a65-83ae-f8f7163ba07e,30,1,147,0,1,0,1,5,2
9344b303-12c6-468d-9f97-bfe3407c81ad,20,2,117,0,0,0,1,1,2
62d38993-c6ca-4df6-b223-5d9f49a9011c,23,3,159,1,0,0,1,1,2
38cbc5ca-bacd-4478-8189-cbb54a3be87d,38,0,999,0,0,0,0,0,0
be848c61-fa9e-4bdf-a45d-1bbdb1d98738,23,1,45,0,0,0,0,1,2
74cdc8a1-cf26-4f5b-90d5-c9852fbf2e92,46,2,119,1,0,0,0,0,1
36f131a3-7655-411b-a0f2-f43adee7e912,34,2,121,0,0,0,0,1,2
452ca9ff-d3d2-405e-acff-15ea31064398,35,1,129,0,0,0,1,1,2
3b24de0c-14f1-46a2-8b08-76da73817c4e,32,4,105,0,0,0,1,1,2
cd34d45b-7246-471f-9f0f-5cd1b014b412,42,0,999,0,0,0,0,0,0
0a238ec3-ecb4-4ac9-93ca-7119f7ab0dcc,42,1,0,0,0,1,1,0,2
d88d9ee9-4865-460b-8b4b-e09559c11bc8,38,2,79,1,1,0,1,4,2
1108b1fb-9d11-4d7b-9a4c-68a07621e70f,40,1,104,0,0,0,0,1,2
accdb346-6e98-4ac4-b6ab-1e8f4a264aac,32,0,999,0,0,0,0,0,0
8af35c03-615e-41c1-a184-cbd6c2fe45bd,40,3,111,0,1,0,1,4,2
ca2dcf9e-4d4a-4c0c-aa60-44898a9fea45,31,0,999,0,0,0,0,0,0
5a2a6b21-6d6e-40e9-8894-a6f392e48c8e,35,3,153,0,0,1,1,1,2
776959af-75ac-4e18-9241-3d89fb24cc56,32,1,78,0,0,0,0,2,2
6f58eb83-4828-48ca-8070-b8e130a7d4de,30,0,999,0,0,0,0,1,2
6fd48763-9dd7-4cc5-a7c3-384c448f3421,28,1,93,0,0,0,0,0,0
10539258-6e2c-40a4-89ee-2272c14bce0e,39,1,11,0,0,0,1,2,2
6d71c1c6-4b01-4b17-8851-92cd95e51fcd,48,0,999,0,0,0,0,0,0
a3983495-a553-4f63-a04e-365c98b6cc63,46,3,129,1,1,1,1,4,2
e6067b4f-5e7d-412b-8e0d-fe92bdfaeacb,22,2,90,1,0,0,1,0,2
319680d5-03e5-4de5-95e7-06e04e696ad4,47,2,119,1,0,0,1,0,2
d7f826cc-2006-4ea3-a1b4-88bb69f5f29e,31,3,20,0,0,0,1,2,2
7e67b308-5e26-4c0e-ab37-b8bbc96476bf,41,2,54,1,0,0,1,3,2
a241ebee-4a73-49db-9dca-078226e4df59,25,2,143,1,1,0,1,4,2
c79aee0c-1d59-42e5-81de-6175dfa352b4,36,1,36,0,1,0,1,3,2
32d0d0cc-b193-4be7-9c2d-e0792bb7afed,38,4,172,1,1,0,0,4,2
3ab2c860-77c4-493b-8bad-51e5d0642b15,20,2,85,0,1,0,0,3,2
a0629bff-81d7-4207-8c61-5dd827bf75c5,41,2,38,0,0,1,1,1,2
01504ca3-3e5c-4fa5-9d9d-dd2cc08ed4e8,48,2,168,1,1,0,1,3,2
acedc814-5f38-4811-82fd-9fa405f2514f,33,4,21,0,0,0,0,1,2
01beb1aa-60f8-4673-9333-e4e5370b2738,48,3,48,0,0,1,0,0,2
56a176d3-d345-4380-8910-b10f55e0fea2,33,2,144,0,0,0,1,2,2
cdcec4e9-04c1-4d99-9952-fc40c0f8fe8c,43,2,153,0,0,0,1,0,1
e10bead2-270b-4a53-89a4-d940d68b0872,18,1,100,0,0,0,0,1,2
fec8f83e-54dc-4eea-80ab-f787e67071ff,59,4,37,1,1,0,1,5,2
0e5a36c5-35d3-4c94-942b-871a8ca506e9,49,3,165,1,0,0,0,1,2
4f0bc956-229e-472f-8cf8-104cc300cffa,32,0,999,0,0,0,0,0,0
2b27c256-ac06-4ad0-a870-e3d43feee429,18,2,124,1,1,0,1,1,2
7660b6d3-3ec8-4c9d-b939-a16a255a3b35,37,0,999,0,0,0,0,0,0
79c853ac-50e2-4131-bee1-3bd212df3e5c,20,3,66,0,1,0,1,4,2
fe905675-0cf1-4aec-a325-d6703a975a50,39,4,115,0,1,0,1,1,2
6073ccb0-9026-4aff-b042-2e2b6cb59ee5,39,4,72,1,0,1,1,2,2
c5464942-8245-4747-b361-cdfcd4c49c30,25,1,64,0,0,0,0,1,2
a26c4c14-13dd-4566-a936-2236b5336fb8,46,2,146,1,1,0,0,2,2
35669aee-92f2-40ca-a72a-43c720d0f416,43,4,13,1,1,0,0,1,2
5e0067d4-6c87-4a3c-844b-f42c9f3bb476,44,7,113,1,1,1,1,4,2
d598f024-2d14-436d-b1aa-9888ca8df525,35,1,65,0,1,0,1,1,2
32991dc3-229b-4fb8-98b9-8336ecfc68fa,20,1,165,0,0,0,0,0,0
c27cee86-22bf-420b-99ce-5b8fa8f6e12f,44,1,42,0,1,0,1,2,2
479b391c-87ae-43ee-9508-a72d99d64491,32,4,120,0,1,1,1,2,2
10b93dee-6600-47b8-9a87-0be4766fb06a,21,2,137,1,0,0,0,0,1
305f7058-a9af-4a4b-8d1d-6ef71c3f9497,48,1,88,0,0,0,1,2,2
9b3c1365-1dd0-4b8a-9df8-b3c624ad2875,55,2,124,0,1,0,0,2,2
e42646f5-cd80-4559-a9fc-1c986dd56eed,34,2,21,0,0,0,0,0,1
526f8f8a-cdb3-4161-9407-458296fca851,56,0,999,0,0,0,0,1,2
0c1514e9-9613-4dc6-969d-8e4a4ffc1e5a,35,2,63,1,0,0,1,0,2
1861c8ad-6a9f-4763-98e1-32438e8e5ef8,31,1,103,0,0,0,1,0,0
e591ced2-9de7-44c6-ad04-08c01da86ba2,28,3,44,1,0,0,1,2,2
1a18bb96-136c-4f41-920c-0832648400e6,51,0,999,0,0,0,0,1,2
d475efbe-35ec-4ee3-a5df-55d5057c375b,27,3,68,0,0,0,0,0,1
1d73937d-4ccc-433a-be02-a0663553df8e,42,1,10,0,0,1,1,4,2
2e95987f-fba8-4944-8b9d-aa757b04eddf,29,1,154,0,1,0,0,3,2
681fae48-9397-418f-9f63-2321751a7310,30,1,116,0,0,0,1,2,2
c3fde262-7ee6-4c87-8e3b-0e8a938e32a4,45,3,26,1,0,0,1,0,2
3e8e30db-a08c-424c-a653-60f460932f34,31,3,163,0,1,0,0,1,2
6f3b87ab-7cfd-419c-ac64-47dce072d641,30,0,999,0,0,0,0,0,0
38bb71c0-4cb8-4476-88a0-b9099611b3cc,46,0,999,0,0,0,0,0,0
1d0bb638-3464-4ca9-8ee4-93be66499d07,50,1,155,0,0,0,1,1,2
40722c8a-48b0-4920-b41d-69709cb239af,41,0,999,0,0,0,0,0,0
59ac274f-85db-4d60-a8c6-c6f3fffe436c,28,1,6,0,0,1,1,1,2
44394700-13ec-4a33-b258-8fcd092fd498,29,2,95,0,1,0,0,3,2
ec573360-c0ef-4cb4-bf3b-386684182831,35,0,999,0,0,0,0,0,0
7e4e8e2e-4a4a-4de5-bf38-ade55ed661e5,38,1,14,0,0,0,1,0,1
107eaf43-a64b-4087-bdf0-37c9865a0c11,25,1,86,0,1,1,0,1,2
857d244d-ffdc-407e-83ef-b57533421fe8,42,3,87,0,1,0,0,2,2
9fbda20f-dd62-4df2-ac69-70481283be74,35,2,45,0,1,0,1,3,2
3ce43526-72f4-4b7c-b88b-70a417c45c88,18,4,111,0,0,0,1,2,2
f4c9dd27-4282-4bc9-a813-98a0a7a04e82,25,2,51,1,0,0,1,0,2
c07abdb8-d660-4788-8509-3b1260d59367,29,0,999,0,0,0,0,0,0
7b02c4b8-2e77-4d69-88aa-1c3cf42373e5,34,5,53,0,0,0,0,0,1
c148cc24-ca28-4670-979a-cb421b7de940,53,3,55,1,0,0,0,0,1
9fe50a95-65df-4c71-a890-86ecebea34c0,37,0,999,0,0,0,0,0,0
cc91709b-78c8-495b-b5f7-a24714bc647e,26,3,174,0,0,0,0,0,1
45d2da5f-4d8a-4087-9dc4-d3f6a0ae3cd1,37,1,3,0,0,0,0,0,1
d151f049-b840-4a41-8651-ddde38d97241,31,2,161,1,0,0,0,0,1
f0bb4666-9e78-4b11-993e-0b33e887163d,38,2,178,1,1,0,1,3,2
7e39f84f-3be6-4051-80f9-e8e2ce12aa19,40,1,26,0,0,0,0,0,0
cdf05c3e-6385-480f-b87e-fbced9a12d4d,47,1,149,0,0,0,1,0,1
403b4458-1851-4334-9c4f-b8548b18a87b,34,2,143,0,1,0,0,2,2
945e8df0-a7f5-46f5-97e8-592bbe93eb18,51,1,95,0,0,1,1,1,2
99a3eaaf-2e1d-48ff-8889-70425ba5c795,44,1,56,0,0,0,0,1,2
7047983e-7979-416e-a862-11c0b8170e63,27,2,58,1,0,0,0,0,1
c2df3e70-80f0-408d-87d9-0760ec689936,57,0,999,0,0,0,0,0,0
973c093f-f6b4-4963-b143-1ff2bbebddd8,38,1,160,0,0,0,1,0,1
535e8322-a617-4a65-9d61-d8a9f68faea8,26,0,999,0,0,0,0,0,0
9216232e-6733-45cf-9302-71f7321590fc,51,2,98,1,0,0,0,1,2
741c8505-855a-4533-97a4-e6703d0a122c,55,3,68,1,0,0,1,1,2
03935017-e49d-4a2e-b533-ff2921631125,34,4,150,0,0,0,1,1,2
071166ee-3b0b-4b50-9ec8-7de7a2aa8058,29,1,173,0,0,0,0,0,0
01a3a61e-9793-44d6-bf84-e0838c0ea2a0,33,2,100,0,0,0,1,1,2
40c0a1df-60a7-4da7-8632-fcb9f93e5f13,42,0,999,0,0,0,0,0,0
85a38deb-ae26-4e7e-87a4-2f7a0c4935a4,47,1,31,0,0,0,1,2,2
82872076-cf00-4438-89f0-ce2a1300bc64,40,3,51,0,1,0,1,2,2
95f48fbc-c2a4-4481-9d9f-eb69fd7109e9,36,0,999,0,0,0,0,0,0
b84f781b-8887-4941-bfe4-67291530de98,49,1,32,0,1,0,1,2,2
6ccdc1a5-707a-4c34-9760-96f6a2da2b40,31,3,162,0,1,0,0,3,2
3e1cc73b-c59a-492f-b2d0-b0b2a679df99,45,0,999,0,0,0,0,0,0
c004501c-8beb-4b7b-b914-9ade45b7d714,32,0,999,0,0,0,0,0,0
4206747e-12f9-4bff-a4de-ca4ba55d1a08,39,0,999,0,0,0,0,0,0
2b282d9e-d4e4-458b-9c9d-82f5d4568f3a,33,2,117,0,0,0,1,1,2
120322e2-7ad5-44d6-ac88-71603412175f,34,2,97,1,1,0,0,1,2
0fee56ad-da67-4ba8-9c07-ee524fa9e2c6,31,3,55,1,0,0,0,0,1
3e48acaa-2449-41a0-a8fd-4073d34a409f,48,3,3,0,0,0,1,2,2
c94f5aaf-0d43-4d17-9c3c-f7edc996b1d0,27,1,65,0,0,0,1,1,2
eb7126e6-4fa6-4f62-9d5a-42eba38b231a,27,1,136,0,1,1,1,4,2
057865da-693a-4330-84fa-7e12a29b407f,56,1,93,0,0,0,1,1,0
7c3b2863-7acf-4d3e-923d-f66983355305,44,2,125,1,1,0,1,4,2
d0ecfce3-1a49-4772-918d-d0583a197118,18,0,999,0,0,0,0,0,0
685b9899-6051-405f-9805-8f10bdb240a0,29,2,62,0,0,0,1,1,2
d9fd913f-c3a3-4f03-8b03-b9b8b303b981,18,3,178,1,0,0,1,1,2
1bdc9b95-6e2d-466a-a96e-7f403967f2b9,25,1,72,0,0,0,1,0,1
4de08861-ef8d-48e0-9f0f-4a7b8dd28e12,18,7,132,0,1,0,0,3,2
f0081899-1c13-4c54-8cc8-fd398fc69878,33,2,143,1,0,0,1,0,2
35faf3c0-0e28-4949-8514-d82b6e4b2a91,23,2,134,0,0,0,1,0,1
40aedd84-0b9f-4c15-b770-a60515ee8a51,35,5,1,0,0,0,0,1,2
e6251615-430a-4de9-8aba-5da18cf11d29,18,1,77,0,0,1,0,0,2
e20c2f47-62a7-4e9a-a8ce-69eedbeab249,35,2,158,1,0,1,1,1,2
27b836e2-ef25-48fa-92ff-25e894b61864,30,1,85,0,1,0,1,3,2
20d2b670-4706-4f78-bdab-2822f36f3d7d,50,0,999,0,0,0,0,0,0
c26fee93-a314-4f5e-8e1d-d8e379490564,49,1,39,0,0,0,0,0,0
1a463130-537c-422e-9b1e-d54301e848e1,42,1,126,0,0,0,1,2,2
5b8156e7-6640-4093-908c-616be406baaf,31,2,82,0,1,0,0,2,2
fd83e3f5-0e77-468a-a5c5-fab50860eab8,54,3,133,0,0,0,1,0,1
96198687-3581-42a3-bcd5-252e5d7949fc,19,1,173,0,0,0,1,1,2
5858cc12-f9c1-4435-bd0c-2f579961d8a6,20,0,999,0,0,0,0,0,0
14464616-898b-43c6-aa74-f755b9c3ce76,34,1,170,0,0,1,0,0,2
80ce8b20-f886-4095-9502-a4a68b8a2e42,57,2,109,1,0,0,0,0,1
fdf51e61-6e0b-4df6-baba-24f3c96dcd08,32,1,11,0,0,1,0,0,2
df42d556-d959-4bb0-b0ca-b4c43a5cfeae,33,4,89,0,1,0,1,3,2
f166b617-8a1f-4753-88ba-d9db6486b358,20,3,3,1,0,0,1,0,2
bb51f21e-0c5e-42a3-b7de-9be45b2e10e4,44,1,114,0,0,0,1,0,1
395a5ac2-92eb-4380-aad4-a35d3a5dfd1e,44,4,58,0,0,0,1,3,2
9f2ba551-cb9f-4aa2-9a9f-688c1c8f77ce,42,3,48,1,0,1,1,0,2
b7974405-fc07-4179-bb5a-c3b4f37aa01e,28,4,4,1,1,0,1,5,2
7f2e808b-0078-42be-88ff-fffd45215ace,27,2,124,0,1,0,1,3,2
e6851451-038a-445f-a7d3-82965bcc18d5,22,2,93,0,0,1,0,0,2
61f22139-bcc4-4ef9-a700-de95f8071f52,35,2,151,1,0,0,0,0,1
6998d8cb-b7e0-4990-86ba-47e7bc1a1926,24,1,109,0,0,0,0,0,0
19a99c27-4715-42ee-80fd-72c183690248,23,3,102,1,1,0,0,1,2
d38c2e39-4628-455a-8eb6-b9ca87db8de7,30,4,162,0,1,0,0,0,2
db7ab69b-9d29-4ce4-8d5d-54532883fbc4,30,1,132,0,0,0,1,0,1
c5da75b1-4ebf-482a-8a1f-b903e3dbd236,29,3,4,0,1,0,1,3,2
0177df78-e6e2-49ab-9034-660437892a4e,39,3,54,0,0,0,1,0,1
1a07f8b9-ccd3-40ff-b456-d209b883b943,35,2,6,1,0,0,1,1,2
8bacaca6-7e4a-4258-826c-8d208e368243,32,1,14,0,0,0,0,0,1
a4aaccc1-c494-4f68-b6fc-62585854611c,36,0,999,0,0,0,0,1,2
63264a6e-b342-4aa0-8683-010c35766e82,25,0,999,0,0,0,0,0,0
dfd9b10c-dfd2-4d19-b9aa-70df1c52a933,36,1,156,0,0,0,0,1,2
25512aaf-0af1-4175-9cdb-3b5dca6e4d78,36,0,999,0,0,0,0,0,0
17091b87-6630-43f3-910c-cc6b83f83d09,19,5,1,1,1,0,0,3,2
ec2de765-28c8-4de5-9477-3b506077d23f,44,0,999,0,0,0,0,0,0
6c61c936-4ce9-4fcf-a665-dcfc461e599c,26,2,9,1,1,0,0,3,2
8758493d-dfdf-4c65-9fdd-6ae7c500b8a8,35,2,54,1,0,0,0,0,1
13ee3c74-d879-4d33-a985-a8d4ef34511c,46,1,89,0,0,1,1,0,2
6d14bc5d-a258-41f3-ab38-8bad3d45f0b1,44,5,169,0,0,0,1,0,1
94a7eda3-d8e9-400a-a254-56f4bbc65da1,35,1,12,0,0,0,1,2,2
e8554fc7-7b54-4d7d-804c-0f53bd8cd4ad,31,6,164,1,0,0,1,0,2
ea588997-fc15-4338-8945-d3b4d82aa067,44,2,135,1,0,1,1,1,2
3cb27dc6-c9f4-4dd9-a578-99a51eb10d04,41,1,39,0,0,0,1,3,2
cae23589-85f6-4ea4-b1b0-6f388e15ac7e,28,2,92,1,1,0,1,4,2
48059e57-c601-4d0e-9c4d-5a58849cfaa2,27,2,90,0,0,0,0,0,1
bcb46fcb-749a-47ef-8eac-b82e5f059e59,18,2,136,0,0,0,1,3,2
d82ccfe1-c380-4c43-8eef-8f9530d72431,36,2,124,0,0,1,1,1,2
6749380c-6894-4fb1-b718-bc86a84867c7,34,1,86,0,1,0,0,2,2
3cb65929-3873-4eae-a564-5233658a3510,46,2,137,0,0,0,0,0,1
7a9dd94a-f472-4594-b418-fee70df14554,38,1,76,0,0,0,1,1,2
7c58c882-3e99-430d-b071-05ca44cfcec4,48,3,149,0,0,0,1,1,0
a7ed7c5d-67ab-4cd2-b68b-f4ec8eab0885,28,3,173,0,0,0,0,1,2
d6dc0380-60d0-4d39-b22f-40bd2105e7bc,46,2,145,0,0,0,1,3,2
8cc86ce2-c04d-48f3-bd82-d0cbe96e28ad,29,2,72,0,1,0,1,3,2
7d7c1e49-2796-4b4c-8209-9530f6ba662b,42,4,85,0,0,0,0,1,2
123a0b8d-85bc-410d-86ff-9e883ac63430,20,3,116,1,0,1,0,0,2
033f07c1-217e-493f-bb34-213dad4f3ec1,37,1,118,0,0,0,1,0,1
534114f9-5b7d-4735-95cd-23363a6ccbb5,18,0,999,0,0,0,0,0,0
f16eee70-b8a0-4e90-9d79-ba6890569029,32,1,60,0,0,0,1,1,2
f46d2018-7b91-44d9-b419-138262f01074,39,1,179,0,1,0,0,1,2
02553e0e-20d7-417b-9087-f076fccbf331,29,4,8,0,1,0,1,2,2
3f4f3a4a-8e8b-446e-8090-422bd12dbc7c,24,1,62,0,0,0,1,1,2
a607ad61-cbd8-4083-a7a1-712a89faea65,43,5,13,0,1,0,1,3,2
0e7feeaf-390e-46be-86e8-16ce7a0562c1,33,1,75,0,0,0,0,1,2
dbf403d9-b5a3-4cc8-91e5-43601e20e039,30,0,999,0,0,0,0,0,0
483625a2-2984-409a-b884-618a1c71c313,35,1,16,0,0,0,0,0,0
bede6e54-4bb6-44d5-83e3-54870fd4d13b,61,0,999,0,0,0,0,0,0
7ef20cd0-553c-46e1-a651-0e965cbfbb3f,46,6,151,1,0,0,1,0,2
a6b2ab6e-8ed3-41bb-98a0-f9974b7636f8,46,1,76,0,0,0,0,2,2
1f591c4b-a650-4796-ac1a-b6c18072f928,39,6,112,0,1,0,0,2,2
c73eb0a8-6ef4-444f-810f-59441e4d73ef,36,1,35,0,0,0,1,1,2
44c8c4da-7932-4640-a181-4d52e89f283b,18,0,999,0,0,0,0,1,2
03adf55b-1510-4ab2-83bb-a501e5667056,28,2,17,0,0,1,0,0,2
73e4c42d-4702-44bc-9013-42159d2a814d,30,3,123,0,1,0,0,2,2
8a3515fd-7244-4528-9b95-50fba9ff330f,18,3,54,0,0,0,1,0,1
a3158088-1af1-4743-b9a7-11aedd33e9e3,23,2,105,1,0,0,0,0,1
aa32ec26-18f0-4380-aeee-270842bb2149,18,2,122,1,1,0,1,3,2
3b70963d-9618-46c3-94ea-3a1f9633d463,34,0,999,0,0,0,0,1,2
de96eaf9-822f-4a9f-83ae-e02ba63f6dfd,43,0,999,0,0,0,0,0,0
a836c5c9-6898-4d98-8f55-df9d8ad5e9c3,46,1,64,0,1,0,1,3,2
641ba409-7454-4576-9cda-fa1498d503e8,39,2,13,0,0,1,0,1,2
83ae134e-149d-47fe-897f-a41be84891b6,25,3,9,1,0,0,1,0,2
9625cb74-addc-4ebf-a3be-67b85f5fa4e5,18,3,123,1,1,0,1,3,2
f3f476a9-6039-4bd9-b0d6-fd659c765a27,18,2,4,1,0,0,0,0,1
cf44986e-bbbd-47c5-9d49-b8dfe2ec9bff,22,0,999,0,0,0,0,1,2
f84d9997-c2af-4c3d-897f-fdd311d6da97,26,3,92,0,0,0,1,0,1
216e3056-84e3-45a2-99ab-ffd2c1f8cafc,33,1,112,0,0,0,1,1,2
487594d1-0d3a-4e65-b8f2-e120ea5c8494,24,2,94,0,0,0,1,0,1
0d76c498-ed0a-4579-a923-c5456074fc60,38,0,999,0,0,0,0,0,0
496f1d91-61fc-4f8d-bc3b-05aa87905187,32,1,160,0,0,0,0,0,0
cef7df14-6dc8-4306-b4ec-d6bca4843ad8,35,0,999,0,0,0,0,0,0
1d1e8d5f-b10e-4a61-b143-f3fb64ca33f7,46,3,96,0,0,0,1,2,2
baf75c5a-3259-4670-8d2b-dc8b88c82dcd,23,2,9,1,1,0,1,2,2
53f340b6-1242-4eeb-a9d0-d46bf4930a97,39,5,162,0,1,0,1,2,2
dc078b7d-2a80-467f-bd43-5f7d404caa69,34,1,122,0,1,0,1,4,2
2dc5e0a9-5249-4de9-9794-4df2c2ae55cd,31,0,999,0,0,0,0,1,2
cbc6b54d-f368-4a8f-b53a-d9399b6d0b5a,43,4,155,0,0,0,1,1,2
fd990a86-1643-4f38-bf39-4de16da75a56,43,1,54,0,1,0,1,1,2
5ad02dcc-bd5b-43d9-9247-e3c1a5208d67,25,4,136,0,0,0,1,1,2
45f08045-aa39-40db-8ed1-1be0ac6fe8d0,33,4,172,1,1,0,1,3,2
627954ea-fed4-40f0-8dd1-a353f3970d70,37,3,154,0,0,0,0,1,2
a8bb9928-a395-407e-90df-4840ff721724,32,1,159,0,1,0,1,3,2
107bf871-9228-42a0-a244-4f16ee6dfb6a,40,0,999,0,0,0,0,0,0
ab61ef6d-ef77-4855-88a6-6205964a6ce6,37,0,999,0,0,0,0,0,0
a8544c13-27b2-423f-a69b-88af81000aaf,53,1,148,0,1,0,1,2,2
a584d54f-e9aa-489f-a023-eb71280bc9d1,19,2,75,1,1,1,1,4,2
cea6e00d-1e2f-48d8-bf2b-b5bbdb4ebf4a,33,4,6,1,0,0,0,0,1
c0b6134e-1da4-4135-a942-0b17c35aac8e,25,1,21,0,0,0,1,1,0
0f01f66f-79cd-4b39-a16f-0722cf93bb0d,41,3,95,1,1,0,1,2,2
9fb07201-72f7-4093-8e6c-0ee8810bfe78,18,4,66,1,0,0,1,2,2
db8e1ff5-8a92-4638-81b3-5882796700ec,38,2,75,0,0,1,0,0,2
a39f85ec-fb9f-438f-a13e-022e91344753,28,1,85,0,0,0,1,2,2
7d84486a-0bc4-4c57-8eb1-468eed0ac4d6,27,2,169,0,0,0,0,0,1
77707a18-ce7b-44c1-a356-553285e88632,20,1,52,0,0,0,1,0,1
45b3d0d6-18c5-49f6-9955-89b70e70e9e5,30,1,27,0,1,0,1,2,2
0f6a8e65-e43b-428a-ad92-b3ff4ae661a1,45,1,57,0,0,0,0,0,0
4853248a-baf5-4b9d-a9b1-6c4f09e5a88d,34,0,999,0,0,0,0,0,0
1682947f-3aa9-4ddc-bd06-3302dae0500b,41,2,93,0,0,0,1,2,2
ff4ceeb9-7738-426a-a563-7767412db714,51,1,59,0,0,0,0,0,0
75db5c5d-e67f-4fa5-bec9-4bebdb7d72c2,37,0,999,0,0,0,0,1,2
2aceaacd-b47e-488f-9e32-b764dd4eeab5,29,2,120,1,0,0,1,0,2
3036b56e-24c7-47fd-be14-709c8af83010,39,4,147,0,0,0,1,0,1
6c3eb52e-8652-4b0b-9716-f2476d30fa33,29,4,104,0,0,0,1,1,2
18aac1d0-3938-43e5-9ef8-79f4427ca7bf,29,1,136,0,0,0,1,0,1
c07a93bf-8cef-4d06-91bf-85bcecca8049,19,1,6,0,0,0,1,3,2
6198f994-bac9-4cab-b945-8d4b7c35c3b3,44,1,134,0,0,1,1,1,0
fdac5119-db0a-478d-a361-3173347d6372,31,3,96,0,0,0,0,0,1
4d832efd-238b-4e4b-8bca-129261e45772,36,4,49,1,1,0,0,2,2
559d1936-a6af-41f9-9a4a-b204af347755,24,2,107,0,0,1,1,1,2
d6990de5-3a76-405a-9c1d-b2ed008cfa32,39,3,13,1,0,0,1,2,2
83a4487b-da1a-4a37-a57d-2e5239c96888,27,4,98,0,0,0,0,0,1
f84cd0f2-fc10-4efe-ae5e-a34bc78ed456,33,3,34,0,0,0,1,1,2
2f89e3ec-aeae-4445-a47f-8a566797aef1,43,5,18,0,0,0,1,2,2
5dbae1c4-b3f9-4b51-998b-83dca457aba2,42,4,72,0,0,0,0,0,1
0b11ad8f-fe28-4283-ab7e-30366bb7e706,34,2,58,0,0,0,1,0,1
3cc163db-e5dd-4002-8136-c5fc21464fae,18,2,81,1,1,0,1,1,2
f29451ee-146d-44b5-9f80-5ce2914f9a4b,64,1,63,0,1,0,1,1,2
f7d0dfbd-dd9b-4bdd-b5a5-5ff1e509016e,52,2,16,0,1,0,0,2,2
d571ffec-7097-4943-8ffd-607d20bfa96f,42,1,11,0,0,0,1,2,2
e2f3ac17-c1b6-4cd5-a862-3e0908c781cf,27,0,999,0,0,0,0,0,0
98b13d8b-037a-457e-b207-39c4169882ff,33,0,999,0,0,0,0,0,0
02d81480-fa93-493f-890b-fbcf7eb50257,29,3,151,1,0,0,1,2,2
8ed9b1be-dd67-432e-ae54-e98d6b7a55f6,47,1,131,0,0,0,1,1,2
05ed3483-1b95-4853-8a77-69d11a89d08c,37,4,86,1,0,0,0,0,1
ba80990e-6231-4bfb-b54f-f67de16a7a07,27,6,3,0,0,0,1,2,2
6cfe244f-b372-448b-954f-86287066034c,30,1,20,0,1,0,1,4,2
2f98f536-f75e-476c-af6c-e0a0913f1d35,46,1,26,0,1,0,0,2,2
90ad845a-bc4c-49cd-b68d-7e643ebefc60,51,3,10,0,0,0,1,2,2
7657685e-bf1e-4ee0-84b7-7c86b96464b4,50,3,63,0,1,0,1,2,2
4cc9f60d-4eb7-4641-98b9-5bbddc81addc,42,3,87,1,1,0,1,1,2
1dcc132d-03c0-4fe2-b664-259a3f9df497,32,2,154,0,0,0,0,1,2
9e3fd87e-8180-4ffe-b780-aa883837ca90,18,3,122,0,0,0,0,0,1
2e63d5dc-8c95-4244-9822-6b406f97864e,37,2,35,1,1,0,1,3,2
86436184-790a-4d64-8a9f-83f9c91851d9,34,1,90,0,0,1,1,0,2
b2721a06-fb41-4dd1-9277-b271723cbb39,36,1,61,0,0,0,1,0,1
6a0de8d3-5a65-42c4-826e-dd21cd765ea9,35,4,174,0,0,0,0,0,1
a131e9de-fc60-499c-94ae-849bbe30fbb0,21,3,127,0,1,0,1,2,2
f96d3433-ab97-4dee-b32a-5a4a694c7517,40,3,65,0,1,0,1,3,2
5d552e07-1bc0-4c1a-b2c3-5822a30baf00,41,2,40,0,0,1,1,0,2
34b3dff4-b9b7-4c8d-ba9c-07c330721d47,41,0,999,0,0,0,0,0,0
c3470f8a-7d1d-4f7b-9cdf-a57b5b432a60,44,2,78,0,0,0,0,0,2
9c6e1199-c438-4c3c-9491-f79a17cfdcff,41,0,999,0,0,0,0,1,2
0603604a-09ec-40c4-b98e-0c3fb1281e5d,30,3,146,0,0,1,0,0,2
4d005793-1e74-4ffe-97a6-ac6b12a3d5b1,34,5,80,0,1,0,1,3,2
119d2bfc-9688-4e27-85ed-11a80b79ccc6,35,5,67,0,1,0,0,0,2
95bf3abb-ea6a-448f-898e-59d97bfa1f7a,36,1,39,0,1,0,1,4,2
b07ae66c-347b-45ec-bcd3-8d1dccab1555,44,2,93,0,0,0,1,3,2
b4de87f3-30d7-48bc-98d1-bde2ee85d293,41,1,179,0,1,0,1,4,2
2db54566-aa2b-46df-a842-2c0212379bdc,55,1,170,0,0,0,0,0,0
ed22fcd0-1e1c-4386-9df3-917f1024b2ac,57,2,104,1,0,0,1,0,2
10920f52-d797-4775-80f4-872120b58fae,35,5,169,1,0,0,1,1,2
bc3bef79-836c-471b-920f-a5dabf478135,18,2,47,0,1,1,0,0,2
62675696-2749-4422-abef-0ea92c5c4678,47,1,45,0,0,0,1,1,2
93acc975-c463-4089-8cae-8eaecc2864d5,29,0,999,0,0,0,0,1,2
86347a94-e521-4edb-a884-44e03ec798a1,26,1,119,0,0,0,1,0,1
b15afe34-1dc5-409d-aed9-dd90a427d1fb,31,3,63,0,0,0,0,1,2
4c9f86b0-7df5-479d-9684-4b86bb20c174,30,2,19,1,0,0,1,0,2
906b1ef2-12fc-424a-9270-6796335a0b66,41,2,125,1,0,0,0,0,1
d174ceac-3ab8-4807-b4d6-430cdbfc3a67,19,2,156,0,0,0,1,1,2
1fb66797-97b6-4544-875c-e3bede7fe8e5,24,2,122,1,0,0,1,0,2
b9ef2cd6-349d-4dc5-92c4-848fcd45f3fc,38,2,53,0,0,0,1,0,1
abcb13d8-c917-4335-849d-b06af060034a,41,1,82,0,0,0,1,2,2
e6e65cc0-8f98-4b7c-88c7-b0e566511c93,41,0,999,0,0,0,0,0,0
492112a5-c103-4301-8b9c-cf6ea4388deb,27,4,19,0,0,0,0,1,2
9e16e872-5f01-4396-81e2-87675840a969,25,4,57,0,0,0,0,0,1
7beae3c7-0e9d-4a6d-85a5-8f8759fff34a,29,2,64,0,0,0,0,0,1
e92c381c-2643-4a34-8cde-c7ed99e06ba9,37,2,162,0,0,0,1,0,1
40bd15f7-ac83-4a1f-af42-bfbfc60481d7,49,2,135,1,1,0,1,4,2
f5119e39-e603-47d2-9f0a-64eefc2956ad,18,0,999,0,0,0,0,1,2
740f8fce-b1dd-4f74-8d3b-d3c06e13c834,32,2,27,0,0,0,1,1,2
b81cefdf-07ed-497b-bee3-754994ea7d97,21,0,999,0,0,0,0,1,2
7296a783-94a4-4947-9f0f-a4562a7812df,18,2,171,0,1,0,0,1,2
fe9c5bf7-efd3-4133-9a42-f30d43fb54dd,44,1,15,0,1,0,1,3,2
d3c483a5-e7bc-46fd-8295-6edba59facc8,40,2,63,1,0,0,1,1,2
c4fb2a87-2475-4511-b72d-f708167c242a,39,3,164,0,1,1,1,3,2
eb0c769f-5bfd-4994-925a-7bd6ce13c3ba,44,1,123,0,0,1,0,0,2
560005f1-ffea-4129-b799-99371a64b661,30,3,32,1,0,0,1,0,1
d63fe7af-10e0-4528-bfeb-f0b3eafb3880,30,2,7,0,0,1,1,0,2
53250523-e6da-4738-b80a-725f3dcc0c91,56,6,33,1,0,0,0,0,1
353c3bdb-679a-42ce-a240-874310a15c2a,32,4,140,1,1,0,1,4,2
5d99924b-23b1-4be5-a9c7-9b6612cbdbb6,42,2,15,0,1,0,0,2,2
bb9d5950-e145-4743-a797-919051a79491,35,1,35,0,1,0,1,5,2
287e54ed-3e2b-4c82-b20a-e2c0de6dad0e,18,2,102,1,0,0,0,0,1
57d77d91-11f5-4035-a8ab-e5969937a672,18,7,80,0,1,1,1,3,2
33552a74-a08e-444d-8fd5-4df58a02d8c5,29,3,38,1,0,0,1,2,2
3cb10bcb-2e5a-4471-a1f4-96436bc466bb,45,4,118,0,0,0,0,0,1
055aac32-f235-4e11-bf6e-0edda13162b7,42,1,33,0,0,0,0,0,0
69d86610-0ca5-44fc-8c86-a30e735d683d,44,5,17,0,0,0,0,0,1
e1c1e9a5-2d7b-40f5-bda1-af6a581df087,25,2,40,0,0,0,0,0,1
3c194a1d-5f5b-441b-9222-08a9c8e4f1b7,51,3,106,1,1,0,1,3,2
e5065c9f-e1ca-44c6-8146-5b75661b4cb8,25,2,35,0,0,0,1,0,1
254e6c5d-cbe3-46be-a1e8-b208e7535e72,37,2,4,0,1,0,0,1,2
e6572661-913b-4aff-89e3-9b2442b3bb0b,34,0,999,0,0,0,0,0,0
7a4e612d-3c9b-4fe1-8ace-abe2d14515ba,33,4,176,0,0,0,0,0,1
c959b355-f821-477f-9446-0b55d5e66018,48,1,67,0,0,0,0,1,2
4246b4ad-decd-4e1f-b1d2-2e6b9c998a4c,27,0,999,0,0,0,0,0,0
659d6ef4-766e-43b4-8b4b-9fc9185692f6,21,3,160,1,0,0,0,0,1
2dfb67be-7895-435f-81b0-516be1eb0eb1,35,1,56,0,0,0,1,1,2
0e158bf2-f60c-4e02-acbc-61dc085afe06,31,2,179,1,0,0,0,0,1
153c9a03-74b9-41bf-90ca-d55eaad0323b,68,0,999,0,0,0,0,1,2
92c8c625-8a1a-4c72-a61b-67bc7b7f67bd,41,1,22,0,0,0,0,0,0
8ea1d205-e309-41ec-b2d3-58ac31fc2dbc,30,1,69,0,0,0,0,0,0
c1801f53-cd07-4dc5-8105-3ba935d9965c,24,1,26,0,1,0,0,2,2
b548200d-9afb-42e8-8381-2cfdd52bd732,18,2,85,1,0,0,1,0,2
79294ae9-fa6b-411c-ab01-689ac3070d01,24,2,161,1,0,0,1,2,2
0c67edb6-2bdc-43ec-97a2-b58d1344dd63,36,3,35,1,1,0,1,3,2
24601a39-93fc-49a9-92b9-a5d6ece99b69,49,1,90,0,1,1,0,3,2
1801740c-9db3-4004-b612-9f420da21d24,46,2,8,1,0,1,0,0,2
e4ead2fb-e797-4831-a1ae-8ed1223a8791,37,6,107,1,1,0,0,3,2
063860f6-456f-492e-8161-1b4f13e6e907,31,1,24,0,1,0,0,1,2
45cbd00d-5b9e-4a7b-9a4b-3d9e45323b79,37,0,999,0,0,0,0,0,0
bced8b4b-71da-4a56-b28b-9bbaa3bea39a,29,2,145,0,1,0,1,3,2
29fea347-b142-4470-afce-6572ac6d4352,52,2,26,1,1,0,0,1,2
3053ecb8-65ac-4fe7-97b0-8e88da7fd9b0,33,8,8,1,1,0,0,2,2
58074fe5-bfc1-44a5-91bd-d089838f724f,34,4,114,1,0,0,1,1,2
0405e355-e684-4783-93ca-b83cb4749712,18,1,46,0,1,0,1,4,2
9c698d4c-e0b4-4207-a543-779758f04d39,33,4,81,0,0,0,1,0,1
436b4ed0-9d4b-4043-a0e5-b1e0c780147f,43,4,176,1,1,0,0,2,2
978aba24-65c1-466c-a2b1-4b4fb1ed967b,24,2,141,1,0,0,1,1,2
476d6352-2bc4-43a0-8506-c78994eeffa5,27,3,73,0,0,0,1,0,1
6734f5e7-8b79-4641-a3d4-11b46a830276,42,1,83,0,1,0,0,2,2
14b95b0a-c92d-47f5-b061-39385bc0fb59,20,1,21,0,0,0,1,1,2
2db3ba33-cafa-4a48-a121-5bbee44a28e6,45,3,161,0,0,0,1,1,2
e3bd6e84-6d08-4320-85d5-ef514c853cc4,29,2,47,0,0,0,1,0,1
ece63e13-2fe6-46e7-918c-6601a732b9e5,31,3,101,0,1,0,1,3,2
091eb20b-918c-4853-b39c-d8918956dc54,23,1,29,0,0,1,1,0,2
f3c3a0cd-75a6-4c85-b24d-086e274b20c4,38,3,0,0,0,0,1,1,2
5ba9dd0a-d2d4-4629-b66a-dbb89594e543,59,4,25,1,0,0,1,0,2
260bef1d-2367-467e-86ba-8c7a0397baa3,42,3,6,0,0,0,0,0,1
92bd6a0a-2b6c-4f49-a2a1-7caa63fd8998,26,1,108,0,0,0,1,1,2
ec55bcf5-b333-4205-8765-3293ae385add,46,1,4,0,0,0,1,0,1
7b80dc0d-27e7-4578-a5dd-22af3faf9efe,31,3,83,0,0,0,1,0,1
32fe5cd9-de5f-474f-bd37-384001a8b73c,48,3,113,0,1,0,0,2,1
7b2f062b-fd6e-476d-98d9-c1f63129dc6f,43,1,91,0,1,1,0,1,2
9c571c7d-142d-4e4a-a60f-86bd8a86e8b8,18,3,22,0,0,0,1,0,1
e5d5881a-4e55-4310-8a99-8089a6c742ee,24,1,135,0,0,1,0,0,2
d4d4201f-866d-4eeb-8896-e15f40ce6154,44,2,174,1,0,0,1,0,2
f4eae935-d8d6-4deb-b8d6-be31056b3fb4,36,1,168,0,1,0,1,3,2
8556c008-92f8-46aa-8624-899bfeb4bf27,24,0,999,0,0,0,0,0,0
c796218f-a8d1-4fc0-8063-93c0f9f6c456,28,3,69,0,0,0,1,0,1
6cd4b539-dcd0-4079-8493-02592a1d4f98,18,2,76,0,1,0,0,2,2
648b735d-79c7-4be8-9db1-fd8e4eea07d4,34,6,176,1,0,1,0,1,2
543b9a08-3ca2-4f50-b417-4761fbb02fa5,57,0,999,0,0,0,0,0,0
7ac990d2-a24a-410f-bd2f-23a580bf3706,43,3,62,0,0,0,0,0,1
7ea2c8af-d6ea-4989-b5f2-90afae173386,56,3,140,1,0,0,1,1,2
718e2593-d878-431b-8ca1-a3c02b6938d3,43,5,160,0,0,0,1,0,1
33c505d4-3606-4122-8e90-08cf1d940f6c,45,2,118,0,0,1,0,1,2
e6a9a21d-df75-42f3-b977-b4467e09f88f,54,1,24,0,0,0,1,1,2
00e219ba-a265-4393-b903-b6dbc3105be1,38,2,111,1,0,1,0,1,2
064e7e0a-ba97-43c7-be49-6df2274b1bd9,33,5,103,0,0,0,0,0,1
6623d10f-a2d0-4073-b399-bc60d5faa03b,45,2,81,0,1,1,0,3,2
86ec6841-8cec-4259-84e1-cde5345c5885,49,1,28,0,1,0,0,1,2
9a003ad5-f4d3-4ed8-833d-3f66eca200aa,30,4,36,1,0,0,1,2,2
1bb21599-6949-4801-9376-573f42b56c4f,27,3,74,0,1,0,1,4,2
bccf4e86-24c7-47f3-9757-4f3c90bef30b,36,3,168,0,0,0,1,3,2
64f0de8e-de7e-4459-b4c7-ccc7948f3120,43,1,110,0,0,0,0,0,1
382e4193-630f-4e69-9d30-596d5247460f,42,1,86,0,0,0,1,1,2
11bfbe7e-5268-4505-a24a-b6252c454587,20,0,999,0,0,0,0,0,0
bd535934-01c8-456f-ab84-b227c410992d,54,2,34,0,0,0,1,1,2
42ef42f9-4c85-450c-b163-711d85c3c723,28,2,2,1,0,0,0,0,1
3b89c8fb-d9b2-46b4-8309-bae8bf2ea1b6,32,2,174,1,0,0,1,1,2
10399590-c37a-4831-af6c-508a0eb52274,25,3,17,1,0,0,1,0,2
90587c9f-4baa-4fca-afec-1ca7066cd8f6,61,4,56,0,1,0,1,3,2
36242db6-de5d-454c-9aa9-7cff768daa8e,37,1,179,0,0,0,1,3,2
1f326bfb-bb56-46b9-acc9-176b25eb975f,26,5,72,0,0,0,1,1,2
8d355cb3-aaf6-4876-a46a-0982c2b5d1f4,43,3,47,1,0,0,1,2,2
90c88e7d-20c4-4e77-b0eb-0b90092a678e,42,2,19,0,0,0,1,1,2
bf7a6440-af21-43ed-ba56-c4c42ead624e,33,2,108,0,0,0,1,1,2
4574105f-7500-4069-b45b-0d0641d2dd5b,43,1,139,0,0,0,1,2,2
ff62983d-05ce-4741-ace2-a11b9c38f84c,26,2,160,0,0,0,1,0,1
da787d58-27a6-448d-af1a-be3e33ba9e06,30,1,126,0,0,0,1,0,1
3f6376da-82d6-47f5-91eb-ab9eb1c5eaf1,18,2,93,1,0,1,1,1,2
7f9315e1-0e69-4662-adab-02463f76e8cc,21,2,69,0,0,0,0,0,1
d24e670f-7c59-440d-a9db-e663144f8f4f,53,2,175,0,1,0,1,5,2
d3198120-e5f0-4062-bbd1-0a54c8bde8d8,51,1,22,0,0,0,0,1,2
e003b3b2-3eed-494f-9ce4-ee3a4027f5d0,35,1,45,0,0,1,1,0,2
8cf316ac-9e41-4700-bb28-2fb5fda802a7,51,3,134,1,1,0,1,3,2
fe6e8f87-90a8-45cc-9c74-759f5eb98965,33,1,25,0,0,1,1,0,2
b3a660b1-5765-467d-8f78-c2eb9bda8923,32,2,56,1,0,0,0,0,1
d299eaa0-5a98-4dd2-9504-cb65c96ab98b,35,1,24,0,0,0,1,0,1
a105cb53-e570-46c2-959d-24b33af15f51,33,1,123,0,1,0,0,0,2
e801615f-28db-49d8-804b-0dcd9d889e20,32,3,166,0,1,0,0,3,2
d790a039-a7ed-4331-9365-cca772dc4c39,46,4,67,0,0,0,1,1,2
4f2aa8cc-f631-4a0f-8498-56c9c9b456e0,36,1,165,0,0,0,1,2,2
ee92cc67-56ca-4ec4-a07d-18a2c381ccf0,42,1,172,0,0,0,1,1,2
7cfbcbf2-befd-4b34-a261-1c554664885b,45,2,117,0,0,0,1,1,2
689a64e5-9ff0-4382-a7e2-59f2ea2b87ca,38,1,63,0,0,0,0,0,0
2a10c3b0-d662-4571-b690-a56add6a8686,25,2,53,0,1,0,0,1,2
bbb07157-3b9d-47aa-b3ed-294f2a3cd022,21,6,140,0,0,1,1,1,2
1adeb2b7-2f3f-4461-a3ef-1edf664a4849,36,1,177,0,0,1,1,1,2
427a0e11-7bc2-4d71-9b36-b478af0964c4,33,0,999,0,0,0,0,0,0
8920cb6b-ef3c-4543-be3f-c202facf4b24,35,1,134,0,0,0,1,2,2
0376d41a-a406-4db4-9a8b-03760b1edbcf,34,3,171,0,0,0,1,0,1
11f46959-7a97-4af1-aa75-7d646fe65bb3,60,1,6,0,1,0,1,3,2
ab78607c-e9d3-49f3-b9e1-3940b9f5a58c,21,1,9,0,1,0,0,2,2
f40c8933-1c5f-42f8-bc75-fd68834f00ee,18,2,77,0,0,1,0,2,2
512d87d3-de39-4227-960b-954b541419eb,38,1,146,0,0,0,1,1,2
9359fec2-11f6-4a22-8e89-eb14804f0f67,31,2,32,0,1,0,1,4,2
031b8c95-8283-4b20-8402-560ecead7d3d,38,3,61,1,1,1,1,2,2
938e737a-1943-40d2-9a03-87ed3a44f5c3,40,3,116,1,1,0,0,1,2
7d740abc-d405-4683-9b03-67994b351949,47,0,999,0,0,0,0,1,2
8adaa2d3-c547-43b1-ba09-19352fd2a082,19,2,134,0,0,0,0,0,1
dbd0f214-b09a-4271-bdbc-1bae980b3459,29,3,29,1,0,0,1,0,2
49ca166b-b48a-4416-ac68-18e87746ee66,39,3,123,0,0,0,1,0,1
cf48f7d1-ffe0-483e-a84c-27837d8e49b2,42,3,90,0,0,0,1,1,2
6023abbe-1beb-46a4-990e-fd6ebd61bfe7,56,0,999,0,0,0,0,0,0
b6e8d705-0562-43f1-a46f-1eb0dc33eb71,44,2,101,1,1,0,0,3,2
4a654e22-0bcf-4f76-bff8-cf92c118cd08,34,5,117,1,0,0,1,0,2
09d0eeb7-f7cd-4331-aea4-cf4304023356,26,3,106,1,1,0,0,3,2
e3e05603-56ba-4f0f-86f4-ff3f1e21a72a,29,0,999,0,0,0,0,0,0
ee421c04-5065-4546-8f2a-ba2443c34c7d,29,0,999,0,0,0,0,0,2
4238e472-3b5c-42f2-862f-10d60ff618bd,41,3,80,0,1,1,0,2,2
dfdf4675-b28f-4a53-9f95-918dbd8c3ce7,37,1,18,0,0,0,0,1,2
2d8aad5a-bb5a-4c50-bd67-c778fbada445,21,1,162,0,1,0,1,4,2
a43ce84a-080f-4803-87b6-3adc1e7da697,30,0,999,0,0,0,0,1,2
99e24272-eaba-4c4e-be36-699b99e26848,43,1,62,0,1,0,0,1,2
c185cf36-670a-4752-ae46-f394230de62d,38,2,175,0,0,0,0,0,0
32cc6542-fd59-4473-aaee-f4d6db3872a4,40,0,999,0,0,0,0,0,1
d0c10ddd-950f-4421-b3ec-3b568b601ab5,38,2,102,0,1,0,0,2,2
4326ce7c-ce0f-4b99-a64a-e666c7233244,51,0,999,0,0,0,0,0,0
b33f948b-361a-4a14-ba41-441ebf073fa0,37,2,50,0,0,1,0,1,2
5ff0e539-ce5a-40f1-8709-eae8c8243715,31,2,65,1,0,0,1,1,2
a71b16cb-52d8-472f-9437-9138fdf16f10,25,1,116,0,1,0,1,2,2
b1512487-40a7-451f-82ef-9c257c6c434a,37,0,999,0,0,0,0,0,0
b6e2c15d-12b5-4e1e-a35b-e3dd2bbb1dd3,18,2,51,1,0,0,1,2,2
0537c4c8-ff44-443f-a3fb-b8ad74f20fb8,33,2,78,1,0,0,0,0,1
efb9662a-3873-42ba-8efc-3d036380981d,32,0,999,0,0,0,0,0,0
3cd5e833-0b40-4741-bfa1-44c1f5032e9b,21,3,64,0,0,0,1,1,2
e4e885bd-5dfa-4459-833a-af2c7db1eed0,25,2,157,1,0,0,0,1,2
96472043-1bd5-4bdf-8d12-57d266963b72,43,1,171,0,0,0,0,0,0
6e0d9305-3586-482d-8952-9a29026af25b,37,2,119,0,1,0,1,4,2
a52e41bd-292e-49a4-a94a-7620016b5729,36,3,63,1,0,0,0,0,1
1dbe7f81-d644-4d5e-8f58-2816dc5740b9,38,2,80,0,1,0,0,4,2
1e2ed81f-368b-4550-b9b9-7e097ed3ce32,35,5,39,0,1,0,1,3,2
abb5f9c6-97b6-455b-8c47-f502ef73da52,47,1,87,0,1,0,0,3,2
97e06665-4c75-4fa8-b90e-c622a713bd5a,36,1,58,0,0,0,1,0,1
7ad6cc6b-a975-4adf-b34e-5cb7d173f245,20,2,177,0,0,0,0,0,1
8e428c2b-a917-403c-9dea-bfb9db97ca20,51,2,114,0,0,0,0,0,2
aef7b1fb-0753-4da1-8a33-53daba75a368,38,3,85,1,1,0,1,1,2
4c67e429-ebb3-4daf-929e-354af0c5dd8c,29,0,999,0,0,0,0,0,0
acfb2d36-50d4-42e5-a348-0dedce4aebf0,22,1,108,0,0,0,1,0,1
438b1d19-348e-4d9f-8b35-57904bbb583b,38,2,20,0,0,0,1,2,2
1c0c1afc-6e09-48f0-9596-d6360739b55a,33,0,999,0,0,0,0,0,0
54b64721-ee94-4138-8aa7-893fde8776a8,50,3,15,0,1,0,1,4,2
1c8889bd-b4fb-4ff0-9ec3-0e3ddb697a6b,31,4,46,0,0,0,0,0,1
abb68875-3dab-4132-8b18-42d5d7e90c8b,26,3,67,1,0,0,1,2,2
5a2ba8b8-069b-4eb4-a945-8a0820b250d0,43,4,115,0,0,0,1,0,1
ddf7b259-15b3-4f02-98ee-f814e63d645d,44,3,87,1,1,0,1,1,2
aff17df1-6be3-4dd2-9911-1c34f411f29c,36,2,76,1,0,0,0,0,1
9b924e8c-5b3d-4b9b-a4a7-0381db6b782d,41,1,4,0,1,0,1,3,2
7fd64851-dd37-4c45-9970-a26bcac70988,34,1,103,0,0,0,0,0,0
bd42511d-48ab-4848-8359-b79a727e144c,37,0,999,0,0,0,0,0,0
739c3b28-191c-409e-b18a-3e40b9b4ddba,46,1,121,0,0,0,1,1,2
07dc173b-b315-4128-9d58-1d80c9da3c02,41,1,108,0,0,0,1,0,1
bbd86382-5f6b-48b7-9e4d-9ac82cbd98d5,33,0,999,0,0,0,0,0,0
871d709c-af7a-4f2e-a283-ef363128454f,48,2,38,0,0,0,0,0,1
02edce60-4b79-4687-805e-a74a208c7341,18,4,82,0,0,0,1,0,1
7d0d1241-478e-4bfc-88fe-d554490b29fd,55,2,9,0,0,0,1,1,2
60cb4ca8-5156-4ae6-b23d-28cb364be55a,18,3,166,1,0,0,0,0,1
67b09f2f-3b21-48a5-94a5-5c71056ebb22,28,3,158,1,0,0,0,0,1
06018d98-e114-41d1-a5e4-60c878116e1e,34,1,77,0,0,0,0,1,2
960c5cf2-87e5-48bf-ac6c-e0fd673c8459,33,3,7,0,0,0,0,0,1
25abd8a2-99e2-4c75-aeb1-dd24553ea319,45,0,999,0,0,0,0,0,0
8398b6a5-2745-4246-9d84-7c3b32c9515c,24,2,132,0,0,0,1,1,2
e284b5da-84ee-4915-8b02-17df22372dc2,37,1,163,0,0,0,1,0,1
104d4c3e-5197-44bf-bc65-9a50e2949e78,29,3,107,0,0,0,1,0,1
60f22586-1ce1-4f86-bd6c-fbbe49957e8b,37,2,5,0,0,0,1,2,2
8aeea34c-59f8-427d-8442-b144f061fe00,34,1,59,0,0,0,0,0,0
4bac2703-33af-4846-814f-1076418fef0f,35,1,101,0,1,0,1,3,2
b91d7e25-4d39-44c9-9eb0-6105e061e9a6,29,3,100,0,1,0,0,3,2
4379b4ac-7e04-4b8d-834b-ab86d2008251,29,2,104,1,0,0,1,1,2
dca5de98-1644-4c93-9894-5f554d7da404,37,2,121,1,0,0,1,1,2
4b01837b-2a7d-4fb1-93d8-7a12cf529f8c,44,5,170,0,0,0,1,1,2
c431a8fd-fd7c-4a42-8ceb-ec2c88920e5d,29,2,20,1,0,1,1,1,2
ba2abb43-312c-4c29-a155-208a37612917,26,2,100,0,0,1,1,2,2
1b0a8897-d38d-46c1-b7dd-13fad318c8a5,41,0,999,0,0,0,0,0,0
464f042c-921a-47de-84be-799a62763207,34,2,158,0,0,0,1,1,2
84dda83d-1a40-4942-9f35-25fcc94878b9,43,2,74,1,0,0,1,2,2
daa883bb-5eba-4e69-b6fb-0eb19971eeb1,25,1,79,0,0,0,1,3,2
4566c54b-687a-43e2-8d73-225213a90d17,18,0,999,0,0,0,0,0,0
e39dc0ee-70ba-440f-99c9-b8b994263410,29,3,114,1,0,0,1,3,2
83619333-0cbb-41ad-829e-32bd76d23827,27,1,22,0,0,0,0,0,1
e2c6e9d9-89bd-4b7d-991f-3314b58dcb6d,34,0,999,0,0,0,0,0,0
42df7f53-8c79-42c3-a63e-051757634620,28,2,22,0,0,1,1,0,2
24779c7e-d1bc-449a-ada6-a215b58d95ae,42,1,51,0,0,0,1,1,2
293f3918-afa9-4c8b-9c1b-abf8cb2c464f,32,3,2,0,0,0,0,0,1
216f65b7-1558-4158-aa57-935e30fc98d2,36,4,176,1,0,0,0,0,1
b18d4b13-f647-47d7-ae42-b99bb83103aa,36,5,69,1,0,0,0,0,1
ca37d95f-d256-45b0-a15b-632ceeb7b05c,36,1,147,0,0,0,1,0,1
686b555e-e22d-4ec1-ae36-5ac2b9cbf008,34,5,109,0,1,1,0,1,2
81541ff4-6f73-4093-806b-15d790550fb5,40,1,29,0,0,0,1,1,0
cd605c17-7e69-41c5-9ce4-fda892ed00a2,27,0,999,0,0,0,0,0,0
a7c60765-01cc-4812-b6d5-3194c30056cc,48,3,69,1,1,0,1,3,2
e450b991-d94a-4452-922d-18a673cc2948,32,1,158,0,0,0,0,0,0
01b5b8ca-5baf-41f9-abcc-af9214c5adbd,21,1,143,0,0,0,0,1,2
db528afd-2b25-4676-af2b-71b537119554,36,2,28,0,0,0,1,1,2
644c1f27-dfd2-4805-b7e8-c20562ca3304,26,4,21,0,0,1,0,0,2
a2c0e24d-4936-4be7-9f06-45a448c88f7f,41,0,999,0,0,0,0,0,0
ff4e8c3c-fd57-4176-8cbb-bf93694e7311,57,0,999,0,0,0,0,1,2
a3261136-262d-4ed2-bbf9-df4031fa527f,27,3,84,0,0,1,1,2,2
4819dc89-a567-430c-8c0f-b67673a769dd,38,1,135,0,0,0,1,2,2
e82a825e-b13e-499b-907c-6d8ff4989fb0,18,3,64,0,1,0,1,3,2
1c6ff0ee-a3c9-4a80-843f-6342bdff4ebe,39,2,157,1,0,0,0,0,1
ec6e72e9-e422-417d-899c-5e86ab7231c4,26,2,1,0,0,0,1,2,2
aaab6363-a581-43ab-a336-aa05817303db,28,2,23,0,1,0,1,3,2
a7df3e6d-9c86-44cf-857f-f9261c308de9,23,1,176,0,0,0,1,0,1
55b9efab-614b-4ac9-90a7-49e27f5a46a8,42,7,11,1,1,0,1,2,2
f1975907-6ef2-4425-9993-f57248fd2762,45,0,999,0,0,0,0,0,0
15836a46-8794-470d-9fb0-d8493f390f4f,35,1,13,0,1,0,1,1,2
ab2c9fd4-631a-4479-b2f4-92e249b41aed,26,2,26,1,0,0,0,0,1
d035633b-f9c6-40b6-9527-f290724d6bf3,50,3,65,0,0,0,1,1,2
45a3fbb5-2099-4ca1-9ee9-921a0c9a3707,27,4,176,0,1,0,0,1,2
192f1c8e-fe66-4d8a-b346-09373b4d68fa,18,2,44,0,0,1,1,1,0
5ac0d8c1-e23b-44f3-873e-698446b64f76,39,0,999,0,0,0,0,0,0
e9092ceb-57de-4d56-8a7f-afec47f0402c,23,1,57,0,0,0,1,2,2
631f058f-8cfa-4969-8142-31260c761996,44,0,999,0,0,0,0,0,0
9aa8f292-3c5d-41e9-a397-395ce65a1158,31,5,71,1,0,0,0,1,2
e9721701-ca71-4879-9794-d6fb48966be3,41,1,65,0,0,0,1,0,1
c5af1260-4cf1-4e6d-8a04-c939632a6ba2,49,3,104,0,0,0,0,0,1
4df853b3-000d-4e9d-959b-5eace939504c,22,1,105,0,0,0,0,0,0
d0dd24a9-bd53-4aa9-80f5-1d2c0644c8c7,29,3,53,1,0,0,0,1,2
c6532ab5-8dec-44a2-8aed-0fba17957b2f,34,2,156,1,0,0,1,0,2
ba9b309f-1673-460a-b463-0ccbd32a331f,50,2,88,0,0,0,1,2,2
be564d83-bc5d-4be7-941e-e7bc5bfe0d98,28,3,3,1,0,1,0,0,2
58f3e06d-225c-4139-b877-318fe79713ea,29,3,137,0,0,0,1,0,2
24a0130e-92b0-4a2e-a33a-77556fc9ff80,39,3,120,1,0,0,1,1,2
c8a474d7-f9dd-4f32-a59c-93f5b8caf1fa,29,4,43,0,1,0,1,4,2
6b8ee73a-5037-45d8-ad73-2fe2e71c53a7,36,0,999,0,0,0,0,0,0
053dc574-5253-4eb6-a527-ac97a75361d4,19,3,61,0,1,0,1,4,2
67ea065d-aec3-4641-8086-2510e0bf775e,57,3,93,1,1,0,0,3,2
68dff088-f0db-4633-b515-61d3567339b1,21,1,4,0,0,0,1,1,2
f0895e71-0cab-4941-a852-26ef2fbd7545,31,3,43,0,0,0,0,0,1
8fa23406-bc59-4598-a97a-3d8105b96fb4,34,0,999,0,0,0,0,0,0
df91e37c-1407-465f-a290-714a2aa38b38,54,3,72,0,0,0,1,0,1
12537894-565e-422e-bea9-48997cd23db0,21,0,999,0,0,0,0,0,0
a322b6e2-8dc7-47fd-8b88-77a3fec237be,54,0,999,0,0,0,0,0,0
46d1dd68-10b5-41d4-8132-c7da0602456f,42,1,18,0,1,0,1,2,2
299729f4-6534-4c6c-afe9-3577b80f8657,39,2,12,0,1,0,1,2,2
9a0c10f8-7541-4967-ac33-555a16c01ba6,25,1,127,0,1,0,0,1,2
5f0e99c5-989b-4d65-bb8a-ccc6f64a9355,40,6,20,0,0,0,0,0,1
fe19e73c-2bdc-4ba0-8a66-f81fd1f8c352,27,3,38,1,0,0,1,0,1
6a03c151-8f57-4512-b4a0-d7e61a9e7242,47,5,65,1,1,0,1,1,1
693a41e3-c144-4509-85eb-0d7a21066830,25,2,29,0,1,0,1,4,2
83e70229-2053-4971-9634-eeb155584c8d,33,3,150,0,0,0,1,1,2
5d46000c-0088-4e2a-a177-8b8557e01c88,29,4,154,1,0,0,1,0,2
f0d7ba4d-793a-45fa-b747-2e1dae69eab5,25,1,128,0,0,0,0,0,0
c517471e-0e7a-42f7-a8ad-dda66d5657cb,42,4,70,0,0,1,0,0,2
13c39467-f0cd-4f5f-868a-f182b98319b6,40,0,999,0,0,0,0,1,2
ab689ad6-cf41-453e-abb9-fd19002f510e,47,1,94,0,0,0,0,0,0
77f2cbea-c8d6-4f7b-8aa2-2da6e17d62d5,18,0,999,0,0,0,0,0,0
cc255d89-e7d9-4688-ab18-3f8006ef20a6,45,3,156,1,0,1,0,0,2
75023d2b-3b52-490f-bf5c-4a6933ae4e14,60,2,141,1,0,0,1,2,2
175bc841-f4ac-4229-8241-407ac518fede,30,2,59,0,1,0,0,3,2
c4d82b08-053a-4ed9-ac8c-968f15c410b9,53,2,170,1,0,0,1,1,2
53b8d76e-b2ee-4a7b-a1ef-8326ff461a26,32,4,4,1,0,0,1,0,2
55f87660-6a9a-4124-87bd-eb66dab3bb7e,21,1,109,0,1,0,1,2,2
94190e27-b44d-4dc8-860d-dac72d9c8b40,31,3,32,1,1,1,1,3,2
d90c5825-9250-49e3-9541-da72362a47f5,45,2,92,0,0,0,0,0,1
34f68b0f-f291-49e8-a93e-a3dd33f011e8,26,0,999,0,0,0,0,0,0
67f70150-213b-42f1-8a63-b48152bc7005,28,1,6,0,1,0,1,2,2
a67a75c7-89e9-40ef-9951-b3b62d3056e6,40,0,999,0,0,0,0,0,0
4a72a1f3-61ba-447a-83bf-28c973214fcd,35,0,999,0,0,0,0,0,0
396e9bfc-3a3a-4aa9-bcbe-2ad64efac7b0,40,2,72,0,0,0,0,1,2
8fd18e30-1245-4e9f-865d-cd820d6c3d9d,37,3,144,1,0,0,1,1,2
81344ac9-5276-404f-90b1-73deda80b67c,39,2,133,0,0,0,1,0,1
8f0882a6-2f50-4ef2-90d8-01695a55e331,30,2,54,1,0,0,1,1,2
ba602b20-8779-48f3-b68b-36401a15a8bf,37,8,128,0,0,0,0,1,2
5767f46f-dd4d-46b3-b9f9-3869f13fc1bf,25,1,10,0,0,0,1,2,2
de861fcd-d39d-4364-828c-00eca01e89d6,47,0,999,0,0,0,0,0,0
c88cee09-0b73-4775-a472-317e4d05be20,28,2,144,0,0,0,1,0,1
54430048-6d97-4b76-95e1-74771200ae33,46,3,56,0,1,0,0,1,2
a6fb046f-3f54-4a03-84be-72d0b0b3e197,32,1,166,0,0,0,1,0,0
7a8a4cd0-8502-4665-9559-9ad8bd3b6f46,37,0,999,0,0,0,0,0,0
5f406a3c-4ed4-4746-ab3a-1259d5c2df54,30,2,52,0,1,0,0,3,2
8379d03f-8548-4b6f-862c-4f066df25726,24,1,90,0,0,0,1,0,1
59ca1d8f-9759-49a5-b9ce-a1cfc7d1ad49,18,2,4,0,0,0,1,0,1
464dfe5c-d836-4d97-8411-051394fc5325,24,1,101,0,0,1,1,0,2
857bb64f-e511-4098-b3b4-6aea9114d050,31,1,7,0,0,0,1,1,2
34db265b-4feb-422e-8f15-e2415d812c23,37,2,140,1,0,0,0,0,1
2f83e4d2-9d3a-47e7-97f8-a398245a4b7e,45,3,2,1,1,0,0,2,2
c120f62a-30c7-45ca-92d2-8a238878ad4c,30,1,26,0,0,0,1,0,1
929e44b5-8dba-4d35-94ad-ae30b695ce6a,26,2,49,0,0,0,1,1,2
c9357425-3f41-4fe6-8b7f-b6d566eda732,20,2,100,0,0,1,0,0,2
dc4f2b12-ed5f-4daa-9049-dba70bca4b1f,39,4,53,0,0,0,1,2,2
2ae9e2c5-6ceb-492e-b542-d6a674d2e44e,48,1,124,0,0,0,1,1,2
26fcbf15-2d7a-4153-8c13-9156e56af47c,47,1,55,0,1,0,1,4,2
fc9d68e9-fbfa-4a74-896b-b7baa5327057,42,2,147,0,0,0,0,0,1
ba210952-995d-4295-bd57-a0adf08cbcc8,41,0,999,0,0,0,0,2,2
c2166f9e-610b-4921-bb2c-06a29cc717dd,51,1,140,0,1,0,0,3,2
2bd92c47-e526-4228-a590-33186199443a,38,1,115,0,0,0,0,1,2
83203773-a078-4ef2-91de-a5a5c6d084df,41,0,999,0,0,0,0,1,2
64b9ced7-a73c-4dde-965c-31e3b33f702f,31,4,49,0,0,0,1,1,2
feb40f4a-0ffc-40b0-96af-d57523764ff4,21,1,105,0,1,0,0,2,2
51ecfc04-5e72-40db-a36a-d3234463d036,28,5,87,0,0,0,0,1,2
a3cb3cd7-b9ac-4f07-b571-3bcdd95b4ae6,34,2,83,0,1,0,0,3,2
94cceb4d-a33f-4b28-9d18-c2ec2f0dcfd5,35,2,26,0,0,0,1,1,2
4fed389c-d146-4ff1-81a2-893537741087,54,2,17,0,0,0,0,1,2
40d0cbc8-2b27-4ff1-a377-23b81c45d76f,35,4,155,0,1,0,1,2,2
cca12558-9f71-4754-9fd8-4e5a04688ac9,46,0,999,0,0,0,0,0,0
8c9c2834-1d97-4a16-816f-637b1579bcf7,30,0,999,0,0,0,0,0,0
07fdb7ff-8f65-440d-b5da-d8d61519443e,31,4,31,0,0,0,0,0,1
d8c957bf-f77a-4ff0-97a9-dc96c0a93f22,21,1,6,0,0,0,1,2,2
14f9a458-bbf3-4eb1-b98c-d9620cf8e00a,27,4,142,1,0,1,1,3,2
55dfd942-6377-4abd-b8ff-097a79193aa2,40,2,77,0,0,0,0,0,1
2afbeb66-ae02-4fc3-abb0-0c8f0750fe9d,35,2,162,0,0,0,1,1,2
9e90375e-396b-44b8-a98e-f80d62a76ce3,44,0,999,0,0,0,0,0,0
ed9a4c8d-ae61-4f93-869d-ad8496a2c91b,36,2,39,1,0,0,0,0,1
89e0ad68-e1f5-429e-853a-239db094c19b,31,2,114,0,0,0,1,1,2
f1bb8390-39be-470d-9498-282ecceb7175,56,2,49,0,0,0,1,1,2
10a413b4-21b7-418f-be11-9ee34b6cba89,34,3,94,0,1,0,1,1,2
22d50630-7023-4048-8c21-084618a361fe,46,3,89,1,0,0,1,0,1
01ddf865-cc60-4bb0-a572-d1f16936629f,30,3,154,0,0,0,0,0,1
6c7c5dcf-10e8-4bf4-9809-7d6a3b89bdbf,42,4,159,1,1,0,1,3,2
be0dd293-da58-4e4b-9d8e-522f39dbd4e1,44,2,11,0,0,0,0,0,1
ad919bf2-1add-466a-b53b-bee99e81f4fa,37,3,110,0,0,0,1,0,2
ca5a83cf-dff6-47a6-aaea-666a1dbdba5e,18,2,29,0,0,0,0,1,1
c30350fa-3e6e-4581-ad80-735a923d97b6,35,1,151,0,0,0,0,0,0
d8b18f9f-1232-412d-8a35-4a7abbdfeea0,47,4,87,0,0,0,1,3,2
b7ec751c-5c05-474a-99d5-f5a8e9a6f0ea,40,4,3,0,1,0,0,1,2
52e84bdf-665b-4621-95fd-ca8efbf3c63d,39,5,4,1,0,0,1,1,2
ebce2f1f-d0d2-4c8c-a456-4d498f6a2aa1,18,3,131,1,0,1,0,0,2
649eb690-1b2f-4c92-9ad6-144e4fc933cd,27,4,136,0,0,0,1,1,2
cba6197c-3616-4a1a-8ef9-43696d84760e,39,1,118,0,0,1,0,0,2
c1e17b4c-3d4f-4c31-872e-9e337594ad9c,39,2,50,1,0,0,1,1,2
7d9298a6-4a8d-4261-80ca-cb44ba2f893c,47,3,167,0,1,0,1,5,2
31ee8be6-dab9-4009-aede-95d3a631b0bf,33,1,52,0,1,0,1,2,2
54147441-4c0e-48ea-b5a8-67a4adec1648,39,1,97,0,0,0,0,0,0
e42151c6-43ab-438d-ac61-0b2a86ad2858,35,2,95,0,0,0,0,0,1
364ef9e8-63fa-45c2-86d8-2c4aeb0135ec,25,2,159,1,0,0,0,0,1
c328506b-fe4a-462b-8c52-80a804a3100b,18,3,176,0,1,0,1,5,2
9579b45d-bfb7-4e3b-83b4-9acefaa3793b,39,2,4,1,0,0,1,2,2
de2dcb79-3645-4ea8-b80f-2ead1057750d,36,3,31,1,0,0,1,2,2
a2b32585-e4e0-4ce9-9408-76c39d73a347,28,1,132,0,0,0,0,0,0
ac587da8-1efc-41c4-9626-619385f1771c,18,1,64,0,1,0,1,5,2
b5169aa8-40a9-4533-aef0-16f6dc801d9b,41,0,999,0,0,0,0,1,2
898965fa-2077-4572-b9c7-aaa32d17e354,32,2,154,1,0,0,0,0,1
0aa7f638-d47e-4640-b574-8465a1506dae,40,5,109,1,1,0,0,0,2
51c3656c-04da-445b-b54f-3ce2f188d373,53,0,999,0,0,0,0,0,0
0c4657d9-a4f0-47d3-9a61-f19a535ffded,18,1,111,0,0,1,1,0,0
389cd87c-23a4-4074-954b-c8518bc45689,28,1,72,0,0,1,1,2,2
f46095f1-d7a7-4075-b6cd-e2968b4700bd,32,1,27,0,0,0,0,0,0
93f1f9f1-1568-4cb0-8700-d1faa5ba2668,49,2,87,1,0,0,0,0,1
e3fb39d1-04ed-466a-86e3-817a1a0b7a4b,18,3,35,0,0,0,0,0,1
434d52c1-1c3b-4bef-98e7-e907e8faaa4a,54,2,100,0,1,0,0,3,2
28de45b4-a900-455c-9d5b-d42f784c88ec,36,0,999,0,0,0,0,0,0
3c24d198-3b92-4705-b9e8-0d07248c52fc,34,2,161,0,1,0,0,3,2
cd9374fe-500c-4191-9b48-bd42f1528d3e,33,1,66,0,1,0,1,3,2
31bd5bbe-9190-4e25-8c74-bd61f5965fac,30,2,20,1,0,0,1,0,1
ecb4ab26-2bee-4d09-845b-d31ac4a5c56f,45,3,38,1,0,0,1,0,2
2aff21ad-b0bf-41df-902f-40c4baf81a83,24,2,164,1,0,0,0,1,2
a5776739-82b5-4665-8f7d-73c0e322039e,38,2,41,1,0,0,0,0,1
ee1679ec-4d18-4b56-95ca-0c6dad048c91,31,1,163,0,0,0,0,0,0
8e3d56a2-69c0-4e70-9280-12ddb4c82051,27,0,999,0,0,0,0,0,0
e886bb15-577e-4f75-80bd-80f35ffdb177,60,1,16,0,0,0,1,3,2
d4e77ecf-64ec-46a0-ab91-ab56c3a8bcb0,39,1,53,0,0,0,1,0,1
620336f6-cbe2-4959-96ad-3487eb130920,41,0,999,0,0,0,0,0,0
fb325019-e172-46bc-8448-9c602224c1f9,46,5,156,0,1,0,0,3,2
8c54bd0f-49c0-4b13-b9c9-ae2a9544525f,20,3,152,0,0,0,1,1,2
2ea7c7ce-7f62-4e76-bfc8-77cc9c516fd5,52,3,148,1,0,0,0,0,1
2624a964-4c79-4397-9d16-34f691016af1,18,0,999,0,0,0,0,0,0
2e685207-4660-4350-b69f-62ce47c8d454,27,1,156,0,1,0,0,4,2
7b56066d-4106-45c4-98ef-098654244738,30,4,130,0,0,0,1,0,1
d1e9d2a0-d337-4232-8f06-9490c0e79380,40,0,999,0,0,0,0,0,0
015f7fc6-9eb0-4cf2-aba9-48cbcea7b1e6,37,3,54,0,1,0,1,3,2
a58839a8-9698-43bb-80b5-c4f974d6ab6c,33,2,178,0,1,0,1,4,1
d5069f77-9be5-435c-90ac-2ec214338b6a,34,2,89,1,1,0,0,1,2
ae0e7b1c-e557-4162-ae19-b4d0298fe0e9,25,2,38,1,0,0,1,1,2
e3a523ad-1df1-422c-8e3f-a61063648c03,20,4,158,0,1,0,1,2,2
6b4a9790-465f-4f4f-8c3e-e3517f2e20b3,42,1,162,0,1,0,0,2,2
c1e7cf82-4834-4c95-9ae0-a04f8da11fa1,41,2,68,1,0,0,1,0,2
d8c007bd-bfe3-4920-958d-bb91614d4069,50,0,999,0,0,0,0,0,0
82397149-f476-4be1-8f61-4453fee21f10,27,4,26,1,0,0,1,2,2
e0412e42-e220-4496-a564-c55e7d15c2e2,41,2,153,0,1,0,1,2,2
b6bade55-2d95-498b-b2d4-8b00cde16d18,32,4,154,1,1,0,1,3,2
d747b1b5-ccd5-4fba-9caa-bc5d38271912,46,3,12,0,1,0,1,1,2
1bcd8ce6-e68a-4c6c-8461-520b4a9fe476,45,4,119,0,0,0,0,0,1
e68be566-10d6-4efe-9292-9586c4cc2299,37,0,999,0,0,0,0,0,0
9a77656c-675f-427c-ab2a-c71d0a231514,31,4,64,1,0,1,1,1,2
e2c26c55-2d7a-4641-9d01-6d12f196567c,44,3,113,1,0,0,1,2,2
11d5f9ef-d31f-4974-a7db-75438222ee62,41,1,78,0,0,0,0,0,0
8ada5ec3-b49a-4334-ac73-80806fce3a0d,28,1,76,0,0,0,1,1,2
ef97045b-abb7-45b3-8284-4af2bdb4ae61,21,5,68,1,0,0,0,0,1
b2ac8579-069b-4d75-9a64-931e5550d0ac,32,1,89,0,0,0,0,0,0
e5a087d9-657e-4d22-8783-642f03e97713,50,0,999,0,0,0,0,0,0
2603fcb5-3bff-4740-bf81-bad4b6f9da38,46,2,149,1,0,0,0,0,1
5075f06b-6a1b-4a19-afae-1c721df75230,23,3,123,0,0,0,1,1,2
0b7c4aa4-ed3c-4f7b-9b76-44cccbf90b55,23,2,0,0,1,0,1,4,2
3663c36b-337e-43d5-9903-dd4bd5db398d,47,3,142,1,0,0,0,0,1
19d9ba8b-46dd-4980-9121-ee9d599a57c2,23,2,93,0,1,0,0,1,2
32f99b8e-5cca-4aa3-b073-f60cb10a4eae,40,2,66,1,0,0,0,0,1
036b8247-9b71-4999-af27-95b431fbe1bb,28,3,4,1,0,0,1,1,2
db7e20d6-695d-4d14-a00c-e3869d62fcb1,51,2,24,1,1,0,1,3,2
e33eff97-463f-446c-bbc3-5129001072b0,27,3,74,1,0,1,1,2,2
9fbf3a0a-3753-400b-af9f-fb83f42a32f8,46,3,61,0,1,0,1,4,1
55f9c643-f7c5-4e13-9093-1fda2a0dde0f,36,0,999,0,0,0,0,0,0
d870e665-d1a9-44d5-aeb4-35d98ef491eb,37,3,141,1,0,0,1,0,2
105d3a32-71c4-4990-b0bd-d3341d047490,18,0,999,0,0,0,0,0,0
7e5a9dd6-890e-4bf1-99ed-caa18626f146,18,2,112,0,1,0,1,2,2
0cd310fd-2503-422c-ae28-2285edc47ad2,32,4,120,1,0,0,0,0,1
724cc5a6-98e2-46af-a844-8c95d1e6a3bf,37,1,179,0,1,0,1,3,2
04e54918-1246-4302-bbec-de808773e536,23,3,26,0,0,0,1,1,2
7e756c35-5b14-4562-a777-0f328bdc67dc,24,0,999,0,0,0,0,1,2
7b47a225-577e-4612-98cf-892a06649b56,40,2,0,0,1,0,1,2,2
36632d5a-7854-4dde-95a0-3552687ec818,40,3,45,0,0,0,1,2,2
212654d7-0fd4-4092-b6e3-ff5a79816c85,33,3,132,0,0,1,1,2,2
bab49c72-12ec-4929-bce9-e0d795fb2069,42,4,61,0,1,0,1,3,2
1fc79ada-2131-4723-9b36-efc58c10885a,23,2,55,0,1,0,1,4,2
2ad1b41c-63e1-4fda-897a-b156c4b3f196,31,1,20,0,0,0,1,1,2
379dc94b-844a-44f8-ab3a-07f498b54418,51,6,103,0,1,0,1,3,2
72bea190-b30e-4063-be13-161eb2bd8413,35,2,100,0,1,1,1,5,2
c43f7ddd-8026-44a1-abba-1917e01cd38a,36,2,123,0,0,0,1,1,2
2ef86b5e-82b8-42fe-9354-58ebe74b0f8e,58,2,65,0,1,0,1,1,2
fe824e62-abbc-4291-b1b4-c3f477ccff40,21,2,172,0,0,0,1,2,2
530bb55c-e722-4d72-bf57-11023814c417,42,1,114,0,0,0,0,0,0
97208781-cb2f-4639-a9ae-8a3f44186301,51,4,17,0,1,0,1,3,2
1d0d7851-772e-4b2a-94bb-e953c2ffe0fb,31,1,14,0,1,0,0,3,2
d92a3e43-8190-4798-8c4c-f0f743967ffb,43,4,173,0,0,0,1,0,1
36b37dd2-952f-4fb3-9a64-ea86c53768d3,25,7,32,0,0,0,0,0,1
e7aef979-268a-442d-ae12-63131eebc320,28,3,10,0,0,0,1,1,2
07e77291-afc1-4b40-9f59-0be5447ded4d,38,3,178,0,0,0,1,1,2
07749173-cf29-4cb7-b028-d1aa3bbcf769,42,1,28,0,1,0,0,3,2
67588017-af4f-4b50-b4da-e37915028f20,46,3,7,0,1,1,0,2,2
567f182d-3f14-43ad-a8b8-c97940255297,50,4,29,0,1,0,1,3,2
10bcb358-422d-4e3b-9386-10d532bc139f,34,3,106,0,0,0,1,0,1
d43ba9f5-3bde-4382-92eb-22342b8b8c2b,46,1,52,0,0,0,1,1,2
fb9041b8-d4f7-4599-b5d7-0924ecd7654d,31,2,73,0,1,0,1,3,2
4e1437fb-d061-4c60-8237-2e4ea13c2e8d,44,3,5,0,0,0,0,0,1
fc199f6d-3461-4e16-8f51-f35fa6e7d4b1,37,2,44,0,0,0,0,0,1
897209cc-9efd-4f56-95a8-65105fb14270,39,2,62,1,1,0,1,2,2
9a6b9fa3-043a-4493-9e46-84a02c662fca,39,1,128,0,1,0,1,3,2
3bba11db-3889-443f-83c6-5ced8a37df34,18,1,8,0,0,0,0,0,1
003a58b0-ebc2-4565-a440-099f99a0354a,23,0,999,0,0,0,0,0,0
3fa67181-4426-4f82-8fb7-a5246295c79f,36,1,179,0,0,0,1,2,2
8f89a257-4236-4f8e-8eec-aea41967b864,18,1,54,0,0,0,0,1,2
8a8deafd-6fff-4ce6-bac9-c171bbcecba4,43,4,120,1,0,0,0,0,1
d83ab768-88d4-46b0-9db3-d16e7d0927ba,43,0,999,0,0,0,0,0,0
c7676e9d-c86c-457f-87b8-63b358e91319,38,0,999,0,0,0,0,0,0
46eeadab-f923-4ff0-89c7-e918a990f9b8,23,0,999,0,0,0,0,0,0
6e6321a6-b2fd-49f6-a885-4abc4c620d05,48,0,999,0,0,0,0,0,0
1a7b1600-8b5c-4f11-9577-fd32e1bfbbbf,55,2,93,0,1,0,0,3,2
071708b6-bff2-4989-a1ad-c2ddf919854f,36,3,145,0,1,0,0,4,2
96949a4b-1c96-4fd3-9b44-c87ffcf87794,40,5,60,1,1,0,0,2,2
506d12de-06ee-4a1f-a66b-07fa94663a1f,37,0,999,0,0,0,0,0,1
d4a30427-3fa8-4fd2-ae4f-939d2af7e2fd,40,0,999,0,0,0,0,0,0
89fb92e0-a993-4f55-aabc-57692e0b5dd2,33,1,5,0,1,0,1,3,2
79df9af1-d867-4d9e-98c8-09e5661a84c3,34,0,999,0,0,0,0,0,0
320d32ad-299c-484d-b892-2d9a7c4537c4,44,1,109,0,1,0,1,3,2
2b2d5249-e807-4e13-ba87-eb2dc2257f21,58,2,12,0,1,0,1,2,2
7bffa971-7488-4fdc-b998-20b101fbea3d,20,0,999,0,0,0,0,0,0
328d4eb7-45fd-4720-96f8-dae526439bb9,33,4,85,1,0,0,1,1,2
5db1b5eb-d53d-4a71-94da-a22c263d6239,23,2,82,1,0,0,0,0,1
0e07f1fb-b1df-407c-ba5a-2692f6ac639e,50,1,171,0,0,0,1,0,1
55074292-ab2a-4a2d-8c08-c19af201b7cf,29,1,135,0,1,0,1,3,2
8658b295-64fe-4ebd-938c-6c89e5401c03,20,4,86,1,0,0,1,0,2
bb82b3e5-1eab-445d-95d0-1bd6c8b8f37c,41,5,24,1,0,0,1,0,2
1c180c44-0cfd-41d8-965d-21003c330098,52,1,160,0,1,0,1,2,2
aa73e020-e5cd-4ae1-9d9f-4c9ac7016cd7,41,2,64,0,0,0,1,1,2
ba4392c9-84f8-44d2-ad28-612ae9b1d23d,37,1,144,0,1,0,1,1,2
f166584d-9a31-40f0-b469-b54290e4c83c,39,2,116,1,0,0,1,0,2
bee870b2-fad8-401f-af5b-74eed21f37cc,49,1,51,0,0,0,0,1,2
c90391ef-312c-4149-afe8-b3e0083d71c1,26,1,14,0,1,0,1,3,2
77b61b26-7f50-47c3-984b-7d93f828d8ab,33,2,50,0,0,1,0,0,2
10b7d030-74fb-4ec7-b6a1-a6d5cbfa2f7b,30,2,126,0,0,0,1,2,2
fd101744-2156-41d6-9522-4c99653d4694,23,1,61,0,0,0,1,1,2
29a87891-8657-44ee-bea5-9056a3776041,31,2,90,0,1,0,0,0,2
3639277d-7572-4ddb-b973-8bb497a8266c,46,4,59,0,0,0,1,2,2
37a14634-a711-436d-80c7-47fd41adc854,40,3,29,0,0,0,1,2,2
3089874c-663c-4443-9547-df7fa422a8ca,41,0,999,0,0,0,0,0,0
26be1834-6c9a-47dc-9c7f-2f3d886f7aba,36,2,33,0,1,0,1,4,2
0c080c26-e8c5-4499-9c27-9233d00f35b0,40,0,999,0,0,0,0,1,2
0001ac61-7323-4768-bab8-d19b39d9fba2,26,2,39,0,0,0,1,1,2
9cdec9e4-2fc2-4264-a6d2-4dcc3a9ac50c,31,0,999,0,0,0,0,0,0
02ad5b18-bfc0-437f-8690-c02b64a6fc85,36,2,10,0,1,0,1,0,2
46141bcd-2399-4da7-952f-26203eed5f3c,37,4,28,0,0,0,1,0,1
604267cf-5c00-4ba9-8ef7-b2f4d17e1baf,38,3,10,0,0,0,1,0,1
fea4c7f9-427b-49f7-94e0-e82e62bc0db2,33,3,128,0,1,0,0,2,2
ef87ec42-e776-4abd-8fd2-7198370a50ad,31,1,156,0,1,0,0,1,2
b1fa343f-b11c-4dbe-9df4-c1f00c471b61,66,2,58,1,0,0,0,0,1
26b87dd8-6daa-4a86-bb7a-5e571989e603,44,3,90,0,0,0,0,0,1
75cba680-5125-4b0e-9d57-37aecfa94cd9,39,5,35,0,0,0,0,1,2
587dad6e-b9ef-4ed0-b6e3-7251bcd5623c,32,0,999,0,0,0,0,0,0
dede69ee-bd6d-4252-947e-f5c087c7a477,30,1,94,0,1,0,1,2,2
ce98da9d-2f29-4f1a-9e10-c29d7deea05d,33,1,59,0,0,0,0,0,0
ddcea77a-3c46-4339-9b19-658c8bcf52f8,37,2,14,0,0,0,1,0,1
a955e273-020b-4c68-900f-4ae4992662c7,18,2,33,1,0,0,0,1,1
b5daa0bd-d81f-49fa-a45d-eaa1f5514356,19,2,15,0,1,1,0,1,2
1c69a6d2-e132-4d28-9e4b-2860e95ab237,28,4,150,0,1,1,0,2,1
80ad043f-b956-4ab7-9064-a29ab849b57c,37,0,999,0,0,0,0,0,0
c43e4a1f-7780-45c9-bfb2-316fd863bcdc,32,1,125,0,1,0,1,3,2
5cbecff0-3ab1-41d5-a6ec-f856838ea3cb,49,0,999,0,0,0,0,1,2
a523d966-956a-4092-a1fc-54636ed3e0f0,20,1,31,0,0,1,1,1,2
d70fc696-5c89-4e5a-91b4-6a466fab9909,27,4,143,0,0,0,0,0,1
db0b085d-bc89-4f15-94fa-eb5640816a43,50,1,78,0,1,0,0,3,2
319c919b-f2c4-401b-921a-4df42896302d,36,0,999,0,0,0,0,0,0
4159c0f3-9a88-4989-ae8e-b5a1aeeb7899,43,5,141,1,0,0,0,2,2
164aa07a-46d3-4e7f-ad35-46b67c41c8d3,55,3,121,0,0,0,1,1,2
7380c34c-9d28-4c1b-91b9-5806b9780a8e,28,2,20,1,0,0,1,1,2
65a5bace-0a4a-4f0f-ac01-5e9e1cac96d7,34,2,120,1,0,0,0,0,1
dc712298-f22d-4551-947b-759da25c7f8c,32,3,98,0,0,0,0,0,1
c47105f1-75e3-4b2e-8719-2de8dd214ae5,18,2,70,0,1,0,1,4,2
bf73c874-7ce8-4c21-b7c1-5e54acc39080,31,5,158,0,0,0,0,0,1
29f9ea05-8395-49f6-8565-541173a1d323,43,3,21,0,0,0,1,0,1
eded934d-ed2f-4396-b29b-8900c8b7cea0,40,3,24,0,0,0,1,1,2
42580a05-ea57-4673-b3b3-e7f5bc748ecd,41,2,45,0,1,0,0,2,2
a0596bda-7c4d-4bf1-8906-f0b8fe394f9c,31,3,41,0,0,0,0,0,1
d642c847-d39c-4ae9-bea8-10dae816ba50,28,1,131,0,0,0,0,0,0
6ed6cccb-5173-4b6c-9602-366813ac5cc4,47,1,32,0,1,1,1,2,2
7fd3f366-d6d3-4e8a-a0d2-71784d2fba24,30,3,99,0,1,0,0,0,2
0a3e2433-d15a-4399-8234-77f37c3cbbf9,37,2,89,0,1,0,1,4,2
3886a832-a251-467f-9f55-1d1760988bcc,36,1,156,0,0,1,1,0,2
a161a93c-1396-45b3-950f-0037cf44ce1e,49,1,46,0,0,0,1,0,1
fd0b0896-c8da-48e5-bc4f-f153532ab6b5,44,1,69,0,1,0,1,2,2
748afd36-a5c0-49e8-bbb6-1840b3aa2159,22,2,55,0,1,0,1,3,2
946e4e27-4d88-460a-b049-ec3fb6e9f14a,23,2,152,1,1,0,0,2,2
f047e355-3c7f-4c14-9f01-6e88d31f84fb,40,1,57,0,0,0,1,2,2
924b1134-90ce-4860-be45-67e9262a17cb,34,3,99,0,1,1,1,3,2
a0560432-5653-4603-9fe2-b167d32fc7fd,30,3,47,1,1,0,0,2,2
570f32f7-632e-49be-b776-2fcd7b7deb27,45,2,50,0,0,0,1,1,2
26e27498-c9fb-4d06-9c4c-edc23d564b83,36,2,106,0,0,0,0,0,1
9e113103-e6d0-4583-8595-3718e77cc058,35,2,142,0,1,0,1,3,2
5e16fbc6-7fbf-49f6-b43f-186eee22da8a,42,2,112,0,0,0,1,1,2
f8f0d697-1bb5-4357-890c-195b2aa0ab53,31,3,173,0,0,0,0,0,1
1c440788-57d4-4808-95de-31418669e6d5,50,5,103,0,0,0,1,3,2
c09cc4c5-c546-45ec-9267-e430d2a8073e,27,2,53,1,1,0,0,3,2
30139d44-f57d-436b-975c-bed9141b1cb5,41,2,64,0,1,0,1,3,2
2d63b9ee-352a-468c-8efc-3a68e871a01f,49,1,51,0,0,0,1,1,2
257de7b6-5304-422a-bd5f-3a3bcce573b3,21,0,999,0,0,0,0,0,0
a52f3191-170f-41f8-9403-71e19dab1814,31,2,170,0,0,0,0,0,1
aad72c35-8eb1-4f62-9cde-ed79c8ba01aa,46,0,999,0,0,0,0,0,0
462990c7-628e-454b-bffb-4b43c72dea79,46,3,114,1,0,0,0,1,2
94a97580-8bd0-43e5-9f46-379755437def,33,3,137,0,1,0,0,0,2
f08238ca-b48a-4688-a2d6-6b2d6a34321f,27,2,119,1,0,0,0,0,1
cff95733-d77d-4195-a01b-10d0c2cb864d,44,0,999,0,0,0,0,0,0
1ac1d7e4-fd78-4424-8272-9b6999be1256,46,3,54,1,0,0,0,0,1
ee4487ac-5184-4863-b875-af60692d40d6,23,3,124,1,0,1,0,0,2
3abcdbdd-c10e-4e0c-8836-8663512289b2,22,3,118,0,1,0,1,4,2
2eeb8a00-96a3-4993-85e8-0ad9732f033e,37,2,136,0,0,0,0,0,1
a8addc8f-5390-4dff-a5fc-b1eab9eaa560,41,2,64,0,0,0,1,1,1
35ccf914-06f8-44ee-96dc-8203c094677f,32,2,178,1,1,0,1,4,2
ea6ce951-e776-43c5-910c-b17684eeb841,41,0,999,0,0,0,0,1,2
c0db59b0-a178-42e9-b04b-178a2eb7f58d,27,2,112,0,1,1,0,2,2
e43771a2-f89d-4b6e-9f97-0308387e5757,18,0,999,0,0,0,0,1,2
5f3bc48c-3531-4768-9739-12e8bccdc01e,30,2,45,1,0,0,1,1,1
13df7c74-7626-4141-ad37-e7294cba67e0,35,2,104,1,0,0,1,1,2
91391511-fa14-4504-875d-5942c83efee6,32,4,102,0,0,0,1,2,2
a9f587a2-2d9f-481b-8023-9484102634ae,23,2,15,1,1,0,1,4,1
50578cce-3280-4474-a978-76faf7982c05,18,2,77,0,0,0,1,2,2
0a7559c1-ef2f-4c44-9012-f4db544cff87,29,2,46,1,0,0,1,1,2
0e7c5a54-2079-4180-b32d-9673b462488c,43,0,999,0,0,0,0,0,0
73142e6c-f31d-4966-bc94-1a2cf0752d8e,47,3,62,1,0,0,1,2,2
0b182519-3ac5-4e07-8d28-67639e0e8754,46,3,29,1,0,0,1,1,2
8b5ce5bc-0e15-4447-bd9a-7a0ada3a8c76,26,2,83,1,1,0,1,1,2
49f330a4-1e35-44ea-902c-77bd1ef0a3aa,23,1,4,0,1,0,1,2,2
5f78a590-5e5f-4438-a333-7b6e91d4d5ec,39,4,142,0,0,0,1,0,1
5e5a836c-c1ff-4642-ad62-0dbdd2d9e0d7,41,2,121,1,0,0,1,3,2
5e3aca2d-513d-42e5-bb22-4350ce62fdff,39,1,30,0,0,0,1,1,2
34a9ea1e-c893-4cbf-8daa-ec4ac67b9886,18,3,145,0,0,0,0,0,1
e43c3e0e-89eb-4591-934c-e4a342e96be5,26,1,76,0,0,1,0,0,2
18be4f21-4d04-4b38-be8a-7926914a7137,34,2,170,1,1,0,1,5,2
e7fdc72f-4a8a-4893-bd12-91d9aaad4052,39,1,10,0,1,0,1,4,2
9bf7802e-1e71-4259-a25b-525f1feb4a07,42,1,125,0,0,1,1,0,2
c7c72a88-2edf-4d62-a2c3-735e0a7044c0,36,3,50,0,1,0,1,4,2
232e235d-d41f-4130-a8ab-27f84b038063,38,0,999,0,0,0,0,0,0
b3f227c7-aeee-4a30-8136-d639a5a55b17,35,1,116,0,0,0,0,0,0
cd29b1db-628d-4990-b756-d878e0d41ae2,41,1,146,0,0,0,1,0,1
16432c49-ceb1-433e-89e2-d6d7f889eae9,38,2,128,0,0,0,1,1,2
72e0608e-06da-4310-9aaf-08e279b1f831,35,3,141,1,0,0,1,1,2
9e6a5e21-16fa-4eaa-b9e0-9ffcd81b756b,32,2,80,0,1,1,0,1,2
3f12f1bb-131c-4311-a576-2378ef8303c1,35,3,65,0,0,0,0,0,1
c903d860-eedd-4973-b5f7-0a35a0713e65,39,2,102,0,0,0,1,1,2
c94d78e0-2ab9-4e65-9276-d51157da240a,37,3,165,0,0,0,1,0,1
51aa50aa-c48f-4d39-92c7-22245a606a1c,38,1,147,0,1,0,0,2,2
48caede6-f3c6-4770-b119-35a9fbe55be1,48,1,179,0,0,0,1,0,1
8ead3305-7747-4824-be36-90c5f8aa087b,37,1,150,0,0,0,1,0,1
02276f04-a149-41ad-b883-27423d34bdf0,28,3,93,0,0,0,1,0,1
281d61c7-39a9-4fc4-9008-11634294342c,43,3,64,0,0,0,0,1,2
c1e0a8db-4fcb-444a-80c0-40866c6adc41,21,2,5,0,0,0,1,1,2
01959065-c44c-4360-86ee-755e4471d53d,24,0,999,0,0,0,0,2,2
092bbbd6-045a-4667-9144-c04bfd60534a,38,1,163,0,1,0,0,1,2
f7ad1e31-9e04-4cf2-ad4c-f82416f4e45a,40,2,61,0,1,1,0,1,2
957df7d7-7e90-45c0-925b-fa5a2770e4c4,22,2,10,0,0,0,1,1,2
9564ead3-8959-485e-a718-89cf1d20c35f,31,2,106,0,0,0,1,1,2
9d6e6b5f-ce28-4ed1-a317-0e6b5aa38cbb,28,0,999,0,0,0,0,0,0
b8997aa1-9075-4b4d-b52b-c8dbddb00aba,30,3,137,0,1,0,1,2,2
8c8ed125-3490-4013-a090-f1bd80fcaf11,44,3,3,0,0,1,1,0,2
066b7169-6237-4977-a1f3-23bea3952753,42,2,146,1,0,0,0,0,1
17380444-4fd9-41ac-972d-fc2f3e931b92,34,1,53,0,0,0,1,2,2
05e1c7de-3e31-497a-862f-9069b70132db,29,4,166,0,0,0,0,0,1
8d6952af-6ac0-4b26-8428-187827f2746a,21,2,107,1,0,0,0,0,1
49253fe2-69c9-4cf9-a61d-8950cddc532a,49,4,85,0,0,0,1,2,2
dab249a4-0f0c-4472-b8a0-35c19ff3d536,40,1,61,0,0,0,0,0,0
7415dc6d-4ff4-48e6-a83d-96bcb8bb743a,27,2,169,0,0,0,0,0,1
2ebe7582-3be5-4985-8ba9-f14eb0404129,42,2,28,0,0,0,0,0,1
08b86308-5da7-47f2-bfbe-284bc792faab,34,0,999,0,0,0,0,0,0
22949aa6-e659-4fa8-b72e-216819d1d83b,32,1,32,0,0,0,0,0,2
b3041326-d1ba-45a0-b8b6-b8a3fdc8b5fb,39,2,169,1,0,0,1,0,2
83f8c077-5928-4af9-9f17-0b114e9a0af8,27,5,138,0,0,0,1,0,1
bacd14a9-a10c-4e34-b6e2-bb99c10b0d22,31,4,58,1,0,1,1,0,2
c181bb9b-429e-4163-b31a-438c9bdb393c,36,4,114,0,1,0,0,1,2
8b7a60b8-ea0d-41dc-9750-ccb0886979de,30,2,142,0,0,0,0,0,1
1e004d8d-0dc3-4958-8426-15b10ab4f178,41,3,130,1,1,0,0,2,2
cf056ec3-2ec9-43a5-8d30-2ba72497f4b2,53,1,27,0,1,1,0,4,2
8c462670-5fd8-4ef7-8057-9d99e5502dc2,27,4,115,0,0,0,0,0,1
00604a87-b97d-4ee6-9a9a-59af4f533f05,18,3,169,0,1,0,1,4,2
8e378dfe-5a68-444d-9e6b-3fc23350d5e5,18,2,14,1,0,0,0,0,1
f2410354-4375-4f86-9dc8-d18d42481949,33,1,39,0,0,0,0,0,2
93f556eb-2d95-47f7-a691-3c03b22ef50e,28,2,33,1,1,1,1,3,2
c42b9eee-5e1b-422d-85e4-3bb02c7228cf,37,4,35,0,0,0,1,1,2
265956f5-ecb2-477b-9331-8ee50685fdac,36,3,26,0,1,0,1,5,2
a0173699-defd-4b18-b955-58fc247b9c24,18,2,141,0,0,0,1,3,2
c0b7e980-7ffa-4478-842f-9b98d4423a4b,18,2,130,0,1,0,0,1,2
43fc46fb-5724-4989-a7dd-3e7a92c260aa,37,1,130,0,0,1,0,1,2
8ae293fb-55fd-4170-abeb-27c10ef0b395,36,5,86,0,0,0,0,0,1
f5ebac11-c07c-4faf-a828-69cfe23e7bb6,30,3,65,0,0,0,1,0,1
31dd51c6-b048-426c-8feb-b92593a32ab6,18,2,165,0,1,0,1,4,2
c574fb7b-05b3-4e47-8a56-e993fcb93ecf,39,2,124,0,0,0,0,0,1
ea306d9d-c378-45e7-9603-b54d94bda454,47,4,129,0,0,0,1,1,2
905b086a-2e71-4b3e-9b6d-6a32124b2a14,37,3,114,0,0,0,0,1,2
3559c681-ee60-4cfa-8607-a3e9b64f01e8,26,1,65,0,0,1,1,0,2
290e693b-efae-4cbd-a24a-440e6c709d54,35,2,99,1,0,0,1,1,2
77351f96-6094-4a9c-9cae-90bb0b13003e,21,3,11,0,0,0,1,0,1
f25aa7c1-a9ec-484c-b38a-df7f3b3ee734,45,1,29,0,0,0,1,2,2
79a11034-20d9-4604-9a61-77d11a2639a1,35,0,999,0,0,0,0,0,0
9267523b-2fd2-4653-a47e-cc7333e5d0d1,18,0,999,0,0,0,0,1,2
45fc2452-3fc7-489c-95ed-29ea8ecc4283,31,1,19,0,0,0,0,0,0
cbcff257-34f3-4d0c-b5fc-483c2f10293f,39,0,999,0,0,0,0,0,0
e66c1ec7-fec5-4716-9c93-cadeb259c8e5,31,2,78,1,1,0,1,3,2
0dfa30d7-242b-4141-8d4d-229dcd57ee67,32,1,77,0,0,0,1,0,1
3079bc84-92b5-43b5-a6bc-aa32ce980347,22,1,153,0,0,1,1,0,2
4765c280-32bf-44b4-96a4-664f19672a07,40,0,999,0,0,0,0,1,2
e7084f53-a332-4999-9db7-7e93949fef59,28,1,56,0,1,0,0,2,2
9110ab42-dfa9-4ac0-ac2c-bc30b5f945ee,18,1,59,0,1,0,1,2,2
feaa87eb-efdb-4fb5-ba90-452264d0d1e9,31,1,19,0,1,0,1,2,2
780fb6f7-5405-43d9-bcaa-1771ed439a68,44,5,114,0,0,0,1,0,1
f3ada529-2dc3-4e25-b36b-050e8edc2e18,31,2,25,0,1,0,0,3,2
a395ba56-4915-4db7-861a-11e8fe9e2fdd,52,2,22,1,0,1,1,2,2
fac61c3a-edb5-4d89-98ae-6ea0bda8ca39,39,2,13,0,0,1,1,0,2
79711a44-a587-4f65-a7b8-f55fb748ae27,38,3,85,0,0,1,0,0,2
9138eeb0-d770-44cd-aaeb-332decba36f2,33,1,91,0,0,0,1,0,1
818f1b6f-26c3-4633-a4fb-473957de3644,34,1,125,0,0,0,1,0,1
af209c91-5f18-4928-8bff-1ef6cc8e6934,32,2,37,1,1,0,0,1,2
edfaea44-98eb-4f66-958b-77d0bc7a70c3,31,0,999,0,0,0,0,0,0
6c142972-7560-48d1-8919-980f6e37d577,40,5,29,0,0,0,1,0,1
2ac5a6a5-6d51-4c4a-b20c-02a9e515a7b4,25,2,130,1,0,0,0,1,2
9422121a-3fbd-47ac-8f56-ead9d5ea4575,24,2,54,0,1,0,0,2,2
c93b5494-006b-4e3f-9b5b-48c1458e1cf6,23,1,97,0,0,1,0,0,2
087cab03-f3a6-4f83-a7c1-e9bae92c735c,55,0,999,0,0,0,0,0,0
9016a197-1d65-43cb-b0f1-f4194910918c,40,4,76,0,1,0,1,4,2
8be0ebfe-1f43-4834-9b92-3e2c91f3a4d1,38,0,999,0,0,0,0,0,0
fd05e18b-70c5-420e-9390-9c863db78d32,24,2,163,0,0,1,1,0,2
5314005c-f921-45d4-b19b-3548335e0f77,41,4,157,1,0,0,1,2,2
f0c56326-ee31-48e4-9f9b-73fcf4b92bb7,33,3,159,0,1,0,1,4,2
2caadc79-e181-4ae6-a121-06161fc7eba7,37,2,86,1,1,1,0,2,2
44aca900-52dc-4bb4-b23e-9494240592d1,25,1,174,0,0,1,1,1,2
a760e836-0c4d-4817-91c8-4e1d52eb0d14,36,3,98,1,0,0,1,1,2
d2c55f4d-d77d-41cd-a1a0-e1d7426673a8,30,3,108,0,0,0,0,1,2
6cec2ccf-1e2c-4443-86eb-b5857aac4608,27,0,999,0,0,0,0,0,0
f7764beb-2529-4401-9db8-90e66b6c574c,42,0,999,0,0,0,0,0,0
3810ef36-98b1-4bc8-b531-871adaf1156c,19,1,15,0,0,0,1,1,2
fe791bee-fe0f-4c18-9169-fe82a0421855,40,2,64,0,1,0,1,3,2
e9fde80f-d54a-4148-8285-1690273d52ea,41,7,141,1,1,0,1,2,2
072362cb-e897-45c8-baf3-1a122ab04223,26,1,65,0,0,0,1,0,1
02fcfce2-eaac-47a7-92b2-b22773e79970,26,2,43,0,0,0,0,0,1
95d4e862-51a2-490c-bbfb-6fbee118256a,32,2,135,0,1,0,1,2,2
e13ceb0d-9f73-44d8-993c-f3f62c4fc085,37,1,87,0,0,0,1,2,2
864058c7-25a2-4059-ae30-2b94d07a3941,33,2,38,0,0,0,1,1,2
d50d11bc-e90c-4f70-a649-250ed5f850c5,39,2,49,1,0,0,0,0,1
d626b922-8507-43bf-8085-9898965d932d,52,0,999,0,0,0,0,1,2
13de2a80-7d31-4ac2-807d-1b5ef54ca3e8,29,0,999,0,0,0,0,0,0
95d8263d-0c82-45b0-963c-f9ef62db36b7,18,2,63,0,1,1,1,4,2
1f91a94b-d0f7-432d-bb1a-e644c886b73a,43,2,84,1,0,1,0,0,2
f63f7f91-d16d-42ef-8f83-6be5c3e6c895,51,0,999,0,0,0,0,0,0
63049e41-bdca-46be-a02a-82c918d2968b,38,3,1,0,0,0,1,1,2
c183a0b8-5a2d-4dca-9bc8-005a3d80b83b,24,3,42,0,0,0,0,0,1
04c6b755-2755-43ea-9dd7-ff70d95a9d98,33,4,39,0,0,0,1,1,2
afe96cd3-89ac-45b3-9074-c7903df49ef4,23,2,57,0,1,0,1,3,2
347fca00-936d-4dfd-815c-e175a96f1b68,41,2,83,0,0,0,0,0,1
5fe7ad02-801c-431b-ba7a-c31933d5c5f4,21,3,112,0,0,0,1,0,1
7fa2dc51-6316-4b7b-9a6a-16ba68d7a66e,31,4,85,0,0,0,1,1,2
a7b54aa8-5b7a-4a8f-b4b2-3d3801d9d532,24,1,12,0,0,0,1,1,2
2b6953e0-8148-466b-8d7e-8d23e4018ff9,36,2,122,0,0,0,1,1,2
75648a9f-5c9e-4f3d-a62e-db3a009052f1,31,1,107,0,0,0,0,0,0
8c852a9f-2de3-4d47-95ed-1f2797ffde0a,36,6,150,1,0,0,1,1,2
54dd57c5-1441-48d2-bef5-ebe65e3c7a59,35,1,153,0,0,1,0,1,2
e70c5028-4c5a-4ca1-9660-ea3d951aa443,25,7,123,1,0,0,1,0,2
68851ddb-4c21-42da-a08e-6bcce4e1b0ce,41,2,72,0,0,0,0,0,1
9869c164-9c33-41db-8f18-7dbdcfb2c95b,34,2,166,1,0,0,0,0,1
5243a410-cf3b-4e99-b229-4c6d55d72e21,25,5,169,0,0,0,0,0,1
bb8f931b-acb4-408c-b156-3c7340c036da,57,2,31,1,0,0,1,0,2
cc12a73c-d97e-43de-93a8-9f206868ec4b,39,2,171,0,1,0,1,5,2
483f2010-d927-4d9c-90c2-c76758a7ba8d,33,2,39,0,0,0,1,3,2
ec09fc16-b612-44a7-89b8-83c97158093a,49,3,75,0,0,1,1,2,2
31da379a-108b-4d22-b89e-cc2eea250528,53,2,123,0,0,0,0,1,2
9bf6b422-78c4-48c8-a2db-3f4d90ad0005,33,0,999,0,0,0,0,0,0
4534390e-e7ce-45a2-90f6-83db144d4879,38,1,45,0,0,1,0,0,2
8d2009b5-c207-4bc8-a33f-600c20da3c68,25,2,25,0,0,0,0,0,1
e05790f4-ddb1-4ffc-a2ec-adf15ae4b9da,33,3,106,0,0,0,0,0,1
72c686ae-9f7d-4dde-aeac-620c01a02b09,33,2,13,0,1,0,0,1,2
3f6ae734-4534-4ea7-bba7-8f07fb3b0190,36,1,138,0,1,0,0,4,2
4cfeda3b-b4b3-492e-bfb1-4ae09e52fd13,38,3,97,0,1,0,0,2,2
d4f06820-852e-4ed3-b3d2-16feeaf78aba,40,4,7,1,0,0,0,2,2
baddc5d1-2802-4134-a4ea-44dd9fcae7d4,37,0,999,0,0,0,0,0,0
a986d31b-4176-4c71-9f2c-56d4101589c3,22,1,14,0,0,0,0,0,1
09c0c733-f0f5-480d-84b3-3a7a75a6f774,25,1,3,0,0,0,1,0,1
476175b1-4f76-487d-b038-dd93bfbb4295,29,1,162,0,0,0,0,0,0
81b1180a-5502-4638-8b1e-0433be325172,32,2,5,0,0,0,1,1,2
813c1b99-2098-457c-9fd2-6b12f9930879,45,3,114,0,0,0,0,0,1
6593cc9b-4b33-409e-a665-07d75f2b7768,23,4,65,0,0,0,1,2,2
51522977-28ee-4cc1-855d-4ff399d2d423,31,1,94,0,0,1,1,1,2
0d1d8b68-ab25-4d9b-8499-1cc6f512ce1f,44,1,150,0,1,0,1,3,2
d74cd479-f8a6-48f6-8810-aad3d2b89e7a,32,2,18,1,1,0,0,2,2
09f8f794-eb75-4661-8b95-ff4e66ebf2e3,39,1,12,0,0,0,0,0,1
81989c25-d4e6-4760-bdb8-bd0c64590e70,33,0,999,0,0,0,0,0,0
bffbce5c-f142-4088-b446-6a5aedeaa53e,37,4,7,1,1,0,1,2,2
c46a9ad1-fd54-4a95-9a77-05b549ea1363,32,0,999,0,0,0,0,0,0
7df35a65-e12f-4e75-9976-d450b4d13156,41,2,61,1,0,0,1,0,2
fa360229-a037-4168-b979-8988632f0d11,19,3,91,0,0,0,0,0,1
9494c3d3-79d3-47bd-8cf0-88e7b1a51595,31,1,90,0,1,0,0,3,2
95b79564-6380-4ac5-b8d9-ec5a57133e4f,37,0,999,0,0,0,0,1,2
11d4fce5-005b-4a3d-b215-a88584717e20,40,3,116,0,1,0,1,3,2
ab482661-45c5-468b-9458-e9c4d0ffe418,49,1,37,0,1,0,1,4,2
8da83a70-6b35-4942-85f5-a846cba5cb20,31,2,105,1,1,0,1,4,2
b1ab016f-5d72-4612-9cda-7dcb4ea61f11,49,1,72,0,0,0,0,0,0
3d18ee13-d78a-44ae-ba67-5fcb72aafd44,28,3,14,1,0,1,1,0,0
0894299f-803d-40da-b8b7-12854a78862f,48,4,61,1,0,1,1,4,2
efea8312-d313-4fcd-ab51-bb08db6ba4f3,43,2,45,1,0,0,1,1,1
d42772ba-c9f6-4674-adcf-dab45af52898,25,2,161,1,0,0,0,0,1
4f9af3fb-afaa-4afc-9c12-384fd5a3922f,38,3,24,0,1,1,1,4,2
70ecf329-1708-4faf-987c-e1d458570096,34,0,999,0,0,0,0,0,0
ac5cd99b-f7d2-483f-8230-fd280bc5e136,41,5,14,0,0,0,1,2,2
164b3808-5325-482a-a606-11099fedcb63,32,1,46,0,0,0,0,0,0
b1272349-4421-4eb5-87d3-c130caec8e5e,31,3,165,0,0,0,1,0,1
fffa0497-7cc7-438d-ab16-bcaad9fd8040,48,0,999,0,0,0,0,1,2
9cf1d948-3b92-416c-9f37-70ee0c0e4679,34,3,48,1,1,0,1,2,2
6fba36d3-e2ab-4b06-9559-c2d3e66077db,43,3,98,0,1,0,1,3,2
cc4e2035-503e-41e7-8a79-2a1fb2392d3a,32,3,154,0,0,0,1,1,2
eb9d08cc-7c19-4a6d-bc60-271f182e8c3e,51,1,179,0,0,0,1,2,2
410b6d28-ea1f-46a6-95b7-6bacdd8c9828,28,3,75,1,1,0,0,0,2
6ed586c6-9f23-47c6-ac3d-bda8aea4cecb,28,0,999,0,0,0,0,1,2
09066a48-8272-4945-9ab4-229565961d1a,50,1,121,0,0,0,0,0,0
d802cadd-73a1-4380-bbce-bbc2fc8583f6,30,2,164,0,1,0,1,1,2
2a16332d-7ab6-48f7-a9a0-ee3a52c0d9ed,51,2,5,1,0,0,1,2,2
bcb4263e-105b-4b73-a653-0839fa333b93,43,1,126,0,0,0,0,0,0
36c309a1-5d32-4634-ba19-328a50a4b529,33,1,91,0,0,0,1,1,2
baaa1e6c-2f03-4287-8cf9-e6f2336a2383,18,2,33,0,1,0,1,1,2
8d52fc22-47c5-47e8-912c-1003f46836b1,34,1,135,0,0,0,1,1,2
5ceee4e5-30c1-4abb-800e-cea128c4c6d3,36,2,5,1,0,0,1,1,2
8a8acdff-6303-4454-bb84-33ae7c66736d,46,2,153,0,0,0,1,2,2
278f5e8f-838d-4763-bb92-87ca7d53af0c,50,2,176,0,0,0,1,1,2
fc62b84f-bf5d-45f5-b92b-5cbc430f13e3,28,1,17,0,0,0,1,0,1
e550e424-760b-47ab-9885-cf82eb1388a5,43,2,126,0,0,0,1,1,2
4f64cef7-2a84-4bb5-9a5e-2492b722c7e5,42,0,999,0,0,0,0,0,0
e4b38c04-4ebb-4dcf-a291-95ff24a7dad2,45,1,147,0,0,0,0,0,0
a5f63a9d-75a0-45b0-9be8-ff272d21335b,39,1,169,0,0,0,0,0,0
3e8cb4f8-88b9-4f75-96a2-af4e7ac20f65,18,6,112,0,0,0,1,0,1
4aedd973-4d55-4591-8df7-80609fc4bf81,33,1,86,0,0,0,0,0,0
fa8cbcc4-187c-4be7-930f-db7ea8acce4f,23,1,61,0,1,0,1,4,2
0e7e9e95-0f34-427b-b4c8-025ab03bbb55,32,1,57,0,0,1,1,2,2
8fe5a8f9-3f6c-499b-b39e-a7b4f983f649,44,7,143,0,0,1,1,1,2
c52c14fe-cb0e-4fba-a613-298b5edc3347,38,1,172,0,0,0,1,1,2
0fdaba10-a122-4a77-8050-c471a153fc74,46,1,166,0,0,0,1,4,2
11876411-45c4-400e-bc1c-7434cc6361ed,38,2,146,1,1,0,0,2,2
6854c92b-9902-4511-9d72-a299252fd51d,22,2,135,0,1,0,1,3,2
f0dda118-e618-406f-b9cd-3b02cf001805,18,3,151,1,0,0,0,0,1
fa7148fe-0991-4841-9e3d-ed7774550db9,36,2,116,1,0,0,1,1,2
b80cad30-a8cd-4387-b4bc-da05e53abfa0,32,2,15,1,0,0,1,0,2
cc35112d-27e4-49a6-bf63-234869523f67,25,2,140,0,0,0,0,2,2
0661d185-1810-4c3d-a99e-decfbb85ad35,18,2,113,0,1,1,0,2,2
ea198416-705b-49f5-8294-57e564f0dd0d,27,0,999,0,0,0,0,1,2
ad5952b2-1c9b-44c8-98e8-faf7ab88b83b,33,2,140,0,0,0,1,0,1
ec9cc7b9-0bd9-4637-b916-c6ddb591af16,41,2,82,1,1,0,1,4,2
46ac8e59-74c8-47ad-86dc-38b85af4b014,36,2,154,0,1,0,1,3,2
898bb3c2-cbbc-4044-958e-877462582b40,51,2,165,0,1,1,1,2,2
570e9470-ec74-4f3a-8fad-56552744563a,24,3,37,0,0,0,0,0,0
4a588ee5-53b0-47ac-861e-8dcedf252f4b,43,2,178,0,0,0,1,2,2
c64d2384-d6b6-4643-8b96-f7d47ee2c891,35,2,150,1,0,0,1,1,2
a30e5ea7-1da4-492d-a048-f2d063f6949e,41,1,143,0,0,0,1,2,2
f289d098-f695-4f78-868b-f87d6d240c83,30,1,45,0,0,0,0,0,0
a92976f1-be25-4991-90c3-1367fc210b0a,45,1,171,0,1,0,0,2,2
4c807e73-afc9-4835-a2f8-155c6ffccf4c,37,1,113,0,0,0,0,1,2
c37bc357-75c2-41a5-a5ae-1585d1c466f5,28,1,176,0,0,0,1,2,2
e0de7c3f-589b-4cb1-9dd7-5967e6d15d82,34,3,143,0,1,0,0,1,2
2187298d-bf1f-42bf-88aa-e99b9ec613d1,32,1,10,0,0,0,1,0,1
c231e32e-1d11-4f3c-96bb-8adb9b841c7b,39,2,153,0,0,0,0,0,1
4cc65728-2f9e-4698-9c01-66f442793762,23,1,14,0,0,0,0,0,1
2c1feaf2-067d-42f0-b791-63430b8a7949,34,0,999,0,0,0,0,0,0
d7a4644f-7f7c-46de-919f-4afa83662706,38,0,999,0,0,0,0,0,0
3b82b7e3-8345-49cf-84f8-510c3d9132b0,35,1,17,0,1,1,1,3,2
aaea34bc-9a12-4892-8f8d-de9f8714ed40,48,5,65,0,1,0,1,4,2
a6cb8558-d917-4d44-90d4-2e8d95b5c9d0,42,4,29,0,0,0,0,0,1
5d77ff02-f054-4140-9561-f11080d6c449,34,3,158,0,0,0,0,0,1
a65ee000-0aec-4678-8e09-621ed2960be2,37,2,152,1,1,0,1,2,2
80ef8597-09c3-4c58-94d9-e1a16709b5bd,37,2,106,0,1,0,1,4,2
08f50af1-f08c-472c-a9b4-96854716f328,39,0,999,0,0,0,0,0,0
11d57237-c35d-462c-ab19-acd4bf75401a,18,0,999,0,0,0,0,0,0
25eb25e6-eb3f-4f0f-863c-25c90b7caf18,31,0,999,0,0,0,0,0,0
4005220b-53f6-4297-a03d-4f4fedd510fa,20,4,17,0,1,0,1,3,2
75cca1bb-1784-4b23-989c-8594b4bdf058,47,2,99,0,0,0,0,0,1
819cabac-590c-4f97-8ea4-70e72ba151d7,34,1,179,0,1,0,1,3,2
2680cc5e-047a-46ac-b952-ce8cd86bee4d,33,2,89,1,1,0,0,3,2
261bf4d2-c193-4cdb-afe5-ea4428e3c45b,43,1,91,0,1,0,1,5,2
bb847e5f-ffca-4432-8dc4-958c893f6e86,39,2,31,0,0,0,1,0,1
2dcf6956-9088-4594-8d6c-fc7baea6451d,23,3,48,0,1,0,1,4,2
425cfb3b-f416-446a-aa76-0dbd909e1eca,34,0,999,0,0,0,0,1,2
88024f02-84e3-4e43-abed-31ec161aea96,31,5,70,1,0,0,1,1,1
efd2a3b8-12e0-43d0-a8f4-0869fbbd6bc3,18,1,27,0,0,0,1,2,2
6303fb4c-76a4-4925-8517-6654bf6f85c0,28,5,31,1,0,0,1,0,2
d274b2cb-b069-4dce-b349-181532357d1c,33,2,168,1,0,0,1,2,2
3db7a59a-f9e2-4c84-bae0-3b69ef0e55d6,33,2,163,0,0,0,1,1,2
2f202461-c5f4-4508-a7ec-2c906d4f9d5e,20,1,85,0,1,0,1,3,2
e0b0d2dd-b637-4447-9094-41f628cad410,46,1,136,0,0,0,1,1,2
9fc6ca91-412d-428c-9a63-99fa77eff7db,33,2,16,1,1,0,0,1,2
4f6ae6df-8bac-44f1-afb2-5028b6117d1a,35,2,9,0,0,0,0,0,1
9d423290-8812-4355-b12e-0c134c29f4f3,39,2,90,0,0,0,1,1,2
abe93c9e-b679-4a9d-b752-34432ada9094,27,2,16,0,0,0,0,0,1
62affaf6-2eb4-44e5-b128-5add5b592b04,39,0,999,0,0,0,0,0,0
a886ef4c-2d98-4b96-854f-5ed6f4b54054,31,3,55,1,0,0,0,2,2
03fdf17b-4935-401a-bd60-b02ad0930361,26,1,138,0,0,0,0,1,2
4ae1f3bf-6a7e-43f6-86db-82b15340e28e,40,1,44,0,0,0,1,1,2
def7c4d5-e253-475b-9a8b-97c47a0f68eb,49,0,999,0,0,0,0,1,2
3201321a-f497-481a-8148-7af9d4deb0e2,42,1,126,0,0,0,0,0,0
adb5d876-058d-4072-b4ef-ba5dc9473e5e,44,3,16,0,0,0,0,1,2
cad60e5d-44f6-4d9a-a2b2-d1707013783e,29,3,121,0,1,0,0,3,2
46a1d800-ac2c-43cf-9bdc-cc781027855a,19,3,54,1,0,0,1,0,2
887f2d13-7f48-4ccb-be33-a07dfa62f161,49,2,4,0,0,0,1,1,2
dc73790d-5053-45aa-b304-6223e700ee21,55,0,999,0,0,0,0,0,0
69e0013a-725b-4066-8dc4-8fb28b2e5ae4,50,1,119,0,1,0,1,2,2
232f39d4-a345-4afe-acfe-6968605ecb99,31,1,76,0,0,0,1,2,2
e7c2701e-f55b-4756-bc4c-4a0192b8dd5b,23,2,69,0,0,0,1,1,2
8b7b7a7f-c8d2-4a0f-b85e-364a8cd719a4,24,4,41,0,0,0,0,0,1
8ebb01c8-b1d3-41c3-b952-88f50a032e07,18,2,66,1,0,0,0,0,1
fe099093-271b-447b-a46f-dc5db3a63c51,33,0,999,0,0,0,0,2,2
3be82516-980c-4a44-88ba-294f5dea64b1,51,1,130,0,0,0,0,0,0
6fd0f1f4-c8d8-45d7-82bb-257d8bb1a84e,33,3,96,1,1,0,0,1,2
3a969df7-389e-4853-a20c-d1fd4837dd9c,38,1,65,0,0,0,0,0,0
807f553f-d8dc-443c-a2cc-97fe6c502c66,48,2,28,0,0,0,1,2,2
75511fc0-d37a-4285-894e-018e43cf3462,30,2,134,1,0,0,1,3,2
75aac164-4eb0-42ef-a114-d4256d5a4f74,55,3,107,1,1,1,1,3,2
d300a6a5-9800-44fc-8cde-5dd2dadc26f3,54,3,131,0,0,0,0,0,1
98c6903a-83e5-4dfd-ac15-b4afa032b894,33,2,177,0,0,0,0,1,2
d0a01138-bd56-43a1-9cb7-ed6813cfbb7b,29,0,999,0,0,0,0,0,0
57a625bc-6f9b-4416-9681-529e904065c6,41,3,136,0,0,0,0,0,1
4e6e9ce4-ff3d-4df3-a8f7-1d7f4a299c5a,31,2,11,0,1,0,1,3,2
2e1dc552-9ebc-49a6-ab44-befea2c13e64,23,1,55,0,0,0,1,1,2
d7e0db9d-7838-43b7-8197-47185c29e00f,47,3,4,1,0,0,1,0,2
bd7bdc52-f4b5-4ff1-aa7e-52c7281adfa0,47,1,26,0,0,0,1,0,1
5954a427-03f4-44c8-9a26-7138b023d1c7,36,2,102,0,1,0,0,1,2
97fdaa0f-0cf9-4bb4-9e7b-6129620dcf44,22,4,176,1,0,0,0,1,2
4cd93ce4-0246-4f5d-adab-fda2b63b1b70,22,5,19,0,0,0,0,0,1
68e68382-3863-4c2f-ae8e-a898caafe5e8,36,4,127,1,0,0,1,1,2
6ffb69b0-ba85-45e9-96b9-f35c1c7cb3ec,30,3,28,1,0,0,0,1,2
e6d1c4e5-e068-4896-bbd6-66fa07c87684,31,3,35,1,0,0,0,1,2
f132ce28-d3a0-4c73-abe5-e1b44b6f1d7f,45,0,999,0,0,0,0,0,0
57cf0ade-02fd-4d56-9801-705c64591a67,42,2,135,1,0,0,0,0,1
88186174-46f2-49d9-b657-0e66ee87811a,48,1,157,0,0,0,0,0,0
d66917c8-ac07-41e4-91a7-24d3a27527aa,25,1,97,0,1,1,0,3,2
f2e9b117-f46c-46c0-b440-e503450773c6,31,2,94,0,0,0,1,3,2
a5ea1fbe-366b-497b-98d4-54f5c612177c,42,4,128,0,1,0,0,1,2
e6049d25-9787-4938-bfca-a15a96fe29b9,39,3,162,0,0,0,1,2,2
84aba561-170e-4abe-a569-2cff4f856f27,50,3,173,0,0,0,1,0,1
5ab20d2e-8a2a-4a82-9601-2d98b2abc9b2,39,0,999,0,0,0,0,1,0
ff3f6f5c-a8b4-49bb-b4b7-4de658fa93cd,53,2,54,1,0,0,0,0,1
ab5bf678-dcc6-4a49-8fd4-de6b026a9c1d,40,3,109,0,0,0,1,0,1
4b2e32bd-9c4e-46e2-ab6f-00177a2c0d8d,45,2,80,0,0,0,1,1,2
27d68f2d-8d51-4fc9-8deb-881ef5088cbd,31,3,105,1,1,0,0,4,2
0d3dec59-d5ef-4501-aee9-05c42b690493,35,0,999,0,0,0,0,0,0
3a641eda-9f46-41cc-ba62-32d0d31e42b4,44,3,63,1,0,0,1,0,2
509e5bca-d323-4035-bff6-5186df6606fc,51,5,19,0,1,0,1,1,2
4345ad42-7353-4673-9d69-732593dc0667,42,1,119,0,0,0,1,1,2
ff2249bd-321c-48b6-be8d-7e8c4783d5bb,34,4,28,1,1,0,1,3,2
ec957e75-bd08-47b5-8f6a-9d39b34f5495,48,1,170,0,0,0,1,3,0
19ee29b5-28f4-44f9-a21c-be8bcd6c5dc4,18,4,72,0,0,0,0,0,1
57d59c8a-b21e-417d-8ea1-833c4de58ff2,20,0,999,0,0,0,0,0,0
134f3b89-b14c-43e1-a188-f1a7bce90b72,41,3,32,1,0,0,1,1,2
2ffc4a72-eb59-4a28-aa37-06442ccf0aa9,35,2,145,0,0,1,1,2,2
71ec1eac-5b2a-4feb-8b2b-cbc5782dcd87,41,3,176,0,1,0,1,2,2
97e72b06-a155-4450-8c32-a7fb2cd26f39,35,4,50,1,1,0,0,0,2
e0fa37f2-cc04-4990-a9a5-3a36853d9171,40,1,9,0,1,0,0,4,2
3a4f7f59-04ea-4d0d-8521-5eb7697f5680,26,0,999,0,0,0,0,0,0
4bd4d405-bfc0-4313-a530-d999fb55921d,40,1,27,0,1,0,1,3,2
5ce162c4-6481-4d34-b496-cd8d8fd7c442,44,3,96,0,0,0,1,2,2
a61d35b7-7b99-4919-84d8-6379944d47f8,47,1,122,0,1,1,0,1,1
c41dd1de-d903-477c-b6f7-7119467b253f,55,1,145,0,0,0,1,1,2
036417dd-f335-40c5-8326-4583faaec404,37,1,106,0,0,0,0,0,0
43b6f06b-9078-4ecb-8453-df8de354af88,37,1,60,0,1,0,1,2,2
4d2e5bbb-614d-4ee4-a7a0-a6a8fa2af14d,19,3,136,0,1,0,1,3,2
a3cf95b5-d074-4238-9cf7-b7fbaadafdb8,29,2,86,1,1,1,1,4,2
e0d4f23a-0499-4ded-9591-147e0196503c,33,4,153,1,0,0,1,2,2
e827146e-0903-4ced-ab91-d7fa238aa401,45,2,42,0,0,0,1,2,2
aa95b8a6-eac0-4ea4-aa5d-58fddfb6285e,28,4,32,0,1,0,0,0,2
e184ce37-b8a7-43e0-8bcb-be8183f8868b,42,0,999,0,0,0,0,0,0
5374acdc-a848-49a6-9c7a-117d31fe9718,34,1,15,0,1,0,0,2,1
ab7c22f2-debb-48ba-baf0-860bd279b20f,33,5,82,1,1,0,1,2,2
d7aed54c-9eb5-460a-a2ea-c0500dc6fbd6,37,2,159,0,1,0,1,4,2
8aee6486-b175-417e-953b-bb95506bf88c,31,1,117,0,0,0,1,3,2
e9515b6f-a9c5-4445-a791-5af63dc165a8,30,1,10,0,1,1,0,4,2
b4953057-835e-4859-91e1-8b7ffae7cca0,18,4,107,1,0,0,0,1,1
482e0359-ce87-40cf-9437-1d99ecbce54d,32,1,103,0,1,0,1,5,2
faed9b23-bf9d-4425-b64c-c8c1d76f3b74,30,1,61,0,0,0,1,3,2
2b28f2f8-4990-473b-8c2c-b907f1c998cb,29,1,110,0,0,0,0,0,0
9629461a-367a-4d78-9092-42212bc4b8a0,39,0,999,0,0,0,0,0,0
4b83e997-3843-46fa-bd19-35e71874a684,41,3,118,0,1,0,0,1,2
7d21a62d-7b82-46d0-82fb-35ea24bb9c0c,37,4,0,0,1,0,1,3,2
695c5964-47ed-40f2-88e0-44f146a3c5bb,44,0,999,0,0,0,0,0,0
18e6fe9e-ef77-422c-ac20-1f9a8a3869cc,40,3,56,0,1,0,0,2,2
972f813d-f115-4e23-9274-a31c1531226c,32,4,72,0,1,0,1,4,2
c604ae2d-15ee-445c-af97-1a70a4f4d2fa,30,3,49,0,0,0,0,0,1
cf405787-89cc-4fe4-8072-23996a9bcde2,38,1,71,0,0,0,1,0,1
49c50a99-ef60-40ce-8ebf-288f5d43ee5d,40,2,94,0,0,0,1,0,1
32edfa49-e7c7-48dd-9562-b8eb73489a89,48,3,146,0,1,1,1,4,0
91edbc03-7871-4e03-83e8-5cf47a003a7e,46,0,999,0,0,0,0,1,2
cb383222-4470-4acf-90d6-830ccea332fb,29,3,118,0,0,0,1,1,2
adeb8a9d-a00e-4989-beee-41ffe73147d1,33,0,999,0,0,0,0,1,2
b236db90-c602-4706-930d-ca4098a980dd,41,1,30,0,0,1,1,1,2
4ff83bb6-84cc-4a82-a822-8ec18ff82736,45,4,21,0,0,0,0,0,1
b53b45c1-2ab9-4c06-ae0f-6e8252fd927f,44,1,120,0,0,0,1,1,2
da731491-14d8-49c0-92a8-dfda6c96635e,34,0,999,0,0,0,0,0,0
3eef5e22-4d45-4dee-a0bc-50c46d5db4e8,22,2,82,1,0,0,0,0,1
62d8d082-bf52-48b2-bc64-31978a0da7a8,25,3,100,0,0,0,1,1,2
d0045883-46ed-4d33-80a0-221a6a0ff425,37,4,65,0,0,0,0,0,1
54f5c2c3-97ff-4a2b-862e-73f60da69d7a,38,1,3,0,0,1,0,0,2
18f2843b-ed0a-41e1-babc-5526de6451ad,24,0,999,0,0,0,0,0,0
68b63b00-a6a6-4741-b48e-76555b8c6280,35,2,150,0,1,0,0,2,2
2196bc8e-4fe9-4960-965a-2b6c30ab89e8,41,0,999,0,0,0,0,0,0
ca9ee089-ebbc-49db-83ea-a0212c49a2f1,23,2,68,1,0,0,1,0,1
e8b4ecfd-d00d-4490-bcf1-e92e16be2c53,46,3,6,0,0,1,1,1,2
5ee5efd1-1575-44b4-910f-c19e3d320466,31,6,75,1,0,0,1,2,2
55540eb7-3c1f-4053-a045-bec065368eea,47,2,104,0,0,0,1,2,2
5e64c950-801c-4bdb-861d-64329760af06,29,3,45,1,0,0,0,0,1
6ba02687-a018-46c6-ad29-d1c82c92fb63,24,0,999,0,0,0,0,1,2
1bffbefc-c038-4672-bcac-44acb0bd817f,30,6,66,0,0,0,1,1,2
ab6c5d05-04f8-48ad-8f7c-fffc44782ef6,34,1,99,0,0,0,0,0,0
c5ae7437-ff1c-4f23-b885-3d35a419620b,31,5,102,0,1,0,1,2,2
6c105d4b-ed38-4bb8-b847-d5bed7568df1,32,2,168,1,0,0,1,0,2
2ebb3c11-b04e-426c-a69a-d5813c4f1349,38,4,31,1,1,0,1,2,2
2da61ea4-6ae5-4c1d-ac80-f66824bb1640,33,3,163,0,0,0,1,1,2
3595ed95-3097-4917-a676-6ee4d6ba88ab,34,0,999,0,0,0,0,1,2
099f8de0-8570-4c88-89f6-8f2498e02808,18,2,95,1,0,0,0,0,1
9feab36d-8871-45bd-9c2b-6363d5bd9083,38,6,69,1,0,0,1,2,2
adf50fef-23a2-400d-a381-d357ff43fea9,34,1,106,0,0,0,0,0,0
b2b5595e-c8d7-48fc-a335-3a8efa08b0be,51,4,67,0,0,0,0,0,2
c753c162-dcda-461b-9e08-6c177fc79cb3,25,2,67,0,1,0,1,3,2
daee63ce-6de3-44b0-b700-3cf617b355f2,18,2,140,0,1,0,1,5,2
48602a17-2188-49ec-be06-01a92618bc70,41,1,176,0,0,0,0,0,0
113b5d9e-ca01-4f6e-b829-a3bb6a045650,38,1,98,0,0,0,0,0,0
357e2223-67b8-43a0-963e-2aab6e840bf9,24,2,46,0,0,0,0,0,1
d1c4b6f9-f6c2-4bba-805f-ba18e3dc7171,19,4,79,1,0,0,1,0,2
15655dd8-54dd-40d3-876e-853f9f6e4cd1,50,2,23,0,0,0,1,0,1
8c91df54-4c32-45ad-9d95-cd32d5d45e70,49,2,39,0,0,0,0,1,2
deacd8fe-30b0-4890-b318-1c068ea6de2f,18,0,999,0,0,0,0,1,2
95df7625-fd02-4ac8-94d6-7fdc51df8406,30,3,56,0,0,0,0,0,1
2e8db6c4-3963-4eb9-a139-028355ac7b4c,51,2,109,1,0,0,0,0,0
3a8ef2be-2050-4e4b-828c-d99e78b9de63,30,2,151,0,1,0,1,3,2
85ae7fdd-da93-4a81-b53c-6a55cb1764cc,30,7,68,1,0,1,1,0,0
44a6dcde-32ac-4d53-836c-ce0c58fb74e6,32,4,62,1,1,0,1,4,0
d6c742b5-e4e3-42b6-a787-60b1bb2c5c67,23,3,146,0,1,0,1,3,2
e79798c1-4b4f-4d3c-85e0-0679135f38bb,18,3,61,0,0,0,1,0,1
d430d5be-4d83-4245-a4c4-e856fbfc0090,45,1,29,0,0,1,1,1,2
ad224a98-c303-4457-ba94-1917124db36b,18,0,999,0,0,0,0,0,0
a491436b-d5de-4461-90ab-36aecdd67a98,37,0,999,0,0,0,0,0,0
74b22b23-c6db-4d15-a438-2faf98346cc6,43,0,999,0,0,0,0,0,0
eb1766bd-0268-4d29-b73b-fa2129fe9954,20,2,133,0,0,0,1,0,1
5fe9cf4a-dad5-4d6e-b58a-c884d740c730,25,2,107,0,0,0,1,1,2
7597368e-9ac3-41ae-9a96-72fb59b1e452,47,2,96,1,0,0,1,2,2
ff2bef3b-eedc-4edd-be06-ed1010749e5b,40,2,9,0,0,0,1,0,1
9132a7a2-36f6-47f0-99ee-8f7896db026c,28,4,151,1,0,0,1,2,2
be573c78-8b34-4aef-8b0a-ad91e53e8dc0,47,2,130,0,0,0,0,0,1
5bec5269-6903-4746-af31-299a666bbb72,47,4,46,1,0,0,0,0,1
35b45e85-8883-4132-ab04-82589df5e2e9,37,0,999,0,0,0,0,0,0
bd6fb8d5-3c6f-4a54-aeb4-9b526cbc8fda,25,3,46,0,0,0,0,1,2
9b609c00-27ef-453f-a1ff-d2661d1f8e61,30,1,95,0,0,0,0,1,2
144a8456-4f64-418f-8e3a-3cd344fc1a00,37,2,52,0,1,0,0,2,2
2622eefc-c7d4-4e90-8083-f1fc55c8beef,33,4,79,0,0,0,0,1,2
16d23a22-dea4-4c9f-9b2c-d67f3a5fee96,44,5,49,0,0,1,1,1,2
0f206949-d9f5-4858-b724-cd504470c027,19,6,15,0,0,1,0,0,2
85bb8c87-65d4-4824-9ad2-202ff96e5574,20,5,3,0,0,0,1,1,2
68f214aa-2ca8-44b3-92df-271405280da2,36,2,138,0,1,0,0,3,2
5de944eb-9472-4eb3-8550-91a3fa225717,30,2,23,0,0,0,1,1,2
2e5fa69a-a788-4559-9277-f49cc221325f,28,0,999,0,0,0,0,1,2
fad0c562-bd9c-4136-8d6c-b580be2ffcba,18,7,49,1,1,0,1,3,2
f18b74ca-95f5-48ed-9186-89259a5e2104,35,2,87,1,1,1,1,2,2
904b6b43-661e-457a-82a2-60ef1ac7353f,34,4,119,0,0,1,0,1,2
ba684145-db5c-428d-9fb7-6f24cf540972,41,2,87,0,1,0,1,3,2
ba7ae91d-ba91-47ff-b72b-d3447f5725f2,35,3,117,0,1,0,0,2,2
720e03bc-d4b4-4798-a4c1-74ca4497cec3,33,3,87,0,1,0,1,3,2
cf07d9e2-93a6-4c1d-9429-8bda6b464540,46,2,99,1,0,0,1,1,2
4371843e-796a-469c-86c0-dc400fc78282,21,3,159,0,1,0,0,1,2
0511ccc6-0029-44c9-a0c9-f3785263554b,40,1,78,0,0,0,1,1,2
0f82a2cc-7afc-42e4-aea9-cca56ae33f84,18,1,58,0,0,0,1,1,2
13b531e4-4f81-4c29-bac8-6ceb60bbba4b,26,0,999,0,0,0,0,0,0
9f77956e-5113-4737-83f6-85b5c2695054,22,2,16,0,0,0,1,2,2
17f7bb7c-e6f7-4064-b8ed-2b5a7fa57778,42,0,999,0,0,0,0,0,0
cb9b31b9-8c11-4661-8ae8-3a284c1cb19d,34,0,999,0,0,0,0,0,0
8483a568-83bb-4fa8-b69e-ae47a2c2c4ae,34,1,166,0,0,0,1,1,2
f12065b9-e5ae-4543-86c0-6d49a0677c6c,23,2,49,0,0,0,0,0,1
f8277818-5c16-4bc6-813a-1bd471146f14,32,2,50,1,1,0,0,1,2
305bb818-ea98-4371-b11d-a7a99176fc2a,27,3,158,0,1,0,1,3,2
dc100d6d-eb37-46c8-88b6-ea1f17bf7703,38,1,152,0,0,0,1,1,0
6589287c-6a44-4332-9b34-73b769777fd8,25,2,56,1,1,0,1,2,2
42fb126d-bd1a-41c5-a171-1b0407b10a5f,48,1,155,0,0,0,1,2,2
008241be-07e8-4fa1-b900-884cf2fcb3ab,18,2,44,0,0,0,1,0,1
76cf5e5e-3369-4220-a946-4ee88ad1f883,26,2,25,1,0,0,1,1,2
3bdbe29a-9e95-4130-b17a-43895745a314,51,3,28,0,0,1,1,1,2
dfb640dc-e363-4bf0-8ab4-c9dcd1634bdf,30,0,999,0,0,0,0,0,0
11ae3915-3d38-4e7f-a4d6-c9a9f83933cd,21,2,124,0,0,0,0,0,1
d7c94a3a-ab08-4fc3-9b65-2f9c81f249d6,37,1,96,0,0,0,0,0,0
23624a0c-69d1-414d-b55c-1b0ae2c9a908,30,2,79,1,0,1,1,0,2
767bf31f-8fc2-4503-8070-05a6b11dc486,26,2,39,0,0,0,1,1,2
7e79c7b4-888f-47ef-beff-400c62abb6e8,24,2,102,0,1,0,0,2,2
3ba49bee-c05f-4673-a311-2f510a91d8b1,62,2,4,1,0,0,1,0,2
937b20c4-c8d4-4e55-8b27-82935dd7b218,32,0,999,0,0,0,0,0,0
64671e0c-cbf6-4013-a40e-5f5a565af29d,18,3,97,1,1,0,0,2,2
83b6909d-b324-4019-a455-a9aa6b42050b,49,0,999,0,0,0,0,0,0
8189b80c-243c-47f4-b3e3-e69d85332d83,41,1,36,0,1,0,1,2,2
6979a72f-c970-4c0f-b543-853fc8581d43,27,2,73,1,0,0,0,0,1
15b00549-fac7-4dc5-ba3c-410e4e417bb6,25,1,120,0,1,0,1,3,2
8567d09b-d228-4d30-8362-20bd4d8d1606,41,1,30,0,0,0,1,0,1
ce800a53-770e-4bf7-a850-476ac2504e40,32,2,13,0,1,0,0,2,2
ff196dfa-54e1-4a39-a736-06404da449ba,18,1,33,0,1,0,1,2,2
b471eb6b-058c-44d0-9107-4bcde3bd126d,52,2,52,0,0,0,0,0,1
2f96ab97-528c-47d0-9887-ce4f311a98aa,30,1,82,0,0,1,1,0,2
f89862de-560c-424b-a79e-7df1918b18bd,49,1,100,0,0,0,1,2,2
e412b9dc-6744-4151-8ec6-f2ce7e632995,47,1,20,0,0,1,1,1,2
9513f4f9-e9b1-497d-aaab-48b55544ad4b,24,2,36,0,0,0,0,1,0
1cb95fa7-62e2-479a-9ded-f17d308089d4,45,2,151,0,0,0,1,1,2
1034d784-1304-4a7d-9366-fceeca1ab047,28,0,999,0,0,0,0,1,2
4c0a8521-f348-4d95-b6ce-6ae538e2b2ca,18,1,63,0,1,1,1,3,2
303083a0-584f-47fa-9ccc-f34522af3da6,30,0,999,0,0,0,0,0,0
8553a6a8-9141-4f55-9f19-7925f0add861,38,2,101,0,1,0,1,3,2
ef31f439-6c06-42a2-a129-416d7e6d21fe,30,4,16,0,1,0,0,0,2
d82b5f07-c5fa-433b-a0c6-e7060684fa30,31,1,45,0,1,0,1,2,2
3441fa41-8f0a-432d-a09c-f8f67c535cb9,46,0,999,0,0,0,0,1,2
32fbcd77-16fc-479a-affa-f2bf1c76ef61,36,2,49,1,0,0,0,0,1
8df63704-6677-4a9c-a297-210210734869,26,2,177,1,0,0,1,2,2
69e2cc72-9ede-4bd6-95ac-44ef06e65115,42,1,42,0,1,1,0,1,2
b68627f1-b642-4947-964e-ae7577dfa326,36,3,16,1,0,0,1,1,2
e0e745a7-1d74-4473-920f-abc767bf4ea1,18,4,77,0,0,0,1,0,1
ca8716ad-eda1-4b2f-8e93-3dba36c9f6b6,39,1,146,0,1,0,0,1,2
8951b680-406b-4489-b6a1-b8f776ce6eb4,38,2,177,0,1,0,0,3,2
2140c141-32c4-46b1-90d8-195324c33255,35,4,154,0,0,0,1,2,2
01063fd1-ed27-4716-90a6-ffe80d825e0f,43,1,39,0,0,0,1,2,2
2318f6c5-efb6-43c2-a42e-bb22a0dc2b77,28,2,36,1,0,0,1,0,2
9b2fd6be-7ec7-4712-81b0-563ac7b9643b,38,1,94,0,0,0,1,2,2
45056c7b-1a76-43cc-9ed8-b3febc24852c,19,5,143,0,1,0,0,0,2
0de5a204-a739-4801-986d-7e21dc6d91b6,39,4,76,0,1,0,0,2,2
98805cb3-631c-4aae-9a39-f37b8582cc30,54,2,25,1,0,0,1,0,2
821fe2b0-87b7-402c-bd4c-c8c7acd94347,25,1,160,0,0,0,1,2,2
ef1f7817-30e2-4dd5-9ca9-17bae7a88dc8,27,3,33,1,1,1,1,3,2
93c5a434-f25c-4811-ba23-989a4dbf3b26,27,1,59,0,0,0,1,1,2
1b4fdc81-6dc0-44e7-a712-6901a5586504,36,0,999,0,0,0,0,0,0
af20e221-b174-4556-9f56-7e06f5253825,24,2,178,0,0,0,1,1,2
3780bf2a-5290-40b8-a5e9-cfa94517a347,39,1,97,0,1,0,0,2,2
5336dcff-5a65-4a17-ae5e-86e8c91e1312,43,2,63,0,1,0,1,3,2
2d7b1f6a-202d-4e26-b724-a3895c5982a2,40,5,148,0,0,0,0,1,2
6ca49ba0-c74c-45b2-9b42-eca49179cbf7,18,2,124,1,1,0,1,4,2
eabf3e7a-6874-445d-ae0c-7e7ea9b17595,44,2,134,0,1,0,1,2,0
a4a31abd-c3c4-4eb5-b34c-2c1c41713367,44,0,999,0,0,0,0,1,2
eb8c79e3-455c-4178-b032-8ad3de84ee2d,43,2,145,0,0,0,0,1,2
c4ffdec9-2cb1-4851-89e8-9dde9e3b4fd0,38,1,127,0,1,0,0,4,2
053b8bad-61db-47e4-8c0d-603d148d4165,37,2,15,0,0,0,0,1,2
4232ddc9-da3c-4557-aae6-dfaf2a97fa7e,45,4,64,0,0,0,1,0,1
5f1200f8-3706-46d8-9688-4daaac7412b3,54,3,74,0,0,0,0,1,2
f5c19611-90a1-44d0-98ca-4f1a5099305e,25,1,125,0,0,0,0,1,0
1905c55d-be08-4e03-b671-7094498f4b78,45,1,29,0,0,0,1,1,2
2c7587e0-5546-4db2-ac26-5b77e8c31681,34,3,125,0,0,0,0,0,1
8f339179-0fbb-4c0e-8073-582ce1fe9264,33,1,91,0,0,0,1,2,2
ee237baf-c1a6-4efd-8068-db7c42fdb077,19,0,999,0,0,0,0,0,0
e9108473-61ff-4bfb-a7d8-8d8bd2782028,32,1,137,0,1,0,1,3,2
92fbc5c9-eeb9-4080-9062-649600f9fabe,25,1,74,0,0,0,1,3,2
8fb65754-72e5-4fb7-8dd1-170a0d82ceda,30,3,118,0,1,0,1,3,2
f568b62c-cbd2-47a2-a10d-918731e72553,24,1,108,0,0,0,1,0,1
6af1da47-d268-4140-b59a-bcaecd5aea60,30,2,69,0,0,0,1,3,2
57ffbf1d-d980-473f-bdd3-a2a6787e247c,30,4,28,1,0,0,0,1,2
1570d7a6-a964-41fd-bf76-3827efd439ed,35,5,21,0,0,0,0,1,2
1d86dd9d-d144-4dea-9c38-ede90f30436b,18,4,141,0,0,0,0,1,2
8399d53e-918e-4db6-8600-880f35b5ec03,20,1,133,0,0,0,0,0,0
7c57c6b8-e829-4f07-b393-3e23b445e91d,38,1,43,0,0,0,1,2,2
543e3b31-43cb-444e-9705-c469356de492,27,5,62,0,1,0,1,4,2
ae127e88-4bf4-4709-80d1-5762f8094fb6,45,2,177,1,0,0,1,1,2
f9c48960-cd65-41a5-ae8a-feeb46b90d8d,37,2,118,0,1,0,1,4,2
153e3159-246d-41fe-a36b-3fe777e08294,41,1,124,0,1,0,1,3,2
ad7c41cb-e678-4a19-a475-522468763d71,49,1,60,0,1,0,0,1,1
b00e3fa6-f6e8-4cb9-ae22-cbea84b55c07,31,1,19,0,0,0,1,1,2
803ee9d1-0c5c-4a36-9d53-4cb24ebee38f,29,3,107,1,0,0,1,1,2
db5c6dfd-bad5-4556-951e-2afed945739d,43,1,88,0,1,0,1,3,2
544f663a-cb37-428e-b54b-2a3a07d639f7,40,2,142,0,0,0,1,2,2
2f7637bd-2b31-4e34-a60f-8f4ad4a632cf,33,1,165,0,0,0,0,0,0
8ed669fa-18ab-4521-8156-61dee68847c4,48,0,999,0,0,0,0,0,1
6429c66b-6f29-4c5d-ad91-c90defc6aff3,32,3,14,0,0,0,0,0,1
15927e6f-43f8-4b1b-8e38-64ec1bd64865,35,2,10,0,0,0,1,0,1
e1af4435-b975-4e6d-b9c2-15036d5d25c5,35,2,178,1,0,0,0,1,2
bc510434-a516-4707-8e78-fd3375ebc8f8,25,1,32,0,1,0,0,3,2
7b71714b-883c-4f16-8456-db593d068b10,35,0,999,0,0,0,0,1,2
31229f25-355a-4e4b-a5e5-b9cb4e89e71c,48,3,124,1,1,0,0,1,2
79990683-f661-4d40-a0c1-65625aedbfd6,39,3,163,1,1,0,0,2,2
70ad9c52-ba8e-408b-b309-6ce6cf4a0376,35,0,999,0,0,0,0,0,0
63e3b290-221b-46c6-bc43-df613b7a169d,33,2,101,0,0,0,1,1,1
efc719f3-cc81-49fd-a11d-9ad980c8b0c6,38,1,74,0,0,0,0,0,0
f5e16197-31a8-40a3-9412-7e1fa2d712e2,42,2,162,0,0,0,1,2,2
4f5665bf-8cfd-4639-8081-15f0259b7e6d,41,2,56,0,0,0,0,0,1
f9caa8e4-0a9b-4457-a861-45b61ad44382,31,3,63,0,0,0,0,0,1
c25eaec3-f7ff-4b40-bc79-b3a598cdbaf1,38,0,999,0,0,0,0,0,0
f869d2a7-6740-4bf5-b503-99b5cd770ab9,39,2,160,1,0,0,1,2,2
68b44509-e5e5-40f3-8d66-3c4406c57c60,24,1,32,0,0,0,1,1,2
d1b54855-66aa-4ccb-8afb-3a58c7a4b188,36,3,90,1,1,0,0,1,2
3d9b9844-b2a4-4bf8-ae7e-74e30c7ca3fc,18,2,145,1,0,0,1,1,2
2f93606c-e6ca-4fb8-929e-1699ac16f2a6,39,2,138,1,0,0,0,1,2
c36bcd50-d83a-48b3-ae37-45d7e50c8c2b,41,3,61,0,0,0,1,1,2
b0536455-8b9b-47da-877e-074029ea67f6,42,1,46,0,1,0,0,2,2
b60611da-bb31-49ca-86d4-9daf1078ae19,31,1,93,0,0,0,1,1,2
8047f9dd-f93a-4f9e-9dc4-f8987ed87587,38,3,60,1,0,0,0,0,1
32782e26-ec25-4a7b-a683-ae348c9b9724,49,2,79,0,0,0,1,0,1
2cc71717-a9c8-43be-a13e-ec5bdbb41869,49,1,23,0,0,0,0,0,0
995a5b1d-bd73-49d9-b5ae-d582a9f3fa64,34,2,74,0,0,0,0,1,2
cb14ce87-4db9-4385-ab4e-c693d23b0232,36,2,5,0,0,0,1,1,2
59316010-3923-4ab3-9e7a-f95558580997,46,3,75,0,0,1,1,0,2
90a298d7-1303-4399-9870-edb8340f3a85,19,1,25,0,1,0,1,3,2
020696ed-a0b0-4b4b-a2cf-721b2e4364de,31,3,82,1,0,0,0,1,2
56b39724-abcf-4e92-8620-ba059473701e,48,0,999,0,0,0,0,0,0
05a25eee-442b-4055-a180-fb85081cff81,44,2,11,0,0,0,1,0,1
8d0e327f-f0eb-4d0a-83de-e52a2935480a,38,6,151,0,0,0,0,1,2
2a63b977-d5b3-4ef7-a21c-ed434ea70360,19,1,38,0,0,0,1,2,2
9651a598-76bd-44a4-86b8-a1ed47045a4c,34,1,73,0,1,0,1,2,2
532b0c8e-3275-4ab3-acfd-c9919d3ccb9b,29,1,149,0,0,0,1,1,2
47c98576-1b48-4457-8261-8110f4a19266,38,2,175,0,0,1,1,1,2
435d4b70-832e-48f6-aca7-9a440d478a30,26,3,3,1,0,0,1,1,2
e0f06643-750d-49de-9a53-a62a3f259ba9,24,0,999,0,0,0,0,0,0
35d7eb27-655b-403e-8306-c55c9f1fc14e,18,2,133,0,0,1,1,2,1
2d252492-faf1-47fb-a8dd-43cd26b408e3,47,2,46,1,0,0,1,1,2
37001a86-f466-4ad9-b67f-13315566eb9b,31,2,54,0,1,0,1,2,2
33696f3e-7987-4d49-9249-dff6b5249e70,36,3,102,1,1,0,1,2,2
acd9525b-b56b-48ff-92a4-881ddcd9c26f,34,2,176,1,0,1,1,0,2
f109d51b-b299-4b4e-ab27-b971c50aa90c,24,3,152,0,0,1,1,1,2
b29b1ec8-5d79-4e08-9530-da23ac124c11,22,2,172,0,0,0,1,0,1
2db5e982-c663-4514-a4bb-b6dc7778543f,24,3,135,1,1,0,0,2,2
1b75a2fe-7102-4b74-8968-7ac073a5c62a,27,2,10,0,0,0,1,1,2
a46a9deb-05d6-4f6d-9bd0-aec6c4bfeb55,38,2,128,0,0,0,1,3,2
85bc4d35-9b8f-4783-a7da-ed57dfec42c4,27,4,101,1,1,0,0,3,2
6df61d5c-a227-4d8b-ad00-e46dc3efdb5e,52,2,155,0,0,0,1,0,1
b0e3c648-d288-471e-8b18-360cc3b06391,45,0,999,0,0,0,0,0,0
b914bcb5-2622-46b9-8e0c-718178b73c6b,43,2,97,0,1,0,0,1,2
dafd93a2-3764-4e13-89d1-8922e2195df6,33,3,48,0,0,0,1,1,2
9391ce72-34e4-4750-a3b4-da50e9444af3,50,2,149,0,0,0,1,0,1
1ab0f3f6-62e5-40ef-96f4-4c68b75f5a73,32,2,166,1,0,0,0,1,2
bf57f4fa-fba1-44ef-9a81-cd86892bac0f,34,1,150,0,1,0,0,2,2
4839c9d4-3fba-45cd-909a-25941128972d,36,4,60,1,0,0,0,1,2
736f1a14-d1dc-4d92-a408-8f211d5ecbec,42,1,115,0,0,0,0,0,0
010c7282-5c45-47ca-bfb4-3f109717987c,41,1,66,0,0,0,1,0,1
d8b4d7ea-2d4f-48a7-9a80-157d3a34db32,30,0,999,0,0,0,0,1,2
63a3cd3d-e098-4258-91a7-8a10abe4e4cd,29,1,172,0,1,0,1,2,2
51cc909e-f4ad-4318-a6eb-c364bd63c3b5,41,0,999,0,0,0,0,0,0
483de20c-673f-4018-a041-12557cc08f37,42,3,40,1,1,0,1,3,2
74567043-e6bc-4c7f-911d-626de6166069,31,6,93,0,0,0,1,0,1
a9ba41eb-6669-453d-b775-63059902fe5d,19,0,999,0,0,0,0,0,0
71a31e82-64bd-4b98-86dd-502f83363fa9,32,2,43,0,0,0,1,1,2
67d4b409-8abb-48fe-815c-eebc8ce21052,41,2,25,1,1,0,1,1,2
c0b46b14-b3e1-4e19-9f62-9e30a22ab547,53,6,143,1,0,0,1,1,2
e52cf996-e7c5-4448-b310-df2bcc617dc3,23,4,149,0,1,0,0,2,2
f6af6ac2-0b2e-49e9-9ab6-c6b990d782d3,30,0,999,0,0,0,0,0,0
4038f83f-d127-4de2-a78c-0e9888d97449,31,2,36,1,1,0,1,4,2
f3988414-3f68-42b0-a456-e4fb25784a3a,48,0,999,0,0,0,0,0,0
a479930a-f714-4ffb-b0a6-83cd2689d014,34,3,167,0,0,0,0,0,1
787c7eb6-92e7-4796-8571-8f70878e71dd,25,2,119,0,0,0,1,0,1
3a6a132c-d1a3-4729-b0e8-8d849d0c8d7c,40,2,137,0,0,0,1,2,2
d9bffa3a-f3bd-4b2f-8708-0b5581f7bf4c,30,2,158,1,0,1,1,0,2
5ec8d2e0-5880-48e1-967d-c11a07a108c5,22,3,178,0,0,0,1,0,1
730ed512-de1f-479a-8b72-f1746f06c465,26,5,52,1,0,0,1,1,2
efa03f29-55b5-420c-b34e-a526b47e2e15,52,3,147,0,0,0,0,1,2
870ac5d1-a243-4bec-80a7-4d84f8500686,38,4,124,1,0,0,0,0,1
ecf427a2-33a0-4578-983e-d5439b47ad88,36,2,158,1,0,1,0,0,2
93a52fa2-96d6-40bd-bc81-c562a88becb9,32,2,143,1,0,0,1,1,2
4a5763fa-11b4-4a1f-a64b-fa9299717b07,37,2,100,0,0,0,1,2,2
f7521135-f76b-42dc-8ad4-553f254e00aa,37,2,69,1,1,0,1,5,2
a91a45ec-223c-4334-807e-107fa678006b,37,1,42,0,0,0,1,1,2
51199e2f-c96c-4cd6-85b3-73ecd17cee59,36,2,122,0,1,0,0,2,2
9cc43c10-f9c2-49a8-9907-6e5e762ee348,43,4,10,1,1,0,0,2,2
16d743ea-a5c3-4cf5-aa33-8c07ec9fa653,35,2,175,0,1,0,0,2,2
1052407e-f942-4322-87f3-94c85a9fbecf,25,0,999,0,0,0,0,0,0
fed01296-a1c4-4953-85b8-bcf162cb576d,28,0,999,0,0,0,0,0,0
1e6196cc-5a19-4565-8cc3-b2c4cad36f7a,18,2,146,0,0,1,0,0,2
b574ebfe-58d4-4fd1-9d7a-66f7752f365b,55,1,64,0,0,0,0,0,0
b2e19f5d-4fe9-422e-aa6a-ff4d92f62d15,43,0,999,0,0,0,0,1,2
a63b4c90-240a-424e-8896-6f3672f4e7c4,26,2,168,1,0,0,1,2,2
bc5ecd42-3f34-4263-a763-c116c1138bb2,32,2,141,1,1,0,0,3,2
85d83ba7-8d2d-43c1-8af5-d69c84cc3ee5,28,2,83,0,0,0,1,1,2
8a5a25ce-7d29-488e-a716-cd7ad1c0cac4,50,5,162,1,0,1,0,0,2
8a789ee1-b767-45e7-9af7-be26c5ea405b,20,3,100,1,0,0,1,1,2
dea2b8d8-2f3a-4b3c-8ba9-4720cc6ca6b7,36,1,1,0,0,0,1,2,2
4f06342c-64d2-4549-92d9-747e2c4ae57e,33,2,88,0,0,0,0,0,0
42c8c332-6312-4b88-bcea-25ffb2dc181e,43,1,12,0,0,0,0,0,1
2739adf5-8c98-4a40-b268-fc85382dc913,33,1,35,0,0,0,0,1,2
9efcf61f-b0aa-4514-826f-f709c7daf4e9,18,2,80,0,0,0,0,0,1
edbec317-faf2-4bb3-ae5e-03e8f4b4cc4c,32,1,169,0,0,0,1,3,2
470b4d4e-7934-4c83-b9f9-a1c1219b1e20,25,3,151,1,0,0,0,0,1
b40f12be-c6c1-44f8-af3a-0e27c7e2d762,35,1,14,0,0,0,1,2,2
1f780b69-027a-4718-b5ca-2cd8c054b8ba,49,1,134,0,0,0,1,0,1
7d26626d-1ba6-4ec9-af36-a91707dd390e,18,2,130,1,0,0,0,0,1
eb012d87-18a9-4145-9e4a-fce55f53cec8,26,4,147,1,0,0,1,2,2
63b9118c-3078-42e4-b9db-0836f0c85c63,29,1,124,0,1,1,1,2,2
44870d5c-08c9-4e9a-9aa8-18df295a8ea3,31,3,170,0,0,0,0,0,1
57dff777-8548-459f-9e86-3ab8e692828d,42,2,25,1,0,0,0,0,1
09853034-7a16-47ed-b61f-e4ca5454a8ea,33,2,44,0,1,0,1,2,2
4ffdd651-cc43-48d9-8638-b7b50b6dae9f,39,4,27,0,0,0,0,0,1
535e211a-fef6-4400-9749-66a5ba51bb12,28,4,116,0,0,0,1,0,1
e55675fd-6958-46ee-8028-3e44654b5715,37,2,98,0,1,1,1,3,2
399daac8-0578-4701-bf24-32cc410f740f,42,0,999,0,0,0,0,0,0
77363bec-96c6-4341-bc66-3bab31560d2d,27,2,39,0,0,0,1,2,2
4ed78328-bb5f-41e7-a595-6aef41150a52,42,2,8,0,0,0,1,2,2
43af7e6d-bb5b-4665-9766-3e340c5e6fd0,35,2,70,1,0,0,0,1,2
0d86e1ce-a342-46e9-8dac-7dda434a882d,45,1,39,0,0,0,0,0,0
e9222c99-4206-48c3-8356-10884f1aa39f,32,0,999,0,0,0,0,0,0
2426775b-b41e-4e3d-af5c-8122f3cdbaf9,38,1,9,0,1,0,1,4,2
f4f70990-6cd3-4cfc-9d21-42cb5ba51898,34,2,47,0,0,0,1,2,2
9d08d1cc-6ccf-4645-b1ff-0c9a19a2aaf9,34,3,142,0,0,0,0,1,2
79cad791-cc20-45b5-acd4-3c3e06dfe4b0,37,2,172,1,0,0,0,0,1
6f639fd2-7d3f-412c-b09a-3dffbe456c24,40,0,999,0,0,0,0,1,2
40224fbf-d0f8-438b-94dd-586ca425a585,22,1,119,0,0,0,1,1,2
3286c60c-2210-4983-8d77-216ce74efa02,49,3,175,0,0,1,1,1,2
b6103981-9203-48cb-ae50-4a1620e5082b,18,1,27,0,0,0,1,1,2
47288b70-aeb7-4b4a-9544-083f943a8839,28,3,171,0,0,0,0,1,2
dec1151e-7510-45b2-b19d-846d7ff5585c,34,0,999,0,0,0,0,0,0
f127dfa4-2ee4-47fc-8ad6-910d7e338847,39,3,85,1,0,0,0,0,1
2301b985-f81f-4f59-bbfd-17ce489baf87,50,1,167,0,1,0,1,3,2
e4d2167a-ae3f-4c78-b737-86fdf017c88d,18,3,43,0,0,0,1,2,2
b68f8fe7-340c-4cd6-9713-607266eba9d4,29,3,101,1,0,0,1,1,2
f624b2bc-063a-4349-96c7-f86f9206e5ca,18,2,30,0,1,0,1,4,2
2d1df025-2499-4d5b-9fb2-a899afd49cbb,35,1,90,0,1,0,1,1,2
0d62a4f2-2aae-43da-b03c-03ed2f61c47f,37,1,4,0,0,0,0,0,1
1f9e4ad5-fa69-470c-96ce-0b5ae7608b9c,50,2,156,1,0,0,0,1,2
c396dceb-76f1-41bc-a2f3-8d1db87cda17,36,2,126,0,1,0,1,3,2
132ebf83-c412-4d87-94dd-d102654e67eb,45,4,81,0,0,0,1,1,2
55fe1a23-8ed7-4742-9723-4d53a63ca8e8,40,1,92,0,0,0,1,3,2
615c7aca-44a3-4bfb-9bbf-be26b59e6fc4,30,0,999,0,0,0,0,0,0
455805f9-557a-4131-a1fb-9c5c2f2805b2,20,3,52,1,1,0,1,4,2
01b12f61-2fe7-40f6-8371-453cc7805b21,37,1,156,0,1,0,1,0,2
54bb8cd1-7ca9-4106-910e-312b2acf1990,20,6,131,1,1,0,1,0,2
b3622ec1-a9fd-4a33-8a48-fbfbd5510399,47,1,159,0,0,0,0,0,0
2fb99563-566a-4e41-a3e7-647c44dd7ab5,33,2,48,0,0,0,0,2,2
a0e93c09-35d2-4a59-8dc7-868b09d789bf,46,6,165,1,0,0,0,0,1
55874859-090f-4439-a3c8-510875335aa1,30,4,92,1,1,0,1,4,2
5e0869c1-1d2e-436c-961f-dd95a1c1e5b5,37,1,156,0,1,0,1,1,2
d04dcb44-19bc-4078-804b-5ba3b85d9963,37,1,123,0,1,0,1,4,2
d1924c33-3944-46f1-b121-9a6585466b60,34,1,128,0,0,0,1,1,2
8edf32d4-b97f-4561-a88b-cbafc7a90d51,30,0,999,0,0,0,0,1,2
b2427259-ca1d-4254-b703-445fbea90e7f,38,1,41,0,0,0,0,1,2
cdd6f6b4-5617-481d-b4e2-2fe343818475,25,1,108,0,0,1,0,0,2
7b622a27-e441-4862-9e88-4eb2ee2dc51a,22,7,159,0,0,0,1,1,2
ac554acb-c620-4064-8d2e-b8e2d834d040,47,0,999,0,0,0,0,0,0
28871235-b9bd-412d-9d39-b849d2f95bbc,42,2,153,0,1,0,1,4,2
03f540fd-9568-448a-b3ff-30328f8f355f,35,4,81,1,1,0,1,1,2
64c3a8e6-9c54-49e3-99ad-8af9d692b8f7,51,2,88,0,0,0,1,2,2
11d4de2f-9c07-44b2-a3d4-571cf7401814,32,3,165,1,0,0,1,1,2
c8ca6776-f994-47df-93ee-251261008708,48,0,999,0,0,0,0,1,2
1ba676e5-0b71-49b8-b990-e3fc6f5808a6,36,0,999,0,0,0,0,0,0
280958f9-4530-4421-acad-f34f7036ca6b,24,4,62,0,0,0,1,2,2
e26f320b-9bed-444a-bc7a-f6e784be3296,53,2,111,0,1,1,1,2,2
160ff460-6061-4f5c-aeb0-01ab935360b4,44,2,83,1,0,0,0,0,1
caad09d3-a773-41d7-854d-7e3855a5e6b9,33,0,999,0,0,0,0,0,0
ae03b9e1-4bb5-4f77-884d-242bd552fdf1,42,2,109,0,0,0,1,1,2
e871f581-9d38-40aa-8363-740bfd2bf89d,30,4,112,0,1,0,1,5,2
7544f60d-87bd-4fb2-8959-7e6185f871ed,43,1,142,0,1,0,0,1,2
105c6c74-c380-49d8-831d-b1dfa6fd0dba,18,5,73,0,1,0,0,1,2
58ba8ac0-0433-4d74-ac3c-b02540da49ad,24,3,132,0,0,0,0,0,1
5066e8be-cc30-406f-b322-b5209a32ad8b,44,3,116,1,0,0,0,0,1
46eaa4bc-393e-4570-a706-5e072479744b,32,1,98,0,1,0,1,4,2
10a34e36-0ad9-4e89-9fbd-173d4e9ee3c8,37,4,80,0,0,0,1,0,1
2015c4b0-4df0-4d44-a544-129f4aa9a2df,21,1,50,0,0,0,0,1,2
27479441-ac0f-4750-af53-1e7abb227c9d,53,7,40,0,0,0,0,0,1
e6ceb8f8-64bb-4126-834d-31635a326bbd,46,3,125,0,0,0,1,1,2
e7c64e70-cfc9-4f70-b592-0218d61d79d0,32,1,131,0,0,0,1,0,1
957d2864-4708-467e-838e-cfd1458bebcc,30,1,174,0,1,1,0,2,2
36619f5f-89d6-4b9c-a148-0ef75a264983,45,2,149,0,0,0,1,0,1
5a8319c7-d6d6-4736-9956-d2fda9962bd1,54,0,999,0,0,0,0,0,0
f1b1739c-d1bf-4533-b54e-05f8bf76b929,44,1,156,0,1,0,1,4,2
3a16a78e-54d8-4cb0-a292-726c6497784b,56,1,168,0,0,0,1,1,2
ed3ce6a6-5063-414c-a6c7-6ddc5f5dec68,25,0,999,0,0,0,0,0,0
09b576e3-8112-4833-92b7-76cac2683262,26,2,54,1,0,0,0,1,2
8356249a-75f1-4e95-bde9-32342f0de9b0,23,1,144,0,1,0,0,2,2
cb2f691c-9a01-4512-9cdc-6a92b4c311ac,39,2,17,0,0,0,1,0,1
cfe33d5d-314c-4954-8b84-8aa062ab72fe,36,1,164,0,1,1,1,3,2
1dcc69b7-1334-4940-bb6e-80ad7e256946,33,1,59,0,0,0,1,1,2
9c9854c2-282d-4848-8265-8241c1f615bc,43,1,28,0,1,0,0,2,2
d60239e9-4ef3-4b6f-b766-087612e153bd,47,2,94,1,1,0,1,3,2
10de33d4-90a1-42fa-8ab8-ae283a3d589a,19,2,105,1,0,0,1,0,2
0ab7ffa7-df4a-4661-bf1e-f4b6402a4acc,29,0,999,0,0,0,0,0,0
c80dcbd1-910c-4b40-a214-7a3778500d10,43,1,118,0,0,0,0,0,0
4b0f14f7-cbd3-455c-b22d-a93678d2a672,30,1,149,0,0,0,1,0,1
42303e95-9dc0-41af-8032-943144dfc59e,27,2,53,0,1,0,0,2,2
0bf30177-4d27-432f-80c2-f1242dee0833,45,0,999,0,0,0,0,0,0
c6064eb8-c8b8-4e0d-8158-c4a3c04392d5,22,2,44,1,1,0,0,1,2
d90f2520-9ba9-4665-ac25-ba138351cc9f,31,2,102,0,0,0,1,3,2
e67e2bd5-9104-404e-9e53-715cd4b51b4f,38,5,179,0,0,0,1,0,1
ad0d38cd-ec3f-4e8f-8164-bea50f30da6f,29,2,123,0,0,0,1,0,1
4fd27d2f-55fe-4ad7-816b-1fdc0bbd56ac,42,2,130,1,0,1,0,1,2
abb4c02d-f9f3-44c7-a625-b6a2335dcae4,29,0,999,0,0,0,0,0,0
b5129e5b-8cce-479b-be74-f8ecf58f7244,49,0,999,0,0,0,0,0,0
c2505f35-333f-4eb5-96f2-2cc7ab6d3b77,33,0,999,0,0,0,0,1,2
42d23b37-5a3b-4bf0-a41a-e7c3602d4760,41,2,56,1,1,0,0,5,2
8d5a6992-3f60-461f-8f62-9d154de8a350,42,1,16,0,0,0,0,0,0
a5a4da00-a44b-49ca-8bed-b0c7d66684d6,28,2,28,0,0,1,1,1,2
2f5794fd-e0ca-431a-9ba7-2a150661cfb5,18,1,17,0,1,0,1,2,2
9c67da38-3bd9-461d-aa1e-8b6766f4e79f,38,4,115,0,0,0,0,0,1
fe89c49a-d1e0-416d-950d-7e23b10e8a09,35,2,136,0,1,0,0,1,2
3e4bea88-ae20-4871-b4cc-9234c3c36a9a,40,0,999,0,0,0,0,0,0
b393ae80-6ab4-4b52-8a00-7a4ad39ea16f,32,2,87,0,1,0,0,1,2
6cb8d084-3875-49eb-992b-60b597991841,30,1,96,0,1,0,0,3,2
e13bd4dd-a245-4be5-bd92-335091f166ca,55,0,999,0,0,0,0,0,0
8436a178-39d4-4f5c-8a02-dcc21a26a5d3,20,5,106,0,1,0,1,2,2
a65beec2-4897-4cab-a98b-3fde06a2cc47,42,5,142,0,0,0,1,1,2
e05448a6-29fd-40f9-bb14-ce5fe036a50d,29,4,115,0,0,0,1,3,2
d74f1a5e-29e9-4269-afa9-16feb8cfcf12,31,4,8,0,1,0,0,2,2
8b6132bc-9508-46aa-b269-36c59bb08c67,31,3,158,1,1,0,1,3,2
5d4f2b7b-6f4e-42d5-a032-c97263ec349a,26,2,97,1,1,0,1,4,2
407ec176-da57-40ea-8dae-92481a10fc43,40,3,129,1,0,0,1,0,2
b4e39533-73d3-4610-8629-a31f6cee5fb9,48,1,47,0,0,0,0,1,2
7bfc9fb0-a022-4921-be20-a28d4b07364f,39,2,101,0,1,0,1,2,2
038f0107-c78f-45ae-9b51-5099bb66b8d5,36,3,108,0,0,1,0,1,2
8e5ee471-a828-477e-b1d4-e4051e386f95,25,1,101,0,1,0,1,2,2
6bf02fda-4602-43f2-be83-140b62f8403f,40,1,121,0,0,0,0,0,0
309c8eff-1662-4621-a305-6b7de5db9e18,56,4,128,0,1,1,0,2,0
6dbd8af1-aae2-40ec-9062-fb4a3e0894f5,31,1,120,0,1,0,1,2,2
8430f5fb-60a7-4448-bb89-2cecf539a030,31,1,62,0,1,0,1,3,2
79482cb8-ef80-45f3-a417-f1dbdcc1955b,29,1,33,0,1,0,1,1,2
d7ebb1ce-41a5-47df-9e85-b906481b0b6d,30,2,10,1,0,1,1,1,2
63fec0c4-a10b-42ed-a5fd-06896cccd7a1,18,2,111,0,0,0,1,1,2
a1d4e696-f3dc-4251-b228-086f5c914ebb,39,2,8,0,0,0,1,4,2
370395eb-fa4b-47c4-9d70-6fef9ffacca4,26,0,999,0,0,0,0,0,0
f1247c8c-d0e4-4c1a-90b9-c545e4f96913,18,2,45,1,0,0,1,3,2
42157101-d3cb-4cc6-8366-cbf01660b0fc,42,2,164,1,1,0,0,0,2
057d4c83-276e-4900-b537-da931fae681d,24,4,121,1,0,0,0,0,1
d56d5f01-17e1-4b9d-ba12-f76146ae331f,31,0,999,0,0,0,0,0,0
afa7a195-8f06-4278-baf2-888783626ec7,49,2,87,0,1,1,0,2,2
c28073d1-2948-430a-9d21-94340a9eb8cb,20,0,999,0,0,0,0,0,0
c659fec5-d723-4288-84e0-90f3d0d94ab0,19,2,7,0,0,0,1,0,1
7ce37319-565f-4c71-8f11-94b533a2d3e3,37,2,60,0,0,0,0,0,1
a6c9c89f-3fde-43d7-9fbf-4e39c23ca713,46,3,163,1,0,0,1,1,2
44efadf8-1247-44ba-a8a4-3d1dff2b83fe,19,2,129,0,0,0,0,1,2
cfb5f7b7-924f-41f5-8d78-ee14e80059a4,39,3,118,1,1,0,1,4,2
86603b10-c92e-4fae-9b54-361db7764661,40,2,44,0,0,0,1,2,2
855c876d-f409-4898-9ca5-ae5e330107b1,18,2,115,0,0,0,1,0,1
d5cb76e0-9384-46f9-8013-4cfed959c067,42,3,133,0,0,1,0,1,2
680edeb4-db89-4351-8f35-78ab4d9e019b,43,4,164,0,0,0,1,1,2
d6bf985e-cb97-4bc1-acb3-3d485f05adc4,31,0,999,0,0,0,0,1,2
0e914c07-a1d7-457c-8656-3d1eb7e4e63c,47,5,51,0,1,0,1,4,2
63d9bb5b-d914-4602-811e-4b9f4ef00824,46,5,30,1,1,0,1,3,2
6dcd8a71-5459-4055-b396-0ea2e8ba2d97,36,2,46,0,0,0,1,0,1
e62bd0d6-c819-4c85-a901-b2494a30af8d,30,1,166,0,0,0,1,0,1
2a4c3263-514b-464c-8cc4-1c820c37e75a,25,0,999,0,0,0,0,1,2
3e7894b5-f397-4646-86d0-ab103e94a3e0,34,1,54,0,0,0,1,0,1
dca9f663-a1e7-471e-a1f4-46173b962a51,40,3,148,0,0,0,0,0,1
a0498da9-1d9d-4adf-be06-bcadb2a5467f,31,1,160,0,0,0,1,1,2
ca6779bf-9855-4446-98ff-a847a21f34e6,18,2,20,1,0,0,1,1,2
59eb77b5-e156-4752-85a1-d4a8dfe173ba,47,0,999,0,0,0,0,0,0
44e46c1a-ccdf-4f3d-8d5b-4e8be8247435,36,1,9,0,1,0,0,2,2
2f03d9c5-b4da-4f9c-9b4e-434046951b4c,31,6,131,1,1,0,1,3,2
836386d1-3cbf-4352-9066-a6fa98528f34,43,2,47,0,0,0,0,1,2
0fd8c855-a478-4c09-8005-8810d43ca71e,50,4,56,0,1,0,1,4,2
ea5f160b-4c6e-4e77-9d50-90314ae6df2d,18,2,139,0,1,0,0,2,2
82af7415-6bdb-46a1-8528-78e1f38443c7,39,0,999,0,0,0,0,0,0
98b55958-a49f-4206-b8c6-49916d774b3f,20,1,137,0,0,0,0,1,2
3ef52742-f7fc-4e1c-803f-58100151d67d,39,1,66,0,0,0,0,0,0
5d5252bf-7566-4b20-a1a1-48891d011fd6,36,5,135,0,0,0,0,0,1
d2bb2828-11eb-4894-90f6-a3fbc022fc7c,41,1,68,0,0,1,0,0,2
e25b0c22-c4ee-459b-a909-f0c1787c13a3,30,1,99,0,1,0,0,2,2
9811eff5-3383-4810-9bce-cc356ea7f626,18,1,149,0,1,0,1,3,2
8d815291-e0bd-4e4a-acbd-3fd1de07fbe6,30,2,34,1,0,0,0,0,1
2aec4726-7c87-42fa-811e-23d40d1b9b7a,39,1,131,0,0,0,1,0,1
7232abaa-6f22-4116-985c-bf6e2f946999,45,2,143,1,0,0,0,0,1
2021593e-d140-468f-8b4c-88d873b268a7,23,1,164,0,1,0,1,5,2
b20eca0e-b856-448e-a517-d5f5ae0960e2,45,2,21,1,0,0,1,1,2
bda1ec17-848b-40ac-96c7-a07e012fe8a1,28,4,61,1,1,0,1,3,2
cc29a154-ec08-4e81-9cbe-0638df454707,38,0,999,0,0,0,0,1,2
30e26e1f-cc10-4f6b-b4f0-f39d01f2be2a,29,1,49,0,0,0,1,0,1
d2120847-28a6-4e87-9d5e-eb11295222c5,36,1,26,0,1,0,0,0,2
ed6cd61d-a6b1-4aa4-8cb0-bcb21e28b084,43,3,179,0,0,0,1,2,1
209ec10c-bf71-4867-a0f3-fe2675fca1bb,22,3,39,0,1,0,1,4,2
4a7122d0-f796-4fdb-8e58-67c1bcec2719,28,4,105,1,0,0,1,1,2
72e21c81-55da-430c-9a8f-67c2bc26cd68,36,2,29,0,1,0,0,1,2
11b57c8f-fa24-4346-ab5a-a12c1564b7c4,59,3,51,0,1,0,0,2,2
06666141-4692-456f-978c-6676c65c3b50,26,3,37,0,0,0,1,1,2
7bb76c92-aada-4f77-9b10-c01018aeda1e,55,0,999,0,0,0,0,0,0
25274356-a722-4fa5-8085-775a2dc5a8e2,55,2,155,0,0,0,0,0,1
95a1bda7-616e-473e-be22-78867331244f,34,1,58,0,0,0,0,0,0
8e5f9b2f-5c5c-4fd8-8736-9ad0e78f0930,32,2,39,0,0,0,0,0,1
29cd2813-1195-482c-9eae-f976c02acf14,28,1,72,0,0,0,0,1,2
0c878944-ac00-458b-b5a4-3218a06ee6a2,34,2,132,0,1,1,0,2,2
de58300d-a560-4cd3-ace4-2851d5e174b8,20,1,166,0,0,0,1,0,1
119850b7-6bad-4c2a-a5fb-9e8f25504f7c,34,0,999,0,0,0,0,0,0
cab3e56c-bd6b-47df-9de3-7da363f249c0,49,4,123,0,0,0,1,1,2
ca1d2acf-0147-4e6f-bcec-5172b85763ea,28,2,55,1,0,0,0,0,1
e3e50eaf-5418-4b5d-9433-d7c9cef66c56,32,3,78,1,0,0,1,1,2
336b245a-056d-43e8-a669-5c06cce06460,18,0,999,0,0,0,0,0,0
f4e41a80-b040-4c20-8325-7b37153186a4,38,3,34,0,0,0,1,0,1
900f9fe2-54fb-4b21-9a74-c413b6a67b8e,37,3,16,0,0,0,1,1,2
0956d505-374e-4a40-9cde-951762e787dc,35,1,146,0,1,0,1,2,2
cc21961f-4526-4d1e-ba43-0fd6c6c6c3df,32,1,17,0,1,0,1,2,2
79f6e1b3-7a10-44fc-8f4c-df352ccdcde4,32,2,73,1,1,0,1,4,2
35734286-8919-4e68-a2c9-7417f41be075,40,3,129,0,0,0,0,0,1
841a970c-b962-4af8-bc40-8c85205cf653,34,0,999,0,0,0,0,0,0
a7ae9110-6f78-418d-af49-bb12b1ca3536,38,2,176,0,0,0,0,2,2
44131800-27c3-4f33-abec-43b62807d162,37,1,79,0,1,0,0,2,2
f01fac09-22a1-4e2d-860b-28f83efedc22,46,1,31,0,0,0,1,0,1
5f9361b6-6bcf-4620-a693-baf62de6c01a,41,0,999,0,0,0,0,1,2
049270b1-4af4-4c12-813e-13ed41a6a0ba,36,2,25,1,1,0,0,2,2
5930768f-566e-493a-8df5-474088cadc28,50,2,95,0,0,0,1,0,1
23e4a869-7f4c-4f47-be81-59cffec119d9,39,4,97,0,1,0,1,4,2
bab228d2-f8d6-4dc9-bf42-6f2df8057cbf,48,1,52,0,1,0,0,2,2
0c8c8359-bf28-4d63-b559-f7dd39464579,41,2,177,0,1,0,0,0,2
003299ee-c9c1-4bc5-928a-31d140dcee9e,18,1,126,0,0,0,1,1,2
1ddb519a-cc10-4f39-8034-9fe118b8fbe1,48,1,68,0,0,0,0,1,2
6ac83af9-e42b-4686-8335-96304266d959,36,1,159,0,0,0,1,2,2
b84907fe-303e-4759-8a34-30c9aaa44b42,34,0,999,0,0,0,0,1,2
ebbd72b2-519e-452d-b136-021a46962a3b,37,3,149,1,0,0,0,1,2
73f9e3d8-0644-4c3c-b35f-9706b1d784ae,31,1,112,0,0,0,1,1,2
8d87f264-dbbf-40da-8722-0cf62050e96d,37,2,101,1,0,0,1,0,2
895189fe-f822-498c-b434-d55dbfaf393b,29,2,46,1,0,0,0,0,1
9d968ef5-1cd1-4c70-84e3-c4c910ad8b44,47,1,0,0,0,0,1,0,1
d52e6dcb-9156-495d-8ca8-f5943d7a7d3e,33,2,74,0,1,1,1,2,2
14793bd7-e0b0-411e-924b-161cff6a2f9f,31,4,37,1,1,0,1,3,2
82190fb4-12c0-4cc1-b74e-e608594d9366,25,1,133,0,1,0,0,3,2
dc127a09-6ae7-4e51-8429-b822cee3b182,37,0,999,0,0,0,0,0,0
b4c9c901-9f5d-4747-bb7e-830bf0a3ab64,36,2,147,0,0,0,0,0,1
45e6d3c4-5ad4-4dfb-843a-889371d3d658,38,2,61,0,0,0,1,2,2
6611a389-dc64-438c-8327-43fcd86d27e3,24,2,17,1,0,0,1,2,2
972e04a6-1683-435b-9da8-e00b400416fc,18,1,81,0,0,0,1,1,2
33cd3cef-a112-4ebc-9396-2438cdab974c,41,0,999,0,0,0,0,0,0
c0d2accf-4838-435d-8d39-fb2094d4cece,49,5,159,0,0,0,1,1,2
9b04f0d1-d9d6-4de6-89de-ddd823a85e55,24,0,999,0,0,0,0,0,0
befeaa2d-c6b9-401d-948f-195d1210b93b,50,2,117,1,1,0,1,2,2
a21f9bf2-5021-4132-b3f2-3a03935927b9,37,1,178,0,1,1,1,4,2
a5bf8d34-537b-41f9-9d71-54fe7ec20c10,34,3,139,0,0,1,1,1,2
935d9e99-7890-47ee-b6c4-290b24bf5d39,31,2,89,1,0,0,0,1,2
0e93d609-fe64-46bb-89c7-7c42c9c9b08b,21,2,93,0,0,0,1,1,2
c9dc7390-02f7-4574-9d1a-a666382f33f2,44,3,67,0,0,0,1,1,2
606e739c-e998-433e-94c8-438ee0cb203e,27,2,33,1,1,0,1,2,2
2e3b29ad-c76b-4d91-b553-cc7a99040e1a,27,0,999,0,0,0,0,0,0
08f23986-28f4-4dac-92be-72ed491bc776,44,5,72,0,0,0,0,0,1
9a3c8a3c-1a12-4d8d-b350-21dd4f604e10,18,6,38,1,1,0,1,4,2
093427ea-caeb-4e1f-a203-96f275a6f007,19,2,36,1,0,0,0,0,1
7cacf717-72b4-426b-b35e-3c30ab92a3a6,34,4,139,0,0,0,1,0,1
82d43d6c-10f1-4de6-ab78-72bac0b92c27,37,7,15,0,0,0,1,1,2
1211d003-0061-489f-83b4-261150672970,39,0,999,0,0,0,0,0,0
b970101c-7289-4293-825b-3e0a0299b997,31,3,75,0,1,0,1,3,2
8788740a-d06a-4f7f-ae03-a3c890105128,60,1,128,0,0,0,1,0,1
039a636b-3e8d-4c5e-a42b-af45bb772bce,32,1,18,0,0,0,0,0,0
9f65b084-e224-47f3-8ce8-0a498c2de65e,32,2,51,1,0,0,1,1,2
e95388b5-2b96-4d89-876b-93285c162a83,27,3,125,0,1,0,1,1,2
45a50080-ea96-435c-bc27-def3574f0ba0,36,1,171,0,1,0,0,2,2
8fef61a3-06bd-4ec2-8898-6750d2242ea5,41,2,124,0,1,0,1,4,2
feb503f0-76a6-45e7-8568-a04685e5e905,47,1,43,0,0,0,1,1,1
21802df7-0e65-465e-aeba-e93208033d92,20,2,129,0,0,1,1,0,2
9273d519-18c4-4d7e-823a-d17537d5ab34,32,0,999,0,0,0,0,0,0
9932d1a0-abb5-44f4-987e-49482934660d,39,2,146,1,0,0,1,2,2
a56392e7-2d4f-413e-9ee3-2d1804b7c4a8,40,0,999,0,0,0,0,0,0
91f7f436-a4ba-4e9c-9c8e-7c33fd40b4cc,35,5,160,0,0,1,0,0,2
a40ccc68-2a39-4eee-9516-432f6347a250,40,3,16,0,0,0,1,2,2
e65d6723-dc6c-4503-bf00-cfaf0cdbc158,26,3,144,0,0,0,1,0,1
b78ef100-45d6-4a7d-b170-27c9389c9dd1,50,1,3,0,0,0,1,0,1
d30cb2a3-75f0-4676-a3ee-37a85b1050dc,44,2,7,1,1,0,1,3,2
da60299f-81ba-487b-a370-ff8cc63d29f6,21,3,115,1,0,0,1,1,2
8df429c3-0995-4107-8ec5-bae7d5880269,24,1,164,0,0,0,0,1,2
e4c58d55-b83f-4977-8ce2-dd383aef0d29,24,1,111,0,0,0,1,1,2
8b5f61a4-9ee7-4e91-b644-7d8ecfc9e432,41,1,95,0,1,0,1,4,2
5896781c-9263-4cde-bc26-a1bf17888eae,22,0,999,0,0,0,0,0,0
c4b96098-bccd-4e15-b3d5-11d87c350a5c,31,3,88,0,0,0,1,1,2
ba0677fb-3027-48c0-a688-a7bfbe991bb8,39,1,153,0,0,1,1,1,0
5adef750-f553-4753-bcea-ff2f5d40a7e3,34,1,40,0,0,0,1,0,1
4db8b39e-b96b-4c3d-be32-3a73a9184794,37,3,140,1,0,0,1,1,2
dcbf3c8c-03eb-4e20-8210-67b35c1a51e7,24,1,151,0,0,1,1,1,2
283acc49-85a1-4220-8324-dd605b99e03f,40,1,98,0,0,0,1,1,2
4b16c0c7-bfb7-49b9-b67b-b76c128950db,28,0,999,0,0,0,0,0,0
4565b426-d56a-4418-91ab-a357565a02c4,31,3,64,1,0,0,0,0,1
d93403cd-27dc-4886-a9c5-0b8b590e61b6,37,0,999,0,0,0,0,0,0
9af0bbdd-fb6a-4c1f-928e-f7c27becd696,36,2,145,1,0,0,1,2,2
65db0422-b138-4557-a2de-6e7c1e1f947f,35,2,142,0,0,0,1,0,1
0b3b9af4-0313-4c87-b9fb-89f4064a3d56,27,4,23,1,1,0,1,5,2
1458976c-7581-4bbc-9df2-c956a74615f0,32,3,64,0,0,0,0,1,2
b6b2a84d-db1f-4902-ac26-63a8bfff59d5,35,2,142,1,0,0,1,0,2
e9ddb72b-c189-4144-985c-e783d712704d,21,5,113,0,0,0,1,0,1
e0f59af9-7e5f-4bf4-8648-66f9d08d8121,30,1,50,0,0,0,1,0,1
4e6ca343-cf82-43ac-8646-d5bc32fbcad3,38,4,19,0,1,0,0,3,2
3ace5e5d-a501-4839-8750-2832e909fd4a,22,3,93,1,1,1,0,1,2
207a10bf-22c0-4d4c-877a-ae758d64fb0a,46,1,51,0,1,0,0,1,2
0aa3279d-906d-42f4-9235-f0bed71e673d,47,2,132,0,0,0,1,1,2
0078bcfa-f8c5-4fc9-8871-ae9fe8314982,22,1,53,0,1,0,1,4,2
4438dc6e-ac44-43da-a27f-da02435403d4,48,3,164,0,0,0,0,0,1
aab3ae3d-7de9-46cf-b8cd-852ce4ac0f59,33,3,120,1,0,1,1,1,2
2c0346aa-367d-4044-b62f-97eb0ec57627,39,1,61,0,0,0,0,0,0
3ae0222d-ef86-49f9-bb38-f923674edbe9,30,3,10,1,0,0,1,0,2
33e26632-de97-4e30-856d-9e1cd5da7f62,44,3,41,0,0,0,0,0,1
ee0d4bf8-ade6-459c-9df3-f863524083ed,39,4,133,0,1,0,0,3,2
284cd21c-5b8c-4dd5-9f9a-a75dfc77a500,26,3,88,1,0,0,1,2,2
a777a2a8-8db4-45de-99c8-d99216487d99,23,4,172,0,0,0,0,0,1
72034888-1c6c-4aae-8ee6-e1c078789962,20,2,166,1,0,0,1,1,2
4f4c3d8d-dd1b-4f11-94a5-abfca237d88a,36,1,103,0,0,1,0,0,2
28640993-ebfe-4903-a7c5-ca88a7199987,40,1,105,0,1,0,0,2,2
a57adc00-8f7c-4030-ab32-0d320c0e86e4,41,2,106,1,1,0,0,2,2
e7ac1b98-dcc9-43ef-8381-a00ecaef1d3b,33,0,999,0,0,0,0,0,0
36dda051-274d-4697-800b-94140d4fb09e,23,1,39,0,0,0,0,0,0
d6164f91-2113-4483-bb0a-a6254e761d15,28,3,57,1,1,0,1,4,2
b9ffad00-c319-499b-b6d6-f227fb1ad2f6,46,1,134,0,0,0,1,1,2
13f89670-d743-4f8a-8fdf-484b9ac7f238,30,1,107,0,0,0,1,1,2
1a17144f-5615-4ccf-9f20-a3c5e5dd3416,36,2,167,0,0,0,0,0,1
7b127684-e683-435b-82ce-31460f6cddde,24,3,162,0,0,0,1,0,1
49fb4ac5-5a7b-44bc-b6ae-f16bcac88186,38,0,999,0,0,0,0,1,2
e409ec1b-9710-476e-80dd-c3902c4cb215,30,1,13,0,1,0,0,2,2
893fd62e-b77a-4dd3-9504-d9640ab781af,45,3,136,0,0,0,0,0,1
058bf800-6f3d-4736-80a5-559d0b57325b,42,0,999,0,0,0,0,0,0
3c6697a3-6441-42fc-b301-4fdaf5385cd8,30,6,38,0,0,0,1,2,2
bc0bbd56-123e-4061-82e8-b334787f3e56,33,2,44,1,0,1,1,3,2
9318708f-a1bc-4d69-a3a3-367acc352cff,29,1,49,0,0,0,1,3,2
eff258ac-9df6-44d4-a368-6cc3575d10ea,20,0,999,0,0,0,0,0,0
edcf1151-cffe-42e3-bc88-f621e4806957,26,1,102,0,1,0,0,4,1
1f01f183-4b4f-40ce-8028-1f6bddf20deb,36,3,167,1,0,0,1,1,2
8c8b3f51-67bd-469e-bc3a-16b869942a38,38,1,155,0,1,0,1,3,2
181089a6-7ff3-4a7e-b369-b8661e5cbe88,36,3,35,0,0,0,1,2,2
80c278ac-2bff-4a3e-a7c6-da7230846841,31,0,999,0,0,0,0,1,2
3a467144-81f5-4074-955b-7977633d3279,44,3,60,0,0,0,1,1,2
e051d682-e37a-4e81-9a5c-e896b0afb615,35,2,164,0,0,0,1,1,2
2fdd79d5-5707-4aae-b47f-904844adf482,42,1,151,0,1,0,1,1,2
d0411780-cd3d-4fac-a476-232ec239e018,18,1,161,0,1,0,0,2,2
195e5111-3513-4dd4-b3f0-6db84114af1a,18,6,0,1,0,0,1,2,2
bdf86802-19a3-492f-9553-72569747ef73,37,8,20,1,0,0,1,2,2
482c7465-fad4-4bcd-ac1f-4a527ed4420d,20,5,171,0,0,0,1,0,1
862a23a7-0aa7-4728-9090-e25c5737b55b,32,0,999,0,0,0,0,0,0
d99eddb7-3d47-4c34-932f-bc99ce145534,31,1,107,0,1,0,0,0,2
a1ef23f2-116b-4177-98c6-da043e22feed,50,1,78,0,0,0,0,0,0
49e0afeb-7c25-4174-8a15-4b6aa7e49027,38,1,77,0,0,0,1,1,2
7dfabf94-4f8d-4b4c-8eb6-7c14622b5c26,36,2,93,1,0,0,0,0,1
4b480d7e-46ff-4d80-8b7c-de8bd9326a7e,43,2,51,0,1,1,0,1,2
8954a9ab-d8b8-45c3-b9d2-713c76b2932f,38,0,999,0,0,0,0,0,0
326489fd-1798-448f-bb25-713bb32ad5ca,30,1,66,0,0,0,1,1,2
9d8b7836-a5d3-43d7-8cbe-c8920690b86c,45,2,160,1,0,0,1,0,2
d76de544-5805-49d5-b185-ad555c9768ed,23,0,999,0,0,0,0,0,0
b9913093-7e7d-4bbd-a679-c3e5a2bc8265,38,2,86,0,1,0,0,2,2
08d5b1cb-de65-464a-b0f9-ceef65abc863,19,2,168,1,0,0,0,0,1
a8be85fb-c074-4474-a4d0-ab5210c24e51,37,0,999,0,0,0,0,1,0
7547f30c-88fe-4ecd-90d3-ebda8f9345a1,36,2,67,0,0,0,1,3,2
68d06fe4-a563-4e98-9491-e5a170baf9d1,51,2,48,0,0,0,1,0,1
4ebed4d8-d81c-41ca-babe-b27032e5a333,19,0,999,0,0,0,0,0,0
8966d092-54af-496c-b1e9-6dea5d3915ef,28,4,15,1,0,0,0,0,1
50d55f2a-01bf-4904-9d15-f3ea5434651f,43,2,33,1,1,0,1,3,1
b1383fe2-85ca-43ed-b844-f6f9d0c65989,38,0,999,0,0,0,0,1,2
1e7c010b-5486-443a-8992-f1dcc9ceb5b5,36,1,125,0,1,0,0,3,2
ceb0425d-49fd-49c8-bf3d-40ab69637bd6,25,2,7,0,1,0,1,3,2
f6e612f9-3c67-427d-a2b1-12af59421691,29,0,999,0,0,0,0,0,2
f71484ac-07e0-4299-a6b2-66fb4b417f1f,47,4,67,1,0,0,0,2,2
c0a7f8ad-ee01-4a13-ae95-e0f859bb5c58,34,3,157,0,1,1,0,1,2
1c0aabf0-fd60-4a9a-9c1a-827dbd6f564d,38,1,52,0,0,0,0,1,2
5fd2a15b-e26a-49fb-bf6e-0a8ff040f04b,33,0,999,0,0,0,0,0,0
3aaa6ea1-719e-47f4-aee0-fb91f0780217,23,4,154,0,1,0,1,4,2
f5338150-1452-4088-8fae-d92671ab0b97,44,0,999,0,0,0,0,1,2
1e7ff15e-bcf3-44ff-a24d-440fdd37352a,40,2,134,0,0,1,0,0,2
7495a290-0a3f-416c-b591-a9344cbff32a,58,1,154,0,1,0,1,5,2
dfdb36be-1a74-47a8-9dae-07037be0dc85,24,0,999,0,0,0,0,0,0
bb4d1d99-3164-4684-b54a-0b2ed739b64c,43,3,66,1,1,0,0,3,2
16970f62-f2b3-4fe5-8746-c9fdbe576d4c,21,2,107,0,1,0,0,2,2
1d6c2793-11b8-4c82-90b4-c67a8cdb2a3f,36,0,999,0,0,0,0,0,0
4652e60f-0ea1-4435-9017-916ff128793a,44,2,81,1,0,0,1,1,2
20fa222a-2397-4214-8e20-66c4244294c3,18,1,13,0,1,0,1,4,2
da0f422b-9f57-400a-a07e-e64b03e32114,32,6,128,0,0,0,1,1,2
690b273d-e319-4981-9703-b20407daecf8,29,0,999,0,0,0,0,0,0
0c8f99c2-d4f3-441a-8442-3a156b6be885,27,5,18,0,0,0,1,1,2
6da6c4be-c575-45be-adb0-07f48492ad74,38,1,66,0,0,0,0,0,0
1432cca1-3a47-4940-a347-e3d2ae5f60c2,46,1,85,0,0,0,1,0,1
ca1aee25-9f95-416b-9fa6-27a943aef22d,33,2,174,1,0,0,0,0,1
e7884b2b-ac90-4db5-bb15-adddd236b810,37,4,178,1,0,0,1,1,2
5d109d75-94c6-4060-b828-6eadc2694f3a,36,4,134,1,0,0,0,0,1
d972ce95-7faf-4ca5-b476-1dd8a23b5598,35,1,46,0,0,0,0,0,0
350a2ef0-a625-4363-b8d3-ebc2c248ca46,24,2,6,0,0,0,1,0,1
b87bc2c3-2a03-408b-a505-18f2f9f6e011,46,3,72,0,1,0,0,2,2
63fabdde-9a8a-4dae-819e-9ebd3dc895f2,37,1,116,0,0,0,1,1,2
799a7611-c54c-42f3-bd11-1fba41a02c08,38,2,111,0,0,0,0,0,1
6635b5a4-1c7f-4cc7-8dd0-d0e7547a16b1,26,2,57,0,1,0,1,3,2
665d8e46-ea50-4152-a222-05582fa986f4,30,3,107,0,0,0,1,2,2
b734ff42-2ca8-49e7-9d99-d4912d92fada,33,2,95,1,0,1,0,1,2
27518733-808b-4352-a8b8-ed0d8882a177,19,2,79,1,0,0,1,0,2
737b4763-d25c-4c77-88bd-244c59efbc3e,18,5,68,0,1,0,0,4,2
b12ead40-b820-4d93-b6cb-b6d3aa77a5a5,28,3,161,1,0,0,1,0,2
857ff0d9-df4f-48a6-85be-b84ecd563b7f,40,2,175,0,0,0,0,0,0
56b5e36d-bc2c-4bbd-b4fa-2a47fe15e140,28,3,95,1,0,0,1,0,2
634814a8-3c4a-4848-aad2-f2619f2c333e,24,1,165,0,1,1,0,2,2
7b7c7450-eb22-447b-9a5d-2f30d4f3116f,26,2,167,0,0,0,1,1,2
f612723b-b58a-4431-bbe5-47dd93068945,30,5,82,0,1,0,1,3,2
43fd7746-d1d0-4558-b146-9e2d3b575036,31,3,96,0,0,1,1,1,2
54ef89a6-3693-4fb1-9847-1cfb68cc3ba7,56,2,156,0,1,0,0,4,2
2ed7bb88-5a41-461c-95df-06d90635e76b,45,0,999,0,0,0,0,0,0
414aa71e-c257-454e-af49-eff070098a12,45,4,164,0,0,1,1,3,2
a5496ad0-9e08-41b3-9944-d5e071961c1a,46,1,134,0,1,0,0,2,2
fa29846d-3212-405f-bff9-dc64bbba39fd,25,0,999,0,0,0,0,0,0
33e637ff-9025-4bf0-88ed-86130c26dec5,22,4,38,0,1,0,1,3,2
6d6344ff-36f4-483e-b597-74e10715a178,23,0,999,0,0,0,0,0,0
3fe38d62-15a5-480d-b99f-36b5d6c7e06a,48,3,145,0,0,0,0,0,1
14891113-d0c9-4d00-a81a-4f745059ed97,29,2,137,1,1,0,1,3,2
3b87b5cd-af84-4026-ba46-1e9d266802ff,22,2,22,1,0,1,1,2,2
215c77a2-af8d-4173-a9a5-7315bbf3262d,30,2,86,1,1,0,1,2,2
1c4880f9-04ba-4cbf-ba36-e422e2c08345,32,0,999,0,0,0,0,0,0
f187a3bb-1d5f-4e7a-8413-b4aef79daf7f,37,4,172,1,0,0,1,1,2
8c2e35fc-4069-4d8c-a783-72cb2e166f0a,37,1,105,0,0,0,1,1,2
e8082110-b96b-4ba1-8b5c-3b05370e2913,26,2,75,0,0,0,1,1,2
32bb385c-2668-4f94-a753-9cdf148b054a,41,2,122,1,0,0,1,0,2
64446ec3-796e-4da1-a7c2-5572eaef840b,28,1,161,0,0,0,1,1,2
529a6df9-8af2-42da-880c-c4eefd775575,33,2,133,0,0,1,1,0,2
4060e076-a74c-45de-a2c0-39f005361093,41,3,119,0,0,0,1,2,2
cb7894fd-0b2f-4645-be7b-c73c009e1016,28,1,137,0,1,0,1,3,2
5e72754b-2cc4-48fb-8da0-4cd95e4c839f,29,1,66,0,0,0,1,0,1
d5d76612-f35d-479a-b207-5ac6e88b478c,40,5,165,0,0,0,0,0,1
cc9e4aca-1c10-4388-92ec-0310bb5e4040,26,1,91,0,0,0,0,0,0
b7f29249-7d6a-4817-9eef-9358dbd3e2cf,31,3,78,0,0,0,0,0,1
dc581600-852d-4daf-ad74-834e0a955b93,40,1,171,0,0,1,1,2,2
5c07d889-6b9e-41c2-85ef-880eb1785384,55,1,8,0,0,0,1,2,2
99e792f0-b9d5-43e9-ae24-706bc8aa64ac,41,1,101,0,0,0,1,0,1
8ad73e30-b370-4772-8f82-3a403eb484ae,39,0,999,0,0,0,0,0,0
4723b09b-72cd-48fc-b1f3-435854f33e30,40,4,157,0,0,0,1,0,1
a7989eda-351c-429e-9c1b-6f83770f6e1f,24,2,61,0,0,0,1,0,1
7a4acffb-9379-4a53-ae30-e1e9b21fd7a3,36,0,999,0,0,0,0,0,0
d1c44695-ed0b-4035-990b-86977c51bfea,34,3,139,0,0,0,0,0,1
f14a9ed6-2bf0-49a9-9012-81e8ebecbd87,38,2,118,0,0,0,1,1,0
921ebaea-215c-4bd6-8a81-b7a603939914,36,1,75,0,0,0,0,1,2
6fa7ee75-d1a7-4858-a95d-0f8e0dfa8a3a,38,0,999,0,0,0,0,0,0
a9c0eec0-695e-4529-875c-b71eebb5ec4d,31,2,101,0,1,0,1,3,2
3bfe00a1-4a00-4093-a5b5-09657447d2ea,35,0,999,0,0,0,0,1,2
b2d24f24-97a7-4d41-b905-115e2e92b75d,22,2,116,0,0,0,0,0,1
5d9ce1fc-4798-485d-8478-08e7837f0ece,31,1,144,0,0,0,0,1,2
f972616e-edac-48e1-a0f6-0df306537f16,48,3,33,1,1,0,0,2,2
2df6c345-d8db-4bd4-b92c-e1af10516097,38,0,999,0,0,0,0,1,2
cdbbd08f-cde6-476f-a88e-8778fe43acb7,34,5,83,0,1,0,1,3,2
e3d01e4c-c685-4da2-a88e-5e02b777fcb5,53,1,61,0,0,0,1,1,2
af00bc2d-af45-473e-beba-82812001eab2,21,1,101,0,1,0,0,0,2
bb745e39-3aa8-4dba-bdb8-96c036b0bc39,23,3,94,1,1,0,1,1,2
73e361a1-32f5-4546-934e-f199045a0ca8,52,4,9,0,0,0,1,1,2
6f7ef071-48ff-4a92-8ad8-de2cd6580347,35,3,177,1,1,0,1,4,2
1aa7e305-d988-4b79-ace5-e435599b68c8,32,3,118,1,1,0,0,3,2
2905d5b5-f96c-4c2f-8581-90d7b45b551e,23,2,71,0,0,0,1,2,2
af484a77-f8a4-4966-8d44-c67807f4e8e1,39,2,51,1,1,0,1,1,2
a6177e86-29c6-4b26-9b7c-8d32f48fff5c,40,2,134,1,1,0,1,3,2
2807e35d-49cb-4c7b-85d3-7a4b6ccba5af,24,5,169,0,1,0,1,3,2
51ba0a96-a327-4ffb-98b5-576e7a05c9b8,33,1,56,0,1,0,1,3,2
6ab61c0c-f085-46b7-976a-e86f0e2af3c2,31,1,160,0,0,1,0,0,2
d6b539df-d2c9-4a74-b5c7-9e413c0140ec,37,1,8,0,0,1,0,0,2
bb93778c-ec26-4944-bc63-c3febe36f117,23,0,999,0,0,0,0,0,0
9d7dad94-3829-4968-942e-327a7df903b3,47,0,999,0,0,0,0,1,2
e3c14d6a-0717-450f-a15d-0e2dc7d93fdd,44,0,999,0,0,0,0,1,2
00deaa14-face-4498-b42d-a57372f6f0c0,31,3,97,0,0,0,1,0,1
9fac65e2-b5db-406f-b426-5cd5f949277c,32,1,43,0,0,0,0,0,0
a485dba5-d0d3-4893-9178-c1fad1546017,33,2,61,0,0,1,0,0,2
15caedbc-e482-4428-a5f8-cda7f6174501,27,0,999,0,0,0,0,0,0
94aabafd-91b3-45d9-bb6a-09a3f4ca034a,30,1,34,0,1,0,1,4,2
d58ad8a1-a7c0-486c-816c-2b5e46c72f06,32,1,48,0,0,0,1,1,2
cfd79383-e474-4755-8247-ecf35914fced,51,5,40,1,1,0,1,2,2
ed4454f0-2ed2-47a5-8ec8-7d9b2e7ca531,44,1,54,0,0,0,0,1,2
9c1e4457-66b0-4d0b-890b-dcfaba28b14f,44,4,142,0,0,0,1,2,2
e8c6fb51-e16f-47c7-9429-ffa89eedc58e,38,1,99,0,0,0,1,0,1
7efd803d-d9fe-40c9-ab1b-86126d332431,23,1,95,0,1,1,1,4,0
0361b984-be5b-457f-b88c-50115760e9cf,34,2,141,0,0,0,1,0,1
ce739c61-fb95-430f-abfe-7b2f55c014e9,44,1,173,0,0,0,1,1,2
ba549ec0-4ded-4fcf-9f1e-33442bf269c6,22,1,77,0,0,0,1,1,2
9875a035-7e4e-4cc9-a13b-abb7e2363b80,41,4,27,0,1,0,1,5,2
f8107106-d2e4-4972-a3f4-b54ff62eb976,58,3,98,0,0,0,1,0,1
9e636508-c37a-4bcf-9f3e-22fad218f262,45,2,165,0,1,0,0,1,2
720ae771-803e-4c67-bd8e-2854a86c0a49,49,3,39,0,0,0,1,0,1
59c32bcb-521a-49e8-9cdf-138a7a5b6215,37,2,178,0,0,0,0,0,1
856299b3-7d36-4129-9444-f9ff489ebed8,44,2,68,0,0,0,0,0,1
66332f29-d6fb-49db-87a2-84a68055db18,27,2,136,1,0,0,0,1,2
655b0d18-ca26-4684-95dd-268f311b2f2b,42,0,999,0,0,0,0,0,0
3f8402d1-07aa-4fe9-885f-80d4a2615ae9,41,2,111,0,0,0,1,1,0
50b1a8c4-7aa8-4f62-8d7c-e41fd2f7b857,37,1,19,0,0,0,1,1,2
b4087741-175d-494d-8ae8-813613379eac,48,1,33,0,1,0,0,2,2
3657545b-80dd-48b7-a1aa-0899455e2311,29,5,68,1,1,0,1,3,2
54fd35e5-54b7-4755-bd3d-8993de6e68ba,33,4,120,0,0,0,0,0,1
c5b0021d-b54b-4baf-abe6-75a6279c1387,35,1,160,0,0,0,1,1,2
bc862af7-0e66-4f3f-8a62-354889fd58b3,24,3,155,0,0,0,1,1,2
6664e88c-70c0-4bc4-9bfb-51ce1ee3e759,37,1,163,0,0,0,1,1,2
374d43b2-9ccb-4095-be83-bf2cca790e36,18,5,40,1,0,0,0,0,1
ede6b0da-a2dd-413b-9feb-3bf863649661,45,2,157,1,0,0,0,0,1
d1a6bbba-c873-48a7-978b-a05a596964a4,35,2,26,0,0,0,1,1,2
c8213dd7-baf9-4c6c-a3fb-b0ed968cefe2,29,5,177,1,0,1,0,0,2
a8fa15b7-35ee-4ec0-93e0-41002edaf09a,26,1,138,0,0,0,0,1,2
480086c2-e978-42d8-94d1-46e9db772437,32,2,144,1,1,0,1,4,2
e0f57676-5803-4dec-922d-f36e32175954,41,5,121,0,1,0,1,3,2
c99d93d2-cd43-42e0-879b-f013ab15ac0e,40,0,999,0,0,0,0,0,0
3a583e51-5631-4de8-94cf-9502efd176b3,27,0,999,0,0,0,0,0,0
b6b91be4-e5eb-46aa-8027-6fb9494b4e6a,26,0,999,0,0,0,0,0,0
b20c370c-b189-4244-84cc-83668b92278d,41,1,22,0,0,0,1,2,2
bd3fe1f6-d1d2-4670-9a75-cc3390e7203e,27,5,172,0,1,0,0,1,2
313ba73b-cac6-4d7f-b066-67b0c3f101ac,35,3,17,1,1,0,0,2,0
09f4f35f-e7d9-402c-a514-8055675e62b1,36,10,149,0,0,0,0,0,1
072986ca-a1e3-4b9c-8123-f9bf027faec8,38,2,27,0,0,1,0,0,2
5ea35ae1-83a2-4fb8-8907-e9b6a195c19d,43,2,48,1,0,0,0,0,1
0b4dd737-3890-4520-a57f-82cbec8bdd84,22,5,41,0,0,0,1,0,1
d75d621c-9fc5-45fd-a6a6-7052de1ac78e,18,3,14,0,0,0,1,1,2
37552231-2fc1-4832-b2b8-73d012ad24cc,29,2,19,0,1,0,1,3,2
8d898647-78fa-4a7c-9b93-403d36778164,53,1,159,0,0,0,0,0,0
3667e3db-179e-4a14-ac90-8d47cd94ffde,55,2,55,1,0,0,1,1,2
863a6804-e4a6-45fe-84d9-529ae86bee6d,53,6,52,1,0,0,1,1,2
c230fc2b-8a39-432a-9062-51f7c28c4418,33,1,170,0,0,0,1,1,2
67c5bdc9-1245-4cdc-b1f1-1f6ce162e65d,18,3,81,1,1,1,1,4,2
464ed12f-96cb-4cff-b43e-6312d1afdf63,18,3,99,1,0,0,1,1,2
92c3655d-2217-4105-aef1-a857bb7d6977,28,4,114,0,0,0,1,2,2
8c995086-3770-47b6-8496-2d5b8bfffa5c,33,4,86,1,1,0,1,4,2
6edad011-6052-4c30-959c-b4cddcca4ea9,48,3,21,0,0,0,1,1,2
01abd4e0-80f1-4829-95f7-2d42133f14fa,43,2,97,0,0,0,0,0,1
66f1b946-93d5-43d0-afb5-6c047d4595a3,37,4,147,0,1,0,0,1,2
cf3009d5-5a24-4a3b-ae1d-98e3de6ca994,26,3,128,0,0,0,0,0,1
e01e6592-2cdd-4bb0-b750-7a205fe449bd,25,1,107,0,1,0,1,2,2
99398784-c8be-4958-995c-4e745db1d25f,37,2,178,0,0,0,0,0,1
436e2625-d72a-4090-b771-d6f64f3a035d,41,0,999,0,0,0,0,0,0
b51259ff-f00f-4b1e-9d22-652210bef177,38,1,41,0,1,0,0,3,2
27ee7944-a871-4c6e-b2d5-95c995c95099,24,2,51,0,0,0,1,2,2
06f1a2e9-2af2-4bb9-a26c-6ea1898f1615,41,2,76,1,0,0,1,1,1
08273c30-a319-465b-bc4d-3f4e0680084e,39,3,25,0,0,0,1,0,1
7b5e2d2f-de18-4073-898e-be72f02dc057,24,1,87,0,0,0,1,2,2
f50b5713-e0de-4a1a-83b1-5d9d28413371,27,3,113,0,0,0,1,1,2
9c3b38d0-b470-4cdf-a5ee-5ea671107010,41,2,66,0,0,0,0,0,1
488cd734-ee25-4dcc-bb37-caf085ecb650,32,1,45,0,0,0,1,0,1
d679e960-4828-40fb-8a5d-dfae859f0c38,50,3,176,0,0,0,1,1,2
7061eaa2-69a4-492c-bd9c-08519ec6a63a,40,1,126,0,1,0,0,4,2
edd90c42-6f0a-4fb6-837b-3d8f8ea1e942,30,1,151,0,0,0,0,0,0
90b0bbef-bf3e-49e9-8b1f-84e32013642c,34,1,45,0,1,0,0,2,2
1eade2ec-c129-467e-bdcf-ad560ff7f82f,35,1,126,0,0,1,1,1,2
6462554b-84eb-4044-9abf-6a8c9b0ca4f7,27,0,999,0,0,0,0,1,2
4052227a-e976-4d17-a77c-286909d13b05,25,2,71,0,0,0,0,0,1
1d4a306b-30ef-4de9-9d92-90861010cec3,42,1,141,0,0,0,1,0,1
2b60fae3-f770-40ad-965a-f17faf2e3cfb,43,2,129,1,0,1,1,2,2
14e15a2c-b8ac-4f02-8804-de90796f0041,41,5,133,1,0,0,0,0,1
9efe2770-5541-4801-93f3-06de7acdc4e6,50,4,75,0,0,0,1,0,1
5559c0a5-b44c-4a93-b691-2a7567e8f004,29,2,60,0,0,0,0,0,1
06940fe1-1e0d-4782-9def-1d3cbefbf64a,51,2,163,1,0,0,0,2,2
0097f5d4-90da-4cb8-adc2-30b57c7cd4ae,25,5,89,0,1,0,0,2,2
4da8c14c-3d10-4165-a509-eb964fcb58a2,24,0,999,0,0,0,0,0,0
7e59e0e0-fbc8-428f-bb4d-7b4a87fb46bb,18,0,999,0,0,0,0,0,0
27b405cd-f57a-4b73-82d5-332a362729a8,30,2,47,0,0,0,1,0,1
5e3e4dbc-da74-47ac-bb80-547259cd2afd,29,1,15,0,0,0,1,1,2
ecf0eae2-85f7-4f71-a425-bc4e33ed9878,40,0,999,0,0,0,0,0,0
78fa496d-04ba-4d46-ac14-f446dd76d334,37,3,119,0,0,0,0,2,2
1e07a48f-1412-4691-aa5a-f0ca053d79e8,23,3,7,0,1,0,1,4,2
ebbe397a-2fdc-4bb1-9098-015f1975ec51,31,2,95,1,0,0,0,0,1
c32db998-fa91-4e27-91b4-f47416b731d0,31,1,162,0,1,0,1,3,2
3fc39dc5-9d0d-4191-bfa4-0a32a0b0508e,18,2,23,0,0,0,0,1,2
de714b5d-2e8d-468f-861b-c54d45ee9eef,25,4,30,1,1,1,0,3,2
2b8b11de-90ad-46b9-9f70-430042838018,27,3,108,1,0,0,1,0,2
ed231c68-68fd-4d70-8157-8462e46fc4ab,49,2,102,0,0,0,1,1,2
9d25a2f8-9dc2-4652-ab1a-368f023c9b4f,36,2,161,1,1,0,1,5,2
a6db8377-0864-4388-b6fc-588304309abd,41,3,132,1,0,1,1,1,2
13ed1d00-c161-4d76-bdac-b2926599320a,20,3,141,0,0,0,0,0,1
110c085a-daac-4cbe-9e3b-98bfd48b0530,46,2,36,1,0,0,1,2,2
5c2cf596-7a5d-4b5f-a562-f6d1bb67a692,48,3,99,0,0,0,0,1,2
fe85a23a-2f8d-4c89-ba33-152cd7b69d55,18,1,80,0,0,0,1,0,1
5c134a35-293d-432b-af2a-d5184092c1a8,27,2,147,0,0,0,0,0,1
21a625e3-84f9-4899-8408-e868fa0c3f5b,39,5,64,0,0,0,1,3,2
746337e7-da20-4a1e-a629-467c1ba9b55c,41,2,143,0,0,0,1,1,2
